ci95_high,ci95_low,mean,method,method_family,metric,n,ppl_model_family,prompt_sentiment_class,std
0.8333333333333334,0.16666666666666666,0.5,taro,v2_autoregressive_sentiment_guide,alignment_success,6,v2_gpt2_medium_conditional,all,0.5
0.8327110852890959,0.1675401387134722,0.5002279027733797,taro,v2_autoregressive_sentiment_guide,target_probability,6,v2_gpt2_medium_conditional,all,0.4984842073138525
5.767280402759763,4.105801634271205,4.767523616488673,taro,v2_autoregressive_sentiment_guide,perplexity,6,v2_gpt2_medium_conditional,all,1.1200822499999357
0.4746229665150403,-0.1536318159464828,0.15456809337645502,taro,v2_autoregressive_sentiment_guide,ppl_degradation,6,v2_gpt2_medium_conditional,all,0.41107028862714867
0.605952380952381,0.5289855072463768,0.5688578329882678,taro,v2_autoregressive_sentiment_guide,coherence,6,v2_gpt2_medium_conditional,all,0.05238580819216428
0.44518125552608306,0.203378411711745,0.3141010224343557,taro,v2_autoregressive_sentiment_guide,repeated_unigram_rate,6,v2_gpt2_medium_conditional,all,0.149680923522032
0.32142857142857145,0.04151404151404153,0.1585775335775336,taro,v2_autoregressive_sentiment_guide,repeated_bigram_rate,6,v2_gpt2_medium_conditional,all,0.16433958933387707
0.29012345679012347,0.013333333333333327,0.12444444444444445,taro,v2_autoregressive_sentiment_guide,repeated_trigram_rate,6,v2_gpt2_medium_conditional,all,0.15635304101272784
0.7960804627471294,0.5501567398119123,0.6858989775656443,taro,v2_autoregressive_sentiment_guide,distinct_1,6,v2_gpt2_medium_conditional,all,0.149680923522032
0.9584859584859585,0.6785714285714285,0.8414224664224664,taro,v2_autoregressive_sentiment_guide,distinct_2,6,v2_gpt2_medium_conditional,all,0.16433958933387707
0.9866666666666667,0.7098765432098766,0.8755555555555556,taro,v2_autoregressive_sentiment_guide,distinct_3,6,v2_gpt2_medium_conditional,all,0.15635304101272784
32.0,32.0,32.0,taro,v2_autoregressive_sentiment_guide,generation_length,6,v2_gpt2_medium_conditional,all,0.0
0.04581338585679381,0.045598718574183295,0.04571058252622606,taro,v2_autoregressive_sentiment_guide,latency_per_token,6,v2_gpt2_medium_conditional,all,0.00012497315652168137
1.4660283474174018,1.4591589943738654,1.462738640839234,taro,v2_autoregressive_sentiment_guide,total_latency,6,v2_gpt2_medium_conditional,all,0.003999141008693804
0.8333333333333334,0.16666666666666666,0.5,taro_same_average,v2_autoregressive_sentiment_guide,alignment_success,6,v2_gpt2_medium_conditional,all,0.5
0.8327226288771877,0.167540139091822,0.5002331282400215,taro_same_average,v2_autoregressive_sentiment_guide,target_probability,6,v2_gpt2_medium_conditional,all,0.498489434664503
5.767280402759763,4.173388172045919,4.85803756459043,taro_same_average,v2_autoregressive_sentiment_guide,perplexity,6,v2_gpt2_medium_conditional,all,1.0906607662435226
0.48045065790984226,-0.14565398471025018,0.17825831882004595,taro_same_average,v2_autoregressive_sentiment_guide,ppl_degradation,6,v2_gpt2_medium_conditional,all,0.41430330445232905
0.6,0.5217391304347826,0.5622584541062802,taro_same_average,v2_autoregressive_sentiment_guide,coherence,6,v2_gpt2_medium_conditional,all,0.04755008224101911
0.42187391152908393,0.203378411711745,0.30567190366040936,taro_same_average,v2_autoregressive_sentiment_guide,repeated_unigram_rate,6,v2_gpt2_medium_conditional,all,0.13905049691085516
0.27955665024630544,0.04151404151404153,0.14462022651677825,taro_same_average,v2_autoregressive_sentiment_guide,repeated_bigram_rate,6,v2_gpt2_medium_conditional,all,0.1429851647215548
0.24713403880070547,0.013333333333333327,0.11011463844797177,taro_same_average,v2_autoregressive_sentiment_guide,repeated_trigram_rate,6,v2_gpt2_medium_conditional,all,0.13177018405738755
0.7960804627471294,0.5754440961337514,0.6943280963395906,taro_same_average,v2_autoregressive_sentiment_guide,distinct_1,6,v2_gpt2_medium_conditional,all,0.13905049691085516
0.9584859584859585,0.7204433497536945,0.8553797734832217,taro_same_average,v2_autoregressive_sentiment_guide,distinct_2,6,v2_gpt2_medium_conditional,all,0.1429851647215548
0.9866666666666667,0.7528659611992946,0.8898853615520282,taro_same_average,v2_autoregressive_sentiment_guide,distinct_3,6,v2_gpt2_medium_conditional,all,0.13177018405738755
32.0,32.0,32.0,taro_same_average,v2_autoregressive_sentiment_guide,generation_length,6,v2_gpt2_medium_conditional,all,0.0
0.045459970791853266,0.04535753018596248,0.04540593734903572,taro_same_average,v2_autoregressive_sentiment_guide,latency_per_token,6,v2_gpt2_medium_conditional,all,5.960889197573742e-05
1.4547190653393045,1.4514409659507994,1.452989995169143,taro_same_average,v2_autoregressive_sentiment_guide,total_latency,6,v2_gpt2_medium_conditional,all,0.0019074845432235975
0.8333333333333334,0.0,0.3333333333333333,v1_base,v1_rad_scalar_reward,alignment_success,6,v1_gpt2_large_full_sequence,all,0.4714045207910317
0.8318599782942329,0.0016358018231888611,0.3342159763172579,v1_base,v1_rad_scalar_reward,target_probability,6,v1_gpt2_large_full_sequence,all,0.46957255169898665
12.675286769866943,6.253329912821452,9.358816146850586,v1_base,v1_rad_scalar_reward,perplexity,6,v1_gpt2_large_full_sequence,all,3.755952403950243
0.0,0.0,0.0,v1_base,v1_rad_scalar_reward,ppl_degradation,6,v1_gpt2_large_full_sequence,all,0.0
0.6169903368045783,0.5332602339181286,0.5782821767728888,v1_base,v1_rad_scalar_reward,coherence,6,v1_gpt2_large_full_sequence,all,0.04732272584785478
0.3764109347442681,0.15432098765432098,0.273941798941799,v1_base,v1_rad_scalar_reward,repeated_unigram_rate,6,v1_gpt2_large_full_sequence,all,0.14080949292726405
0.19363395225464194,0.03448275862068965,0.10628909192127584,v1_base,v1_rad_scalar_reward,repeated_bigram_rate,6,v1_gpt2_large_full_sequence,all,0.09317233685181989
0.13976190476190478,0.02380952380952382,0.07331501831501831,v1_base,v1_rad_scalar_reward,repeated_trigram_rate,6,v1_gpt2_large_full_sequence,all,0.06822103395701667
0.8456790123456791,0.6160493827160495,0.7260582010582012,v1_base,v1_rad_scalar_reward,distinct_1,6,v1_gpt2_large_full_sequence,all,0.14080949292726405
0.9615384615384617,0.8063660477453581,0.8937109080787242,v1_base,v1_rad_scalar_reward,distinct_2,6,v1_gpt2_large_full_sequence,all,0.09317233685181989
0.9738461538461539,0.8602380952380951,0.9266849816849816,v1_base,v1_rad_scalar_reward,distinct_3,6,v1_gpt2_large_full_sequence,all,0.06822103395701667
32.0,32.0,32.0,v1_base,v1_rad_scalar_reward,generation_length,6,v1_gpt2_large_full_sequence,all,0.0
0.03822015605874185,0.02757364914032223,0.032667802661914415,v1_base,v1_rad_scalar_reward,latency_per_token,6,v1_gpt2_large_full_sequence,all,0.006621974490723488
1.2230449938797392,0.8823567724903114,1.0453696851812613,v1_base,v1_rad_scalar_reward,total_latency,6,v1_gpt2_large_full_sequence,all,0.21190318370315162
1.0,1.0,1.0,v1_fixed,v1_rad_scalar_reward,alignment_success,6,v1_gpt2_large_full_sequence,all,0.0
0.998855839172999,0.9973016281922659,0.9982630809148153,v1_fixed,v1_rad_scalar_reward,target_probability,6,v1_gpt2_large_full_sequence,all,0.0010718500855244676
18.60243034362793,6.609296639760335,12.62046750386556,v1_fixed,v1_rad_scalar_reward,perplexity,6,v1_gpt2_large_full_sequence,all,7.358063875942731
0.4969718847149023,-0.02506460055674117,0.2465338020771424,v1_fixed,v1_rad_scalar_reward,ppl_degradation,6,v1_gpt2_large_full_sequence,all,0.3261561706150838
0.592184265010352,0.5264069264069263,0.5603958843089277,v1_fixed,v1_rad_scalar_reward,coherence,6,v1_gpt2_large_full_sequence,all,0.04240892529301255
0.23933097553787205,0.0895775644022488,0.15886023076137692,v1_fixed,v1_rad_scalar_reward,repeated_unigram_rate,6,v1_gpt2_large_full_sequence,all,0.09442274702794132
0.0950328407224959,0.0,0.03550903119868637,v1_fixed,v1_rad_scalar_reward,repeated_bigram_rate,6,v1_gpt2_large_full_sequence,all,0.06520668161586649
0.05555555555555558,0.0,0.018518518518518528,v1_fixed,v1_rad_scalar_reward,repeated_trigram_rate,6,v1_gpt2_large_full_sequence,all,0.041408666249996125
0.9064698420020757,0.7509207761710543,0.8411397692386231,v1_fixed,v1_rad_scalar_reward,distinct_1,6,v1_gpt2_large_full_sequence,all,0.09442274702794132
1.0,0.8992200328407224,0.9644909688013136,v1_fixed,v1_rad_scalar_reward,distinct_2,6,v1_gpt2_large_full_sequence,all,0.06520668161586649
1.0,0.9444444444444443,0.9814814814814815,v1_fixed,v1_rad_scalar_reward,distinct_3,6,v1_gpt2_large_full_sequence,all,0.041408666249996125
32.0,32.0,32.0,v1_fixed,v1_rad_scalar_reward,generation_length,6,v1_gpt2_large_full_sequence,all,0.0
0.03609899182811205,0.02223854207113618,0.029539905536391114,v1_fixed,v1_rad_scalar_reward,latency_per_token,6,v1_gpt2_large_full_sequence,all,0.008968999821798624
1.1551677384995855,0.7116333462763578,0.9452769771645156,v1_fixed,v1_rad_scalar_reward,total_latency,6,v1_gpt2_large_full_sequence,all,0.28700799429755597
1.0,0.3333333333333333,0.6666666666666666,v1_heuristic,v1_rad_scalar_reward,alignment_success,6,v1_gpt2_large_full_sequence,all,0.4714045207910317
0.9983852605024973,0.33332872891332954,0.6666829502307033,v1_heuristic,v1_rad_scalar_reward,target_probability,6,v1_gpt2_large_full_sequence,all,0.46903183473911525
16.592612981796265,5.534862041473389,10.429407914479574,v1_heuristic,v1_rad_scalar_reward,perplexity,6,v1_gpt2_large_full_sequence,all,6.319475942574
0.2506155911710988,-0.11511298186983314,0.04779989637259636,v1_heuristic,v1_rad_scalar_reward,ppl_degradation,6,v1_gpt2_large_full_sequence,all,0.23029690443378129
0.6384570494864613,0.5400623885918003,0.5911536584330702,v1_heuristic,v1_rad_scalar_reward,coherence,6,v1_gpt2_large_full_sequence,all,0.06302381600363056
0.3327930052067983,0.1840501452570418,0.26041291828648155,v1_heuristic,v1_rad_scalar_reward,repeated_unigram_rate,6,v1_gpt2_large_full_sequence,all,0.0916006024662255
0.15903540903540903,0.013888888888888895,0.08211233211233211,v1_heuristic,v1_rad_scalar_reward,repeated_bigram_rate,6,v1_gpt2_large_full_sequence,all,0.09276496007540794
0.11851851851851851,0.0,0.05185185185185185,v1_heuristic,v1_rad_scalar_reward,repeated_trigram_rate,6,v1_gpt2_large_full_sequence,all,0.0776895443089001
0.8095395983327016,0.6665818749152082,0.7395870817135184,v1_heuristic,v1_rad_scalar_reward,distinct_1,6,v1_gpt2_large_full_sequence,all,0.0916006024662255
0.986111111111111,0.840964590964591,0.9178876678876678,v1_heuristic,v1_rad_scalar_reward,distinct_2,6,v1_gpt2_large_full_sequence,all,0.09276496007540794
1.0,0.8777777777777779,0.9481481481481482,v1_heuristic,v1_rad_scalar_reward,distinct_3,6,v1_gpt2_large_full_sequence,all,0.0776895443089001
32.0,32.0,32.0,v1_heuristic,v1_rad_scalar_reward,generation_length,6,v1_gpt2_large_full_sequence,all,0.0
0.03371534092730144,0.02199669016044936,0.027876969411105772,v1_heuristic,v1_rad_scalar_reward,latency_per_token,6,v1_gpt2_large_full_sequence,all,0.00698923940249465
1.078890909673646,0.7038940851343796,0.8920630211553847,v1_heuristic,v1_rad_scalar_reward,total_latency,6,v1_gpt2_large_full_sequence,all,0.2236556608798288
1.0,0.3333333333333333,0.6666666666666666,v1_router,v1_rad_scalar_reward,alignment_success,6,v1_gpt2_large_full_sequence,all,0.4714045207910317
0.9979628026485443,0.3331323756913965,0.6656991786827954,v1_router,v1_rad_scalar_reward,target_probability,6,v1_gpt2_large_full_sequence,all,0.4698027550022748
12.707813660303751,6.098470290501912,9.286024649937948,v1_router,v1_rad_scalar_reward,perplexity,6,v1_gpt2_large_full_sequence,all,4.182104870658184
0.06436758147339715,-0.11453897956883836,-0.020350220771929613,v1_router,v1_rad_scalar_reward,ppl_degradation,6,v1_gpt2_large_full_sequence,all,0.1272963045591494
0.6302194104186296,0.5392096461890512,0.5852880775616002,v1_router,v1_rad_scalar_reward,coherence,6,v1_gpt2_large_full_sequence,all,0.058513743296118116
0.34835112205801866,0.20549397920087575,0.27493842364532023,v1_router,v1_rad_scalar_reward,repeated_unigram_rate,6,v1_gpt2_large_full_sequence,all,0.09074399012156492
0.20502645502645503,0.03700828157349897,0.11571198527720267,v1_router,v1_rad_scalar_reward,repeated_bigram_rate,6,v1_gpt2_large_full_sequence,all,0.10434338271536925
0.1423001949317739,0.018518518518518528,0.07924726345778978,v1_router,v1_rad_scalar_reward,repeated_trigram_rate,6,v1_gpt2_large_full_sequence,all,0.08431575091306019
0.7895457033388068,0.6507936507936508,0.7250615763546797,v1_router,v1_rad_scalar_reward,distinct_1,6,v1_gpt2_large_full_sequence,all,0.09074399012156492
0.9629629629629629,0.794973544973545,0.8842880147227974,v1_router,v1_rad_scalar_reward,distinct_2,6,v1_gpt2_large_full_sequence,all,0.10434338271536925
0.9814814814814815,0.850577297945719,0.9207527365422102,v1_router,v1_rad_scalar_reward,distinct_3,6,v1_gpt2_large_full_sequence,all,0.08431575091306019
32.0,32.0,32.0,v1_router,v1_rad_scalar_reward,generation_length,6,v1_gpt2_large_full_sequence,all,0.0
0.037100884483152186,0.024151389738108264,0.03114728925417391,v1_router,v1_rad_scalar_reward,latency_per_token,6,v1_gpt2_large_full_sequence,all,0.007725492931825637
1.18722830346087,0.7728444716194645,0.9967132561335651,v1_router,v1_rad_scalar_reward,total_latency,6,v1_gpt2_large_full_sequence,all,0.2472157738184204
0.8333333333333334,0.16666666666666666,0.5,v2_base,v2_autoregressive_sentiment_guide,alignment_success,6,v2_gpt2_medium_conditional,all,0.5
0.8321219509622703,0.16777395162110528,0.500000661277833,v2_base,v2_autoregressive_sentiment_guide,target_probability,6,v2_gpt2_medium_conditional,all,0.49741980982415257
5.477223443089973,3.5637510922707496,4.440302654114025,v2_base,v2_autoregressive_sentiment_guide,perplexity,6,v2_gpt2_medium_conditional,all,1.303708422066226
0.0,0.0,0.0,v2_base,v2_autoregressive_sentiment_guide,ppl_degradation,6,v2_gpt2_medium_conditional,all,0.0
0.5991161616161617,0.5403371954842543,0.5703060011883542,v2_base,v2_autoregressive_sentiment_guide,coherence,6,v2_gpt2_medium_conditional,all,0.03954160756290502
0.3236331569664903,0.1894949494949495,0.25965047298380634,v2_base,v2_autoregressive_sentiment_guide,repeated_unigram_rate,6,v2_gpt2_medium_conditional,all,0.08561223534744265
0.11930959632109057,0.03799840006736558,0.0790797112636193,v2_base,v2_autoregressive_sentiment_guide,repeated_bigram_rate,6,v2_gpt2_medium_conditional,all,0.05256449901362316
0.054029304029304004,0.006410256410256406,0.030219780219780206,v2_base,v2_autoregressive_sentiment_guide,repeated_trigram_rate,6,v2_gpt2_medium_conditional,all,0.03215576898549346
0.8096969696969697,0.6751643418310085,0.7403495270161936,v2_base,v2_autoregressive_sentiment_guide,distinct_1,6,v2_gpt2_medium_conditional,all,0.08561223534744265
0.9589607922941257,0.8762812326030717,0.9209202887363807,v2_base,v2_autoregressive_sentiment_guide,distinct_2,6,v2_gpt2_medium_conditional,all,0.05256449901362316
0.9935897435897436,0.945970695970696,0.9697802197802199,v2_base,v2_autoregressive_sentiment_guide,distinct_3,6,v2_gpt2_medium_conditional,all,0.03215576898549346
32.0,32.0,32.0,v2_base,v2_autoregressive_sentiment_guide,generation_length,6,v2_gpt2_medium_conditional,all,0.0
0.01464304095134139,0.01447969287619344,0.014557001161544273,v2_base,v2_autoregressive_sentiment_guide,latency_per_token,6,v2_gpt2_medium_conditional,all,0.00011607221752994751
0.4685773104429245,0.46335017203819007,0.4658240371694167,v2_base,v2_autoregressive_sentiment_guide,total_latency,6,v2_gpt2_medium_conditional,all,0.0037143109609583205
0.8333333333333334,0.16666666666666666,0.5,v2_fixed,v2_autoregressive_sentiment_guide,alignment_success,6,v2_gpt2_medium_conditional,all,0.5
0.8342630246964594,0.1693136451067403,0.502699120552279,v2_fixed,v2_autoregressive_sentiment_guide,target_probability,6,v2_gpt2_medium_conditional,all,0.49597255023937076
4.008676316253983,3.268908670151444,3.6236797398516463,v2_fixed,v2_autoregressive_sentiment_guide,perplexity,6,v2_gpt2_medium_conditional,all,0.44000508058198884
0.0327045162320807,-0.30471474456116554,-0.13074809945198831,v2_fixed,v2_autoregressive_sentiment_guide,ppl_degradation,6,v2_gpt2_medium_conditional,all,0.21305342791414159
0.6130952380952381,0.5416666666666666,0.5797619047619048,v2_fixed,v2_autoregressive_sentiment_guide,coherence,6,v2_gpt2_medium_conditional,all,0.04626548483398459
0.40895061728395055,0.1914141414141414,0.29480920314253645,v2_fixed,v2_autoregressive_sentiment_guide,repeated_unigram_rate,6,v2_gpt2_medium_conditional,all,0.14977238189781186
0.21396993810786916,0.06334927774208134,0.1380156991101519,v2_fixed,v2_autoregressive_sentiment_guide,repeated_bigram_rate,6,v2_gpt2_medium_conditional,all,0.1010953737079638
0.1545454545454545,0.02380952380952382,0.08744588744588744,v2_fixed,v2_autoregressive_sentiment_guide,repeated_trigram_rate,6,v2_gpt2_medium_conditional,all,0.08905552118180979
0.8085858585858586,0.5885241301907969,0.7051907968574636,v2_fixed,v2_autoregressive_sentiment_guide,distinct_1,6,v2_gpt2_medium_conditional,all,0.1497723818978119
0.9365317341329336,0.7805712528351209,0.8619843008898481,v2_fixed,v2_autoregressive_sentiment_guide,distinct_2,6,v2_gpt2_medium_conditional,all,0.1010953737079638
0.9761904761904762,0.8428571428571429,0.9125541125541125,v2_fixed,v2_autoregressive_sentiment_guide,distinct_3,6,v2_gpt2_medium_conditional,all,0.08905552118180979
32.0,32.0,32.0,v2_fixed,v2_autoregressive_sentiment_guide,generation_length,6,v2_gpt2_medium_conditional,all,0.0
0.04555981633166084,0.04537214598894934,0.04547727491808473,v2_fixed,v2_autoregressive_sentiment_guide,latency_per_token,6,v2_gpt2_medium_conditional,all,0.00011289520008786962
1.457914122613147,1.451908671646379,1.4552727973787114,v2_fixed,v2_autoregressive_sentiment_guide,total_latency,6,v2_gpt2_medium_conditional,all,0.003612646402811828
0.6666666666666666,0.0,0.3333333333333333,v2_heuristic,v2_autoregressive_sentiment_guide,alignment_success,6,v2_gpt2_medium_conditional,all,0.4714045207910317
0.6696574706584215,0.0035632302557739117,0.3358869051444344,v2_heuristic,v2_autoregressive_sentiment_guide,target_probability,6,v2_gpt2_medium_conditional,all,0.4682956309997194
4.529592180237727,3.392728659415015,4.005069367319001,v2_heuristic,v2_autoregressive_sentiment_guide,perplexity,6,v2_gpt2_medium_conditional,all,0.706422652582296
0.14255167421754386,-0.2076945207190777,-0.04381988123773086,v2_heuristic,v2_autoregressive_sentiment_guide,ppl_degradation,6,v2_gpt2_medium_conditional,all,0.23594352246472272
0.6244949494949495,0.565909090909091,0.594570707070707,v2_heuristic,v2_autoregressive_sentiment_guide,coherence,6,v2_gpt2_medium_conditional,all,0.03848608292248586
0.4138888888888889,0.20108225108225108,0.29657287157287154,v2_heuristic,v2_autoregressive_sentiment_guide,repeated_unigram_rate,6,v2_gpt2_medium_conditional,all,0.1376852749744469
0.1801876839358099,0.06424466338259442,0.122854743263289,v2_heuristic,v2_autoregressive_sentiment_guide,repeated_bigram_rate,6,v2_gpt2_medium_conditional,all,0.07557626176445241
0.11005661005661001,0.023809523809523798,0.0669330669330669,v2_heuristic,v2_autoregressive_sentiment_guide,repeated_trigram_rate,6,v2_gpt2_medium_conditional,all,0.060962939481346054
0.7955988455988456,0.5837301587301588,0.7034271284271284,v2_heuristic,v2_autoregressive_sentiment_guide,distinct_1,6,v2_gpt2_medium_conditional,all,0.1376852749744469
0.9334861339171683,0.8153666222444332,0.877145256736711,v2_heuristic,v2_autoregressive_sentiment_guide,distinct_2,6,v2_gpt2_medium_conditional,all,0.07557626176445241
0.9761904761904763,0.8890276390276391,0.9330669330669332,v2_heuristic,v2_autoregressive_sentiment_guide,distinct_3,6,v2_gpt2_medium_conditional,all,0.060962939481346054
32.0,32.0,32.0,v2_heuristic,v2_autoregressive_sentiment_guide,generation_length,6,v2_gpt2_medium_conditional,all,0.0
0.046640452193969395,0.04634228857321432,0.046469563230251275,v2_heuristic,v2_autoregressive_sentiment_guide,latency_per_token,6,v2_gpt2_medium_conditional,all,0.00020312448230258646
1.4924944702070206,1.4829532343428582,1.4870260233680408,v2_heuristic,v2_autoregressive_sentiment_guide,total_latency,6,v2_gpt2_medium_conditional,all,0.006499983433682767
0.8333333333333334,0.16666666666666666,0.5,v2_history,v2_autoregressive_sentiment_guide,alignment_success,6,v2_gpt2_medium_conditional,all,0.5
0.8327076085067043,0.167540139091822,0.5002256180547798,v2_history,v2_autoregressive_sentiment_guide,target_probability,6,v2_gpt2_medium_conditional,all,0.49848192142572373
7.086843032500382,4.205873142112764,5.477002603139781,v2_history,v2_autoregressive_sentiment_guide,perplexity,6,v2_gpt2_medium_conditional,all,1.716853030490179
0.9793852175738609,-0.12346377970304416,0.36566723961981396,v2_history,v2_autoregressive_sentiment_guide,ppl_degradation,6,v2_gpt2_medium_conditional,all,0.6655300194367095
0.5962121212121213,0.5289855072463768,0.5639877031181378,v2_history,v2_autoregressive_sentiment_guide,coherence,6,v2_gpt2_medium_conditional,all,0.046282731401496545
0.3549092457138434,0.17119768269193555,0.26305346420288944,v2_history,v2_autoregressive_sentiment_guide,repeated_unigram_rate,6,v2_gpt2_medium_conditional,all,0.12381820173061027
0.18406593406593408,0.013888888888888895,0.0931013431013431,v2_history,v2_autoregressive_sentiment_guide,repeated_bigram_rate,6,v2_gpt2_medium_conditional,all,0.11439761722492985
0.12962962962962965,0.0,0.05654320987654321,v2_history,v2_autoregressive_sentiment_guide,repeated_trigram_rate,6,v2_gpt2_medium_conditional,all,0.09524753366255995
0.8278526496917302,0.6409482386493881,0.7369465357971104,v2_history,v2_autoregressive_sentiment_guide,distinct_1,6,v2_gpt2_medium_conditional,all,0.12381820173061027
0.9861111111111112,0.8136446886446888,0.9068986568986569,v2_history,v2_autoregressive_sentiment_guide,distinct_2,6,v2_gpt2_medium_conditional,all,0.11439761722492985
1.0,0.8570370370370369,0.9434567901234567,v2_history,v2_autoregressive_sentiment_guide,distinct_3,6,v2_gpt2_medium_conditional,all,0.09524753366255995
32.0,32.0,32.0,v2_history,v2_autoregressive_sentiment_guide,generation_length,6,v2_gpt2_medium_conditional,all,0.0
0.053980442629836034,0.05369772642491929,0.053859150957578095,v2_history,v2_autoregressive_sentiment_guide,latency_per_token,6,v2_gpt2_medium_conditional,all,0.00018776138665502245
1.727374164154753,1.7183272455974172,1.723492830642499,v2_history,v2_autoregressive_sentiment_guide,total_latency,6,v2_gpt2_medium_conditional,all,0.006008364372960718
0.8333333333333334,0.16666666666666666,0.5,v2_same_average,v2_autoregressive_sentiment_guide,alignment_success,6,v2_gpt2_medium_conditional,all,0.5
0.8327105293283239,0.16754013944106796,0.5002276250937333,v2_same_average,v2_autoregressive_sentiment_guide,target_probability,6,v2_gpt2_medium_conditional,all,0.49848392857157214
5.767280402759763,4.176899502294517,4.888575170509487,v2_same_average,v2_autoregressive_sentiment_guide,perplexity,6,v2_gpt2_medium_conditional,all,1.0888765609072186
0.5051968753548634,-0.13675658829509008,0.1873908355185592,v2_same_average,v2_autoregressive_sentiment_guide,ppl_degradation,6,v2_gpt2_medium_conditional,all,0.42009351983064946
0.605952380952381,0.5289855072463768,0.5688578329882678,v2_same_average,v2_autoregressive_sentiment_guide,coherence,6,v2_gpt2_medium_conditional,all,0.05238580819216428
0.4365605658709107,0.19735819735819735,0.30615691247875154,v2_same_average,v2_autoregressive_sentiment_guide,repeated_unigram_rate,6,v2_gpt2_medium_conditional,all,0.1508377333649097
0.31084656084656087,0.04151404151404153,0.1550501967168634,v2_same_average,v2_autoregressive_sentiment_guide,repeated_bigram_rate,6,v2_gpt2_medium_conditional,all,0.15863477649347513
0.27872744539411204,0.013333333333333327,0.12064577397910731,v2_same_average,v2_autoregressive_sentiment_guide,repeated_trigram_rate,6,v2_gpt2_medium_conditional,all,0.14956154860145535
0.8026418026418027,0.5605658709106985,0.6938430875212483,v2_same_average,v2_autoregressive_sentiment_guide,distinct_1,6,v2_gpt2_medium_conditional,all,0.1508377333649097
0.9584859584859585,0.6891534391534392,0.8449498032831366,v2_same_average,v2_autoregressive_sentiment_guide,distinct_2,6,v2_gpt2_medium_conditional,all,0.15863477649347513
0.9866666666666667,0.7212725546058879,0.8793542260208927,v2_same_average,v2_autoregressive_sentiment_guide,distinct_3,6,v2_gpt2_medium_conditional,all,0.14956154860145535
32.0,32.0,32.0,v2_same_average,v2_autoregressive_sentiment_guide,generation_length,6,v2_gpt2_medium_conditional,all,0.0
0.04543853619179572,0.04521700601859872,0.0453273382615104,v2_same_average,v2_autoregressive_sentiment_guide,latency_per_token,6,v2_gpt2_medium_conditional,all,0.00013415878931180233
1.454033158137463,1.446944192595159,1.4504748243683327,v2_same_average,v2_autoregressive_sentiment_guide,total_latency,6,v2_gpt2_medium_conditional,all,0.004293081257977675
0.8333333333333334,0.16666666666666666,0.5,v2_state,v2_autoregressive_sentiment_guide,alignment_success,6,v2_gpt2_medium_conditional,all,0.5
0.8327274965898445,0.1675556469708681,0.50024459278211,v2_state,v2_autoregressive_sentiment_guide,target_probability,6,v2_gpt2_medium_conditional,all,0.4985008847634064
6.283862439360395,4.205873142112764,5.173147449759996,v2_state,v2_autoregressive_sentiment_guide,perplexity,6,v2_gpt2_medium_conditional,all,1.3205893691850294
0.7015115488255853,-0.12346377970304416,0.2712982309309279,v2_state,v2_autoregressive_sentiment_guide,ppl_degradation,6,v2_gpt2_medium_conditional,all,0.514463243897372
0.6073529411764707,0.5289855072463768,0.5695581131003126,v2_state,v2_autoregressive_sentiment_guide,coherence,6,v2_gpt2_medium_conditional,all,0.053388812977395235
0.4105151128139634,0.19947768281101616,0.3012186408738133,v2_state,v2_autoregressive_sentiment_guide,repeated_unigram_rate,6,v2_gpt2_medium_conditional,all,0.14206383874384731
0.24507389162561577,0.04151404151404153,0.13312597364321502,v2_state,v2_autoregressive_sentiment_guide,repeated_bigram_rate,6,v2_gpt2_medium_conditional,all,0.1284635299888803
0.1935626102292769,0.013333333333333327,0.09225749559082892,v2_state,v2_autoregressive_sentiment_guide,repeated_trigram_rate,6,v2_gpt2_medium_conditional,all,0.10682154737571106
0.7977596477596478,0.5839506172839506,0.6987813591261866,v2_state,v2_autoregressive_sentiment_guide,distinct_1,6,v2_gpt2_medium_conditional,all,0.14206383874384731
0.9584859584859585,0.754584017515052,0.866874026356785,v2_state,v2_autoregressive_sentiment_guide,distinct_2,6,v2_gpt2_medium_conditional,all,0.1284635299888803
0.9866666666666667,0.8064373897707231,0.9077425044091711,v2_state,v2_autoregressive_sentiment_guide,distinct_3,6,v2_gpt2_medium_conditional,all,0.10682154737571106
32.0,32.0,32.0,v2_state,v2_autoregressive_sentiment_guide,generation_length,6,v2_gpt2_medium_conditional,all,0.0
0.04741038333304459,0.047071676411481654,0.04725497754770913,v2_state,v2_autoregressive_sentiment_guide,latency_per_token,6,v2_gpt2_medium_conditional,all,0.00018449986372834267
1.517132266657427,1.506293645167413,1.5121592815266922,v2_state,v2_autoregressive_sentiment_guide,total_latency,6,v2_gpt2_medium_conditional,all,0.005903995639306965
0.0,0.0,0.0,taro,v2_autoregressive_sentiment_guide,alignment_success,2,v2_gpt2_medium_conditional,negative,0.0
0.002311257179826498,0.000849817122798413,0.0015805371513124555,taro,v2_autoregressive_sentiment_guide,target_probability,2,v2_gpt2_medium_conditional,negative,0.0007307200285140425
4.845133731423158,3.8950264626389393,4.370080097031049,taro,v2_autoregressive_sentiment_guide,perplexity,2,v2_gpt2_medium_conditional,negative,0.47505363439210946
-0.04124532325158929,-0.317073317089363,-0.17915932017047614,taro,v2_autoregressive_sentiment_guide,ppl_degradation,2,v2_gpt2_medium_conditional,negative,0.13791399691888684
0.6,0.5833333333333334,0.5916666666666667,taro,v2_autoregressive_sentiment_guide,coherence,2,v2_gpt2_medium_conditional,negative,0.008333333333333304
0.48275862068965514,0.18181818181818177,0.33228840125391845,taro,v2_autoregressive_sentiment_guide,repeated_unigram_rate,2,v2_gpt2_medium_conditional,negative,0.15047021943573669
0.3214285714285714,0.04761904761904767,0.18452380952380953,taro,v2_autoregressive_sentiment_guide,repeated_bigram_rate,2,v2_gpt2_medium_conditional,negative,0.13690476190476186
0.2592592592592593,0.0,0.12962962962962965,taro,v2_autoregressive_sentiment_guide,repeated_trigram_rate,2,v2_gpt2_medium_conditional,negative,0.12962962962962965
0.8181818181818182,0.5172413793103449,0.6677115987460815,taro,v2_autoregressive_sentiment_guide,distinct_1,2,v2_gpt2_medium_conditional,negative,0.15047021943573669
0.9523809523809523,0.6785714285714286,0.8154761904761905,taro,v2_autoregressive_sentiment_guide,distinct_2,2,v2_gpt2_medium_conditional,negative,0.13690476190476186
1.0,0.7407407407407407,0.8703703703703703,taro,v2_autoregressive_sentiment_guide,distinct_3,2,v2_gpt2_medium_conditional,negative,0.12962962962962965
32.0,32.0,32.0,taro,v2_autoregressive_sentiment_guide,generation_length,2,v2_gpt2_medium_conditional,negative,0.0
0.04565873371757334,0.045589251596538816,0.04562399265705608,taro,v2_autoregressive_sentiment_guide,latency_per_token,2,v2_gpt2_medium_conditional,negative,3.474106051726267e-05
1.461079478962347,1.458856051089242,1.4599677650257945,taro,v2_autoregressive_sentiment_guide,total_latency,2,v2_gpt2_medium_conditional,negative,0.0011117139365524054
0.0,0.0,0.0,taro_same_average,v2_autoregressive_sentiment_guide,alignment_success,2,v2_gpt2_medium_conditional,negative,0.0
0.0023112581111490726,0.0008498178794980049,0.0015805379953235388,taro_same_average,v2_autoregressive_sentiment_guide,target_probability,2,v2_gpt2_medium_conditional,negative,0.0007307201158255339
4.845133731423158,3.8950264626389393,4.370080097031049,taro_same_average,v2_autoregressive_sentiment_guide,perplexity,2,v2_gpt2_medium_conditional,negative,0.47505363439210946
-0.04124532325158929,-0.317073317089363,-0.17915932017047614,taro_same_average,v2_autoregressive_sentiment_guide,ppl_degradation,2,v2_gpt2_medium_conditional,negative,0.13791399691888684
0.6,0.5833333333333334,0.5916666666666667,taro_same_average,v2_autoregressive_sentiment_guide,coherence,2,v2_gpt2_medium_conditional,negative,0.008333333333333304
0.48275862068965514,0.18181818181818177,0.33228840125391845,taro_same_average,v2_autoregressive_sentiment_guide,repeated_unigram_rate,2,v2_gpt2_medium_conditional,negative,0.15047021943573669
0.3214285714285714,0.04761904761904767,0.18452380952380953,taro_same_average,v2_autoregressive_sentiment_guide,repeated_bigram_rate,2,v2_gpt2_medium_conditional,negative,0.13690476190476186
0.2592592592592593,0.0,0.12962962962962965,taro_same_average,v2_autoregressive_sentiment_guide,repeated_trigram_rate,2,v2_gpt2_medium_conditional,negative,0.12962962962962965
0.8181818181818182,0.5172413793103449,0.6677115987460815,taro_same_average,v2_autoregressive_sentiment_guide,distinct_1,2,v2_gpt2_medium_conditional,negative,0.15047021943573669
0.9523809523809523,0.6785714285714286,0.8154761904761905,taro_same_average,v2_autoregressive_sentiment_guide,distinct_2,2,v2_gpt2_medium_conditional,negative,0.13690476190476186
1.0,0.7407407407407407,0.8703703703703703,taro_same_average,v2_autoregressive_sentiment_guide,distinct_3,2,v2_gpt2_medium_conditional,negative,0.12962962962962965
32.0,32.0,32.0,taro_same_average,v2_autoregressive_sentiment_guide,generation_length,2,v2_gpt2_medium_conditional,negative,0.0
0.0454793318422162,0.04542162243888015,0.04545047714054817,taro_same_average,v2_autoregressive_sentiment_guide,latency_per_token,2,v2_gpt2_medium_conditional,negative,2.8854701668024063e-05
1.4553386189509183,1.4534919180441648,1.4544152684975415,taro_same_average,v2_autoregressive_sentiment_guide,total_latency,2,v2_gpt2_medium_conditional,negative,0.00092335045337677
0.0,0.0,0.0,v1_base,v1_rad_scalar_reward,alignment_success,2,v1_gpt2_large_full_sequence,negative,0.0
0.0059530180878937244,0.0006205337704159319,0.003286775929154828,v1_base,v1_rad_scalar_reward,target_probability,2,v1_gpt2_large_full_sequence,negative,0.0026662421587388963
12.767145156860352,8.930327415466309,10.84873628616333,v1_base,v1_rad_scalar_reward,perplexity,2,v1_gpt2_large_full_sequence,negative,1.9184088706970215
0.0,0.0,0.0,v1_base,v1_rad_scalar_reward,ppl_degradation,2,v1_gpt2_large_full_sequence,negative,0.0
0.6470588235294118,0.5909090909090909,0.6189839572192514,v1_base,v1_rad_scalar_reward,coherence,2,v1_gpt2_large_full_sequence,negative,0.02807486631016043
0.37037037037037035,0.18518518518518523,0.2777777777777778,v1_base,v1_rad_scalar_reward,repeated_unigram_rate,2,v1_gpt2_large_full_sequence,negative,0.09259259259259256
0.11538461538461542,0.0,0.05769230769230771,v1_base,v1_rad_scalar_reward,repeated_bigram_rate,2,v1_gpt2_large_full_sequence,negative,0.05769230769230771
0.07999999999999996,0.0,0.03999999999999998,v1_base,v1_rad_scalar_reward,repeated_trigram_rate,2,v1_gpt2_large_full_sequence,negative,0.03999999999999998
0.8148148148148148,0.6296296296296297,0.7222222222222222,v1_base,v1_rad_scalar_reward,distinct_1,2,v1_gpt2_large_full_sequence,negative,0.09259259259259256
1.0,0.8846153846153846,0.9423076923076923,v1_base,v1_rad_scalar_reward,distinct_2,2,v1_gpt2_large_full_sequence,negative,0.05769230769230771
1.0,0.92,0.96,v1_base,v1_rad_scalar_reward,distinct_3,2,v1_gpt2_large_full_sequence,negative,0.03999999999999998
32.0,32.0,32.0,v1_base,v1_rad_scalar_reward,generation_length,2,v1_gpt2_large_full_sequence,negative,0.0
0.03828667803099961,0.0338770748458046,0.036081876438402105,v1_base,v1_rad_scalar_reward,latency_per_token,2,v1_gpt2_large_full_sequence,negative,0.002204801592597505
1.2251736969919875,1.0840663950657472,1.1546200460288674,v1_base,v1_rad_scalar_reward,total_latency,2,v1_gpt2_large_full_sequence,negative,0.07055365096312016
1.0,1.0,1.0,v1_fixed,v1_rad_scalar_reward,alignment_success,2,v1_gpt2_large_full_sequence,negative,0.0
0.9987980127334595,0.9987848401069641,0.9987914264202118,v1_fixed,v1_rad_scalar_reward,target_probability,2,v1_gpt2_large_full_sequence,negative,6.586313247680664e-06
23.8987979888916,10.941666603088379,17.42023229598999,v1_fixed,v1_rad_scalar_reward,perplexity,2,v1_gpt2_large_full_sequence,negative,6.478565692901611
0.8718983527848213,0.22522569375660967,0.5485620232707155,v1_fixed,v1_rad_scalar_reward,ppl_degradation,2,v1_gpt2_large_full_sequence,negative,0.3233363295141058
0.5952380952380952,0.5357142857142857,0.5654761904761905,v1_fixed,v1_rad_scalar_reward,coherence,2,v1_gpt2_large_full_sequence,negative,0.029761904761904767
0.1923076923076923,0.09677419354838712,0.1445409429280397,v1_fixed,v1_rad_scalar_reward,repeated_unigram_rate,2,v1_gpt2_large_full_sequence,negative,0.047766749379652584
0.0,0.0,0.0,v1_fixed,v1_rad_scalar_reward,repeated_bigram_rate,2,v1_gpt2_large_full_sequence,negative,0.0
0.0,0.0,0.0,v1_fixed,v1_rad_scalar_reward,repeated_trigram_rate,2,v1_gpt2_large_full_sequence,negative,0.0
0.9032258064516129,0.8076923076923077,0.8554590570719602,v1_fixed,v1_rad_scalar_reward,distinct_1,2,v1_gpt2_large_full_sequence,negative,0.047766749379652584
1.0,1.0,1.0,v1_fixed,v1_rad_scalar_reward,distinct_2,2,v1_gpt2_large_full_sequence,negative,0.0
1.0,1.0,1.0,v1_fixed,v1_rad_scalar_reward,distinct_3,2,v1_gpt2_large_full_sequence,negative,0.0
32.0,32.0,32.0,v1_fixed,v1_rad_scalar_reward,generation_length,2,v1_gpt2_large_full_sequence,negative,0.0
0.03748144596829661,0.03598454297025455,0.03673299446927558,v1_fixed,v1_rad_scalar_reward,latency_per_token,2,v1_gpt2_large_full_sequence,negative,0.00074845149902103
1.1994062709854916,1.1515053750481457,1.1754558230168186,v1_fixed,v1_rad_scalar_reward,total_latency,2,v1_gpt2_large_full_sequence,negative,0.02395044796867296
0.0,0.0,0.0,v1_heuristic,v1_rad_scalar_reward,alignment_success,2,v1_gpt2_large_full_sequence,negative,0.0
0.006226034834980965,0.0005268231616355479,0.0033764289983082563,v1_heuristic,v1_rad_scalar_reward,target_probability,2,v1_gpt2_large_full_sequence,negative,0.0028496058366727084
12.206311225891113,7.5642828941345215,9.885297060012817,v1_heuristic,v1_rad_scalar_reward,perplexity,2,v1_gpt2_large_full_sequence,negative,2.321014165878296
-0.04392790432619758,-0.15296690230707038,-0.09844740331663399,v1_heuristic,v1_rad_scalar_reward,ppl_degradation,2,v1_gpt2_large_full_sequence,negative,0.0545194989904364
0.6875,0.6176470588235294,0.6525735294117647,v1_heuristic,v1_rad_scalar_reward,coherence,2,v1_gpt2_large_full_sequence,negative,0.03492647058823528
0.40740740740740744,0.31999999999999995,0.3637037037037037,v1_heuristic,v1_rad_scalar_reward,repeated_unigram_rate,2,v1_gpt2_large_full_sequence,negative,0.043703703703703745
0.23076923076923073,0.08333333333333337,0.15705128205128205,v1_heuristic,v1_rad_scalar_reward,repeated_bigram_rate,2,v1_gpt2_large_full_sequence,negative,0.07371794871794868
0.19999999999999996,0.0,0.09999999999999998,v1_heuristic,v1_rad_scalar_reward,repeated_trigram_rate,2,v1_gpt2_large_full_sequence,negative,0.09999999999999998
0.68,0.5925925925925926,0.6362962962962964,v1_heuristic,v1_rad_scalar_reward,distinct_1,2,v1_gpt2_large_full_sequence,negative,0.043703703703703745
0.9166666666666666,0.7692307692307693,0.842948717948718,v1_heuristic,v1_rad_scalar_reward,distinct_2,2,v1_gpt2_large_full_sequence,negative,0.07371794871794868
1.0,0.8,0.9,v1_heuristic,v1_rad_scalar_reward,distinct_3,2,v1_gpt2_large_full_sequence,negative,0.09999999999999998
32.0,32.0,32.0,v1_heuristic,v1_rad_scalar_reward,generation_length,2,v1_gpt2_large_full_sequence,negative,0.0
0.027149807716341456,0.019405774561164435,0.023277791138752946,v1_heuristic,v1_rad_scalar_reward,latency_per_token,2,v1_gpt2_large_full_sequence,negative,0.0038720165775885107
0.8687938469229266,0.6209847859572619,0.7448893164400943,v1_heuristic,v1_rad_scalar_reward,total_latency,2,v1_gpt2_large_full_sequence,negative,0.12390453048283234
0.0,0.0,0.0,v1_router,v1_rad_scalar_reward,alignment_success,2,v1_gpt2_large_full_sequence,negative,0.0
0.001370048034004867,0.0012273716274648905,0.0012987098307348788,v1_router,v1_rad_scalar_reward,target_probability,2,v1_gpt2_large_full_sequence,negative,7.13382032699883e-05
10.481474876403809,10.218693733215332,10.35008430480957,v1_router,v1_rad_scalar_reward,perplexity,2,v1_gpt2_large_full_sequence,negative,0.13139057159423828
0.17369435506374487,-0.19961012366775072,-0.012957884302002926,v1_router,v1_rad_scalar_reward,ppl_degradation,2,v1_gpt2_large_full_sequence,negative,0.1866522393657478
0.631578947368421,0.5384615384615384,0.5850202429149798,v1_router,v1_rad_scalar_reward,coherence,2,v1_gpt2_large_full_sequence,negative,0.04655870445344129
0.38095238095238093,0.20833333333333337,0.29464285714285715,v1_router,v1_rad_scalar_reward,repeated_unigram_rate,2,v1_gpt2_large_full_sequence,negative,0.08630952380952378
0.25,0.04347826086956519,0.1467391304347826,v1_router,v1_rad_scalar_reward,repeated_bigram_rate,2,v1_gpt2_large_full_sequence,negative,0.1032608695652174
0.21052631578947367,0.0,0.10526315789473684,v1_router,v1_rad_scalar_reward,repeated_trigram_rate,2,v1_gpt2_large_full_sequence,negative,0.10526315789473684
0.7916666666666666,0.6190476190476191,0.7053571428571428,v1_router,v1_rad_scalar_reward,distinct_1,2,v1_gpt2_large_full_sequence,negative,0.08630952380952378
0.9565217391304348,0.75,0.8532608695652174,v1_router,v1_rad_scalar_reward,distinct_2,2,v1_gpt2_large_full_sequence,negative,0.1032608695652174
1.0,0.7894736842105263,0.8947368421052632,v1_router,v1_rad_scalar_reward,distinct_3,2,v1_gpt2_large_full_sequence,negative,0.10526315789473684
32.0,32.0,32.0,v1_router,v1_rad_scalar_reward,generation_length,2,v1_gpt2_large_full_sequence,negative,0.0
0.038952501345193014,0.03263767112366622,0.03579508623442962,v1_router,v1_rad_scalar_reward,latency_per_token,2,v1_gpt2_large_full_sequence,negative,0.003157415110763395
1.2464800430461764,1.0444054759573191,1.1454427595017478,v1_router,v1_rad_scalar_reward,total_latency,2,v1_gpt2_large_full_sequence,negative,0.10103728354442865
1.0,0.0,0.5,v2_base,v2_autoregressive_sentiment_guide,alignment_success,2,v2_gpt2_medium_conditional,negative,0.5
0.9975597858428955,0.002337096491828561,0.49994844116736203,v2_base,v2_autoregressive_sentiment_guide,target_probability,2,v2_gpt2_medium_conditional,negative,0.4976113446755335
7.094661627179617,4.06258927033223,5.578625448755924,v2_base,v2_autoregressive_sentiment_guide,perplexity,2,v2_gpt2_medium_conditional,negative,1.5160361784236933
0.0,0.0,0.0,v2_base,v2_autoregressive_sentiment_guide,ppl_degradation,2,v2_gpt2_medium_conditional,negative,0.0
0.5833333333333334,0.5294117647058824,0.5563725490196079,v2_base,v2_autoregressive_sentiment_guide,coherence,2,v2_gpt2_medium_conditional,negative,0.026960784313725505
0.37037037037037035,0.18181818181818177,0.27609427609427606,v2_base,v2_autoregressive_sentiment_guide,repeated_unigram_rate,2,v2_gpt2_medium_conditional,negative,0.09427609427609429
0.07692307692307687,0.04761904761904767,0.06227106227106227,v2_base,v2_autoregressive_sentiment_guide,repeated_bigram_rate,2,v2_gpt2_medium_conditional,negative,0.0146520146520146
0.0,0.0,0.0,v2_base,v2_autoregressive_sentiment_guide,repeated_trigram_rate,2,v2_gpt2_medium_conditional,negative,0.0
0.8181818181818182,0.6296296296296297,0.7239057239057239,v2_base,v2_autoregressive_sentiment_guide,distinct_1,2,v2_gpt2_medium_conditional,negative,0.09427609427609429
0.9523809523809523,0.9230769230769231,0.9377289377289377,v2_base,v2_autoregressive_sentiment_guide,distinct_2,2,v2_gpt2_medium_conditional,negative,0.0146520146520146
1.0,1.0,1.0,v2_base,v2_autoregressive_sentiment_guide,distinct_3,2,v2_gpt2_medium_conditional,negative,0.0
32.0,32.0,32.0,v2_base,v2_autoregressive_sentiment_guide,generation_length,2,v2_gpt2_medium_conditional,negative,0.0
0.014784020590013824,0.014547314909577835,0.01466566774979583,v2_base,v2_autoregressive_sentiment_guide,latency_per_token,2,v2_gpt2_medium_conditional,negative,0.00011835284021799453
0.4730886588804424,0.46551407710649073,0.46930136799346656,v2_base,v2_autoregressive_sentiment_guide,total_latency,2,v2_gpt2_medium_conditional,negative,0.003787290886975825
0.0,0.0,0.0,v2_fixed,v2_autoregressive_sentiment_guide,alignment_success,2,v2_gpt2_medium_conditional,negative,0.0
0.012596177868545055,0.0020514384377747774,0.007323808153159916,v2_fixed,v2_autoregressive_sentiment_guide,target_probability,2,v2_gpt2_medium_conditional,negative,0.005272369715385139
3.813537384544888,3.6326519605002674,3.7230946725225778,v2_fixed,v2_autoregressive_sentiment_guide,perplexity,2,v2_gpt2_medium_conditional,negative,0.09044271202231036
-0.06130373247576054,-0.48797389482486464,-0.2746388136503126,v2_fixed,v2_autoregressive_sentiment_guide,ppl_degradation,2,v2_gpt2_medium_conditional,negative,0.21333508117455205
0.65,0.5833333333333334,0.6166666666666667,v2_fixed,v2_autoregressive_sentiment_guide,coherence,2,v2_gpt2_medium_conditional,negative,0.033333333333333326
0.5833333333333333,0.18181818181818177,0.3825757575757575,v2_fixed,v2_autoregressive_sentiment_guide,repeated_unigram_rate,2,v2_gpt2_medium_conditional,negative,0.20075757575757575
0.26086956521739135,0.04761904761904767,0.1542443064182195,v2_fixed,v2_autoregressive_sentiment_guide,repeated_bigram_rate,2,v2_gpt2_medium_conditional,negative,0.10662525879917184
0.18181818181818177,0.0,0.09090909090909088,v2_fixed,v2_autoregressive_sentiment_guide,repeated_trigram_rate,2,v2_gpt2_medium_conditional,negative,0.09090909090909088
0.8181818181818182,0.4166666666666667,0.6174242424242424,v2_fixed,v2_autoregressive_sentiment_guide,distinct_1,2,v2_gpt2_medium_conditional,negative,0.20075757575757577
0.9523809523809523,0.7391304347826086,0.8457556935817805,v2_fixed,v2_autoregressive_sentiment_guide,distinct_2,2,v2_gpt2_medium_conditional,negative,0.10662525879917184
1.0,0.8181818181818182,0.9090909090909092,v2_fixed,v2_autoregressive_sentiment_guide,distinct_3,2,v2_gpt2_medium_conditional,negative,0.09090909090909088
32.0,32.0,32.0,v2_fixed,v2_autoregressive_sentiment_guide,generation_length,2,v2_gpt2_medium_conditional,negative,0.0
0.04558003165584523,0.045409262253087945,0.04549464695446659,v2_fixed,v2_autoregressive_sentiment_guide,latency_per_token,2,v2_gpt2_medium_conditional,negative,8.538470137864351e-05
1.4585610129870474,1.4530963920988142,1.4558287025429308,v2_fixed,v2_autoregressive_sentiment_guide,total_latency,2,v2_gpt2_medium_conditional,negative,0.0027323104441165924
0.0,0.0,0.0,v2_heuristic,v2_autoregressive_sentiment_guide,alignment_success,2,v2_gpt2_medium_conditional,negative,0.0
0.012596165761351585,0.002337096491828561,0.007466631126590073,v2_heuristic,v2_autoregressive_sentiment_guide,target_probability,2,v2_gpt2_medium_conditional,negative,0.005129534634761512
4.06258927033223,3.6326519605002674,3.8476206154162487,v2_heuristic,v2_autoregressive_sentiment_guide,perplexity,2,v2_gpt2_medium_conditional,negative,0.2149686549159815
0.0,-0.48797389482486464,-0.24398694741243232,v2_heuristic,v2_autoregressive_sentiment_guide,ppl_degradation,2,v2_gpt2_medium_conditional,negative,0.24398694741243232
0.65,0.5833333333333334,0.6166666666666667,v2_heuristic,v2_autoregressive_sentiment_guide,coherence,2,v2_gpt2_medium_conditional,negative,0.033333333333333326
0.5833333333333333,0.18181818181818177,0.3825757575757575,v2_heuristic,v2_autoregressive_sentiment_guide,repeated_unigram_rate,2,v2_gpt2_medium_conditional,negative,0.20075757575757575
0.26086956521739135,0.04761904761904767,0.1542443064182195,v2_heuristic,v2_autoregressive_sentiment_guide,repeated_bigram_rate,2,v2_gpt2_medium_conditional,negative,0.10662525879917184
0.18181818181818177,0.0,0.09090909090909088,v2_heuristic,v2_autoregressive_sentiment_guide,repeated_trigram_rate,2,v2_gpt2_medium_conditional,negative,0.09090909090909088
0.8181818181818182,0.4166666666666667,0.6174242424242424,v2_heuristic,v2_autoregressive_sentiment_guide,distinct_1,2,v2_gpt2_medium_conditional,negative,0.20075757575757577
0.9523809523809523,0.7391304347826086,0.8457556935817805,v2_heuristic,v2_autoregressive_sentiment_guide,distinct_2,2,v2_gpt2_medium_conditional,negative,0.10662525879917184
1.0,0.8181818181818182,0.9090909090909092,v2_heuristic,v2_autoregressive_sentiment_guide,distinct_3,2,v2_gpt2_medium_conditional,negative,0.09090909090909088
32.0,32.0,32.0,v2_heuristic,v2_autoregressive_sentiment_guide,generation_length,2,v2_gpt2_medium_conditional,negative,0.0
0.04690188053064048,0.04647960534930462,0.04669074293997255,v2_heuristic,v2_autoregressive_sentiment_guide,latency_per_token,2,v2_gpt2_medium_conditional,negative,0.00021113759066793136
1.5008601769804955,1.4873473711777478,1.4941037740791216,v2_heuristic,v2_autoregressive_sentiment_guide,total_latency,2,v2_gpt2_medium_conditional,negative,0.006756402901373804
0.0,0.0,0.0,v2_history,v2_autoregressive_sentiment_guide,alignment_success,2,v2_gpt2_medium_conditional,negative,0.0
0.0023112581111490726,0.0008498178794980049,0.0015805379953235388,v2_history,v2_autoregressive_sentiment_guide,target_probability,2,v2_gpt2_medium_conditional,negative,0.0007307201158255339
4.845133731423158,3.8950264626389393,4.370080097031049,v2_history,v2_autoregressive_sentiment_guide,perplexity,2,v2_gpt2_medium_conditional,negative,0.47505363439210946
-0.04124532325158929,-0.317073317089363,-0.17915932017047614,v2_history,v2_autoregressive_sentiment_guide,ppl_degradation,2,v2_gpt2_medium_conditional,negative,0.13791399691888684
0.6,0.5833333333333334,0.5916666666666667,v2_history,v2_autoregressive_sentiment_guide,coherence,2,v2_gpt2_medium_conditional,negative,0.008333333333333304
0.48275862068965514,0.18181818181818177,0.33228840125391845,v2_history,v2_autoregressive_sentiment_guide,repeated_unigram_rate,2,v2_gpt2_medium_conditional,negative,0.15047021943573669
0.3214285714285714,0.04761904761904767,0.18452380952380953,v2_history,v2_autoregressive_sentiment_guide,repeated_bigram_rate,2,v2_gpt2_medium_conditional,negative,0.13690476190476186
0.2592592592592593,0.0,0.12962962962962965,v2_history,v2_autoregressive_sentiment_guide,repeated_trigram_rate,2,v2_gpt2_medium_conditional,negative,0.12962962962962965
0.8181818181818182,0.5172413793103449,0.6677115987460815,v2_history,v2_autoregressive_sentiment_guide,distinct_1,2,v2_gpt2_medium_conditional,negative,0.15047021943573669
0.9523809523809523,0.6785714285714286,0.8154761904761905,v2_history,v2_autoregressive_sentiment_guide,distinct_2,2,v2_gpt2_medium_conditional,negative,0.13690476190476186
1.0,0.7407407407407407,0.8703703703703703,v2_history,v2_autoregressive_sentiment_guide,distinct_3,2,v2_gpt2_medium_conditional,negative,0.12962962962962965
32.0,32.0,32.0,v2_history,v2_autoregressive_sentiment_guide,generation_length,2,v2_gpt2_medium_conditional,negative,0.0
0.05398295996565139,0.05364398466190323,0.05381347231377731,v2_history,v2_autoregressive_sentiment_guide,latency_per_token,2,v2_gpt2_medium_conditional,negative,0.00016948765187407844
1.7274547189008445,1.7166075091809034,1.722031114040874,v2_history,v2_autoregressive_sentiment_guide,total_latency,2,v2_gpt2_medium_conditional,negative,0.00542360485997051
0.0,0.0,0.0,v2_same_average,v2_autoregressive_sentiment_guide,alignment_success,2,v2_gpt2_medium_conditional,negative,0.0
0.002311259275302291,0.0008498178794980049,0.001580538577400148,v2_same_average,v2_autoregressive_sentiment_guide,target_probability,2,v2_gpt2_medium_conditional,negative,0.000730720697902143
4.845133731423158,3.8950264626389393,4.370080097031049,v2_same_average,v2_autoregressive_sentiment_guide,perplexity,2,v2_gpt2_medium_conditional,negative,0.47505363439210946
-0.04124532325158929,-0.317073317089363,-0.17915932017047614,v2_same_average,v2_autoregressive_sentiment_guide,ppl_degradation,2,v2_gpt2_medium_conditional,negative,0.13791399691888684
0.6,0.5833333333333334,0.5916666666666667,v2_same_average,v2_autoregressive_sentiment_guide,coherence,2,v2_gpt2_medium_conditional,negative,0.008333333333333304
0.48275862068965514,0.18181818181818177,0.33228840125391845,v2_same_average,v2_autoregressive_sentiment_guide,repeated_unigram_rate,2,v2_gpt2_medium_conditional,negative,0.15047021943573669
0.3214285714285714,0.04761904761904767,0.18452380952380953,v2_same_average,v2_autoregressive_sentiment_guide,repeated_bigram_rate,2,v2_gpt2_medium_conditional,negative,0.13690476190476186
0.2592592592592593,0.0,0.12962962962962965,v2_same_average,v2_autoregressive_sentiment_guide,repeated_trigram_rate,2,v2_gpt2_medium_conditional,negative,0.12962962962962965
0.8181818181818182,0.5172413793103449,0.6677115987460815,v2_same_average,v2_autoregressive_sentiment_guide,distinct_1,2,v2_gpt2_medium_conditional,negative,0.15047021943573669
0.9523809523809523,0.6785714285714286,0.8154761904761905,v2_same_average,v2_autoregressive_sentiment_guide,distinct_2,2,v2_gpt2_medium_conditional,negative,0.13690476190476186
1.0,0.7407407407407407,0.8703703703703703,v2_same_average,v2_autoregressive_sentiment_guide,distinct_3,2,v2_gpt2_medium_conditional,negative,0.12962962962962965
32.0,32.0,32.0,v2_same_average,v2_autoregressive_sentiment_guide,generation_length,2,v2_gpt2_medium_conditional,negative,0.0
0.045534705655882135,0.0452398821580573,0.04538729390696972,v2_same_average,v2_autoregressive_sentiment_guide,latency_per_token,2,v2_gpt2_medium_conditional,negative,0.00014741174891241826
1.4571105809882283,1.4476762290578336,1.452393405023031,v2_same_average,v2_autoregressive_sentiment_guide,total_latency,2,v2_gpt2_medium_conditional,negative,0.004717175965197384
0.0,0.0,0.0,v2_state,v2_autoregressive_sentiment_guide,alignment_success,2,v2_gpt2_medium_conditional,negative,0.0
0.0023112581111490726,0.0008498183451592922,0.0015805382281541824,v2_state,v2_autoregressive_sentiment_guide,target_probability,2,v2_gpt2_medium_conditional,negative,0.0007307198829948902
4.845133731423158,3.8950264626389393,4.370080097031049,v2_state,v2_autoregressive_sentiment_guide,perplexity,2,v2_gpt2_medium_conditional,negative,0.47505363439210946
-0.04124532325158929,-0.317073317089363,-0.17915932017047614,v2_state,v2_autoregressive_sentiment_guide,ppl_degradation,2,v2_gpt2_medium_conditional,negative,0.13791399691888684
0.6,0.5833333333333334,0.5916666666666667,v2_state,v2_autoregressive_sentiment_guide,coherence,2,v2_gpt2_medium_conditional,negative,0.008333333333333304
0.48275862068965514,0.18181818181818177,0.33228840125391845,v2_state,v2_autoregressive_sentiment_guide,repeated_unigram_rate,2,v2_gpt2_medium_conditional,negative,0.15047021943573669
0.3214285714285714,0.04761904761904767,0.18452380952380953,v2_state,v2_autoregressive_sentiment_guide,repeated_bigram_rate,2,v2_gpt2_medium_conditional,negative,0.13690476190476186
0.2592592592592593,0.0,0.12962962962962965,v2_state,v2_autoregressive_sentiment_guide,repeated_trigram_rate,2,v2_gpt2_medium_conditional,negative,0.12962962962962965
0.8181818181818182,0.5172413793103449,0.6677115987460815,v2_state,v2_autoregressive_sentiment_guide,distinct_1,2,v2_gpt2_medium_conditional,negative,0.15047021943573669
0.9523809523809523,0.6785714285714286,0.8154761904761905,v2_state,v2_autoregressive_sentiment_guide,distinct_2,2,v2_gpt2_medium_conditional,negative,0.13690476190476186
1.0,0.7407407407407407,0.8703703703703703,v2_state,v2_autoregressive_sentiment_guide,distinct_3,2,v2_gpt2_medium_conditional,negative,0.12962962962962965
32.0,32.0,32.0,v2_state,v2_autoregressive_sentiment_guide,generation_length,2,v2_gpt2_medium_conditional,negative,0.0
0.04727310765883885,0.047170556434139144,0.047221832046489,v2_state,v2_autoregressive_sentiment_guide,latency_per_token,2,v2_gpt2_medium_conditional,negative,5.127561234985478e-05
1.5127394450828433,1.5094578058924526,1.511098625487648,v2_state,v2_autoregressive_sentiment_guide,total_latency,2,v2_gpt2_medium_conditional,negative,0.001640819595195353
1.0,1.0,1.0,taro,v2_autoregressive_sentiment_guide,alignment_success,2,v2_gpt2_medium_conditional,neutral,0.0
0.9989098310470581,0.9983093738555908,0.9986096024513245,taro,v2_autoregressive_sentiment_guide,target_probability,2,v2_gpt2_medium_conditional,neutral,0.0003002285957336426
7.182341228453485,4.162116603932897,5.672228916193191,taro,v2_autoregressive_sentiment_guide,perplexity,2,v2_gpt2_medium_conditional,neutral,1.510112312260294
0.9406286918515203,-0.16390829174540322,0.38836020005305855,taro,v2_autoregressive_sentiment_guide,ppl_degradation,2,v2_gpt2_medium_conditional,neutral,0.5522684917984618
0.5869565217391304,0.5,0.5434782608695652,taro,v2_autoregressive_sentiment_guide,coherence,2,v2_gpt2_medium_conditional,neutral,0.04347826086956519
0.37037037037037035,0.1785714285714286,0.2744708994708995,taro,v2_autoregressive_sentiment_guide,repeated_unigram_rate,2,v2_gpt2_medium_conditional,neutral,0.09589947089947087
0.15384615384615385,0.0,0.07692307692307693,taro,v2_autoregressive_sentiment_guide,repeated_bigram_rate,2,v2_gpt2_medium_conditional,neutral,0.07692307692307693
0.07999999999999996,0.0,0.03999999999999998,taro,v2_autoregressive_sentiment_guide,repeated_trigram_rate,2,v2_gpt2_medium_conditional,neutral,0.03999999999999998
0.8214285714285714,0.6296296296296297,0.7255291005291005,taro,v2_autoregressive_sentiment_guide,distinct_1,2,v2_gpt2_medium_conditional,neutral,0.09589947089947087
1.0,0.8461538461538461,0.9230769230769231,taro,v2_autoregressive_sentiment_guide,distinct_2,2,v2_gpt2_medium_conditional,neutral,0.07692307692307693
1.0,0.92,0.96,taro,v2_autoregressive_sentiment_guide,distinct_3,2,v2_gpt2_medium_conditional,neutral,0.03999999999999998
32.0,32.0,32.0,taro,v2_autoregressive_sentiment_guide,generation_length,2,v2_gpt2_medium_conditional,neutral,0.0
0.04592276421317365,0.0457945550660952,0.045858659639634425,taro,v2_autoregressive_sentiment_guide,latency_per_token,2,v2_gpt2_medium_conditional,neutral,6.410457353922538e-05
1.4695284548215568,1.4654257621150464,1.4674771084683016,taro,v2_autoregressive_sentiment_guide,total_latency,2,v2_gpt2_medium_conditional,neutral,0.0020513463532552123
1.0,1.0,1.0,taro_same_average,v2_autoregressive_sentiment_guide,alignment_success,2,v2_gpt2_medium_conditional,neutral,0.0
0.9989328980445862,0.9983093738555908,0.9986211359500885,taro_same_average,v2_autoregressive_sentiment_guide,target_probability,2,v2_gpt2_medium_conditional,neutral,0.00031176209449768066
7.182341228453485,4.381504535703384,5.781922882078435,taro_same_average,v2_autoregressive_sentiment_guide,perplexity,2,v2_gpt2_medium_conditional,neutral,1.4004183463750501
0.9406286918515203,-0.1198373422503546,0.41039567480058287,taro_same_average,v2_autoregressive_sentiment_guide,ppl_degradation,2,v2_gpt2_medium_conditional,neutral,0.5302330170509375
0.5652173913043478,0.5,0.5326086956521738,taro_same_average,v2_autoregressive_sentiment_guide,coherence,2,v2_gpt2_medium_conditional,neutral,0.03260869565217389
0.37037037037037035,0.1785714285714286,0.2744708994708995,taro_same_average,v2_autoregressive_sentiment_guide,repeated_unigram_rate,2,v2_gpt2_medium_conditional,neutral,0.09589947089947087
0.15384615384615385,0.0,0.07692307692307693,taro_same_average,v2_autoregressive_sentiment_guide,repeated_bigram_rate,2,v2_gpt2_medium_conditional,neutral,0.07692307692307693
0.07999999999999996,0.0,0.03999999999999998,taro_same_average,v2_autoregressive_sentiment_guide,repeated_trigram_rate,2,v2_gpt2_medium_conditional,neutral,0.03999999999999998
0.8214285714285714,0.6296296296296297,0.7255291005291005,taro_same_average,v2_autoregressive_sentiment_guide,distinct_1,2,v2_gpt2_medium_conditional,neutral,0.09589947089947087
1.0,0.8461538461538461,0.9230769230769231,taro_same_average,v2_autoregressive_sentiment_guide,distinct_2,2,v2_gpt2_medium_conditional,neutral,0.07692307692307693
1.0,0.92,0.96,taro_same_average,v2_autoregressive_sentiment_guide,distinct_3,2,v2_gpt2_medium_conditional,neutral,0.03999999999999998
32.0,32.0,32.0,taro_same_average,v2_autoregressive_sentiment_guide,generation_length,2,v2_gpt2_medium_conditional,neutral,0.0
0.045478584346710704,0.04531937606225256,0.04539898020448163,taro_same_average,v2_autoregressive_sentiment_guide,latency_per_token,2,v2_gpt2_medium_conditional,neutral,7.960414222907275e-05
1.4553146990947425,1.4502200339920819,1.4527673665434122,taro_same_average,v2_autoregressive_sentiment_guide,total_latency,2,v2_gpt2_medium_conditional,neutral,0.002547332551330328
0.0,0.0,0.0,v1_base,v1_rad_scalar_reward,alignment_success,2,v1_gpt2_large_full_sequence,neutral,0.0
0.0016022102208808064,0.0005463496199809015,0.001074279920430854,v1_base,v1_rad_scalar_reward,target_probability,2,v1_gpt2_large_full_sequence,neutral,0.0005279303004499525
15.220698356628418,9.28607177734375,12.253385066986084,v1_base,v1_rad_scalar_reward,perplexity,2,v1_gpt2_large_full_sequence,neutral,2.967313289642334
0.0,0.0,0.0,v1_base,v1_rad_scalar_reward,ppl_degradation,2,v1_gpt2_large_full_sequence,neutral,0.0
0.5789473684210527,0.5416666666666666,0.5603070175438596,v1_base,v1_rad_scalar_reward,coherence,2,v1_gpt2_large_full_sequence,neutral,0.018640350877193013
0.3666666666666667,0.0,0.18333333333333335,v1_base,v1_rad_scalar_reward,repeated_unigram_rate,2,v1_gpt2_large_full_sequence,neutral,0.18333333333333335
0.2068965517241379,0.0,0.10344827586206895,v1_base,v1_rad_scalar_reward,repeated_bigram_rate,2,v1_gpt2_large_full_sequence,neutral,0.10344827586206895
0.1428571428571429,0.0,0.07142857142857145,v1_base,v1_rad_scalar_reward,repeated_trigram_rate,2,v1_gpt2_large_full_sequence,neutral,0.07142857142857145
1.0,0.6333333333333333,0.8166666666666667,v1_base,v1_rad_scalar_reward,distinct_1,2,v1_gpt2_large_full_sequence,neutral,0.18333333333333335
1.0,0.7931034482758621,0.896551724137931,v1_base,v1_rad_scalar_reward,distinct_2,2,v1_gpt2_large_full_sequence,neutral,0.10344827586206895
1.0,0.8571428571428571,0.9285714285714286,v1_base,v1_rad_scalar_reward,distinct_3,2,v1_gpt2_large_full_sequence,neutral,0.07142857142857145
32.0,32.0,32.0,v1_base,v1_rad_scalar_reward,generation_length,2,v1_gpt2_large_full_sequence,neutral,0.0
0.034938088658236666,0.02079941587362555,0.027868752265931107,v1_base,v1_rad_scalar_reward,latency_per_token,2,v1_gpt2_large_full_sequence,neutral,0.0070693363923055585
1.1180188370635733,0.6655813079560176,0.8918000725097954,v1_base,v1_rad_scalar_reward,total_latency,2,v1_gpt2_large_full_sequence,neutral,0.22621876455377787
1.0,1.0,1.0,v1_fixed,v1_rad_scalar_reward,alignment_success,2,v1_gpt2_large_full_sequence,neutral,0.0
0.9989020824432373,0.9959070682525635,0.9974045753479004,v1_fixed,v1_rad_scalar_reward,target_probability,2,v1_gpt2_large_full_sequence,neutral,0.001497507095336914
20.44172477722168,11.466768264770508,15.954246520996094,v1_fixed,v1_rad_scalar_reward,perplexity,2,v1_gpt2_large_full_sequence,neutral,4.487478256225586
0.3430214762990538,0.23483519616413506,0.2889283362315944,v1_fixed,v1_rad_scalar_reward,ppl_degradation,2,v1_gpt2_large_full_sequence,neutral,0.054093140067459355
0.6086956521739131,0.5227272727272727,0.5657114624505929,v1_fixed,v1_rad_scalar_reward,coherence,2,v1_gpt2_large_full_sequence,neutral,0.04298418972332019
0.23333333333333328,0.04347826086956519,0.13840579710144923,v1_fixed,v1_rad_scalar_reward,repeated_unigram_rate,2,v1_gpt2_large_full_sequence,neutral,0.09492753623188405
0.03448275862068961,0.0,0.017241379310344807,v1_fixed,v1_rad_scalar_reward,repeated_bigram_rate,2,v1_gpt2_large_full_sequence,neutral,0.017241379310344807
0.0,0.0,0.0,v1_fixed,v1_rad_scalar_reward,repeated_trigram_rate,2,v1_gpt2_large_full_sequence,neutral,0.0
0.9565217391304348,0.7666666666666667,0.8615942028985508,v1_fixed,v1_rad_scalar_reward,distinct_1,2,v1_gpt2_large_full_sequence,neutral,0.09492753623188405
1.0,0.9655172413793104,0.9827586206896552,v1_fixed,v1_rad_scalar_reward,distinct_2,2,v1_gpt2_large_full_sequence,neutral,0.017241379310344807
1.0,1.0,1.0,v1_fixed,v1_rad_scalar_reward,distinct_3,2,v1_gpt2_large_full_sequence,neutral,0.0
32.0,32.0,32.0,v1_fixed,v1_rad_scalar_reward,generation_length,2,v1_gpt2_large_full_sequence,neutral,0.0
0.03218052712327335,0.016776121377915842,0.024478324250594596,v1_fixed,v1_rad_scalar_reward,latency_per_token,2,v1_gpt2_large_full_sequence,neutral,0.007702202872678754
1.0297768679447472,0.536835884093307,0.7833063760190271,v1_fixed,v1_rad_scalar_reward,total_latency,2,v1_gpt2_large_full_sequence,neutral,0.24647049192572013
1.0,1.0,1.0,v1_heuristic,v1_rad_scalar_reward,alignment_success,2,v1_gpt2_large_full_sequence,neutral,0.0
0.9989325404167175,0.9984833598136902,0.9987079501152039,v1_heuristic,v1_rad_scalar_reward,target_probability,2,v1_gpt2_large_full_sequence,neutral,0.00022459030151367188
22.98324966430664,10.835334777832031,16.909292221069336,v1_heuristic,v1_rad_scalar_reward,perplexity,2,v1_gpt2_large_full_sequence,neutral,6.073957443237305
0.5099996810788732,0.1668372846598266,0.3384184828693499,v1_heuristic,v1_rad_scalar_reward,ppl_degradation,2,v1_gpt2_large_full_sequence,neutral,0.17158119820952328
0.6190476190476191,0.5227272727272727,0.5708874458874459,v1_heuristic,v1_rad_scalar_reward,coherence,2,v1_gpt2_large_full_sequence,neutral,0.04816017316017318
0.1923076923076923,0.15384615384615385,0.17307692307692307,v1_heuristic,v1_rad_scalar_reward,repeated_unigram_rate,2,v1_gpt2_large_full_sequence,neutral,0.019230769230769218
0.0,0.0,0.0,v1_heuristic,v1_rad_scalar_reward,repeated_bigram_rate,2,v1_gpt2_large_full_sequence,neutral,0.0
0.0,0.0,0.0,v1_heuristic,v1_rad_scalar_reward,repeated_trigram_rate,2,v1_gpt2_large_full_sequence,neutral,0.0
0.8461538461538461,0.8076923076923077,0.8269230769230769,v1_heuristic,v1_rad_scalar_reward,distinct_1,2,v1_gpt2_large_full_sequence,neutral,0.019230769230769218
1.0,1.0,1.0,v1_heuristic,v1_rad_scalar_reward,distinct_2,2,v1_gpt2_large_full_sequence,neutral,0.0
1.0,1.0,1.0,v1_heuristic,v1_rad_scalar_reward,distinct_3,2,v1_gpt2_large_full_sequence,neutral,0.0
32.0,32.0,32.0,v1_heuristic,v1_rad_scalar_reward,generation_length,2,v1_gpt2_large_full_sequence,neutral,0.0
0.0369496027524292,0.025635139656515094,0.03129237120447215,v1_heuristic,v1_rad_scalar_reward,latency_per_token,2,v1_gpt2_large_full_sequence,neutral,0.005657231547957053
1.1823872880777344,0.820324469008483,1.0013558785431087,v1_heuristic,v1_rad_scalar_reward,total_latency,2,v1_gpt2_large_full_sequence,neutral,0.1810314095346257
1.0,1.0,1.0,v1_router,v1_rad_scalar_reward,alignment_success,2,v1_gpt2_large_full_sequence,neutral,0.0
0.998869001865387,0.9967997074127197,0.9978343546390533,v1_router,v1_rad_scalar_reward,target_probability,2,v1_gpt2_large_full_sequence,neutral,0.0010346472263336182
16.814903259277344,9.213807106018066,13.014355182647705,v1_router,v1_rad_scalar_reward,perplexity,2,v1_gpt2_large_full_sequence,neutral,3.8005480766296387
0.10473927446007562,-0.007782049617793786,0.04847861242114092,v1_router,v1_rad_scalar_reward,ppl_degradation,2,v1_gpt2_large_full_sequence,neutral,0.056260662038934706
0.6764705882352942,0.5652173913043478,0.620843989769821,v1_router,v1_rad_scalar_reward,coherence,2,v1_gpt2_large_full_sequence,neutral,0.05562659846547319
0.3928571428571429,0.1785714285714286,0.28571428571428575,v1_router,v1_rad_scalar_reward,repeated_unigram_rate,2,v1_gpt2_large_full_sequence,neutral,0.10714285714285715
0.2222222222222222,0.0,0.1111111111111111,v1_router,v1_rad_scalar_reward,repeated_bigram_rate,2,v1_gpt2_large_full_sequence,neutral,0.1111111111111111
0.15384615384615385,0.0,0.07692307692307693,v1_router,v1_rad_scalar_reward,repeated_trigram_rate,2,v1_gpt2_large_full_sequence,neutral,0.07692307692307693
0.8214285714285714,0.6071428571428571,0.7142857142857142,v1_router,v1_rad_scalar_reward,distinct_1,2,v1_gpt2_large_full_sequence,neutral,0.10714285714285715
1.0,0.7777777777777778,0.8888888888888888,v1_router,v1_rad_scalar_reward,distinct_2,2,v1_gpt2_large_full_sequence,neutral,0.1111111111111111
1.0,0.8461538461538461,0.9230769230769231,v1_router,v1_rad_scalar_reward,distinct_3,2,v1_gpt2_large_full_sequence,neutral,0.07692307692307693
32.0,32.0,32.0,v1_router,v1_rad_scalar_reward,generation_length,2,v1_gpt2_large_full_sequence,neutral,0.0
0.03638757549924776,0.01731954518618295,0.026853560342715355,v1_router,v1_rad_scalar_reward,latency_per_token,2,v1_gpt2_large_full_sequence,neutral,0.009534015156532405
1.1644024159759283,0.5542254459578544,0.8593139309668913,v1_router,v1_rad_scalar_reward,total_latency,2,v1_gpt2_large_full_sequence,neutral,0.30508848500903696
0.0,0.0,0.0,v2_base,v2_autoregressive_sentiment_guide,alignment_success,2,v2_gpt2_medium_conditional,neutral,0.0
0.003570214379578829,0.0018368563614785671,0.002703535370528698,v2_base,v2_autoregressive_sentiment_guide,target_probability,2,v2_gpt2_medium_conditional,neutral,0.0008666790090501308
4.978062290106456,3.7010383586573363,4.3395503243818965,v2_base,v2_autoregressive_sentiment_guide,perplexity,2,v2_gpt2_medium_conditional,neutral,0.6385119657245597
0.0,0.0,0.0,v2_base,v2_autoregressive_sentiment_guide,ppl_degradation,2,v2_gpt2_medium_conditional,neutral,0.0
0.625,0.525,0.575,v2_base,v2_autoregressive_sentiment_guide,coherence,2,v2_gpt2_medium_conditional,neutral,0.04999999999999999
0.33333333333333337,0.2857142857142857,0.30952380952380953,v2_base,v2_autoregressive_sentiment_guide,repeated_unigram_rate,2,v2_gpt2_medium_conditional,neutral,0.023809523809523836
0.1724137931034483,0.07407407407407407,0.12324393358876118,v2_base,v2_autoregressive_sentiment_guide,repeated_bigram_rate,2,v2_gpt2_medium_conditional,neutral,0.04916985951468711
0.0714285714285714,0.038461538461538436,0.054945054945054916,v2_base,v2_autoregressive_sentiment_guide,repeated_trigram_rate,2,v2_gpt2_medium_conditional,neutral,0.01648351648351648
0.7142857142857143,0.6666666666666666,0.6904761904761905,v2_base,v2_autoregressive_sentiment_guide,distinct_1,2,v2_gpt2_medium_conditional,neutral,0.023809523809523836
0.9259259259259259,0.8275862068965517,0.8767560664112388,v2_base,v2_autoregressive_sentiment_guide,distinct_2,2,v2_gpt2_medium_conditional,neutral,0.04916985951468711
0.9615384615384616,0.9285714285714286,0.945054945054945,v2_base,v2_autoregressive_sentiment_guide,distinct_3,2,v2_gpt2_medium_conditional,neutral,0.01648351648351648
32.0,32.0,32.0,v2_base,v2_autoregressive_sentiment_guide,generation_length,2,v2_gpt2_medium_conditional,neutral,0.0
0.014485614286968485,0.01441812649864005,0.014451870392804267,v2_base,v2_autoregressive_sentiment_guide,latency_per_token,2,v2_gpt2_medium_conditional,neutral,3.3743894164217636e-05
0.4635396571829915,0.4613800479564816,0.46245985256973654,v2_base,v2_autoregressive_sentiment_guide,total_latency,2,v2_gpt2_medium_conditional,neutral,0.0010798046132549644
1.0,0.0,0.5,v2_fixed,v2_autoregressive_sentiment_guide,alignment_success,2,v2_gpt2_medium_conditional,neutral,0.5
0.9988195300102234,0.0055611818097531796,0.5021903559099883,v2_fixed,v2_autoregressive_sentiment_guide,target_probability,2,v2_gpt2_medium_conditional,neutral,0.4966291741002351
4.385400486743899,3.631602238395967,4.008501362569933,v2_fixed,v2_autoregressive_sentiment_guide,perplexity,2,v2_gpt2_medium_conditional,neutral,0.3768991241739661
0.184910844408226,-0.2704787471997854,-0.04278395139577969,v2_fixed,v2_autoregressive_sentiment_guide,ppl_degradation,2,v2_gpt2_medium_conditional,neutral,0.22769479580400567
0.6,0.5,0.55,v2_fixed,v2_autoregressive_sentiment_guide,coherence,2,v2_gpt2_medium_conditional,neutral,0.04999999999999999
0.37037037037037035,0.16666666666666663,0.2685185185185185,v2_fixed,v2_autoregressive_sentiment_guide,repeated_unigram_rate,2,v2_gpt2_medium_conditional,neutral,0.10185185185185186
0.2692307692307693,0.03448275862068961,0.15185676392572944,v2_fixed,v2_autoregressive_sentiment_guide,repeated_bigram_rate,2,v2_gpt2_medium_conditional,neutral,0.11737400530503983
0.19999999999999996,0.0,0.09999999999999998,v2_fixed,v2_autoregressive_sentiment_guide,repeated_trigram_rate,2,v2_gpt2_medium_conditional,neutral,0.09999999999999998
0.8333333333333334,0.6296296296296297,0.7314814814814815,v2_fixed,v2_autoregressive_sentiment_guide,distinct_1,2,v2_gpt2_medium_conditional,neutral,0.10185185185185186
0.9655172413793104,0.7307692307692307,0.8481432360742706,v2_fixed,v2_autoregressive_sentiment_guide,distinct_2,2,v2_gpt2_medium_conditional,neutral,0.11737400530503983
1.0,0.8,0.9,v2_fixed,v2_autoregressive_sentiment_guide,distinct_3,2,v2_gpt2_medium_conditional,neutral,0.09999999999999998
32.0,32.0,32.0,v2_fixed,v2_autoregressive_sentiment_guide,generation_length,2,v2_gpt2_medium_conditional,neutral,0.0
0.04550558734626975,0.04546932275115978,0.045487455048714764,v2_fixed,v2_autoregressive_sentiment_guide,latency_per_token,2,v2_gpt2_medium_conditional,neutral,1.813229755498469e-05
1.456178795080632,1.455018328037113,1.4555985615588725,v2_fixed,v2_autoregressive_sentiment_guide,total_latency,2,v2_gpt2_medium_conditional,neutral,0.00058023352175951
0.0,0.0,0.0,v2_heuristic,v2_autoregressive_sentiment_guide,alignment_success,2,v2_gpt2_medium_conditional,neutral,0.0
0.003570214379578829,0.0005475956713780761,0.0020589050254784524,v2_heuristic,v2_autoregressive_sentiment_guide,target_probability,2,v2_gpt2_medium_conditional,neutral,0.0015113093541003764
4.978062290106456,4.867338134380028,4.922700212243242,v2_heuristic,v2_autoregressive_sentiment_guide,perplexity,2,v2_gpt2_medium_conditional,neutral,0.05536207786321379
0.31512771895339187,0.0,0.15756385947669593,v2_heuristic,v2_autoregressive_sentiment_guide,ppl_degradation,2,v2_gpt2_medium_conditional,neutral,0.15756385947669593
0.625,0.5454545454545454,0.5852272727272727,v2_heuristic,v2_autoregressive_sentiment_guide,coherence,2,v2_gpt2_medium_conditional,neutral,0.03977272727272729
0.33333333333333337,0.2142857142857143,0.27380952380952384,v2_heuristic,v2_autoregressive_sentiment_guide,repeated_unigram_rate,2,v2_gpt2_medium_conditional,neutral,0.059523809523809534
0.1724137931034483,0.11111111111111116,0.14176245210727972,v2_heuristic,v2_autoregressive_sentiment_guide,repeated_bigram_rate,2,v2_gpt2_medium_conditional,neutral,0.030651340996168563
0.07692307692307687,0.0714285714285714,0.07417582417582413,v2_heuristic,v2_autoregressive_sentiment_guide,repeated_trigram_rate,2,v2_gpt2_medium_conditional,neutral,0.0027472527472527375
0.7857142857142857,0.6666666666666666,0.7261904761904762,v2_heuristic,v2_autoregressive_sentiment_guide,distinct_1,2,v2_gpt2_medium_conditional,neutral,0.059523809523809534
0.8888888888888888,0.8275862068965517,0.8582375478927202,v2_heuristic,v2_autoregressive_sentiment_guide,distinct_2,2,v2_gpt2_medium_conditional,neutral,0.030651340996168563
0.9285714285714286,0.9230769230769231,0.9258241758241759,v2_heuristic,v2_autoregressive_sentiment_guide,distinct_3,2,v2_gpt2_medium_conditional,neutral,0.0027472527472527375
32.0,32.0,32.0,v2_heuristic,v2_autoregressive_sentiment_guide,generation_length,2,v2_gpt2_medium_conditional,neutral,0.0
0.046369399497052655,0.04626875527901575,0.0463190773880342,v2_heuristic,v2_autoregressive_sentiment_guide,latency_per_token,2,v2_gpt2_medium_conditional,neutral,5.0322109018452466e-05
1.483820783905685,1.480600168928504,1.4822104764170945,v2_heuristic,v2_autoregressive_sentiment_guide,total_latency,2,v2_gpt2_medium_conditional,neutral,0.001610307488590479
1.0,1.0,1.0,v2_history,v2_autoregressive_sentiment_guide,alignment_success,2,v2_gpt2_medium_conditional,neutral,0.0
0.9989089965820312,0.9983093738555908,0.998609185218811,v2_history,v2_autoregressive_sentiment_guide,target_probability,2,v2_gpt2_medium_conditional,neutral,0.00029981136322021484
7.182341228453485,4.38852719620058,5.785434212327033,v2_history,v2_autoregressive_sentiment_guide,perplexity,2,v2_gpt2_medium_conditional,neutral,1.3969070161264523
0.9406286918515203,-0.11842662055023592,0.4111010356506422,v2_history,v2_autoregressive_sentiment_guide,ppl_degradation,2,v2_gpt2_medium_conditional,neutral,0.5295276562008782
0.5869565217391304,0.5,0.5434782608695652,v2_history,v2_autoregressive_sentiment_guide,coherence,2,v2_gpt2_medium_conditional,neutral,0.04347826086956519
0.37037037037037035,0.14814814814814814,0.25925925925925924,v2_history,v2_autoregressive_sentiment_guide,repeated_unigram_rate,2,v2_gpt2_medium_conditional,neutral,0.1111111111111111
0.15384615384615385,0.0,0.07692307692307693,v2_history,v2_autoregressive_sentiment_guide,repeated_bigram_rate,2,v2_gpt2_medium_conditional,neutral,0.07692307692307693
0.07999999999999996,0.0,0.03999999999999998,v2_history,v2_autoregressive_sentiment_guide,repeated_trigram_rate,2,v2_gpt2_medium_conditional,neutral,0.03999999999999998
0.8518518518518519,0.6296296296296297,0.7407407407407407,v2_history,v2_autoregressive_sentiment_guide,distinct_1,2,v2_gpt2_medium_conditional,neutral,0.1111111111111111
1.0,0.8461538461538461,0.9230769230769231,v2_history,v2_autoregressive_sentiment_guide,distinct_2,2,v2_gpt2_medium_conditional,neutral,0.07692307692307693
1.0,0.92,0.96,v2_history,v2_autoregressive_sentiment_guide,distinct_3,2,v2_gpt2_medium_conditional,neutral,0.03999999999999998
32.0,32.0,32.0,v2_history,v2_autoregressive_sentiment_guide,generation_length,2,v2_gpt2_medium_conditional,neutral,0.0
0.05396708968328312,0.053555109654553235,0.05376109966891818,v2_history,v2_autoregressive_sentiment_guide,latency_per_token,2,v2_gpt2_medium_conditional,neutral,0.0002059900143649429
1.7269468698650599,1.7137635089457035,1.7203551894053817,v2_history,v2_autoregressive_sentiment_guide,total_latency,2,v2_gpt2_medium_conditional,neutral,0.006591680459678173
1.0,1.0,1.0,v2_same_average,v2_autoregressive_sentiment_guide,alignment_success,2,v2_gpt2_medium_conditional,neutral,0.0
0.9989089965820312,0.9983093738555908,0.998609185218811,v2_same_average,v2_autoregressive_sentiment_guide,target_probability,2,v2_gpt2_medium_conditional,neutral,0.00029981136322021484
7.182341228453485,4.38852719620058,5.785434212327033,v2_same_average,v2_autoregressive_sentiment_guide,perplexity,2,v2_gpt2_medium_conditional,neutral,1.3969070161264523
0.9406286918515203,-0.11842662055023592,0.4111010356506422,v2_same_average,v2_autoregressive_sentiment_guide,ppl_degradation,2,v2_gpt2_medium_conditional,neutral,0.5295276562008782
0.5869565217391304,0.5,0.5434782608695652,v2_same_average,v2_autoregressive_sentiment_guide,coherence,2,v2_gpt2_medium_conditional,neutral,0.04347826086956519
0.37037037037037035,0.14814814814814814,0.25925925925925924,v2_same_average,v2_autoregressive_sentiment_guide,repeated_unigram_rate,2,v2_gpt2_medium_conditional,neutral,0.1111111111111111
0.15384615384615385,0.0,0.07692307692307693,v2_same_average,v2_autoregressive_sentiment_guide,repeated_bigram_rate,2,v2_gpt2_medium_conditional,neutral,0.07692307692307693
0.07999999999999996,0.0,0.03999999999999998,v2_same_average,v2_autoregressive_sentiment_guide,repeated_trigram_rate,2,v2_gpt2_medium_conditional,neutral,0.03999999999999998
0.8518518518518519,0.6296296296296297,0.7407407407407407,v2_same_average,v2_autoregressive_sentiment_guide,distinct_1,2,v2_gpt2_medium_conditional,neutral,0.1111111111111111
1.0,0.8461538461538461,0.9230769230769231,v2_same_average,v2_autoregressive_sentiment_guide,distinct_2,2,v2_gpt2_medium_conditional,neutral,0.07692307692307693
1.0,0.92,0.96,v2_same_average,v2_autoregressive_sentiment_guide,distinct_3,2,v2_gpt2_medium_conditional,neutral,0.03999999999999998
32.0,32.0,32.0,v2_same_average,v2_autoregressive_sentiment_guide,generation_length,2,v2_gpt2_medium_conditional,neutral,0.0
0.045390014252916444,0.045370985062618274,0.04538049965776736,v2_same_average,v2_autoregressive_sentiment_guide,latency_per_token,2,v2_gpt2_medium_conditional,neutral,9.514595149084926e-06
1.4524804560933262,1.4518715220037848,1.4521759890485555,v2_same_average,v2_autoregressive_sentiment_guide,total_latency,2,v2_gpt2_medium_conditional,neutral,0.0003044670447707176
1.0,1.0,1.0,v2_state,v2_autoregressive_sentiment_guide,alignment_success,2,v2_gpt2_medium_conditional,neutral,0.0
0.9989089965820312,0.9984024167060852,0.9986557066440582,v2_state,v2_autoregressive_sentiment_guide,target_probability,2,v2_gpt2_medium_conditional,neutral,0.00025328993797302246
7.605156251706014,4.38852719620058,5.996841723953297,v2_state,v2_autoregressive_sentiment_guide,perplexity,2,v2_gpt2_medium_conditional,neutral,1.608314527752717
1.054870961798141,-0.11842662055023592,0.4682221706239526,v2_state,v2_autoregressive_sentiment_guide,ppl_degradation,2,v2_gpt2_medium_conditional,neutral,0.5866487911741886
0.5869565217391304,0.5,0.5434782608695652,v2_state,v2_autoregressive_sentiment_guide,coherence,2,v2_gpt2_medium_conditional,neutral,0.04347826086956519
0.40740740740740744,0.14814814814814814,0.2777777777777778,v2_state,v2_autoregressive_sentiment_guide,repeated_unigram_rate,2,v2_gpt2_medium_conditional,neutral,0.12962962962962965
0.15384615384615385,0.0,0.07692307692307693,v2_state,v2_autoregressive_sentiment_guide,repeated_bigram_rate,2,v2_gpt2_medium_conditional,neutral,0.07692307692307693
0.07999999999999996,0.0,0.03999999999999998,v2_state,v2_autoregressive_sentiment_guide,repeated_trigram_rate,2,v2_gpt2_medium_conditional,neutral,0.03999999999999998
0.8518518518518519,0.5925925925925926,0.7222222222222222,v2_state,v2_autoregressive_sentiment_guide,distinct_1,2,v2_gpt2_medium_conditional,neutral,0.12962962962962965
1.0,0.8461538461538461,0.9230769230769231,v2_state,v2_autoregressive_sentiment_guide,distinct_2,2,v2_gpt2_medium_conditional,neutral,0.07692307692307693
1.0,0.92,0.96,v2_state,v2_autoregressive_sentiment_guide,distinct_3,2,v2_gpt2_medium_conditional,neutral,0.03999999999999998
32.0,32.0,32.0,v2_state,v2_autoregressive_sentiment_guide,generation_length,2,v2_gpt2_medium_conditional,neutral,0.0
0.04755593537265668,0.04731196872307919,0.04743395204786793,v2_state,v2_autoregressive_sentiment_guide,latency_per_token,2,v2_gpt2_medium_conditional,neutral,0.00012198332478874363
1.5217899319250137,1.513982999138534,1.5178864655317739,v2_state,v2_autoregressive_sentiment_guide,total_latency,2,v2_gpt2_medium_conditional,neutral,0.003903466393239796
1.0,0.0,0.5,taro,v2_autoregressive_sentiment_guide,alignment_success,2,v2_gpt2_medium_conditional,positive,0.5
0.9989163875579834,0.0020707498770207167,0.5004935687175021,taro,v2_autoregressive_sentiment_guide,target_probability,2,v2_gpt2_medium_conditional,positive,0.49842281884048134
4.414761172596075,4.105762499887481,4.260261836241778,taro,v2_autoregressive_sentiment_guide,perplexity,2,v2_gpt2_medium_conditional,positive,0.1544993363542968
0.3375442801810432,0.17146252031252215,0.2545034002467827,taro,v2_autoregressive_sentiment_guide,ppl_degradation,2,v2_gpt2_medium_conditional,positive,0.08304087993426053
0.6428571428571428,0.5,0.5714285714285714,taro,v2_autoregressive_sentiment_guide,coherence,2,v2_gpt2_medium_conditional,positive,0.0714285714285714
0.5172413793103448,0.15384615384615385,0.3355437665782493,taro,v2_autoregressive_sentiment_guide,repeated_unigram_rate,2,v2_gpt2_medium_conditional,positive,0.18169761273209545
0.4285714285714286,0.0,0.2142857142857143,taro,v2_autoregressive_sentiment_guide,repeated_bigram_rate,2,v2_gpt2_medium_conditional,positive,0.2142857142857143
0.40740740740740744,0.0,0.20370370370370372,taro,v2_autoregressive_sentiment_guide,repeated_trigram_rate,2,v2_gpt2_medium_conditional,positive,0.20370370370370372
0.8461538461538461,0.4827586206896552,0.6644562334217506,taro,v2_autoregressive_sentiment_guide,distinct_1,2,v2_gpt2_medium_conditional,positive,0.18169761273209548
1.0,0.5714285714285714,0.7857142857142857,taro,v2_autoregressive_sentiment_guide,distinct_2,2,v2_gpt2_medium_conditional,positive,0.2142857142857143
1.0,0.5925925925925926,0.7962962962962963,taro,v2_autoregressive_sentiment_guide,distinct_3,2,v2_gpt2_medium_conditional,positive,0.20370370370370372
32.0,32.0,32.0,taro,v2_autoregressive_sentiment_guide,generation_length,2,v2_gpt2_medium_conditional,positive,0.0
0.045740381719951984,0.045557808844023384,0.045649095281987684,taro,v2_autoregressive_sentiment_guide,latency_per_token,2,v2_gpt2_medium_conditional,positive,9.12864379642997e-05
1.4636922150384635,1.4578498830087483,1.4607710490236059,taro,v2_autoregressive_sentiment_guide,total_latency,2,v2_gpt2_medium_conditional,positive,0.00292116601485759
1.0,0.0,0.5,taro_same_average,v2_autoregressive_sentiment_guide,alignment_success,2,v2_gpt2_medium_conditional,positive,0.5
0.9989246726036072,0.002070748945698142,0.5004977107746527,taro_same_average,v2_autoregressive_sentiment_guide,target_probability,2,v2_gpt2_medium_conditional,positive,0.4984269618289545
4.738456929436133,4.105762499887481,4.422109714661807,taro_same_average,v2_autoregressive_sentiment_guide,perplexity,2,v2_gpt2_medium_conditional,positive,0.3163472147743258
0.43561468334754005,0.17146252031252215,0.3035386018300311,taro_same_average,v2_autoregressive_sentiment_guide,ppl_degradation,2,v2_gpt2_medium_conditional,positive,0.13207608151750894
0.625,0.5,0.5625,taro_same_average,v2_autoregressive_sentiment_guide,coherence,2,v2_gpt2_medium_conditional,positive,0.0625
0.4666666666666667,0.15384615384615385,0.31025641025641026,taro_same_average,v2_autoregressive_sentiment_guide,repeated_unigram_rate,2,v2_gpt2_medium_conditional,positive,0.1564102564102564
0.3448275862068966,0.0,0.1724137931034483,taro_same_average,v2_autoregressive_sentiment_guide,repeated_bigram_rate,2,v2_gpt2_medium_conditional,positive,0.1724137931034483
0.3214285714285714,0.0,0.1607142857142857,taro_same_average,v2_autoregressive_sentiment_guide,repeated_trigram_rate,2,v2_gpt2_medium_conditional,positive,0.1607142857142857
0.8461538461538461,0.5333333333333333,0.6897435897435897,taro_same_average,v2_autoregressive_sentiment_guide,distinct_1,2,v2_gpt2_medium_conditional,positive,0.1564102564102564
1.0,0.6551724137931034,0.8275862068965517,taro_same_average,v2_autoregressive_sentiment_guide,distinct_2,2,v2_gpt2_medium_conditional,positive,0.1724137931034483
1.0,0.6785714285714286,0.8392857142857143,taro_same_average,v2_autoregressive_sentiment_guide,distinct_3,2,v2_gpt2_medium_conditional,positive,0.1607142857142857
32.0,32.0,32.0,taro_same_average,v2_autoregressive_sentiment_guide,generation_length,2,v2_gpt2_medium_conditional,positive,0.0
0.0453751072200248,0.04536160218412988,0.04536835470207734,taro_same_average,v2_autoregressive_sentiment_guide,latency_per_token,2,v2_gpt2_medium_conditional,positive,6.752517947461456e-06
1.4520034310407937,1.4515712698921561,1.451787350466475,taro_same_average,v2_autoregressive_sentiment_guide,total_latency,2,v2_gpt2_medium_conditional,positive,0.0002160805743187666
1.0,1.0,1.0,v1_base,v1_rad_scalar_reward,alignment_success,2,v1_gpt2_large_full_sequence,positive,0.0
0.9985604882240295,0.9980132579803467,0.9982868731021881,v1_base,v1_rad_scalar_reward,target_probability,2,v1_gpt2_large_full_sequence,positive,0.00027361512184143066
5.093318939208984,4.855335235595703,4.974327087402344,v1_base,v1_rad_scalar_reward,perplexity,2,v1_gpt2_large_full_sequence,positive,0.11899185180664062
0.0,0.0,0.0,v1_base,v1_rad_scalar_reward,ppl_degradation,2,v1_gpt2_large_full_sequence,positive,0.0
0.6111111111111112,0.5,0.5555555555555556,v1_base,v1_rad_scalar_reward,coherence,2,v1_gpt2_large_full_sequence,positive,0.05555555555555558
0.4,0.3214285714285714,0.3607142857142857,v1_base,v1_rad_scalar_reward,repeated_unigram_rate,2,v1_gpt2_large_full_sequence,positive,0.03928571428571431
0.24137931034482762,0.07407407407407407,0.15772669220945085,v1_base,v1_rad_scalar_reward,repeated_bigram_rate,2,v1_gpt2_large_full_sequence,positive,0.08365261813537678
0.1785714285714286,0.038461538461538436,0.10851648351648352,v1_base,v1_rad_scalar_reward,repeated_trigram_rate,2,v1_gpt2_large_full_sequence,positive,0.07005494505494508
0.6785714285714286,0.6,0.6392857142857142,v1_base,v1_rad_scalar_reward,distinct_1,2,v1_gpt2_large_full_sequence,positive,0.03928571428571431
0.9259259259259259,0.7586206896551724,0.8422733077905491,v1_base,v1_rad_scalar_reward,distinct_2,2,v1_gpt2_large_full_sequence,positive,0.08365261813537678
0.9615384615384616,0.8214285714285714,0.8914835164835164,v1_base,v1_rad_scalar_reward,distinct_3,2,v1_gpt2_large_full_sequence,positive,0.07005494505494508
32.0,32.0,32.0,v1_base,v1_rad_scalar_reward,generation_length,2,v1_gpt2_large_full_sequence,positive,0.0
0.040386027001659386,0.027719531561160693,0.03405277928141004,v1_base,v1_rad_scalar_reward,latency_per_token,2,v1_gpt2_large_full_sequence,positive,0.0063332477202493465
1.2923528640531003,0.8870250099571422,1.0896889370051213,v1_base,v1_rad_scalar_reward,total_latency,2,v1_gpt2_large_full_sequence,positive,0.2026639270479791
1.0,1.0,1.0,v1_fixed,v1_rad_scalar_reward,alignment_success,2,v1_gpt2_large_full_sequence,positive,0.0
0.9988740086555481,0.9983124732971191,0.9985932409763336,v1_fixed,v1_rad_scalar_reward,target_probability,2,v1_gpt2_large_full_sequence,positive,0.00028076767921447754
4.57454776763916,4.399299621582031,4.486923694610596,v1_fixed,v1_rad_scalar_reward,perplexity,2,v1_gpt2_large_full_sequence,positive,0.08762407302856445
-0.09392463998579506,-0.10185326655597023,-0.09788895327088265,v1_fixed,v1_rad_scalar_reward,ppl_degradation,2,v1_gpt2_large_full_sequence,positive,0.003964313285087583
0.6,0.5,0.55,v1_fixed,v1_rad_scalar_reward,coherence,2,v1_gpt2_large_full_sequence,positive,0.04999999999999999
0.31034482758620685,0.07692307692307687,0.19363395225464186,v1_fixed,v1_rad_scalar_reward,repeated_unigram_rate,2,v1_gpt2_large_full_sequence,positive,0.11671087533156499
0.1785714285714286,0.0,0.0892857142857143,v1_fixed,v1_rad_scalar_reward,repeated_bigram_rate,2,v1_gpt2_large_full_sequence,positive,0.0892857142857143
0.11111111111111116,0.0,0.05555555555555558,v1_fixed,v1_rad_scalar_reward,repeated_trigram_rate,2,v1_gpt2_large_full_sequence,positive,0.05555555555555558
0.9230769230769231,0.6896551724137931,0.8063660477453581,v1_fixed,v1_rad_scalar_reward,distinct_1,2,v1_gpt2_large_full_sequence,positive,0.11671087533156499
1.0,0.8214285714285714,0.9107142857142857,v1_fixed,v1_rad_scalar_reward,distinct_2,2,v1_gpt2_large_full_sequence,positive,0.0892857142857143
1.0,0.8888888888888888,0.9444444444444444,v1_fixed,v1_rad_scalar_reward,distinct_3,2,v1_gpt2_large_full_sequence,positive,0.05555555555555558
32.0,32.0,32.0,v1_fixed,v1_rad_scalar_reward,generation_length,2,v1_gpt2_large_full_sequence,positive,0.0
0.03738543684448814,0.01743135893411818,0.02740839788930316,v1_fixed,v1_rad_scalar_reward,latency_per_token,2,v1_gpt2_large_full_sequence,positive,0.00997703895518498
1.1963339790236205,0.5578034858917817,0.8770687324577011,v1_fixed,v1_rad_scalar_reward,total_latency,2,v1_gpt2_large_full_sequence,positive,0.31926524656591937
1.0,1.0,1.0,v1_heuristic,v1_rad_scalar_reward,alignment_success,2,v1_gpt2_large_full_sequence,positive,0.0
0.9988740086555481,0.997054934501648,0.997964471578598,v1_heuristic,v1_rad_scalar_reward,target_probability,2,v1_gpt2_large_full_sequence,positive,0.0009095370769500732
4.5879693031311035,4.399299621582031,4.493634462356567,v1_heuristic,v1_rad_scalar_reward,perplexity,2,v1_gpt2_large_full_sequence,positive,0.09433484077453613
-0.09392463998579506,-0.09921814088405859,-0.09657139043492682,v1_heuristic,v1_rad_scalar_reward,ppl_degradation,2,v1_gpt2_large_full_sequence,positive,0.002646750449131763
0.6,0.5,0.55,v1_heuristic,v1_rad_scalar_reward,coherence,2,v1_gpt2_large_full_sequence,positive,0.04999999999999999
0.31034482758620685,0.1785714285714286,0.24445812807881773,v1_heuristic,v1_rad_scalar_reward,repeated_unigram_rate,2,v1_gpt2_large_full_sequence,positive,0.06588669950738912
0.1785714285714286,0.0,0.0892857142857143,v1_heuristic,v1_rad_scalar_reward,repeated_bigram_rate,2,v1_gpt2_large_full_sequence,positive,0.0892857142857143
0.11111111111111116,0.0,0.05555555555555558,v1_heuristic,v1_rad_scalar_reward,repeated_trigram_rate,2,v1_gpt2_large_full_sequence,positive,0.05555555555555558
0.8214285714285714,0.6896551724137931,0.7555418719211823,v1_heuristic,v1_rad_scalar_reward,distinct_1,2,v1_gpt2_large_full_sequence,positive,0.06588669950738912
1.0,0.8214285714285714,0.9107142857142857,v1_heuristic,v1_rad_scalar_reward,distinct_2,2,v1_gpt2_large_full_sequence,positive,0.0892857142857143
1.0,0.8888888888888888,0.9444444444444444,v1_heuristic,v1_rad_scalar_reward,distinct_3,2,v1_gpt2_large_full_sequence,positive,0.05555555555555558
32.0,32.0,32.0,v1_heuristic,v1_rad_scalar_reward,generation_length,2,v1_gpt2_large_full_sequence,positive,0.0
0.03714362187383813,0.020977869906346314,0.02906074589009222,v1_heuristic,v1_rad_scalar_reward,latency_per_token,2,v1_gpt2_large_full_sequence,positive,0.008082875983745907
1.1885958999628201,0.671291837003082,0.9299438684829511,v1_heuristic,v1_rad_scalar_reward,total_latency,2,v1_gpt2_large_full_sequence,positive,0.25865203147986904
1.0,1.0,1.0,v1_router,v1_rad_scalar_reward,alignment_success,2,v1_gpt2_large_full_sequence,positive,0.0
0.9988740086555481,0.997054934501648,0.997964471578598,v1_router,v1_rad_scalar_reward,target_probability,2,v1_gpt2_large_full_sequence,positive,0.0009095370769500732
4.5879693031311035,4.399299621582031,4.493634462356567,v1_router,v1_rad_scalar_reward,perplexity,2,v1_gpt2_large_full_sequence,positive,0.09433484077453613
-0.09392463998579506,-0.09921814088405859,-0.09657139043492682,v1_router,v1_rad_scalar_reward,ppl_degradation,2,v1_gpt2_large_full_sequence,positive,0.002646750449131763
0.6,0.5,0.55,v1_router,v1_rad_scalar_reward,coherence,2,v1_gpt2_large_full_sequence,positive,0.04999999999999999
0.31034482758620685,0.1785714285714286,0.24445812807881773,v1_router,v1_rad_scalar_reward,repeated_unigram_rate,2,v1_gpt2_large_full_sequence,positive,0.06588669950738912
0.1785714285714286,0.0,0.0892857142857143,v1_router,v1_rad_scalar_reward,repeated_bigram_rate,2,v1_gpt2_large_full_sequence,positive,0.0892857142857143
0.11111111111111116,0.0,0.05555555555555558,v1_router,v1_rad_scalar_reward,repeated_trigram_rate,2,v1_gpt2_large_full_sequence,positive,0.05555555555555558
0.8214285714285714,0.6896551724137931,0.7555418719211823,v1_router,v1_rad_scalar_reward,distinct_1,2,v1_gpt2_large_full_sequence,positive,0.06588669950738912
1.0,0.8214285714285714,0.9107142857142857,v1_router,v1_rad_scalar_reward,distinct_2,2,v1_gpt2_large_full_sequence,positive,0.0892857142857143
1.0,0.8888888888888888,0.9444444444444444,v1_router,v1_rad_scalar_reward,distinct_3,2,v1_gpt2_large_full_sequence,positive,0.05555555555555558
32.0,32.0,32.0,v1_router,v1_rad_scalar_reward,generation_length,2,v1_gpt2_large_full_sequence,positive,0.0
0.03695921818507486,0.024627224185678642,0.03079322118537675,v1_router,v1_rad_scalar_reward,latency_per_token,2,v1_gpt2_large_full_sequence,positive,0.006165996999698109
1.1826949819223955,0.7880711739417166,0.985383077932056,v1_router,v1_rad_scalar_reward,total_latency,2,v1_gpt2_large_full_sequence,positive,0.1973119039903395
1.0,1.0,1.0,v2_base,v2_autoregressive_sentiment_guide,alignment_success,2,v2_gpt2_medium_conditional,positive,0.0
0.9982410669326782,0.9964589476585388,0.9973500072956085,v2_base,v2_autoregressive_sentiment_guide,target_probability,2,v2_gpt2_medium_conditional,positive,0.0008910596370697021
3.5048176349612516,3.3006467434472637,3.402732189204258,v2_base,v2_autoregressive_sentiment_guide,perplexity,2,v2_gpt2_medium_conditional,positive,0.10208544575699396
0.0,0.0,0.0,v2_base,v2_autoregressive_sentiment_guide,ppl_degradation,2,v2_gpt2_medium_conditional,positive,0.0
0.6136363636363636,0.5454545454545454,0.5795454545454546,v2_base,v2_autoregressive_sentiment_guide,coherence,2,v2_gpt2_medium_conditional,positive,0.034090909090909116
0.2666666666666667,0.12,0.19333333333333336,v2_base,v2_autoregressive_sentiment_guide,repeated_unigram_rate,2,v2_gpt2_medium_conditional,positive,0.07333333333333336
0.10344827586206895,0.0,0.051724137931034475,v2_base,v2_autoregressive_sentiment_guide,repeated_bigram_rate,2,v2_gpt2_medium_conditional,positive,0.051724137931034475
0.0714285714285714,0.0,0.0357142857142857,v2_base,v2_autoregressive_sentiment_guide,repeated_trigram_rate,2,v2_gpt2_medium_conditional,positive,0.0357142857142857
0.88,0.7333333333333333,0.8066666666666666,v2_base,v2_autoregressive_sentiment_guide,distinct_1,2,v2_gpt2_medium_conditional,positive,0.07333333333333336
1.0,0.896551724137931,0.9482758620689655,v2_base,v2_autoregressive_sentiment_guide,distinct_2,2,v2_gpt2_medium_conditional,positive,0.051724137931034475
1.0,0.9285714285714286,0.9642857142857143,v2_base,v2_autoregressive_sentiment_guide,distinct_3,2,v2_gpt2_medium_conditional,positive,0.0357142857142857
32.0,32.0,32.0,v2_base,v2_autoregressive_sentiment_guide,generation_length,2,v2_gpt2_medium_conditional,positive,0.0
0.014602443152398337,0.01450448753166711,0.014553465342032723,v2_base,v2_autoregressive_sentiment_guide,latency_per_token,2,v2_gpt2_medium_conditional,positive,4.897781036561355e-05
0.4672781808767468,0.4641436010133475,0.46571089094504714,v2_base,v2_autoregressive_sentiment_guide,total_latency,2,v2_gpt2_medium_conditional,positive,0.0015672899316996336
1.0,1.0,1.0,v2_fixed,v2_autoregressive_sentiment_guide,alignment_success,2,v2_gpt2_medium_conditional,positive,0.0
0.9986051917076111,0.9985612034797668,0.998583197593689,v2_fixed,v2_autoregressive_sentiment_guide,target_probability,2,v2_gpt2_medium_conditional,positive,2.199411392211914e-05
3.33469821545553,2.9441881534693257,3.1394431844624275,v2_fixed,v2_autoregressive_sentiment_guide,perplexity,2,v2_gpt2_medium_conditional,positive,0.19525503099310204
0.010316606003313768,-0.15995967262305907,-0.07482153330987265,v2_fixed,v2_autoregressive_sentiment_guide,ppl_degradation,2,v2_gpt2_medium_conditional,positive,0.08513813931318642
0.5952380952380952,0.55,0.5726190476190476,v2_fixed,v2_autoregressive_sentiment_guide,coherence,2,v2_gpt2_medium_conditional,positive,0.022619047619047594
0.30000000000000004,0.16666666666666663,0.23333333333333334,v2_fixed,v2_autoregressive_sentiment_guide,repeated_unigram_rate,2,v2_gpt2_medium_conditional,positive,0.06666666666666671
0.1724137931034483,0.04347826086956519,0.10794602698650674,v2_fixed,v2_autoregressive_sentiment_guide,repeated_bigram_rate,2,v2_gpt2_medium_conditional,positive,0.06446776611694155
0.1428571428571429,0.0,0.07142857142857145,v2_fixed,v2_autoregressive_sentiment_guide,repeated_trigram_rate,2,v2_gpt2_medium_conditional,positive,0.07142857142857145
0.8333333333333334,0.7,0.7666666666666666,v2_fixed,v2_autoregressive_sentiment_guide,distinct_1,2,v2_gpt2_medium_conditional,positive,0.06666666666666671
0.9565217391304348,0.8275862068965517,0.8920539730134933,v2_fixed,v2_autoregressive_sentiment_guide,distinct_2,2,v2_gpt2_medium_conditional,positive,0.06446776611694155
1.0,0.8571428571428571,0.9285714285714286,v2_fixed,v2_autoregressive_sentiment_guide,distinct_3,2,v2_gpt2_medium_conditional,positive,0.07142857142857145
32.0,32.0,32.0,v2_fixed,v2_autoregressive_sentiment_guide,generation_length,2,v2_gpt2_medium_conditional,positive,0.0
0.04562133891158737,0.04527810659055831,0.04544972275107284,v2_fixed,v2_autoregressive_sentiment_guide,latency_per_token,2,v2_gpt2_medium_conditional,positive,0.00017161616051453166
1.459882845170796,1.448899410897866,1.454391128034331,v2_fixed,v2_autoregressive_sentiment_guide,total_latency,2,v2_gpt2_medium_conditional,positive,0.005491717136465013
1.0,1.0,1.0,v2_heuristic,v2_autoregressive_sentiment_guide,alignment_success,2,v2_gpt2_medium_conditional,positive,0.0
0.9982410669326782,0.9980292916297913,0.9981351792812347,v2_heuristic,v2_autoregressive_sentiment_guide,target_probability,2,v2_gpt2_medium_conditional,positive,0.00010588765144348145
3.3006467434472637,3.1891278051477627,3.244887274297513,v2_heuristic,v2_autoregressive_sentiment_guide,perplexity,2,v2_gpt2_medium_conditional,positive,0.055759469149750496
0.0,-0.09007311155491236,-0.04503655577745618,v2_heuristic,v2_autoregressive_sentiment_guide,ppl_degradation,2,v2_gpt2_medium_conditional,positive,0.04503655577745618
0.6136363636363636,0.55,0.5818181818181818,v2_heuristic,v2_autoregressive_sentiment_guide,coherence,2,v2_gpt2_medium_conditional,positive,0.0318181818181818
0.2666666666666667,0.19999999999999996,0.23333333333333334,v2_heuristic,v2_autoregressive_sentiment_guide,repeated_unigram_rate,2,v2_gpt2_medium_conditional,positive,0.03333333333333338
0.10344827586206895,0.04166666666666663,0.07255747126436779,v2_heuristic,v2_autoregressive_sentiment_guide,repeated_bigram_rate,2,v2_gpt2_medium_conditional,positive,0.03089080459770116
0.0714285714285714,0.0,0.0357142857142857,v2_heuristic,v2_autoregressive_sentiment_guide,repeated_trigram_rate,2,v2_gpt2_medium_conditional,positive,0.0357142857142857
0.8,0.7333333333333333,0.7666666666666666,v2_heuristic,v2_autoregressive_sentiment_guide,distinct_1,2,v2_gpt2_medium_conditional,positive,0.03333333333333338
0.9583333333333334,0.896551724137931,0.9274425287356323,v2_heuristic,v2_autoregressive_sentiment_guide,distinct_2,2,v2_gpt2_medium_conditional,positive,0.03089080459770116
1.0,0.9285714285714286,0.9642857142857143,v2_heuristic,v2_autoregressive_sentiment_guide,distinct_3,2,v2_gpt2_medium_conditional,positive,0.0357142857142857
32.0,32.0,32.0,v2_heuristic,v2_autoregressive_sentiment_guide,generation_length,2,v2_gpt2_medium_conditional,positive,0.0
0.046409027781919576,0.04638871094357455,0.046398869362747064,v2_heuristic,v2_autoregressive_sentiment_guide,latency_per_token,2,v2_gpt2_medium_conditional,positive,1.0158419172512367e-05
1.4850888890214264,1.4844387501943856,1.484763819607906,v2_heuristic,v2_autoregressive_sentiment_guide,total_latency,2,v2_gpt2_medium_conditional,positive,0.00032506941352039576
1.0,0.0,0.5,v2_history,v2_autoregressive_sentiment_guide,alignment_success,2,v2_gpt2_medium_conditional,positive,0.5
0.9989035129547119,0.002070748945698142,0.500487130950205,v2_history,v2_autoregressive_sentiment_guide,target_probability,2,v2_gpt2_medium_conditional,positive,0.4984163820045069
8.445224500235048,4.105762499887481,6.275493500061264,v2_history,v2_autoregressive_sentiment_guide,perplexity,2,v2_gpt2_medium_conditional,positive,2.1697310001737833
1.5586574864460294,0.17146252031252215,0.8650600033792758,v2_history,v2_autoregressive_sentiment_guide,ppl_degradation,2,v2_gpt2_medium_conditional,positive,0.6935974830667536
0.6136363636363636,0.5,0.5568181818181819,v2_history,v2_autoregressive_sentiment_guide,coherence,2,v2_gpt2_medium_conditional,positive,0.05681818181818182
0.24137931034482762,0.15384615384615385,0.19761273209549074,v2_history,v2_autoregressive_sentiment_guide,repeated_unigram_rate,2,v2_gpt2_medium_conditional,positive,0.043766578249336885
0.0357142857142857,0.0,0.01785714285714285,v2_history,v2_autoregressive_sentiment_guide,repeated_bigram_rate,2,v2_gpt2_medium_conditional,positive,0.01785714285714285
0.0,0.0,0.0,v2_history,v2_autoregressive_sentiment_guide,repeated_trigram_rate,2,v2_gpt2_medium_conditional,positive,0.0
0.8461538461538461,0.7586206896551724,0.8023872679045092,v2_history,v2_autoregressive_sentiment_guide,distinct_1,2,v2_gpt2_medium_conditional,positive,0.043766578249336885
1.0,0.9642857142857143,0.9821428571428572,v2_history,v2_autoregressive_sentiment_guide,distinct_2,2,v2_gpt2_medium_conditional,positive,0.01785714285714285
1.0,1.0,1.0,v2_history,v2_autoregressive_sentiment_guide,distinct_3,2,v2_gpt2_medium_conditional,positive,0.0
32.0,32.0,32.0,v2_history,v2_autoregressive_sentiment_guide,generation_length,2,v2_gpt2_medium_conditional,positive,0.0
0.054050274746259674,0.05395548703381792,0.054002880890038796,v2_history,v2_autoregressive_sentiment_guide,latency_per_token,2,v2_gpt2_medium_conditional,positive,4.739385622087866e-05
1.7296087918803096,1.7265755850821733,1.7280921884812415,v2_history,v2_autoregressive_sentiment_guide,total_latency,2,v2_gpt2_medium_conditional,positive,0.0015166033990681171
1.0,0.0,0.5,v2_same_average,v2_autoregressive_sentiment_guide,alignment_success,2,v2_gpt2_medium_conditional,positive,0.5
0.9989155530929565,0.0020707498770207167,0.5004931514849886,v2_same_average,v2_autoregressive_sentiment_guide,target_probability,2,v2_gpt2_medium_conditional,positive,0.4984224016079679
4.914659904453279,4.105762499887481,4.51021120217038,v2_same_average,v2_autoregressive_sentiment_guide,perplexity,2,v2_gpt2_medium_conditional,positive,0.40444870228289886
0.4889990618385009,0.17146252031252215,0.3302307910755115,v2_same_average,v2_autoregressive_sentiment_guide,ppl_degradation,2,v2_gpt2_medium_conditional,positive,0.15876827076298936
0.6428571428571428,0.5,0.5714285714285714,v2_same_average,v2_autoregressive_sentiment_guide,coherence,2,v2_gpt2_medium_conditional,positive,0.0714285714285714
0.5,0.15384615384615385,0.3269230769230769,v2_same_average,v2_autoregressive_sentiment_guide,repeated_unigram_rate,2,v2_gpt2_medium_conditional,positive,0.17307692307692307
0.40740740740740744,0.0,0.20370370370370372,v2_same_average,v2_autoregressive_sentiment_guide,repeated_bigram_rate,2,v2_gpt2_medium_conditional,positive,0.20370370370370372
0.3846153846153846,0.0,0.1923076923076923,v2_same_average,v2_autoregressive_sentiment_guide,repeated_trigram_rate,2,v2_gpt2_medium_conditional,positive,0.1923076923076923
0.8461538461538461,0.5,0.6730769230769231,v2_same_average,v2_autoregressive_sentiment_guide,distinct_1,2,v2_gpt2_medium_conditional,positive,0.17307692307692307
1.0,0.5925925925925926,0.7962962962962963,v2_same_average,v2_autoregressive_sentiment_guide,distinct_2,2,v2_gpt2_medium_conditional,positive,0.20370370370370372
1.0,0.6153846153846154,0.8076923076923077,v2_same_average,v2_autoregressive_sentiment_guide,distinct_3,2,v2_gpt2_medium_conditional,positive,0.1923076923076923
32.0,32.0,32.0,v2_same_average,v2_autoregressive_sentiment_guide,generation_length,2,v2_gpt2_medium_conditional,positive,0.0
0.04532805756025482,0.04510038487933343,0.045214221219794126,v2_same_average,v2_autoregressive_sentiment_guide,latency_per_token,2,v2_gpt2_medium_conditional,positive,0.00011383634046069346
1.4504978419281542,1.4432123161386698,1.446855079033412,v2_same_average,v2_autoregressive_sentiment_guide,total_latency,2,v2_gpt2_medium_conditional,positive,0.003642762894742191
1.0,0.0,0.5,v2_state,v2_autoregressive_sentiment_guide,alignment_success,2,v2_gpt2_medium_conditional,positive,0.5
0.9989243149757385,0.0020707519724965096,0.5004975334741175,v2_state,v2_autoregressive_sentiment_guide,target_probability,2,v2_gpt2_medium_conditional,positive,0.498426781501621
6.199278556703803,4.105762499887481,5.152520528295642,v2_state,v2_autoregressive_sentiment_guide,perplexity,2,v2_gpt2_medium_conditional,positive,1.0467580284081608
0.8782011643660926,0.17146252031252215,0.5248318423393074,v2_state,v2_autoregressive_sentiment_guide,ppl_degradation,2,v2_gpt2_medium_conditional,positive,0.3533693220267852
0.6470588235294118,0.5,0.5735294117647058,v2_state,v2_autoregressive_sentiment_guide,coherence,2,v2_gpt2_medium_conditional,positive,0.0735294117647059
0.43333333333333335,0.15384615384615385,0.2935897435897436,v2_state,v2_autoregressive_sentiment_guide,repeated_unigram_rate,2,v2_gpt2_medium_conditional,positive,0.13974358974358975
0.27586206896551724,0.0,0.13793103448275862,v2_state,v2_autoregressive_sentiment_guide,repeated_bigram_rate,2,v2_gpt2_medium_conditional,positive,0.13793103448275862
0.2142857142857143,0.0,0.10714285714285715,v2_state,v2_autoregressive_sentiment_guide,repeated_trigram_rate,2,v2_gpt2_medium_conditional,positive,0.10714285714285715
0.8461538461538461,0.5666666666666667,0.7064102564102563,v2_state,v2_autoregressive_sentiment_guide,distinct_1,2,v2_gpt2_medium_conditional,positive,0.13974358974358975
1.0,0.7241379310344828,0.8620689655172413,v2_state,v2_autoregressive_sentiment_guide,distinct_2,2,v2_gpt2_medium_conditional,positive,0.13793103448275862
1.0,0.7857142857142857,0.8928571428571428,v2_state,v2_autoregressive_sentiment_guide,distinct_3,2,v2_gpt2_medium_conditional,positive,0.10714285714285715
32.0,32.0,32.0,v2_state,v2_autoregressive_sentiment_guide,generation_length,2,v2_gpt2_medium_conditional,positive,0.0
0.04728297284600558,0.04693532425153535,0.04710914854877046,v2_state,v2_autoregressive_sentiment_guide,latency_per_token,2,v2_gpt2_medium_conditional,positive,0.0001738242972351145
1.5130551310721785,1.5019303760491312,1.5074927535606548,v2_state,v2_autoregressive_sentiment_guide,total_latency,2,v2_gpt2_medium_conditional,positive,0.005562377511523664
