case_id,method,response_key,cost_score
dg_p000_a0,base,5517e4c326e9d0e4e386dbdf516d26462a353a34e39769e48a53939749c34d6d,15.9296875
dg_p000_a0,parm_fixed,0c4b7e5f0d3f70488d4fedbfe5314810ada817dabae9b9fc35df3bdba77dfa52,21.75
dg_p000_a0,midpoint,d39d4e8e02700aac1326d62767d78576707ebd8232553c64de7b0db050727c0d,13.0859375
dg_p000_a0,disagreement_gate,5517e4c326e9d0e4e386dbdf516d26462a353a34e39769e48a53939749c34d6d,15.9296875
dg_p000_a1,base,5517e4c326e9d0e4e386dbdf516d26462a353a34e39769e48a53939749c34d6d,15.9296875
dg_p000_a1,parm_fixed,518d22a639b485d99c55cb8c660eaa0ea42473dfc64f85594b13142b77833dbf,20.53125
dg_p000_a1,midpoint,ca8a99e3062908e135f2bffccdfa5e0edae940ab48d91dd80ae5343f15cbf3e6,21.5
dg_p000_a1,disagreement_gate,5517e4c326e9d0e4e386dbdf516d26462a353a34e39769e48a53939749c34d6d,15.9296875
dg_p000_a2,base,5517e4c326e9d0e4e386dbdf516d26462a353a34e39769e48a53939749c34d6d,15.9296875
dg_p000_a2,parm_fixed,c8c709f0ecd6343465ca89253199f74f4922c83a622c39274ea9ccae992b530a,17.75
dg_p000_a2,midpoint,d3b289807cc33acc56d61ca9146dcdf2dfa69911d4f277acb4e2ccf57cf1727f,23.734375
dg_p000_a2,disagreement_gate,5517e4c326e9d0e4e386dbdf516d26462a353a34e39769e48a53939749c34d6d,15.9296875
dg_p000_a3,base,5517e4c326e9d0e4e386dbdf516d26462a353a34e39769e48a53939749c34d6d,15.9296875
dg_p000_a3,parm_fixed,ed18ffd5900d00298527e1bc2fca67c1a92f8659a387d4af34359b8b99e0b463,18.9375
dg_p000_a3,midpoint,e2e74c74b458f8b7791f3cb4a8ccc3cbc1a1b4146c8e654ac8eac4f48b64571d,20.25
dg_p000_a3,disagreement_gate,5517e4c326e9d0e4e386dbdf516d26462a353a34e39769e48a53939749c34d6d,15.9296875
dg_p000_a4,base,5517e4c326e9d0e4e386dbdf516d26462a353a34e39769e48a53939749c34d6d,15.9296875
dg_p000_a4,parm_fixed,68b939a39d53b892e324074f306ef79eea7c5b772b1905967fe0e203b3246291,20.125
dg_p000_a4,midpoint,46dceb78f94879b623068f1f76f92b75f4baee361999a44bff43976044aa8646,12.9453125
dg_p000_a4,disagreement_gate,5517e4c326e9d0e4e386dbdf516d26462a353a34e39769e48a53939749c34d6d,15.9296875
dg_p001_a0,base,30a1ccc0d4bac448bf8f878adba00fe7755e01575b56b01f9bcd135ebb7951d1,-14.2109375
dg_p001_a0,parm_fixed,e18940769d383f31b519e03e61d4348a95600dcb8b4ec155517bcf3d6dd27af0,-2.947265625
dg_p001_a0,midpoint,a95c71b543c6d675dbfbfd8589144cc2c69082f27e33bda0f6c55ac404615015,-14.015625
dg_p001_a0,disagreement_gate,30a1ccc0d4bac448bf8f878adba00fe7755e01575b56b01f9bcd135ebb7951d1,-14.2109375
dg_p001_a1,base,30a1ccc0d4bac448bf8f878adba00fe7755e01575b56b01f9bcd135ebb7951d1,-14.2109375
dg_p001_a1,parm_fixed,d864ab3cecd1d693312028803525c410a6fc25210964cc5ea3c81cb8042cfdf3,-1.5107421875
dg_p001_a1,midpoint,1a3c95082c43ce5fe46a2bc1048c0bd9ebd23756f8baa7cf339c1562cdc43f92,-5.52734375
dg_p001_a1,disagreement_gate,30a1ccc0d4bac448bf8f878adba00fe7755e01575b56b01f9bcd135ebb7951d1,-14.2109375
dg_p001_a2,base,30a1ccc0d4bac448bf8f878adba00fe7755e01575b56b01f9bcd135ebb7951d1,-14.2109375
dg_p001_a2,parm_fixed,b4b36ee41f1f52081141fbb1b8e972a5d7b357921fdf0e50eb01f24ea510292d,-8.46875
dg_p001_a2,midpoint,1a3c95082c43ce5fe46a2bc1048c0bd9ebd23756f8baa7cf339c1562cdc43f92,-5.52734375
dg_p001_a2,disagreement_gate,30a1ccc0d4bac448bf8f878adba00fe7755e01575b56b01f9bcd135ebb7951d1,-14.2109375
dg_p001_a3,base,30a1ccc0d4bac448bf8f878adba00fe7755e01575b56b01f9bcd135ebb7951d1,-14.2109375
dg_p001_a3,parm_fixed,b4b36ee41f1f52081141fbb1b8e972a5d7b357921fdf0e50eb01f24ea510292d,-8.46875
dg_p001_a3,midpoint,1a3c95082c43ce5fe46a2bc1048c0bd9ebd23756f8baa7cf339c1562cdc43f92,-5.52734375
dg_p001_a3,disagreement_gate,30a1ccc0d4bac448bf8f878adba00fe7755e01575b56b01f9bcd135ebb7951d1,-14.2109375
dg_p001_a4,base,30a1ccc0d4bac448bf8f878adba00fe7755e01575b56b01f9bcd135ebb7951d1,-14.2109375
dg_p001_a4,parm_fixed,1a3c95082c43ce5fe46a2bc1048c0bd9ebd23756f8baa7cf339c1562cdc43f92,-5.52734375
dg_p001_a4,midpoint,1a3c95082c43ce5fe46a2bc1048c0bd9ebd23756f8baa7cf339c1562cdc43f92,-5.52734375
dg_p001_a4,disagreement_gate,30a1ccc0d4bac448bf8f878adba00fe7755e01575b56b01f9bcd135ebb7951d1,-14.2109375
dg_p002_a0,base,af9cb6ecf86b8b08a4a85870177dadf9cbbd40295b15121cb0c9405ca512e655,-10.828125
dg_p002_a0,parm_fixed,92c81a389174ba1aae4d59a9ca60549fc538ab15aac3b3433bb055bcf21462fe,-9.1484375
dg_p002_a0,midpoint,8fad5db845f38a02fbc712e7c5b57e28d0741e6d70616311d31135e63abcd45c,-7.296875
dg_p002_a0,disagreement_gate,af9cb6ecf86b8b08a4a85870177dadf9cbbd40295b15121cb0c9405ca512e655,-10.828125
dg_p002_a1,base,af9cb6ecf86b8b08a4a85870177dadf9cbbd40295b15121cb0c9405ca512e655,-10.828125
dg_p002_a1,parm_fixed,e508b055718a7fdf19d8a3ab131a2b88e03cbe74b0f194123d9f0c5ece94bd7f,-5.96484375
dg_p002_a1,midpoint,ed7435898c3e17c6c12c60ca3dbf60cbc1e8d68f69ef49fd0e8d7a19b85c8acd,-9.390625
dg_p002_a1,disagreement_gate,af9cb6ecf86b8b08a4a85870177dadf9cbbd40295b15121cb0c9405ca512e655,-10.828125
dg_p002_a2,base,af9cb6ecf86b8b08a4a85870177dadf9cbbd40295b15121cb0c9405ca512e655,-10.828125
dg_p002_a2,parm_fixed,a1c26bcfae2b436b490ad3ee13d9fe6f7c26064e4b44a614008320ec759623a9,-9.859375
dg_p002_a2,midpoint,a6600e84e19983b2192078c03492a92631ecfc0db0ce6e1c01c21ffef9e295dc,-9.328125
dg_p002_a2,disagreement_gate,af9cb6ecf86b8b08a4a85870177dadf9cbbd40295b15121cb0c9405ca512e655,-10.828125
dg_p002_a3,base,af9cb6ecf86b8b08a4a85870177dadf9cbbd40295b15121cb0c9405ca512e655,-10.828125
dg_p002_a3,parm_fixed,49ba3aa4e3aff71679bcab55a0e7d68f3901214b53ac784b831248d3e2786a59,-9.328125
dg_p002_a3,midpoint,a833213e1912f2a64c06727c5eb8b9357139715d955049cbed24620e3ba869c5,-8.625
dg_p002_a3,disagreement_gate,af9cb6ecf86b8b08a4a85870177dadf9cbbd40295b15121cb0c9405ca512e655,-10.828125
dg_p002_a4,base,af9cb6ecf86b8b08a4a85870177dadf9cbbd40295b15121cb0c9405ca512e655,-10.828125
dg_p002_a4,parm_fixed,01feb3fc78ebb6bd72ae19566f1c7b274dd3e05bddea15bd97a6989ee5922e1c,-10.1015625
dg_p002_a4,midpoint,39dd8166766bbc4de5cce69001666e449b0518806bd361d4e8609d4f6db5c565,-10.4375
dg_p002_a4,disagreement_gate,af9cb6ecf86b8b08a4a85870177dadf9cbbd40295b15121cb0c9405ca512e655,-10.828125
dg_p003_a0,base,2be064862fa879a1f97846c83051d528ed488b01332c1a205c1802182c460f26,-8.0546875
dg_p003_a0,parm_fixed,a068825bfd2add29d3d49efff32253f498267bc02209867d2fd20758c05d191b,1.494140625
dg_p003_a0,midpoint,286fb1d54c5407a51dd77bebf002723950743acd60f46920fcc5436d27514fb8,-8.84375
dg_p003_a0,disagreement_gate,2be064862fa879a1f97846c83051d528ed488b01332c1a205c1802182c460f26,-8.0546875
dg_p003_a1,base,2be064862fa879a1f97846c83051d528ed488b01332c1a205c1802182c460f26,-8.0546875
dg_p003_a1,parm_fixed,f37021f9101c3b8b1da1eb3a8e07babd09720cc80b55b62be1da3260d39aa5da,19.046875
dg_p003_a1,midpoint,0c12ad9daa5a788769d97b108268e1bde001f82bc8839f3060da89798d5a44cd,-11.671875
dg_p003_a1,disagreement_gate,2be064862fa879a1f97846c83051d528ed488b01332c1a205c1802182c460f26,-8.0546875
dg_p003_a2,base,2be064862fa879a1f97846c83051d528ed488b01332c1a205c1802182c460f26,-8.0546875
dg_p003_a2,parm_fixed,f37021f9101c3b8b1da1eb3a8e07babd09720cc80b55b62be1da3260d39aa5da,19.046875
dg_p003_a2,midpoint,254953889760a613943838e2247b54b36290fdd73ea53f17f6a9ab81b8d09f74,-10.7421875
dg_p003_a2,disagreement_gate,2be064862fa879a1f97846c83051d528ed488b01332c1a205c1802182c460f26,-8.0546875
dg_p003_a3,base,2be064862fa879a1f97846c83051d528ed488b01332c1a205c1802182c460f26,-8.0546875
dg_p003_a3,parm_fixed,e284cd1620cb6058a62ee99defc29f2a156ba99d2d1d6c4e459988fb115a5495,-6.640625
dg_p003_a3,midpoint,174e722cc53b8316e21efd6cf1b3b0ad6e5f3812e64885711035af173846602b,-2.6484375
dg_p003_a3,disagreement_gate,2be064862fa879a1f97846c83051d528ed488b01332c1a205c1802182c460f26,-8.0546875
dg_p003_a4,base,2be064862fa879a1f97846c83051d528ed488b01332c1a205c1802182c460f26,-8.0546875
dg_p003_a4,parm_fixed,114d0a1d3107e6f032a5e3bb1896a59597ca199d766b577816614382e1267772,-11.765625
dg_p003_a4,midpoint,a17d1a54dd32d8951f723abac658142ba87a3d117179f363df9d68043e2fcd90,5.25
dg_p003_a4,disagreement_gate,2be064862fa879a1f97846c83051d528ed488b01332c1a205c1802182c460f26,-8.0546875
dg_p004_a0,base,d3ae82942c8b3f24483de3e46c384edab028e59494c4c26ef63fa2754a57a548,-9.7890625
dg_p004_a0,parm_fixed,a9b8ac33802abe4acdf8596569d457ee6e9dee5202cfa5589cb7648ebe0be9c4,-2.908203125
dg_p004_a0,midpoint,769efeacf63d7dd5c12543c742a853ccc767cb674475b8a05ecd160de1293592,16.8125
dg_p004_a0,disagreement_gate,d3ae82942c8b3f24483de3e46c384edab028e59494c4c26ef63fa2754a57a548,-9.7890625
dg_p004_a1,base,d3ae82942c8b3f24483de3e46c384edab028e59494c4c26ef63fa2754a57a548,-9.7890625
dg_p004_a1,parm_fixed,a9b8ac33802abe4acdf8596569d457ee6e9dee5202cfa5589cb7648ebe0be9c4,-2.908203125
dg_p004_a1,midpoint,ef293dc3106905ee2479c846e2e3126e2cb63fe22b68c6229c6123c92b5aa607,5.6875
dg_p004_a1,disagreement_gate,d3ae82942c8b3f24483de3e46c384edab028e59494c4c26ef63fa2754a57a548,-9.7890625
dg_p004_a2,base,d3ae82942c8b3f24483de3e46c384edab028e59494c4c26ef63fa2754a57a548,-9.7890625
dg_p004_a2,parm_fixed,a9b8ac33802abe4acdf8596569d457ee6e9dee5202cfa5589cb7648ebe0be9c4,-2.908203125
dg_p004_a2,midpoint,2c19535ef87227c6407c1e5e199c696be2c280cd960764c7059e1f4c28c82230,4.95703125
dg_p004_a2,disagreement_gate,d3ae82942c8b3f24483de3e46c384edab028e59494c4c26ef63fa2754a57a548,-9.7890625
dg_p004_a3,base,d3ae82942c8b3f24483de3e46c384edab028e59494c4c26ef63fa2754a57a548,-9.7890625
dg_p004_a3,parm_fixed,a9b8ac33802abe4acdf8596569d457ee6e9dee5202cfa5589cb7648ebe0be9c4,-2.908203125
dg_p004_a3,midpoint,2c19535ef87227c6407c1e5e199c696be2c280cd960764c7059e1f4c28c82230,4.95703125
dg_p004_a3,disagreement_gate,d3ae82942c8b3f24483de3e46c384edab028e59494c4c26ef63fa2754a57a548,-9.7890625
dg_p004_a4,base,d3ae82942c8b3f24483de3e46c384edab028e59494c4c26ef63fa2754a57a548,-9.7890625
dg_p004_a4,parm_fixed,e513780b2c2fdd6c3be1e8edbce4d5463da7bfd201e54dc4dc084edf72ff3ab9,0.2802734375
dg_p004_a4,midpoint,2c19535ef87227c6407c1e5e199c696be2c280cd960764c7059e1f4c28c82230,4.95703125
dg_p004_a4,disagreement_gate,d3ae82942c8b3f24483de3e46c384edab028e59494c4c26ef63fa2754a57a548,-9.7890625
dg_p005_a0,base,9006c2a268f99f857db67fb83f3975cfe9f1c4b057112e87b6c7d4fa118b26b0,23.53125
dg_p005_a0,parm_fixed,59804ebeeccef1be24b8cf341609e79ffe2166a633f03abfa6442d7b2257a2ca,17.3125
dg_p005_a0,midpoint,fe248fb4a5088f5b2fd27d7cf039ffc97471d406b3e54c7ce4d8074f133681ba,10.1640625
dg_p005_a0,disagreement_gate,9006c2a268f99f857db67fb83f3975cfe9f1c4b057112e87b6c7d4fa118b26b0,23.53125
dg_p005_a1,base,9006c2a268f99f857db67fb83f3975cfe9f1c4b057112e87b6c7d4fa118b26b0,23.53125
dg_p005_a1,parm_fixed,59804ebeeccef1be24b8cf341609e79ffe2166a633f03abfa6442d7b2257a2ca,17.3125
dg_p005_a1,midpoint,7f2383c7c2567c03cad3c713ceb330551e39a4efbd5a89cf88082e00ea7514b2,7.03515625
dg_p005_a1,disagreement_gate,9006c2a268f99f857db67fb83f3975cfe9f1c4b057112e87b6c7d4fa118b26b0,23.53125
dg_p005_a2,base,9006c2a268f99f857db67fb83f3975cfe9f1c4b057112e87b6c7d4fa118b26b0,23.53125
dg_p005_a2,parm_fixed,611396dcb64ccef7888c4ef525e6c52485e1e5f78ffbaafb4631d2acbb404aac,15.5703125
dg_p005_a2,midpoint,ccb17a299357d99cceb69b599f8bc6b10b80f358cd69549fcbbc1be3793a00e3,11.7734375
dg_p005_a2,disagreement_gate,9006c2a268f99f857db67fb83f3975cfe9f1c4b057112e87b6c7d4fa118b26b0,23.53125
dg_p005_a3,base,9006c2a268f99f857db67fb83f3975cfe9f1c4b057112e87b6c7d4fa118b26b0,23.53125
dg_p005_a3,parm_fixed,b70f2cc4c79575b3b19747a6ce395fec29c06fa52890d49c0092507f59ba7778,3.015625
dg_p005_a3,midpoint,ccb17a299357d99cceb69b599f8bc6b10b80f358cd69549fcbbc1be3793a00e3,11.7734375
dg_p005_a3,disagreement_gate,9006c2a268f99f857db67fb83f3975cfe9f1c4b057112e87b6c7d4fa118b26b0,23.53125
dg_p005_a4,base,9006c2a268f99f857db67fb83f3975cfe9f1c4b057112e87b6c7d4fa118b26b0,23.53125
dg_p005_a4,parm_fixed,b70f2cc4c79575b3b19747a6ce395fec29c06fa52890d49c0092507f59ba7778,3.015625
dg_p005_a4,midpoint,d6ba611d43427908911cd937cfa9b7c98f4f7ee495e0f0225e305affcd6a3289,12.4453125
dg_p005_a4,disagreement_gate,9006c2a268f99f857db67fb83f3975cfe9f1c4b057112e87b6c7d4fa118b26b0,23.53125
dg_p006_a0,base,fec8b5a93c0d1be52f6783f6d8203160465d45f4aca80a722381e4bc4347e906,-9.4453125
dg_p006_a0,parm_fixed,50a53351fe2b1effdd5dd859d6c145c2e5a645ca88dfed860bb4823f69fe7330,9.2890625
dg_p006_a0,midpoint,94ed0d32a434a0a446a2cd03e5c88802a871e64301f7497591c72562a6821e03,16.5625
dg_p006_a0,disagreement_gate,fec8b5a93c0d1be52f6783f6d8203160465d45f4aca80a722381e4bc4347e906,-9.4453125
dg_p006_a1,base,fec8b5a93c0d1be52f6783f6d8203160465d45f4aca80a722381e4bc4347e906,-9.4453125
dg_p006_a1,parm_fixed,50a53351fe2b1effdd5dd859d6c145c2e5a645ca88dfed860bb4823f69fe7330,9.2890625
dg_p006_a1,midpoint,94ed0d32a434a0a446a2cd03e5c88802a871e64301f7497591c72562a6821e03,16.5625
dg_p006_a1,disagreement_gate,fec8b5a93c0d1be52f6783f6d8203160465d45f4aca80a722381e4bc4347e906,-9.4453125
dg_p006_a2,base,fec8b5a93c0d1be52f6783f6d8203160465d45f4aca80a722381e4bc4347e906,-9.4453125
dg_p006_a2,parm_fixed,215932be0246424f8fb65db7aeebe73ed9c8a93cfcda92ab70ae967ea8d8b365,19.171875
dg_p006_a2,midpoint,642a764be987a9a45229b1519c6ea114915bc6ce838703ad7ee68f1b29b6e851,7.78515625
dg_p006_a2,disagreement_gate,fec8b5a93c0d1be52f6783f6d8203160465d45f4aca80a722381e4bc4347e906,-9.4453125
dg_p006_a3,base,fec8b5a93c0d1be52f6783f6d8203160465d45f4aca80a722381e4bc4347e906,-9.4453125
dg_p006_a3,parm_fixed,5762c16723d21bd83eae2e7d0f9dd0d85220cfdf2f9f5ec2db80a795865bb141,18.09375
dg_p006_a3,midpoint,642a764be987a9a45229b1519c6ea114915bc6ce838703ad7ee68f1b29b6e851,7.78515625
dg_p006_a3,disagreement_gate,fec8b5a93c0d1be52f6783f6d8203160465d45f4aca80a722381e4bc4347e906,-9.4453125
dg_p006_a4,base,fec8b5a93c0d1be52f6783f6d8203160465d45f4aca80a722381e4bc4347e906,-9.4453125
dg_p006_a4,parm_fixed,5762c16723d21bd83eae2e7d0f9dd0d85220cfdf2f9f5ec2db80a795865bb141,18.09375
dg_p006_a4,midpoint,642a764be987a9a45229b1519c6ea114915bc6ce838703ad7ee68f1b29b6e851,7.78515625
dg_p006_a4,disagreement_gate,fec8b5a93c0d1be52f6783f6d8203160465d45f4aca80a722381e4bc4347e906,-9.4453125
dg_p007_a0,base,0232104b22b34737d492e2a540b8c41e8236c111f13f97d73d92a9eb4d11e6b0,4.22265625
dg_p007_a0,parm_fixed,3a46d887a264c43fb1ddb0d7800134e4f2c478f07ba9713b36318c8e04ff8823,7.8046875
dg_p007_a0,midpoint,5b7024dc2812f426d050e2ea75b943c1d7fa0195aa26335c0b52c8380d4cc8b2,19.53125
dg_p007_a0,disagreement_gate,0232104b22b34737d492e2a540b8c41e8236c111f13f97d73d92a9eb4d11e6b0,4.22265625
dg_p007_a1,base,0232104b22b34737d492e2a540b8c41e8236c111f13f97d73d92a9eb4d11e6b0,4.22265625
dg_p007_a1,parm_fixed,921521782b3c8bc8120372ffbba7013746e119c2f3ef52543f9bcc660a9d88d4,12.109375
dg_p007_a1,midpoint,e4982f364c7d6e02a3b6cafd525637a74433c26ba3c73016cd44bd24f48e6981,5.0703125
dg_p007_a1,disagreement_gate,0232104b22b34737d492e2a540b8c41e8236c111f13f97d73d92a9eb4d11e6b0,4.22265625
dg_p007_a2,base,0232104b22b34737d492e2a540b8c41e8236c111f13f97d73d92a9eb4d11e6b0,4.22265625
dg_p007_a2,parm_fixed,921521782b3c8bc8120372ffbba7013746e119c2f3ef52543f9bcc660a9d88d4,12.109375
dg_p007_a2,midpoint,7b65e7841b4a8c3a5e8681468921447a390ac404a94b14d707b26050a147e586,-3.396484375
dg_p007_a2,disagreement_gate,0232104b22b34737d492e2a540b8c41e8236c111f13f97d73d92a9eb4d11e6b0,4.22265625
dg_p007_a3,base,0232104b22b34737d492e2a540b8c41e8236c111f13f97d73d92a9eb4d11e6b0,4.22265625
dg_p007_a3,parm_fixed,9fbb886a7888ba831d8e6a46b883dbfdff84ce31545d3a31694f83ab4dfd98f8,13.9375
dg_p007_a3,midpoint,7a67ef584c8f067aca013b980dec5b9163f2a9dfca014aca242fd788f1ef9e82,-7.4453125
dg_p007_a3,disagreement_gate,0232104b22b34737d492e2a540b8c41e8236c111f13f97d73d92a9eb4d11e6b0,4.22265625
dg_p007_a4,base,0232104b22b34737d492e2a540b8c41e8236c111f13f97d73d92a9eb4d11e6b0,4.22265625
dg_p007_a4,parm_fixed,bf46a1c131e906f239636bb4cc7429ccf7db2f52eac7369e5fe757da3134b057,7.734375
dg_p007_a4,midpoint,7a67ef584c8f067aca013b980dec5b9163f2a9dfca014aca242fd788f1ef9e82,-7.4453125
dg_p007_a4,disagreement_gate,0232104b22b34737d492e2a540b8c41e8236c111f13f97d73d92a9eb4d11e6b0,4.22265625
dg_p008_a0,base,15aa26c9526bb35c1724ad7b3f08ec0fabdeb7c53a7bc5a33e10350a317f9990,11.0546875
dg_p008_a0,parm_fixed,dc6e2978f90e416aae88b99483f07e76a76be05b0d60fcc69317fefe2bcd2ae3,0.33837890625
dg_p008_a0,midpoint,9c7a07ee48f66addca53a0326b708adc1cd12945a69a1d235c279290d61cfc9e,23.96875
dg_p008_a0,disagreement_gate,15aa26c9526bb35c1724ad7b3f08ec0fabdeb7c53a7bc5a33e10350a317f9990,11.0546875
dg_p008_a1,base,15aa26c9526bb35c1724ad7b3f08ec0fabdeb7c53a7bc5a33e10350a317f9990,11.0546875
dg_p008_a1,parm_fixed,42c610eb03add35be77f4d72ef3f518c482edef195d2433980513d364a12363b,4.5078125
dg_p008_a1,midpoint,c76a0ca2d3dd9713c4abf627dd7f4e60f8d9e5f11196686206ddb554a21b2739,11.7109375
dg_p008_a1,disagreement_gate,15aa26c9526bb35c1724ad7b3f08ec0fabdeb7c53a7bc5a33e10350a317f9990,11.0546875
dg_p008_a2,base,15aa26c9526bb35c1724ad7b3f08ec0fabdeb7c53a7bc5a33e10350a317f9990,11.0546875
dg_p008_a2,parm_fixed,ae59e0ba8bdc4d576491a0428276516b6416515b1bf55bad5a2eddcce12c7497,-4.078125
dg_p008_a2,midpoint,c8ffd38a42ba38bbb170e64344bb28d1297d576827267869d8588db248917440,-6.859375
dg_p008_a2,disagreement_gate,15aa26c9526bb35c1724ad7b3f08ec0fabdeb7c53a7bc5a33e10350a317f9990,11.0546875
dg_p008_a3,base,15aa26c9526bb35c1724ad7b3f08ec0fabdeb7c53a7bc5a33e10350a317f9990,11.0546875
dg_p008_a3,parm_fixed,74b6cf7ff6fccce3fbeabf63d9539657dda0e4f31e1aa9f46f928fb16b3da893,7.625
dg_p008_a3,midpoint,8f67f5feb6332c6cd27ce6aee3377a7db8219dd45dbdccbe56b329713875196a,7.78515625
dg_p008_a3,disagreement_gate,15aa26c9526bb35c1724ad7b3f08ec0fabdeb7c53a7bc5a33e10350a317f9990,11.0546875
dg_p008_a4,base,15aa26c9526bb35c1724ad7b3f08ec0fabdeb7c53a7bc5a33e10350a317f9990,11.0546875
dg_p008_a4,parm_fixed,817cd6247b802947ef6f4d46e71ea2c8b0a90e394bf986386238ee8aac80259e,-3.720703125
dg_p008_a4,midpoint,8f67f5feb6332c6cd27ce6aee3377a7db8219dd45dbdccbe56b329713875196a,7.78515625
dg_p008_a4,disagreement_gate,15aa26c9526bb35c1724ad7b3f08ec0fabdeb7c53a7bc5a33e10350a317f9990,11.0546875
dg_p009_a0,base,cdc03c97433b2b708184425941ccfdedee1c5851b4ee9baef407f59daad0ad9e,-5.54296875
dg_p009_a0,parm_fixed,4f7275c206e29a797e03a3d0801251436826b1bf6dfa1fb38d8d14f16d3ae7bf,-1.1845703125
dg_p009_a0,midpoint,e2953c0b1fed4cb29b451724e81f177fc971678373dc99033ddae279c3636c2d,19.078125
dg_p009_a0,disagreement_gate,cdc03c97433b2b708184425941ccfdedee1c5851b4ee9baef407f59daad0ad9e,-5.54296875
dg_p009_a1,base,cdc03c97433b2b708184425941ccfdedee1c5851b4ee9baef407f59daad0ad9e,-5.54296875
dg_p009_a1,parm_fixed,77fce341f58661d5c33484750b89d179f1ef5ad96f03ca18ad83f389a21f6e15,-2.1484375
dg_p009_a1,midpoint,e2953c0b1fed4cb29b451724e81f177fc971678373dc99033ddae279c3636c2d,19.078125
dg_p009_a1,disagreement_gate,cdc03c97433b2b708184425941ccfdedee1c5851b4ee9baef407f59daad0ad9e,-5.54296875
dg_p009_a2,base,cdc03c97433b2b708184425941ccfdedee1c5851b4ee9baef407f59daad0ad9e,-5.54296875
dg_p009_a2,parm_fixed,ea790701d8901c696e8a0e436f013dbe9dadb2dcfb7fcb95871908a36f5ac43c,-6.1015625
dg_p009_a2,midpoint,f5248a6f1c590b00bd1060dbbff355606fe5b7aea3d8644c4a6634adf3738070,-10.59375
dg_p009_a2,disagreement_gate,cdc03c97433b2b708184425941ccfdedee1c5851b4ee9baef407f59daad0ad9e,-5.54296875
dg_p009_a3,base,cdc03c97433b2b708184425941ccfdedee1c5851b4ee9baef407f59daad0ad9e,-5.54296875
dg_p009_a3,parm_fixed,c8631c06ed556db70e2a006cfd76bcee985d0c64bc9f29ce029cc45cc1ac19cc,-1.3876953125
dg_p009_a3,midpoint,f5a32590797af29cf33b5b7e39ffebda9ab130ac0145ba3f993ccac7d1a760c2,-3.80859375
dg_p009_a3,disagreement_gate,cdc03c97433b2b708184425941ccfdedee1c5851b4ee9baef407f59daad0ad9e,-5.54296875
dg_p009_a4,base,cdc03c97433b2b708184425941ccfdedee1c5851b4ee9baef407f59daad0ad9e,-5.54296875
dg_p009_a4,parm_fixed,c8631c06ed556db70e2a006cfd76bcee985d0c64bc9f29ce029cc45cc1ac19cc,-1.3876953125
dg_p009_a4,midpoint,f5a32590797af29cf33b5b7e39ffebda9ab130ac0145ba3f993ccac7d1a760c2,-3.80859375
dg_p009_a4,disagreement_gate,cdc03c97433b2b708184425941ccfdedee1c5851b4ee9baef407f59daad0ad9e,-5.54296875
dg_p010_a0,base,b2a36c48f45556381ebd7251b87c9fd47ef8a1f66841171085788910793f34eb,-4.921875
dg_p010_a0,parm_fixed,361474e66926cdfa9b5a652e484b8c45d1a88512ee69bf86706e01f87851ca72,8.8125
dg_p010_a0,midpoint,2ea90ed7783c6439bd962c08b0ad026a963d539ce0558b665f791e085547e209,1.0927734375
dg_p010_a0,disagreement_gate,b2a36c48f45556381ebd7251b87c9fd47ef8a1f66841171085788910793f34eb,-4.921875
dg_p010_a1,base,b2a36c48f45556381ebd7251b87c9fd47ef8a1f66841171085788910793f34eb,-4.921875
dg_p010_a1,parm_fixed,d33eec13b5961fb0942b6d946fa53df5e687ef74fe297d6f4072269b656f393a,5.1640625
dg_p010_a1,midpoint,2ea90ed7783c6439bd962c08b0ad026a963d539ce0558b665f791e085547e209,1.0927734375
dg_p010_a1,disagreement_gate,b2a36c48f45556381ebd7251b87c9fd47ef8a1f66841171085788910793f34eb,-4.921875
dg_p010_a2,base,b2a36c48f45556381ebd7251b87c9fd47ef8a1f66841171085788910793f34eb,-4.921875
dg_p010_a2,parm_fixed,d33eec13b5961fb0942b6d946fa53df5e687ef74fe297d6f4072269b656f393a,5.1640625
dg_p010_a2,midpoint,2ea90ed7783c6439bd962c08b0ad026a963d539ce0558b665f791e085547e209,1.0927734375
dg_p010_a2,disagreement_gate,b2a36c48f45556381ebd7251b87c9fd47ef8a1f66841171085788910793f34eb,-4.921875
dg_p010_a3,base,b2a36c48f45556381ebd7251b87c9fd47ef8a1f66841171085788910793f34eb,-4.921875
dg_p010_a3,parm_fixed,a0316e4a1cbb5ea8a7cc2800dd4731d9344c419baa4c4399536ec39c86d67cc2,6.06640625
dg_p010_a3,midpoint,2ea90ed7783c6439bd962c08b0ad026a963d539ce0558b665f791e085547e209,1.0927734375
dg_p010_a3,disagreement_gate,b2a36c48f45556381ebd7251b87c9fd47ef8a1f66841171085788910793f34eb,-4.921875
dg_p010_a4,base,b2a36c48f45556381ebd7251b87c9fd47ef8a1f66841171085788910793f34eb,-4.921875
dg_p010_a4,parm_fixed,377ea053efba2f675656efcef3618046f05a17519e34cce69c9793d6656dbd9a,1.0244140625
dg_p010_a4,midpoint,93a97bd06aed7717953b334fd87585ddd793032e536e28728d1140952edc9c03,2.435546875
dg_p010_a4,disagreement_gate,b2a36c48f45556381ebd7251b87c9fd47ef8a1f66841171085788910793f34eb,-4.921875
dg_p011_a0,base,2a7c2650baed7c3ee83192ab7672f18f0d8f14b729769d78f6be618b76426845,28.46875
dg_p011_a0,parm_fixed,c5b7bb910072b5ee5df168af00e0dd91b959789bdaa4453ecb5fce3cbcc60a41,20.15625
dg_p011_a0,midpoint,23beb13191c2f192ca4b97beb2bcc68e8e224e7f2142d329faeafa43f64164ac,27.015625
dg_p011_a0,disagreement_gate,2a7c2650baed7c3ee83192ab7672f18f0d8f14b729769d78f6be618b76426845,28.46875
dg_p011_a1,base,2a7c2650baed7c3ee83192ab7672f18f0d8f14b729769d78f6be618b76426845,28.46875
dg_p011_a1,parm_fixed,a2b211aa3628ef8f7a538194613acba75d82867a57488aaf633654a928d64221,28.796875
dg_p011_a1,midpoint,971e0d79d743ad697468f59b98a74ed5ee1c1d46ebf9aa5629bbf64c097207f6,12.0234375
dg_p011_a1,disagreement_gate,2a7c2650baed7c3ee83192ab7672f18f0d8f14b729769d78f6be618b76426845,28.46875
dg_p011_a2,base,2a7c2650baed7c3ee83192ab7672f18f0d8f14b729769d78f6be618b76426845,28.46875
dg_p011_a2,parm_fixed,6af2d8659abc837cb42115334eb64777c88d421f506798089290c77209fff21d,36.8125
dg_p011_a2,midpoint,971e0d79d743ad697468f59b98a74ed5ee1c1d46ebf9aa5629bbf64c097207f6,12.0234375
dg_p011_a2,disagreement_gate,2a7c2650baed7c3ee83192ab7672f18f0d8f14b729769d78f6be618b76426845,28.46875
dg_p011_a3,base,2a7c2650baed7c3ee83192ab7672f18f0d8f14b729769d78f6be618b76426845,28.46875
dg_p011_a3,parm_fixed,082bdff14bb053c9d797ada8cf8140a7c4af8b192cd1e41cc7ec5c46a610cfdb,35.40625
dg_p011_a3,midpoint,971e0d79d743ad697468f59b98a74ed5ee1c1d46ebf9aa5629bbf64c097207f6,12.0234375
dg_p011_a3,disagreement_gate,2a7c2650baed7c3ee83192ab7672f18f0d8f14b729769d78f6be618b76426845,28.46875
dg_p011_a4,base,2a7c2650baed7c3ee83192ab7672f18f0d8f14b729769d78f6be618b76426845,28.46875
dg_p011_a4,parm_fixed,11d19566ae71456d203ca72759bc0c90bf30e291047287198713b6d7a29a2f34,36.9375
dg_p011_a4,midpoint,25e90065fdde90a2db7743c7ba97e933349e5ebaf096e73bb45f13413d97266c,29.359375
dg_p011_a4,disagreement_gate,2a7c2650baed7c3ee83192ab7672f18f0d8f14b729769d78f6be618b76426845,28.46875
dg_p012_a0,base,d3316b6e1fada303f228db24852528003d4f394ba90b99fddaa5fe67f5560534,-8.609375
dg_p012_a0,parm_fixed,321dd681abf4f64210ad46b795af25537c7153252d63ab1f77df313870b1006c,-17.515625
dg_p012_a0,midpoint,95bffc7870cda2903795d6cae48e2cf09c7d30389355324e3dfebc8675731cb4,-11.03125
dg_p012_a0,disagreement_gate,d3316b6e1fada303f228db24852528003d4f394ba90b99fddaa5fe67f5560534,-8.609375
dg_p012_a1,base,d3316b6e1fada303f228db24852528003d4f394ba90b99fddaa5fe67f5560534,-8.609375
dg_p012_a1,parm_fixed,321dd681abf4f64210ad46b795af25537c7153252d63ab1f77df313870b1006c,-17.515625
dg_p012_a1,midpoint,95bffc7870cda2903795d6cae48e2cf09c7d30389355324e3dfebc8675731cb4,-11.03125
dg_p012_a1,disagreement_gate,d3316b6e1fada303f228db24852528003d4f394ba90b99fddaa5fe67f5560534,-8.609375
dg_p012_a2,base,d3316b6e1fada303f228db24852528003d4f394ba90b99fddaa5fe67f5560534,-8.609375
dg_p012_a2,parm_fixed,5b3a50c6e9b1e7c0e690a98507fd35acac8259f23fcff96c1e50b49362350c3f,-13.90625
dg_p012_a2,midpoint,843c600a658bb33aca8ad4798256dabb432d11c9aec49532addd89ab678f6648,-11.84375
dg_p012_a2,disagreement_gate,d3316b6e1fada303f228db24852528003d4f394ba90b99fddaa5fe67f5560534,-8.609375
dg_p012_a3,base,d3316b6e1fada303f228db24852528003d4f394ba90b99fddaa5fe67f5560534,-8.609375
dg_p012_a3,parm_fixed,b16065c91a5e744b2f58827e99af0d9cd0e8e3a4cf7b15b873314effa01c40ac,-13.828125
dg_p012_a3,midpoint,843c600a658bb33aca8ad4798256dabb432d11c9aec49532addd89ab678f6648,-11.84375
dg_p012_a3,disagreement_gate,d3316b6e1fada303f228db24852528003d4f394ba90b99fddaa5fe67f5560534,-8.609375
dg_p012_a4,base,d3316b6e1fada303f228db24852528003d4f394ba90b99fddaa5fe67f5560534,-8.609375
dg_p012_a4,parm_fixed,b16065c91a5e744b2f58827e99af0d9cd0e8e3a4cf7b15b873314effa01c40ac,-13.828125
dg_p012_a4,midpoint,843c600a658bb33aca8ad4798256dabb432d11c9aec49532addd89ab678f6648,-11.84375
dg_p012_a4,disagreement_gate,d3316b6e1fada303f228db24852528003d4f394ba90b99fddaa5fe67f5560534,-8.609375
dg_p013_a0,base,39bfbffd1bb95ecbb68ec13bec66979241d26476118a02cca7d5df211d565d3d,-7.3359375
dg_p013_a0,parm_fixed,b2380fe45faa75dc69a8854e5c76590c2c47509c9ce868ea97b6497c57d0141b,4.16796875
dg_p013_a0,midpoint,1a9c059e6a458a680aa8f6ba99244dc23eb414f4dd5088c143e0bf96eddfc85b,6.0078125
dg_p013_a0,disagreement_gate,39bfbffd1bb95ecbb68ec13bec66979241d26476118a02cca7d5df211d565d3d,-7.3359375
dg_p013_a1,base,39bfbffd1bb95ecbb68ec13bec66979241d26476118a02cca7d5df211d565d3d,-7.3359375
dg_p013_a1,parm_fixed,b2380fe45faa75dc69a8854e5c76590c2c47509c9ce868ea97b6497c57d0141b,4.16796875
dg_p013_a1,midpoint,1a9c059e6a458a680aa8f6ba99244dc23eb414f4dd5088c143e0bf96eddfc85b,6.0078125
dg_p013_a1,disagreement_gate,39bfbffd1bb95ecbb68ec13bec66979241d26476118a02cca7d5df211d565d3d,-7.3359375
dg_p013_a2,base,39bfbffd1bb95ecbb68ec13bec66979241d26476118a02cca7d5df211d565d3d,-7.3359375
dg_p013_a2,parm_fixed,ce91c42d728b5e0a8e9962eef1867caec518b5162aef8fd5f02fb69f591e63fb,6.27734375
dg_p013_a2,midpoint,1a9c059e6a458a680aa8f6ba99244dc23eb414f4dd5088c143e0bf96eddfc85b,6.0078125
dg_p013_a2,disagreement_gate,39bfbffd1bb95ecbb68ec13bec66979241d26476118a02cca7d5df211d565d3d,-7.3359375
dg_p013_a3,base,39bfbffd1bb95ecbb68ec13bec66979241d26476118a02cca7d5df211d565d3d,-7.3359375
dg_p013_a3,parm_fixed,c3a642aa9d30cd4fe08f7a5e757c80aace6085be789b8d777d3e1a32ac783285,6.9453125
dg_p013_a3,midpoint,1a9c059e6a458a680aa8f6ba99244dc23eb414f4dd5088c143e0bf96eddfc85b,6.0078125
dg_p013_a3,disagreement_gate,39bfbffd1bb95ecbb68ec13bec66979241d26476118a02cca7d5df211d565d3d,-7.3359375
dg_p013_a4,base,39bfbffd1bb95ecbb68ec13bec66979241d26476118a02cca7d5df211d565d3d,-7.3359375
dg_p013_a4,parm_fixed,c3a642aa9d30cd4fe08f7a5e757c80aace6085be789b8d777d3e1a32ac783285,6.9453125
dg_p013_a4,midpoint,ce91c42d728b5e0a8e9962eef1867caec518b5162aef8fd5f02fb69f591e63fb,6.27734375
dg_p013_a4,disagreement_gate,39bfbffd1bb95ecbb68ec13bec66979241d26476118a02cca7d5df211d565d3d,-7.3359375
dg_p014_a0,base,bcdef4aa2d93748335e6b0e35947f207df0188a0fac11be603012c8bd9920c84,1.705078125
dg_p014_a0,parm_fixed,47d210ecc9ec72ce7dfc1d17a16d86337793ba8139094fcdfce9a9f26e11a99c,3.7421875
dg_p014_a0,midpoint,3725b5c979575f4b6f9650e9e780a00d8326febd559f98e0d58277cf89231577,15.1484375
dg_p014_a0,disagreement_gate,bcdef4aa2d93748335e6b0e35947f207df0188a0fac11be603012c8bd9920c84,1.705078125
dg_p014_a1,base,bcdef4aa2d93748335e6b0e35947f207df0188a0fac11be603012c8bd9920c84,1.705078125
dg_p014_a1,parm_fixed,47d210ecc9ec72ce7dfc1d17a16d86337793ba8139094fcdfce9a9f26e11a99c,3.7421875
dg_p014_a1,midpoint,3725b5c979575f4b6f9650e9e780a00d8326febd559f98e0d58277cf89231577,15.1484375
dg_p014_a1,disagreement_gate,bcdef4aa2d93748335e6b0e35947f207df0188a0fac11be603012c8bd9920c84,1.705078125
dg_p014_a2,base,bcdef4aa2d93748335e6b0e35947f207df0188a0fac11be603012c8bd9920c84,1.705078125
dg_p014_a2,parm_fixed,47d210ecc9ec72ce7dfc1d17a16d86337793ba8139094fcdfce9a9f26e11a99c,3.7421875
dg_p014_a2,midpoint,3725b5c979575f4b6f9650e9e780a00d8326febd559f98e0d58277cf89231577,15.1484375
dg_p014_a2,disagreement_gate,bcdef4aa2d93748335e6b0e35947f207df0188a0fac11be603012c8bd9920c84,1.705078125
dg_p014_a3,base,bcdef4aa2d93748335e6b0e35947f207df0188a0fac11be603012c8bd9920c84,1.705078125
dg_p014_a3,parm_fixed,47d210ecc9ec72ce7dfc1d17a16d86337793ba8139094fcdfce9a9f26e11a99c,3.7421875
dg_p014_a3,midpoint,aea81c222517b581b0a5a2016d0b46c7ff016627b8c0a1793668f7fde44e4e1a,15.6875
dg_p014_a3,disagreement_gate,bcdef4aa2d93748335e6b0e35947f207df0188a0fac11be603012c8bd9920c84,1.705078125
dg_p014_a4,base,bcdef4aa2d93748335e6b0e35947f207df0188a0fac11be603012c8bd9920c84,1.705078125
dg_p014_a4,parm_fixed,f25dd1f7d40703c4df11c3cc522ff1d80513d929daac3208f600e92312f596b8,7.30078125
dg_p014_a4,midpoint,555279fe9a409808c744b7b30a4ccf4848c9fa10e7ae556a47a242c3099f0f33,13.8203125
dg_p014_a4,disagreement_gate,bcdef4aa2d93748335e6b0e35947f207df0188a0fac11be603012c8bd9920c84,1.705078125
dg_p015_a0,base,39bfbffd1bb95ecbb68ec13bec66979241d26476118a02cca7d5df211d565d3d,-7.3359375
dg_p015_a0,parm_fixed,b2380fe45faa75dc69a8854e5c76590c2c47509c9ce868ea97b6497c57d0141b,4.16796875
dg_p015_a0,midpoint,1a9c059e6a458a680aa8f6ba99244dc23eb414f4dd5088c143e0bf96eddfc85b,6.0078125
dg_p015_a0,disagreement_gate,39bfbffd1bb95ecbb68ec13bec66979241d26476118a02cca7d5df211d565d3d,-7.3359375
dg_p015_a1,base,39bfbffd1bb95ecbb68ec13bec66979241d26476118a02cca7d5df211d565d3d,-7.3359375
dg_p015_a1,parm_fixed,b2380fe45faa75dc69a8854e5c76590c2c47509c9ce868ea97b6497c57d0141b,4.16796875
dg_p015_a1,midpoint,1a9c059e6a458a680aa8f6ba99244dc23eb414f4dd5088c143e0bf96eddfc85b,6.0078125
dg_p015_a1,disagreement_gate,39bfbffd1bb95ecbb68ec13bec66979241d26476118a02cca7d5df211d565d3d,-7.3359375
dg_p015_a2,base,39bfbffd1bb95ecbb68ec13bec66979241d26476118a02cca7d5df211d565d3d,-7.3359375
dg_p015_a2,parm_fixed,ce91c42d728b5e0a8e9962eef1867caec518b5162aef8fd5f02fb69f591e63fb,6.27734375
dg_p015_a2,midpoint,1a9c059e6a458a680aa8f6ba99244dc23eb414f4dd5088c143e0bf96eddfc85b,6.0078125
dg_p015_a2,disagreement_gate,39bfbffd1bb95ecbb68ec13bec66979241d26476118a02cca7d5df211d565d3d,-7.3359375
dg_p015_a3,base,39bfbffd1bb95ecbb68ec13bec66979241d26476118a02cca7d5df211d565d3d,-7.3359375
dg_p015_a3,parm_fixed,c3a642aa9d30cd4fe08f7a5e757c80aace6085be789b8d777d3e1a32ac783285,6.9453125
dg_p015_a3,midpoint,1a9c059e6a458a680aa8f6ba99244dc23eb414f4dd5088c143e0bf96eddfc85b,6.0078125
dg_p015_a3,disagreement_gate,39bfbffd1bb95ecbb68ec13bec66979241d26476118a02cca7d5df211d565d3d,-7.3359375
dg_p015_a4,base,39bfbffd1bb95ecbb68ec13bec66979241d26476118a02cca7d5df211d565d3d,-7.3359375
dg_p015_a4,parm_fixed,c3a642aa9d30cd4fe08f7a5e757c80aace6085be789b8d777d3e1a32ac783285,6.9453125
dg_p015_a4,midpoint,ce91c42d728b5e0a8e9962eef1867caec518b5162aef8fd5f02fb69f591e63fb,6.27734375
dg_p015_a4,disagreement_gate,39bfbffd1bb95ecbb68ec13bec66979241d26476118a02cca7d5df211d565d3d,-7.3359375
dg_p016_a0,base,6ef83731ec00ab270cc59bfb2894631315676314f3bd9eb65eecc92ffae8429b,-3.22265625
dg_p016_a0,parm_fixed,b4625fe788a551542ea5874a1ae5e596d6c0e8e5ff3eb8e612a6e173e581a5ef,17.265625
dg_p016_a0,midpoint,68c6bc748638261904fe954516393984148dd98ff3d47affbe09c2e66a7eb53a,8.1328125
dg_p016_a0,disagreement_gate,6ef83731ec00ab270cc59bfb2894631315676314f3bd9eb65eecc92ffae8429b,-3.22265625
dg_p016_a1,base,6ef83731ec00ab270cc59bfb2894631315676314f3bd9eb65eecc92ffae8429b,-3.22265625
dg_p016_a1,parm_fixed,42975524b324715c95a7397277c4e97a2e8034bc020b870840333ede43002f81,10.953125
dg_p016_a1,midpoint,5df2fcfca67639a7106039a0aa236acdc72564cbbc5114b93daa3703c68ac22f,11.6328125
dg_p016_a1,disagreement_gate,6ef83731ec00ab270cc59bfb2894631315676314f3bd9eb65eecc92ffae8429b,-3.22265625
dg_p016_a2,base,6ef83731ec00ab270cc59bfb2894631315676314f3bd9eb65eecc92ffae8429b,-3.22265625
dg_p016_a2,parm_fixed,42975524b324715c95a7397277c4e97a2e8034bc020b870840333ede43002f81,10.953125
dg_p016_a2,midpoint,e1ca9ad77a67094cb3f694ac86fe7959f3e15248650a3cd00c0ce0a9f73c3cdf,-0.7548828125
dg_p016_a2,disagreement_gate,6ef83731ec00ab270cc59bfb2894631315676314f3bd9eb65eecc92ffae8429b,-3.22265625
dg_p016_a3,base,6ef83731ec00ab270cc59bfb2894631315676314f3bd9eb65eecc92ffae8429b,-3.22265625
dg_p016_a3,parm_fixed,552c77934956d78c806c90cd1a3b5535d6299099b0744c9b1321271aeaae2e06,-7.2890625
dg_p016_a3,midpoint,e1ca9ad77a67094cb3f694ac86fe7959f3e15248650a3cd00c0ce0a9f73c3cdf,-0.7548828125
dg_p016_a3,disagreement_gate,6ef83731ec00ab270cc59bfb2894631315676314f3bd9eb65eecc92ffae8429b,-3.22265625
dg_p016_a4,base,6ef83731ec00ab270cc59bfb2894631315676314f3bd9eb65eecc92ffae8429b,-3.22265625
dg_p016_a4,parm_fixed,9ad09c68452d068aa38acdc19cb21c3b21d8ec9f919f382f82165f9a4245efec,10.078125
dg_p016_a4,midpoint,e1ca9ad77a67094cb3f694ac86fe7959f3e15248650a3cd00c0ce0a9f73c3cdf,-0.7548828125
dg_p016_a4,disagreement_gate,6ef83731ec00ab270cc59bfb2894631315676314f3bd9eb65eecc92ffae8429b,-3.22265625
dg_p017_a0,base,7655bc5ecd67269f466797d365706ddf061c9728a16b07c0abadfd60ac7fde14,-14.546875
dg_p017_a0,parm_fixed,770d2b4c22847fafeb77ac3e7040d8f4fa947ebe94a21b31c98af455e83bdb5d,-12.421875
dg_p017_a0,midpoint,d703d9eea6a32e166224f660096bbfacba733777e13ea35c2c324d6021852428,-6.4609375
dg_p017_a0,disagreement_gate,7655bc5ecd67269f466797d365706ddf061c9728a16b07c0abadfd60ac7fde14,-14.546875
dg_p017_a1,base,7655bc5ecd67269f466797d365706ddf061c9728a16b07c0abadfd60ac7fde14,-14.546875
dg_p017_a1,parm_fixed,7634bf1fdf9435f80b2cbab0c7026d906e94c1e8920bcb424fc383df00384b6b,-12.6953125
dg_p017_a1,midpoint,9cc1059b7164a9ea6eef9891827aab3c613d750f0308a817c9d7d4076a4b5a3c,-12.9375
dg_p017_a1,disagreement_gate,7655bc5ecd67269f466797d365706ddf061c9728a16b07c0abadfd60ac7fde14,-14.546875
dg_p017_a2,base,7655bc5ecd67269f466797d365706ddf061c9728a16b07c0abadfd60ac7fde14,-14.546875
dg_p017_a2,parm_fixed,5c0f087714e0e3f2b0704385ebe67997d2f19ca6a0dd669f10a8cc8d70262cde,-17.96875
dg_p017_a2,midpoint,aed6062c0ed722a82e7dbbd7df39d340d058c35e64d3d1bffa8df0140760156c,-11.5234375
dg_p017_a2,disagreement_gate,7655bc5ecd67269f466797d365706ddf061c9728a16b07c0abadfd60ac7fde14,-14.546875
dg_p017_a3,base,7655bc5ecd67269f466797d365706ddf061c9728a16b07c0abadfd60ac7fde14,-14.546875
dg_p017_a3,parm_fixed,6bafd86218d915eef6da0ea84a2c6ab6c7dc9a106e260569da4384ba44098e20,-12.1796875
dg_p017_a3,midpoint,aed6062c0ed722a82e7dbbd7df39d340d058c35e64d3d1bffa8df0140760156c,-11.5234375
dg_p017_a3,disagreement_gate,7655bc5ecd67269f466797d365706ddf061c9728a16b07c0abadfd60ac7fde14,-14.546875
dg_p017_a4,base,7655bc5ecd67269f466797d365706ddf061c9728a16b07c0abadfd60ac7fde14,-14.546875
dg_p017_a4,parm_fixed,08b8319862d37005fff6ce9706048f1ec7dd81d5f7fb80c22385abecd72bd0bb,-9.9296875
dg_p017_a4,midpoint,aed6062c0ed722a82e7dbbd7df39d340d058c35e64d3d1bffa8df0140760156c,-11.5234375
dg_p017_a4,disagreement_gate,7655bc5ecd67269f466797d365706ddf061c9728a16b07c0abadfd60ac7fde14,-14.546875
dg_p018_a0,base,f5ecd3c3a75897d10e74b9f54b35de18ee9771a07a6efb126a180fca6cea7116,10.2734375
dg_p018_a0,parm_fixed,8f4c86ddb33f9963fbd3792a7864a1352e00189d0d91a0ea3e972ef450fe51d6,5.859375
dg_p018_a0,midpoint,8a0cf5bc679c1507ed10b7303e87b05428af3efa4d47e3aab62a2b7c602406de,5.65625
dg_p018_a0,disagreement_gate,f5ecd3c3a75897d10e74b9f54b35de18ee9771a07a6efb126a180fca6cea7116,10.2734375
dg_p018_a1,base,f5ecd3c3a75897d10e74b9f54b35de18ee9771a07a6efb126a180fca6cea7116,10.2734375
dg_p018_a1,parm_fixed,8f4c86ddb33f9963fbd3792a7864a1352e00189d0d91a0ea3e972ef450fe51d6,5.859375
dg_p018_a1,midpoint,8a0cf5bc679c1507ed10b7303e87b05428af3efa4d47e3aab62a2b7c602406de,5.65625
dg_p018_a1,disagreement_gate,f5ecd3c3a75897d10e74b9f54b35de18ee9771a07a6efb126a180fca6cea7116,10.2734375
dg_p018_a2,base,f5ecd3c3a75897d10e74b9f54b35de18ee9771a07a6efb126a180fca6cea7116,10.2734375
dg_p018_a2,parm_fixed,f35f53b743896f85d951cda8ab444968bed4ba20f171f5bac76a3eeb2ccf87be,8.703125
dg_p018_a2,midpoint,8a0cf5bc679c1507ed10b7303e87b05428af3efa4d47e3aab62a2b7c602406de,5.65625
dg_p018_a2,disagreement_gate,f5ecd3c3a75897d10e74b9f54b35de18ee9771a07a6efb126a180fca6cea7116,10.2734375
dg_p018_a3,base,f5ecd3c3a75897d10e74b9f54b35de18ee9771a07a6efb126a180fca6cea7116,10.2734375
dg_p018_a3,parm_fixed,f35f53b743896f85d951cda8ab444968bed4ba20f171f5bac76a3eeb2ccf87be,8.703125
dg_p018_a3,midpoint,f80cbab3b26d37e69155f375d6104a6e6eb75de6e12cf626602354890f7205a7,3.81640625
dg_p018_a3,disagreement_gate,f5ecd3c3a75897d10e74b9f54b35de18ee9771a07a6efb126a180fca6cea7116,10.2734375
dg_p018_a4,base,f5ecd3c3a75897d10e74b9f54b35de18ee9771a07a6efb126a180fca6cea7116,10.2734375
dg_p018_a4,parm_fixed,f35f53b743896f85d951cda8ab444968bed4ba20f171f5bac76a3eeb2ccf87be,8.703125
dg_p018_a4,midpoint,f80cbab3b26d37e69155f375d6104a6e6eb75de6e12cf626602354890f7205a7,3.81640625
dg_p018_a4,disagreement_gate,f5ecd3c3a75897d10e74b9f54b35de18ee9771a07a6efb126a180fca6cea7116,10.2734375
dg_p019_a0,base,540e75dbb9b5c4abc20c2563b9ebc2054a8aec709581745582aafcf9ee5f55f3,5.453125
dg_p019_a0,parm_fixed,901b7437b0d696b467b03b0e21020edf898be5dd1ce86cad8fff8b9636c3874c,7.98828125
dg_p019_a0,midpoint,53b4425fca50392ebcce55e5f95c132380deecaa0997599b4990c7fd17d692b5,-8.3515625
dg_p019_a0,disagreement_gate,540e75dbb9b5c4abc20c2563b9ebc2054a8aec709581745582aafcf9ee5f55f3,5.453125
dg_p019_a1,base,540e75dbb9b5c4abc20c2563b9ebc2054a8aec709581745582aafcf9ee5f55f3,5.453125
dg_p019_a1,parm_fixed,1ef410548335e12faad6f394e1acfe02b71cb4dc184e7b72f249f816eb7bc170,-3.03515625
dg_p019_a1,midpoint,53b4425fca50392ebcce55e5f95c132380deecaa0997599b4990c7fd17d692b5,-8.3515625
dg_p019_a1,disagreement_gate,540e75dbb9b5c4abc20c2563b9ebc2054a8aec709581745582aafcf9ee5f55f3,5.453125
dg_p019_a2,base,540e75dbb9b5c4abc20c2563b9ebc2054a8aec709581745582aafcf9ee5f55f3,5.453125
dg_p019_a2,parm_fixed,a79e4c0dc9e2ef0481333e63e57d3d9fac378f9f2ffc8f429fd7bf4fe17241e4,-0.238037109375
dg_p019_a2,midpoint,53b4425fca50392ebcce55e5f95c132380deecaa0997599b4990c7fd17d692b5,-8.3515625
dg_p019_a2,disagreement_gate,540e75dbb9b5c4abc20c2563b9ebc2054a8aec709581745582aafcf9ee5f55f3,5.453125
dg_p019_a3,base,540e75dbb9b5c4abc20c2563b9ebc2054a8aec709581745582aafcf9ee5f55f3,5.453125
dg_p019_a3,parm_fixed,a79e4c0dc9e2ef0481333e63e57d3d9fac378f9f2ffc8f429fd7bf4fe17241e4,-0.238037109375
dg_p019_a3,midpoint,19c92c77e9af4f7f27da93e41a0609c1ba4bd38d7f68a7759cfa4d515d623cae,-7.828125
dg_p019_a3,disagreement_gate,540e75dbb9b5c4abc20c2563b9ebc2054a8aec709581745582aafcf9ee5f55f3,5.453125
dg_p019_a4,base,540e75dbb9b5c4abc20c2563b9ebc2054a8aec709581745582aafcf9ee5f55f3,5.453125
dg_p019_a4,parm_fixed,a79e4c0dc9e2ef0481333e63e57d3d9fac378f9f2ffc8f429fd7bf4fe17241e4,-0.238037109375
dg_p019_a4,midpoint,19c92c77e9af4f7f27da93e41a0609c1ba4bd38d7f68a7759cfa4d515d623cae,-7.828125
dg_p019_a4,disagreement_gate,540e75dbb9b5c4abc20c2563b9ebc2054a8aec709581745582aafcf9ee5f55f3,5.453125
dg_p020_a0,base,9d694f200a6e51589c490f353195ec6943443e117f3e688a94593cc8c4a213e0,-8.125
dg_p020_a0,parm_fixed,4ab98a6ab89b2d79c89f59ba34ad310247fd6a47645d09f1f4c8a5db5f0c8694,25.984375
dg_p020_a0,midpoint,64afd91844067d8815e013550d15a93878af96253a03110daa6e2d065cf83775,27.46875
dg_p020_a0,disagreement_gate,9d694f200a6e51589c490f353195ec6943443e117f3e688a94593cc8c4a213e0,-8.125
dg_p020_a1,base,9d694f200a6e51589c490f353195ec6943443e117f3e688a94593cc8c4a213e0,-8.125
dg_p020_a1,parm_fixed,872999e264c14770e50511ea1b4744f67fad844b5e06326a9fcd4507430f99c1,22.09375
dg_p020_a1,midpoint,d1f0165b6eaf3d9e476e36757175c50202fc0a08f316b863483a75fe2b75daf8,-10.5859375
dg_p020_a1,disagreement_gate,9d694f200a6e51589c490f353195ec6943443e117f3e688a94593cc8c4a213e0,-8.125
dg_p020_a2,base,9d694f200a6e51589c490f353195ec6943443e117f3e688a94593cc8c4a213e0,-8.125
dg_p020_a2,parm_fixed,e7d7ebeae208c4294cc5a3c4b518ef0d62bf54871543d0ae0a0ac106c5798660,15.1640625
dg_p020_a2,midpoint,6bda2dce6c330f5fa661259ffbe3486f8c22f5783307ce342b7517d71e379f8c,19.71875
dg_p020_a2,disagreement_gate,9d694f200a6e51589c490f353195ec6943443e117f3e688a94593cc8c4a213e0,-8.125
dg_p020_a3,base,9d694f200a6e51589c490f353195ec6943443e117f3e688a94593cc8c4a213e0,-8.125
dg_p020_a3,parm_fixed,221e258c4bd70bb23d0d102b7a3269fc1327fd3063b092eeae373de12c44f6b3,8.171875
dg_p020_a3,midpoint,dcf30dfe7c25ebc84a008a6bc3369d6d2e6274dec7ef829d7a3ad1b43d4277b7,14.9453125
dg_p020_a3,disagreement_gate,9d694f200a6e51589c490f353195ec6943443e117f3e688a94593cc8c4a213e0,-8.125
dg_p020_a4,base,9d694f200a6e51589c490f353195ec6943443e117f3e688a94593cc8c4a213e0,-8.125
dg_p020_a4,parm_fixed,76c72e171253bacbb22c7029b49d34607078e86f79dcb2682959f802c9fa48a9,21.03125
dg_p020_a4,midpoint,dcf30dfe7c25ebc84a008a6bc3369d6d2e6274dec7ef829d7a3ad1b43d4277b7,14.9453125
dg_p020_a4,disagreement_gate,9d694f200a6e51589c490f353195ec6943443e117f3e688a94593cc8c4a213e0,-8.125
dg_p021_a0,base,1decdfe57eeb8fea2b013c7d074ea5ad6fcef12d509e96f00559ced2eada1f05,-2.2578125
dg_p021_a0,parm_fixed,c8430ca2cf1fdaca3142d72d01ff68a1a5779647e890ffbddc111b1e56440b4e,2.48828125
dg_p021_a0,midpoint,aacf8b99e0df89129cf61f8b5ead6adf4cdf13102484d75c91bdd90e9b456e87,-6.87109375
dg_p021_a0,disagreement_gate,1decdfe57eeb8fea2b013c7d074ea5ad6fcef12d509e96f00559ced2eada1f05,-2.2578125
dg_p021_a1,base,1decdfe57eeb8fea2b013c7d074ea5ad6fcef12d509e96f00559ced2eada1f05,-2.2578125
dg_p021_a1,parm_fixed,67dfe303ed4318f072014ec675d5d84233401b171c202bcb9c9aabbd093d72d8,3.849609375
dg_p021_a1,midpoint,6e0f957e5085845a002ec58ffa553131d5c7f34080f5d81037b00a697f9f68df,-6.34765625
dg_p021_a1,disagreement_gate,1decdfe57eeb8fea2b013c7d074ea5ad6fcef12d509e96f00559ced2eada1f05,-2.2578125
dg_p021_a2,base,1decdfe57eeb8fea2b013c7d074ea5ad6fcef12d509e96f00559ced2eada1f05,-2.2578125
dg_p021_a2,parm_fixed,c74afa23a97b4f41157f731155a04d1cf00d87c7bd4e7ce9328c46bf3dad0f79,3.294921875
dg_p021_a2,midpoint,6e0f957e5085845a002ec58ffa553131d5c7f34080f5d81037b00a697f9f68df,-6.34765625
dg_p021_a2,disagreement_gate,1decdfe57eeb8fea2b013c7d074ea5ad6fcef12d509e96f00559ced2eada1f05,-2.2578125
dg_p021_a3,base,1decdfe57eeb8fea2b013c7d074ea5ad6fcef12d509e96f00559ced2eada1f05,-2.2578125
dg_p021_a3,parm_fixed,c74afa23a97b4f41157f731155a04d1cf00d87c7bd4e7ce9328c46bf3dad0f79,3.294921875
dg_p021_a3,midpoint,6e0f957e5085845a002ec58ffa553131d5c7f34080f5d81037b00a697f9f68df,-6.34765625
dg_p021_a3,disagreement_gate,1decdfe57eeb8fea2b013c7d074ea5ad6fcef12d509e96f00559ced2eada1f05,-2.2578125
dg_p021_a4,base,1decdfe57eeb8fea2b013c7d074ea5ad6fcef12d509e96f00559ced2eada1f05,-2.2578125
dg_p021_a4,parm_fixed,c74afa23a97b4f41157f731155a04d1cf00d87c7bd4e7ce9328c46bf3dad0f79,3.294921875
dg_p021_a4,midpoint,6e0f957e5085845a002ec58ffa553131d5c7f34080f5d81037b00a697f9f68df,-6.34765625
dg_p021_a4,disagreement_gate,1decdfe57eeb8fea2b013c7d074ea5ad6fcef12d509e96f00559ced2eada1f05,-2.2578125
dg_p022_a0,base,4385368f11ee14c2c1501a8a2421b824bc7f0838002e7431bc7aae17de187e8f,4.71484375
dg_p022_a0,parm_fixed,6cf9b61b2d098ea59c097c3decc5e10c017624be7cb5722be64f717b62056c6f,2.970703125
dg_p022_a0,midpoint,7ca26c6eb08ec93719269eb4d9609bbb7811649d8b0a3863e4c09be3090db9d7,11.4375
dg_p022_a0,disagreement_gate,4385368f11ee14c2c1501a8a2421b824bc7f0838002e7431bc7aae17de187e8f,4.71484375
dg_p022_a1,base,4385368f11ee14c2c1501a8a2421b824bc7f0838002e7431bc7aae17de187e8f,4.71484375
dg_p022_a1,parm_fixed,0540777e1e1b614b166ac7243584129511a82b6eddbfd6288f2247dbb0fef840,5.5078125
dg_p022_a1,midpoint,4b12e519b93f505ef361de73536f8c5eec8a95b752e2cfc7d4a2309fa3310076,8.1484375
dg_p022_a1,disagreement_gate,4385368f11ee14c2c1501a8a2421b824bc7f0838002e7431bc7aae17de187e8f,4.71484375
dg_p022_a2,base,4385368f11ee14c2c1501a8a2421b824bc7f0838002e7431bc7aae17de187e8f,4.71484375
dg_p022_a2,parm_fixed,269fc11f1fbc981ae148a2df2e93c2b129f24b4b53baaa6e918a12acee55827f,-8.9296875
dg_p022_a2,midpoint,4b12e519b93f505ef361de73536f8c5eec8a95b752e2cfc7d4a2309fa3310076,8.1484375
dg_p022_a2,disagreement_gate,4385368f11ee14c2c1501a8a2421b824bc7f0838002e7431bc7aae17de187e8f,4.71484375
dg_p022_a3,base,4385368f11ee14c2c1501a8a2421b824bc7f0838002e7431bc7aae17de187e8f,4.71484375
dg_p022_a3,parm_fixed,269fc11f1fbc981ae148a2df2e93c2b129f24b4b53baaa6e918a12acee55827f,-8.9296875
dg_p022_a3,midpoint,4b12e519b93f505ef361de73536f8c5eec8a95b752e2cfc7d4a2309fa3310076,8.1484375
dg_p022_a3,disagreement_gate,4385368f11ee14c2c1501a8a2421b824bc7f0838002e7431bc7aae17de187e8f,4.71484375
dg_p022_a4,base,4385368f11ee14c2c1501a8a2421b824bc7f0838002e7431bc7aae17de187e8f,4.71484375
dg_p022_a4,parm_fixed,269fc11f1fbc981ae148a2df2e93c2b129f24b4b53baaa6e918a12acee55827f,-8.9296875
dg_p022_a4,midpoint,0054c11ad7f9996277a591e6eff54f2298e21d5fee03cae25cf1b145d2132a11,6.6484375
dg_p022_a4,disagreement_gate,4385368f11ee14c2c1501a8a2421b824bc7f0838002e7431bc7aae17de187e8f,4.71484375
dg_p023_a0,base,7ec1a822dd21ea29de08947d20488959e3dc1fdc0796b7c610e50bb59ed2774f,14.625
dg_p023_a0,parm_fixed,b01c629354bd92386aa395cd2f434a0ec2429085b6faa10e7962d68e470a9f0d,17.71875
dg_p023_a0,midpoint,aab1221b7b72c2194d5a6132c1c7607373c6e88cdbff131f84f69935b0ca8c47,-5.0078125
dg_p023_a0,disagreement_gate,7ec1a822dd21ea29de08947d20488959e3dc1fdc0796b7c610e50bb59ed2774f,14.625
dg_p023_a1,base,7ec1a822dd21ea29de08947d20488959e3dc1fdc0796b7c610e50bb59ed2774f,14.625
dg_p023_a1,parm_fixed,b01c629354bd92386aa395cd2f434a0ec2429085b6faa10e7962d68e470a9f0d,17.71875
dg_p023_a1,midpoint,aab1221b7b72c2194d5a6132c1c7607373c6e88cdbff131f84f69935b0ca8c47,-5.0078125
dg_p023_a1,disagreement_gate,7ec1a822dd21ea29de08947d20488959e3dc1fdc0796b7c610e50bb59ed2774f,14.625
dg_p023_a2,base,7ec1a822dd21ea29de08947d20488959e3dc1fdc0796b7c610e50bb59ed2774f,14.625
dg_p023_a2,parm_fixed,b5d56f692cde34aa3359ede8d0f76d6a2e99e81b2f6b3cabf4bf5b9b0623eb93,11.671875
dg_p023_a2,midpoint,aab1221b7b72c2194d5a6132c1c7607373c6e88cdbff131f84f69935b0ca8c47,-5.0078125
dg_p023_a2,disagreement_gate,7ec1a822dd21ea29de08947d20488959e3dc1fdc0796b7c610e50bb59ed2774f,14.625
dg_p023_a3,base,7ec1a822dd21ea29de08947d20488959e3dc1fdc0796b7c610e50bb59ed2774f,14.625
dg_p023_a3,parm_fixed,ac261c59e894e0806649e3b5d7d670dce2fb4a4d7643204a982a08d34ae8adf7,6.94140625
dg_p023_a3,midpoint,aab1221b7b72c2194d5a6132c1c7607373c6e88cdbff131f84f69935b0ca8c47,-5.0078125
dg_p023_a3,disagreement_gate,7ec1a822dd21ea29de08947d20488959e3dc1fdc0796b7c610e50bb59ed2774f,14.625
dg_p023_a4,base,7ec1a822dd21ea29de08947d20488959e3dc1fdc0796b7c610e50bb59ed2774f,14.625
dg_p023_a4,parm_fixed,9873773790a101b6b416ca84bc9f0f2bb64233d5b77310b5ea34d3f8076af5f0,-7.23828125
dg_p023_a4,midpoint,e8c7e7218062478f8ebe00205adba6ca6cee72bd47bbd7e85340758c2a8579d2,18.546875
dg_p023_a4,disagreement_gate,7ec1a822dd21ea29de08947d20488959e3dc1fdc0796b7c610e50bb59ed2774f,14.625
dg_p024_a0,base,1c83c70cf8d3fe9af464134f0ed90fe21a1bc9317f2329569b2663e023e35ca2,3.052734375
dg_p024_a0,parm_fixed,bc1b30a8696ada5cec125826e599b7ae9048c840722d50e2f0b66583f0cb8ee2,1.9130859375
dg_p024_a0,midpoint,f3c7f5ea242f70b9a1e80f664ff586a4803025b2ee6999d83440f620cf843ace,-1.8271484375
dg_p024_a0,disagreement_gate,1c83c70cf8d3fe9af464134f0ed90fe21a1bc9317f2329569b2663e023e35ca2,3.052734375
dg_p024_a1,base,1c83c70cf8d3fe9af464134f0ed90fe21a1bc9317f2329569b2663e023e35ca2,3.052734375
dg_p024_a1,parm_fixed,cac282094f38ab1fd37e75072d1a7a58e7a694e66ac35939e8da6d8e090842d4,2.98046875
dg_p024_a1,midpoint,f3c7f5ea242f70b9a1e80f664ff586a4803025b2ee6999d83440f620cf843ace,-1.8271484375
dg_p024_a1,disagreement_gate,1c83c70cf8d3fe9af464134f0ed90fe21a1bc9317f2329569b2663e023e35ca2,3.052734375
dg_p024_a2,base,1c83c70cf8d3fe9af464134f0ed90fe21a1bc9317f2329569b2663e023e35ca2,3.052734375
dg_p024_a2,parm_fixed,11a04480b9b5b2fac13614e0e9403eb3f404192e7478f1b975c4aebc2111f567,1.8935546875
dg_p024_a2,midpoint,f3c7f5ea242f70b9a1e80f664ff586a4803025b2ee6999d83440f620cf843ace,-1.8271484375
dg_p024_a2,disagreement_gate,1c83c70cf8d3fe9af464134f0ed90fe21a1bc9317f2329569b2663e023e35ca2,3.052734375
dg_p024_a3,base,1c83c70cf8d3fe9af464134f0ed90fe21a1bc9317f2329569b2663e023e35ca2,3.052734375
dg_p024_a3,parm_fixed,11a04480b9b5b2fac13614e0e9403eb3f404192e7478f1b975c4aebc2111f567,1.8935546875
dg_p024_a3,midpoint,f3c7f5ea242f70b9a1e80f664ff586a4803025b2ee6999d83440f620cf843ace,-1.8271484375
dg_p024_a3,disagreement_gate,1c83c70cf8d3fe9af464134f0ed90fe21a1bc9317f2329569b2663e023e35ca2,3.052734375
dg_p024_a4,base,1c83c70cf8d3fe9af464134f0ed90fe21a1bc9317f2329569b2663e023e35ca2,3.052734375
dg_p024_a4,parm_fixed,11a04480b9b5b2fac13614e0e9403eb3f404192e7478f1b975c4aebc2111f567,1.8935546875
dg_p024_a4,midpoint,aa6054e627fb88a4aeeb95d29c8908d0509b4d408a33078d5d3bb261cac3c418,0.50634765625
dg_p024_a4,disagreement_gate,1c83c70cf8d3fe9af464134f0ed90fe21a1bc9317f2329569b2663e023e35ca2,3.052734375
dg_p025_a0,base,a2cc9d9330e032ab8d63fba25c19f70ad4f2c6eaba29c73f655ced06215a6962,3.220703125
dg_p025_a0,parm_fixed,3ca00fc334953ff00d0aa7f93652c214cf310547da51e9df2c42728beaa03ce4,6.3515625
dg_p025_a0,midpoint,a2cc9d9330e032ab8d63fba25c19f70ad4f2c6eaba29c73f655ced06215a6962,3.220703125
dg_p025_a0,disagreement_gate,a2cc9d9330e032ab8d63fba25c19f70ad4f2c6eaba29c73f655ced06215a6962,3.220703125
dg_p025_a1,base,a2cc9d9330e032ab8d63fba25c19f70ad4f2c6eaba29c73f655ced06215a6962,3.220703125
dg_p025_a1,parm_fixed,3ca00fc334953ff00d0aa7f93652c214cf310547da51e9df2c42728beaa03ce4,6.3515625
dg_p025_a1,midpoint,a2cc9d9330e032ab8d63fba25c19f70ad4f2c6eaba29c73f655ced06215a6962,3.220703125
dg_p025_a1,disagreement_gate,a2cc9d9330e032ab8d63fba25c19f70ad4f2c6eaba29c73f655ced06215a6962,3.220703125
dg_p025_a2,base,a2cc9d9330e032ab8d63fba25c19f70ad4f2c6eaba29c73f655ced06215a6962,3.220703125
dg_p025_a2,parm_fixed,3ca00fc334953ff00d0aa7f93652c214cf310547da51e9df2c42728beaa03ce4,6.3515625
dg_p025_a2,midpoint,a2cc9d9330e032ab8d63fba25c19f70ad4f2c6eaba29c73f655ced06215a6962,3.220703125
dg_p025_a2,disagreement_gate,a2cc9d9330e032ab8d63fba25c19f70ad4f2c6eaba29c73f655ced06215a6962,3.220703125
dg_p025_a3,base,a2cc9d9330e032ab8d63fba25c19f70ad4f2c6eaba29c73f655ced06215a6962,3.220703125
dg_p025_a3,parm_fixed,1171875b7147b1cf23b39d796eeb9feb1fe4488bb3d9e7ad80ab5fe867693d62,4.83984375
dg_p025_a3,midpoint,a2cc9d9330e032ab8d63fba25c19f70ad4f2c6eaba29c73f655ced06215a6962,3.220703125
dg_p025_a3,disagreement_gate,a2cc9d9330e032ab8d63fba25c19f70ad4f2c6eaba29c73f655ced06215a6962,3.220703125
dg_p025_a4,base,a2cc9d9330e032ab8d63fba25c19f70ad4f2c6eaba29c73f655ced06215a6962,3.220703125
dg_p025_a4,parm_fixed,880b6cc9292ccd4579b5e5c4ce1f6b4229384707920e6680991296bd4b5ba228,6.34375
dg_p025_a4,midpoint,a2cc9d9330e032ab8d63fba25c19f70ad4f2c6eaba29c73f655ced06215a6962,3.220703125
dg_p025_a4,disagreement_gate,a2cc9d9330e032ab8d63fba25c19f70ad4f2c6eaba29c73f655ced06215a6962,3.220703125
dg_p026_a0,base,f08c3b50809464a65f13d2c33ab1cd8bbc4462e3fb78ba95c41dcc929ff21d69,5.3828125
dg_p026_a0,parm_fixed,aa7f70ea98376da3697d5627a56d953608e8e5013956408513721f8fbaaff9cc,4.8046875
dg_p026_a0,midpoint,6897d77b981b33e23bd078f7e38565ec4eee15ffda90f82a4e69ef3619276962,16.25
dg_p026_a0,disagreement_gate,f08c3b50809464a65f13d2c33ab1cd8bbc4462e3fb78ba95c41dcc929ff21d69,5.3828125
dg_p026_a1,base,f08c3b50809464a65f13d2c33ab1cd8bbc4462e3fb78ba95c41dcc929ff21d69,5.3828125
dg_p026_a1,parm_fixed,aa7f70ea98376da3697d5627a56d953608e8e5013956408513721f8fbaaff9cc,4.8046875
dg_p026_a1,midpoint,6897d77b981b33e23bd078f7e38565ec4eee15ffda90f82a4e69ef3619276962,16.25
dg_p026_a1,disagreement_gate,f08c3b50809464a65f13d2c33ab1cd8bbc4462e3fb78ba95c41dcc929ff21d69,5.3828125
dg_p026_a2,base,f08c3b50809464a65f13d2c33ab1cd8bbc4462e3fb78ba95c41dcc929ff21d69,5.3828125
dg_p026_a2,parm_fixed,e4d78b0db4afa9e3f5fda1f812118d4a6733d9a912315918f2b6090bfd849286,2.05859375
dg_p026_a2,midpoint,f1ec88b57aa7a3b2ce467ca2fb6894c8b9b1cebdb304b8123adb8b6eabc2539d,22.109375
dg_p026_a2,disagreement_gate,f08c3b50809464a65f13d2c33ab1cd8bbc4462e3fb78ba95c41dcc929ff21d69,5.3828125
dg_p026_a3,base,f08c3b50809464a65f13d2c33ab1cd8bbc4462e3fb78ba95c41dcc929ff21d69,5.3828125
dg_p026_a3,parm_fixed,e4d78b0db4afa9e3f5fda1f812118d4a6733d9a912315918f2b6090bfd849286,2.05859375
dg_p026_a3,midpoint,216a700b24e0bfc1007f54fb26c5d4a7132f0580eaecbd093f82e02998b90df1,17.328125
dg_p026_a3,disagreement_gate,f08c3b50809464a65f13d2c33ab1cd8bbc4462e3fb78ba95c41dcc929ff21d69,5.3828125
dg_p026_a4,base,f08c3b50809464a65f13d2c33ab1cd8bbc4462e3fb78ba95c41dcc929ff21d69,5.3828125
dg_p026_a4,parm_fixed,509782946a3545c63dab85e3e51ae89dad50685ace6e284841437bd9d714cacd,9.8359375
dg_p026_a4,midpoint,28c278f7558012c8056533c5082a789b9b82da8e4362a106d9ea422fb65062ce,16.359375
dg_p026_a4,disagreement_gate,f08c3b50809464a65f13d2c33ab1cd8bbc4462e3fb78ba95c41dcc929ff21d69,5.3828125
dg_p027_a0,base,d03eef0f21d64441645bdf03cd5b9d8ca586a1ceaa858b1f05926295c40bbccd,-14.3125
dg_p027_a0,parm_fixed,9fee2925f72aba15e349676e2e0906aa621f76cfeed0664ea3470532933ce6b5,19.1875
dg_p027_a0,midpoint,4f2d0398968f3a9a565b81b3f63c369c527a57e8a440882aca4f8ef8414bd389,10.75
dg_p027_a0,disagreement_gate,d03eef0f21d64441645bdf03cd5b9d8ca586a1ceaa858b1f05926295c40bbccd,-14.3125
dg_p027_a1,base,d03eef0f21d64441645bdf03cd5b9d8ca586a1ceaa858b1f05926295c40bbccd,-14.3125
dg_p027_a1,parm_fixed,c8c147a0134942ae3bea204e863b3c51b55060b21c6bf271cc6be283ba759ca0,11.3828125
dg_p027_a1,midpoint,c6a99053e80542c0f8ba9b83a465d2f11f037fe292779bb2bcadd56e8ea3725e,21.578125
dg_p027_a1,disagreement_gate,d03eef0f21d64441645bdf03cd5b9d8ca586a1ceaa858b1f05926295c40bbccd,-14.3125
dg_p027_a2,base,d03eef0f21d64441645bdf03cd5b9d8ca586a1ceaa858b1f05926295c40bbccd,-14.3125
dg_p027_a2,parm_fixed,f456afb32a6b239ccd044e6947902a17011dd96bc5a9ce7ff7784203f73b4daa,-10.078125
dg_p027_a2,midpoint,2134e3f1a7fae6c28bb2999796221ff796e5be9dea74c4775bfef37d39001534,-13.5390625
dg_p027_a2,disagreement_gate,d03eef0f21d64441645bdf03cd5b9d8ca586a1ceaa858b1f05926295c40bbccd,-14.3125
dg_p027_a3,base,d03eef0f21d64441645bdf03cd5b9d8ca586a1ceaa858b1f05926295c40bbccd,-14.3125
dg_p027_a3,parm_fixed,e84750b477de0010a198232f5c00a69ca34826c28ba50f578b38b88bf8f61a18,-10.9375
dg_p027_a3,midpoint,f4ca6eca7327f5be2a7f44edeaca879037ec0649a3b5b82b5f664133ecd43cf2,-10.6640625
dg_p027_a3,disagreement_gate,d03eef0f21d64441645bdf03cd5b9d8ca586a1ceaa858b1f05926295c40bbccd,-14.3125
dg_p027_a4,base,d03eef0f21d64441645bdf03cd5b9d8ca586a1ceaa858b1f05926295c40bbccd,-14.3125
dg_p027_a4,parm_fixed,a2a2d1e4da1ec0418a221e06957970b65e8c4751f6589772d84ba157dbe9132c,0.56494140625
dg_p027_a4,midpoint,f4ca6eca7327f5be2a7f44edeaca879037ec0649a3b5b82b5f664133ecd43cf2,-10.6640625
dg_p027_a4,disagreement_gate,d03eef0f21d64441645bdf03cd5b9d8ca586a1ceaa858b1f05926295c40bbccd,-14.3125
dg_p028_a0,base,098094462856226eaabe0d942cc9f85b9d806724b2bb679678f5ee8f803cd58e,-2.9765625
dg_p028_a0,parm_fixed,a743c7b9fb4fadfe3fd463a0bbd7963972346a7bf683468591167e27f8cff9b9,0.286865234375
dg_p028_a0,midpoint,acb39054d8bd548fb50f88bf3f554c02c69abb1288884cc80fbd22a62eec27e4,-9.1328125
dg_p028_a0,disagreement_gate,098094462856226eaabe0d942cc9f85b9d806724b2bb679678f5ee8f803cd58e,-2.9765625
dg_p028_a1,base,098094462856226eaabe0d942cc9f85b9d806724b2bb679678f5ee8f803cd58e,-2.9765625
dg_p028_a1,parm_fixed,a743c7b9fb4fadfe3fd463a0bbd7963972346a7bf683468591167e27f8cff9b9,0.286865234375
dg_p028_a1,midpoint,acb39054d8bd548fb50f88bf3f554c02c69abb1288884cc80fbd22a62eec27e4,-9.1328125
dg_p028_a1,disagreement_gate,098094462856226eaabe0d942cc9f85b9d806724b2bb679678f5ee8f803cd58e,-2.9765625
dg_p028_a2,base,098094462856226eaabe0d942cc9f85b9d806724b2bb679678f5ee8f803cd58e,-2.9765625
dg_p028_a2,parm_fixed,a743c7b9fb4fadfe3fd463a0bbd7963972346a7bf683468591167e27f8cff9b9,0.286865234375
dg_p028_a2,midpoint,acb39054d8bd548fb50f88bf3f554c02c69abb1288884cc80fbd22a62eec27e4,-9.1328125
dg_p028_a2,disagreement_gate,098094462856226eaabe0d942cc9f85b9d806724b2bb679678f5ee8f803cd58e,-2.9765625
dg_p028_a3,base,098094462856226eaabe0d942cc9f85b9d806724b2bb679678f5ee8f803cd58e,-2.9765625
dg_p028_a3,parm_fixed,a743c7b9fb4fadfe3fd463a0bbd7963972346a7bf683468591167e27f8cff9b9,0.286865234375
dg_p028_a3,midpoint,a743c7b9fb4fadfe3fd463a0bbd7963972346a7bf683468591167e27f8cff9b9,0.286865234375
dg_p028_a3,disagreement_gate,098094462856226eaabe0d942cc9f85b9d806724b2bb679678f5ee8f803cd58e,-2.9765625
dg_p028_a4,base,098094462856226eaabe0d942cc9f85b9d806724b2bb679678f5ee8f803cd58e,-2.9765625
dg_p028_a4,parm_fixed,a743c7b9fb4fadfe3fd463a0bbd7963972346a7bf683468591167e27f8cff9b9,0.286865234375
dg_p028_a4,midpoint,a743c7b9fb4fadfe3fd463a0bbd7963972346a7bf683468591167e27f8cff9b9,0.286865234375
dg_p028_a4,disagreement_gate,098094462856226eaabe0d942cc9f85b9d806724b2bb679678f5ee8f803cd58e,-2.9765625
dg_p029_a0,base,9db84f06f6c27bfb82c86e8c3f24f1c2a185b29ee7fcfff61ab63389681ff780,-12.140625
dg_p029_a0,parm_fixed,b64e1623932a69c3405f57ccb5c6d84bf359186840d7fe71662125dde71586d2,-11.5234375
dg_p029_a0,midpoint,800256deff31a9624b7fdcfcd2e2e26fab076b061c0b1010ec11618e09388dfb,-15.203125
dg_p029_a0,disagreement_gate,9db84f06f6c27bfb82c86e8c3f24f1c2a185b29ee7fcfff61ab63389681ff780,-12.140625
dg_p029_a1,base,9db84f06f6c27bfb82c86e8c3f24f1c2a185b29ee7fcfff61ab63389681ff780,-12.140625
dg_p029_a1,parm_fixed,b64e1623932a69c3405f57ccb5c6d84bf359186840d7fe71662125dde71586d2,-11.5234375
dg_p029_a1,midpoint,9dd62af0ed6910192bc3fcee00660ed3bc52125b8b32677d1425ece170f4631d,-15.859375
dg_p029_a1,disagreement_gate,9db84f06f6c27bfb82c86e8c3f24f1c2a185b29ee7fcfff61ab63389681ff780,-12.140625
dg_p029_a2,base,9db84f06f6c27bfb82c86e8c3f24f1c2a185b29ee7fcfff61ab63389681ff780,-12.140625
dg_p029_a2,parm_fixed,0af73a5a83fc06290a137fed36a4c9b5df9372d7438ad467d96dcbd8b0917fd1,-9.6328125
dg_p029_a2,midpoint,9dd62af0ed6910192bc3fcee00660ed3bc52125b8b32677d1425ece170f4631d,-15.859375
dg_p029_a2,disagreement_gate,9db84f06f6c27bfb82c86e8c3f24f1c2a185b29ee7fcfff61ab63389681ff780,-12.140625
dg_p029_a3,base,9db84f06f6c27bfb82c86e8c3f24f1c2a185b29ee7fcfff61ab63389681ff780,-12.140625
dg_p029_a3,parm_fixed,dd8a7c1d7cf0eeaa6da2d479e6a596bad5a959dc0f108fc8adca72ba4c0ab30b,-12.6484375
dg_p029_a3,midpoint,9dd62af0ed6910192bc3fcee00660ed3bc52125b8b32677d1425ece170f4631d,-15.859375
dg_p029_a3,disagreement_gate,9db84f06f6c27bfb82c86e8c3f24f1c2a185b29ee7fcfff61ab63389681ff780,-12.140625
dg_p029_a4,base,9db84f06f6c27bfb82c86e8c3f24f1c2a185b29ee7fcfff61ab63389681ff780,-12.140625
dg_p029_a4,parm_fixed,dd8a7c1d7cf0eeaa6da2d479e6a596bad5a959dc0f108fc8adca72ba4c0ab30b,-12.6484375
dg_p029_a4,midpoint,9dd62af0ed6910192bc3fcee00660ed3bc52125b8b32677d1425ece170f4631d,-15.859375
dg_p029_a4,disagreement_gate,9db84f06f6c27bfb82c86e8c3f24f1c2a185b29ee7fcfff61ab63389681ff780,-12.140625
dg_p030_a0,base,f381325e08fd52f209ad7a0ff709f6c8d8951bb11a2e92aaefb216ff235e40ff,2.5703125
dg_p030_a0,parm_fixed,2dc6922e26619d7c40037e34a685dbd6f56a346b342ee60dc44629a2b234903e,1.931640625
dg_p030_a0,midpoint,e81361a25468dc439f479abb633f75e8c5f60056c9934e8946998bdb977fc5c1,-3.490234375
dg_p030_a0,disagreement_gate,f381325e08fd52f209ad7a0ff709f6c8d8951bb11a2e92aaefb216ff235e40ff,2.5703125
dg_p030_a1,base,f381325e08fd52f209ad7a0ff709f6c8d8951bb11a2e92aaefb216ff235e40ff,2.5703125
dg_p030_a1,parm_fixed,c809760395872054992dd06b467d12b26cd45c693468327c5046c78404daadb7,0.1109619140625
dg_p030_a1,midpoint,8ee93660b6ad558a6d8b3702a6ff1dd1fb82f3538fa663310472857497e1c0c9,-4.5390625
dg_p030_a1,disagreement_gate,f381325e08fd52f209ad7a0ff709f6c8d8951bb11a2e92aaefb216ff235e40ff,2.5703125
dg_p030_a2,base,f381325e08fd52f209ad7a0ff709f6c8d8951bb11a2e92aaefb216ff235e40ff,2.5703125
dg_p030_a2,parm_fixed,ee2cf28df7a2ccfa718350c3528ddf848ad762ca5b057fd068f06fcf6b4e28cf,0.8935546875
dg_p030_a2,midpoint,46552e7aa23b50262053ab7628a63cb1b6c9124b8cca15852357f058e4ebb8d6,-8.2109375
dg_p030_a2,disagreement_gate,f381325e08fd52f209ad7a0ff709f6c8d8951bb11a2e92aaefb216ff235e40ff,2.5703125
dg_p030_a3,base,f381325e08fd52f209ad7a0ff709f6c8d8951bb11a2e92aaefb216ff235e40ff,2.5703125
dg_p030_a3,parm_fixed,8b62a96759fffbae77c106752183668f2c78e2c906333ac73ecfb93d768a4e8a,-4.59375
dg_p030_a3,midpoint,8a65bcb528e2953327b0ef2033a3978d431f4b874ea50e1feeeafce35c890340,-7.5390625
dg_p030_a3,disagreement_gate,f381325e08fd52f209ad7a0ff709f6c8d8951bb11a2e92aaefb216ff235e40ff,2.5703125
dg_p030_a4,base,f381325e08fd52f209ad7a0ff709f6c8d8951bb11a2e92aaefb216ff235e40ff,2.5703125
dg_p030_a4,parm_fixed,1c58d342b8c286ba7d625031ea1c09d3c54b83bcfa0594f822dfdc87bffb7536,-5.4140625
dg_p030_a4,midpoint,e4d17e6ece6919e32a86fd993e0ee350b2bae7cb7275debf2f6cce440d5a9d2f,-2.30859375
dg_p030_a4,disagreement_gate,f381325e08fd52f209ad7a0ff709f6c8d8951bb11a2e92aaefb216ff235e40ff,2.5703125
dg_p031_a0,base,81905689bcda0baa32d0bc58345f94cbe348e860626cf3ec3bf7b93b1f436bad,5.078125
dg_p031_a0,parm_fixed,e7e2969ba560fd0eacb2265f262eabdeea8dd63800f18d8fa09274192146714d,11.4609375
dg_p031_a0,midpoint,372b56ac6b5766719499fc77ce93042d105a56b7c7ac515812a4b29a2b8c0c7a,-7.07421875
dg_p031_a0,disagreement_gate,81905689bcda0baa32d0bc58345f94cbe348e860626cf3ec3bf7b93b1f436bad,5.078125
dg_p031_a1,base,81905689bcda0baa32d0bc58345f94cbe348e860626cf3ec3bf7b93b1f436bad,5.078125
dg_p031_a1,parm_fixed,f63483f723e4d0f154039b8d26e0c07e0b9dde09fe0d3e6dbc4a8319f5eb9562,14.6171875
dg_p031_a1,midpoint,7369dbb97f676e72bc5c0a307c048cba13a4a0be0f5ee0efd0b966c032bd8e15,-7.359375
dg_p031_a1,disagreement_gate,81905689bcda0baa32d0bc58345f94cbe348e860626cf3ec3bf7b93b1f436bad,5.078125
dg_p031_a2,base,81905689bcda0baa32d0bc58345f94cbe348e860626cf3ec3bf7b93b1f436bad,5.078125
dg_p031_a2,parm_fixed,8ce24e9916ed90d73828a5f3e4ede52b7f5322a4e44a64f49c254c8f1d826246,5.71484375
dg_p031_a2,midpoint,9c1c66739a919e8f88fd162f35b97d5f577c68e6f07201518f3cdf488305b7d3,-5.2421875
dg_p031_a2,disagreement_gate,81905689bcda0baa32d0bc58345f94cbe348e860626cf3ec3bf7b93b1f436bad,5.078125
dg_p031_a3,base,81905689bcda0baa32d0bc58345f94cbe348e860626cf3ec3bf7b93b1f436bad,5.078125
dg_p031_a3,parm_fixed,d03ef277b3064ad2d0a75c6058fc39309e40152fc6dca8c80484c7c0c396513e,17.796875
dg_p031_a3,midpoint,43a0429685ceae8ef6df3fea1ba384f830b7aaa00379867435822c99a9f82a65,10.6875
dg_p031_a3,disagreement_gate,81905689bcda0baa32d0bc58345f94cbe348e860626cf3ec3bf7b93b1f436bad,5.078125
dg_p031_a4,base,81905689bcda0baa32d0bc58345f94cbe348e860626cf3ec3bf7b93b1f436bad,5.078125
dg_p031_a4,parm_fixed,8cbf031718de5ddeee270c9fb98cfec5d83fed45db8de07693aaccf1017a43cb,6.23828125
dg_p031_a4,midpoint,b32d38a077adf6c801699bad31677da271206138c9a15a0fd3aa1c8ffb009b7d,7.8984375
dg_p031_a4,disagreement_gate,81905689bcda0baa32d0bc58345f94cbe348e860626cf3ec3bf7b93b1f436bad,5.078125
dg_p032_a0,base,b5e70901aaab386a2cfef2dba32f169e345fb3aa03bad9b3d200314ffa2a311e,3.16015625
dg_p032_a0,parm_fixed,13dc49b3ada1a393b7ac4528e9bf33d6b594f7e34634391e70a8acc051bfebf0,11.8671875
dg_p032_a0,midpoint,74ff49d4494e6ba891f7e4135e8f9bcd8835b5aab176c33725226ebacd92035d,29.609375
dg_p032_a0,disagreement_gate,b5e70901aaab386a2cfef2dba32f169e345fb3aa03bad9b3d200314ffa2a311e,3.16015625
dg_p032_a1,base,b5e70901aaab386a2cfef2dba32f169e345fb3aa03bad9b3d200314ffa2a311e,3.16015625
dg_p032_a1,parm_fixed,1274fbcc54d7fdd8ca1826ca2b54eddc4f39bbd487cfac5a583f773d17df3db0,20.34375
dg_p032_a1,midpoint,74ff49d4494e6ba891f7e4135e8f9bcd8835b5aab176c33725226ebacd92035d,29.609375
dg_p032_a1,disagreement_gate,b5e70901aaab386a2cfef2dba32f169e345fb3aa03bad9b3d200314ffa2a311e,3.16015625
dg_p032_a2,base,b5e70901aaab386a2cfef2dba32f169e345fb3aa03bad9b3d200314ffa2a311e,3.16015625
dg_p032_a2,parm_fixed,9500a7a903d321e156f44e8e19a1448e177455fec598c7b6828a28c8d7cdfa5d,11.2578125
dg_p032_a2,midpoint,7cccb8e51e134dc1cce110db1e1ee5f57dba8db1ad2d306b8c39ad36ee212191,2.259765625
dg_p032_a2,disagreement_gate,b5e70901aaab386a2cfef2dba32f169e345fb3aa03bad9b3d200314ffa2a311e,3.16015625
dg_p032_a3,base,b5e70901aaab386a2cfef2dba32f169e345fb3aa03bad9b3d200314ffa2a311e,3.16015625
dg_p032_a3,parm_fixed,9500a7a903d321e156f44e8e19a1448e177455fec598c7b6828a28c8d7cdfa5d,11.2578125
dg_p032_a3,midpoint,a509c41a65d1bdf0135cbf3de9712407c1686072a0526ad8298a4e518c0e4d41,26.34375
dg_p032_a3,disagreement_gate,b5e70901aaab386a2cfef2dba32f169e345fb3aa03bad9b3d200314ffa2a311e,3.16015625
dg_p032_a4,base,b5e70901aaab386a2cfef2dba32f169e345fb3aa03bad9b3d200314ffa2a311e,3.16015625
dg_p032_a4,parm_fixed,3d590d74818b673385c4f9a835d2c360af3bf01eb70dee44cb5bdae840951b21,8.1171875
dg_p032_a4,midpoint,f7283cc5b0656cdaeaf68f0fd40495dffcc3208ebe0d24c33f023977f3f28445,12.203125
dg_p032_a4,disagreement_gate,b5e70901aaab386a2cfef2dba32f169e345fb3aa03bad9b3d200314ffa2a311e,3.16015625
dg_p033_a0,base,2b12a055117a80cda6abd088961afe7a5e2d57af5cbafe6ccdd1c6a68d2bf810,8.3828125
dg_p033_a0,parm_fixed,c5ac451f3a1830747dbd98e0a14953c1d418c47ae504eb168507647ef9317081,22.375
dg_p033_a0,midpoint,84c5378d5da1464b6eca6509fc5af6fc6d3ca7ed731d467ccc94c4efacdd84ce,1.607421875
dg_p033_a0,disagreement_gate,2b12a055117a80cda6abd088961afe7a5e2d57af5cbafe6ccdd1c6a68d2bf810,8.3828125
dg_p033_a1,base,2b12a055117a80cda6abd088961afe7a5e2d57af5cbafe6ccdd1c6a68d2bf810,8.3828125
dg_p033_a1,parm_fixed,a88c31068136dacbeb3c1dfb3df3adda35cf3e4a2bf7ff37b210b62b677aa662,13.890625
dg_p033_a1,midpoint,c6188e69c72ec7e462fbbc1ce83d68af11b17056c6ab9744a7600c3c9b925829,-4.33203125
dg_p033_a1,disagreement_gate,2b12a055117a80cda6abd088961afe7a5e2d57af5cbafe6ccdd1c6a68d2bf810,8.3828125
dg_p033_a2,base,2b12a055117a80cda6abd088961afe7a5e2d57af5cbafe6ccdd1c6a68d2bf810,8.3828125
dg_p033_a2,parm_fixed,64d7d3feae6ac89752d2018e5bf7541346deef7eea9d68cd781e781d730cf47b,8.3671875
dg_p033_a2,midpoint,17e6d4d544fe2f4b73d1e4511688d07fa4fb7c57b71d446de3780a90e929ed52,-12.4296875
dg_p033_a2,disagreement_gate,2b12a055117a80cda6abd088961afe7a5e2d57af5cbafe6ccdd1c6a68d2bf810,8.3828125
dg_p033_a3,base,2b12a055117a80cda6abd088961afe7a5e2d57af5cbafe6ccdd1c6a68d2bf810,8.3828125
dg_p033_a3,parm_fixed,be796ce71e7d80d61811731f3c355ed27b3dfbba4dbfc2f663d47af060e22761,5.48828125
dg_p033_a3,midpoint,149f4a8fc831aaf8f16639fef41578b18e0d20eda665cc5f1944d19fa5830cbf,8.6953125
dg_p033_a3,disagreement_gate,2b12a055117a80cda6abd088961afe7a5e2d57af5cbafe6ccdd1c6a68d2bf810,8.3828125
dg_p033_a4,base,2b12a055117a80cda6abd088961afe7a5e2d57af5cbafe6ccdd1c6a68d2bf810,8.3828125
dg_p033_a4,parm_fixed,48490389985aebcc7c1c436615c4cb68c9295a5e29e1aee2e1ff87479334d619,2.244140625
dg_p033_a4,midpoint,149f4a8fc831aaf8f16639fef41578b18e0d20eda665cc5f1944d19fa5830cbf,8.6953125
dg_p033_a4,disagreement_gate,2b12a055117a80cda6abd088961afe7a5e2d57af5cbafe6ccdd1c6a68d2bf810,8.3828125
dg_p034_a0,base,80183312b65c9d42b0869e69fceff1199f76e3be0df336643e7630b3d2cef746,-8.0703125
dg_p034_a0,parm_fixed,17fb5584606ad06fc9ce71fd807f4dc90fc1fcab5cd98db5eb154eaa8c0670b1,-12.3125
dg_p034_a0,midpoint,f33a003e3582569fbd9f338be1cdaec1ab44a6fe08959b25f6fb5ce649bd3159,-17.03125
dg_p034_a0,disagreement_gate,80183312b65c9d42b0869e69fceff1199f76e3be0df336643e7630b3d2cef746,-8.0703125
dg_p034_a1,base,80183312b65c9d42b0869e69fceff1199f76e3be0df336643e7630b3d2cef746,-8.0703125
dg_p034_a1,parm_fixed,6b157521afe3a7699e6be95d48921a2c611b53abbfc287c14deca79221554a3d,-10.9375
dg_p034_a1,midpoint,f33a003e3582569fbd9f338be1cdaec1ab44a6fe08959b25f6fb5ce649bd3159,-17.03125
dg_p034_a1,disagreement_gate,80183312b65c9d42b0869e69fceff1199f76e3be0df336643e7630b3d2cef746,-8.0703125
dg_p034_a2,base,80183312b65c9d42b0869e69fceff1199f76e3be0df336643e7630b3d2cef746,-8.0703125
dg_p034_a2,parm_fixed,6b157521afe3a7699e6be95d48921a2c611b53abbfc287c14deca79221554a3d,-10.9375
dg_p034_a2,midpoint,f33a003e3582569fbd9f338be1cdaec1ab44a6fe08959b25f6fb5ce649bd3159,-17.03125
dg_p034_a2,disagreement_gate,80183312b65c9d42b0869e69fceff1199f76e3be0df336643e7630b3d2cef746,-8.0703125
dg_p034_a3,base,80183312b65c9d42b0869e69fceff1199f76e3be0df336643e7630b3d2cef746,-8.0703125
dg_p034_a3,parm_fixed,d5ba1e351513e934c4984efa391f2f98c0f92910ce9f4fda4b1920e1e7b3c3bd,-11.671875
dg_p034_a3,midpoint,f33a003e3582569fbd9f338be1cdaec1ab44a6fe08959b25f6fb5ce649bd3159,-17.03125
dg_p034_a3,disagreement_gate,80183312b65c9d42b0869e69fceff1199f76e3be0df336643e7630b3d2cef746,-8.0703125
dg_p034_a4,base,80183312b65c9d42b0869e69fceff1199f76e3be0df336643e7630b3d2cef746,-8.0703125
dg_p034_a4,parm_fixed,d5ba1e351513e934c4984efa391f2f98c0f92910ce9f4fda4b1920e1e7b3c3bd,-11.671875
dg_p034_a4,midpoint,18e2a3af029ad9a73b1d457975fb41be5bc3b566b365bfa21a3cdbd7e9e4b3eb,-12.5625
dg_p034_a4,disagreement_gate,80183312b65c9d42b0869e69fceff1199f76e3be0df336643e7630b3d2cef746,-8.0703125
dg_p035_a0,base,d3316b6e1fada303f228db24852528003d4f394ba90b99fddaa5fe67f5560534,-8.609375
dg_p035_a0,parm_fixed,321dd681abf4f64210ad46b795af25537c7153252d63ab1f77df313870b1006c,-17.515625
dg_p035_a0,midpoint,95bffc7870cda2903795d6cae48e2cf09c7d30389355324e3dfebc8675731cb4,-11.03125
dg_p035_a0,disagreement_gate,d3316b6e1fada303f228db24852528003d4f394ba90b99fddaa5fe67f5560534,-8.609375
dg_p035_a1,base,d3316b6e1fada303f228db24852528003d4f394ba90b99fddaa5fe67f5560534,-8.609375
dg_p035_a1,parm_fixed,321dd681abf4f64210ad46b795af25537c7153252d63ab1f77df313870b1006c,-17.515625
dg_p035_a1,midpoint,95bffc7870cda2903795d6cae48e2cf09c7d30389355324e3dfebc8675731cb4,-11.03125
dg_p035_a1,disagreement_gate,d3316b6e1fada303f228db24852528003d4f394ba90b99fddaa5fe67f5560534,-8.609375
dg_p035_a2,base,d3316b6e1fada303f228db24852528003d4f394ba90b99fddaa5fe67f5560534,-8.609375
dg_p035_a2,parm_fixed,5b3a50c6e9b1e7c0e690a98507fd35acac8259f23fcff96c1e50b49362350c3f,-13.90625
dg_p035_a2,midpoint,843c600a658bb33aca8ad4798256dabb432d11c9aec49532addd89ab678f6648,-11.84375
dg_p035_a2,disagreement_gate,d3316b6e1fada303f228db24852528003d4f394ba90b99fddaa5fe67f5560534,-8.609375
dg_p035_a3,base,d3316b6e1fada303f228db24852528003d4f394ba90b99fddaa5fe67f5560534,-8.609375
dg_p035_a3,parm_fixed,b16065c91a5e744b2f58827e99af0d9cd0e8e3a4cf7b15b873314effa01c40ac,-13.828125
dg_p035_a3,midpoint,843c600a658bb33aca8ad4798256dabb432d11c9aec49532addd89ab678f6648,-11.84375
dg_p035_a3,disagreement_gate,d3316b6e1fada303f228db24852528003d4f394ba90b99fddaa5fe67f5560534,-8.609375
dg_p035_a4,base,d3316b6e1fada303f228db24852528003d4f394ba90b99fddaa5fe67f5560534,-8.609375
dg_p035_a4,parm_fixed,b16065c91a5e744b2f58827e99af0d9cd0e8e3a4cf7b15b873314effa01c40ac,-13.828125
dg_p035_a4,midpoint,843c600a658bb33aca8ad4798256dabb432d11c9aec49532addd89ab678f6648,-11.84375
dg_p035_a4,disagreement_gate,d3316b6e1fada303f228db24852528003d4f394ba90b99fddaa5fe67f5560534,-8.609375
dg_p036_a0,base,ab57691c352d472c0a469dc449e2d83951719bf1fd910a0b7d48d2772cf22699,-13.1875
dg_p036_a0,parm_fixed,93c42ef485d53bc29547487e75f0faca2b30f0d6612df5b73acf3564c10b7b1a,-12.3046875
dg_p036_a0,midpoint,d6a7fb2c7e455996a9467892d8a1567843bb975dc5533588cf7a6b3ee14d5082,-13.203125
dg_p036_a0,disagreement_gate,ab57691c352d472c0a469dc449e2d83951719bf1fd910a0b7d48d2772cf22699,-13.1875
dg_p036_a1,base,ab57691c352d472c0a469dc449e2d83951719bf1fd910a0b7d48d2772cf22699,-13.1875
dg_p036_a1,parm_fixed,f3c4d8f648aac6bf19c3e22182958eb056acb2cc39254ef123b77b8208d75fde,-13.984375
dg_p036_a1,midpoint,fee1543fd022f2c557e525a5c9c05a1bc35014437afd9c616d1d7cdecbe4ed69,-13.078125
dg_p036_a1,disagreement_gate,ab57691c352d472c0a469dc449e2d83951719bf1fd910a0b7d48d2772cf22699,-13.1875
dg_p036_a2,base,ab57691c352d472c0a469dc449e2d83951719bf1fd910a0b7d48d2772cf22699,-13.1875
dg_p036_a2,parm_fixed,f3c4d8f648aac6bf19c3e22182958eb056acb2cc39254ef123b77b8208d75fde,-13.984375
dg_p036_a2,midpoint,f45dcb5fc1bcf71f3cf9ac9394ec3c9ca08a37ce88a397ecb2459c0116e0b4a4,-15.9140625
dg_p036_a2,disagreement_gate,ab57691c352d472c0a469dc449e2d83951719bf1fd910a0b7d48d2772cf22699,-13.1875
dg_p036_a3,base,ab57691c352d472c0a469dc449e2d83951719bf1fd910a0b7d48d2772cf22699,-13.1875
dg_p036_a3,parm_fixed,42e53521297be1c67ef449e49e0ac2f0cd99f5f4923a16b23021353e85dcc277,-15.53125
dg_p036_a3,midpoint,9ef1d379a87c1790c3a62621e1a960552339d3c9eccfefe30ce3ddfa8c713e03,-5.7109375
dg_p036_a3,disagreement_gate,ab57691c352d472c0a469dc449e2d83951719bf1fd910a0b7d48d2772cf22699,-13.1875
dg_p036_a4,base,ab57691c352d472c0a469dc449e2d83951719bf1fd910a0b7d48d2772cf22699,-13.1875
dg_p036_a4,parm_fixed,42e53521297be1c67ef449e49e0ac2f0cd99f5f4923a16b23021353e85dcc277,-15.53125
dg_p036_a4,midpoint,9ef1d379a87c1790c3a62621e1a960552339d3c9eccfefe30ce3ddfa8c713e03,-5.7109375
dg_p036_a4,disagreement_gate,ab57691c352d472c0a469dc449e2d83951719bf1fd910a0b7d48d2772cf22699,-13.1875
dg_p037_a0,base,8e3f53188ff55afe65ee4c6a2bcfc33756c56a6986fcb13ddba9fe020a16eaf9,-4.5
dg_p037_a0,parm_fixed,81ba18058aca6946f97b5cf0eec711f7a559ea2f0a32ec93ef79ee2cf7cef351,-4.85546875
dg_p037_a0,midpoint,8e3f53188ff55afe65ee4c6a2bcfc33756c56a6986fcb13ddba9fe020a16eaf9,-4.5
dg_p037_a0,disagreement_gate,8e3f53188ff55afe65ee4c6a2bcfc33756c56a6986fcb13ddba9fe020a16eaf9,-4.5
dg_p037_a1,base,8e3f53188ff55afe65ee4c6a2bcfc33756c56a6986fcb13ddba9fe020a16eaf9,-4.5
dg_p037_a1,parm_fixed,c53626a35c89f5afeb781c6e90c1dc8d88a159b809be1db093a908c704ab0ce8,-4.98828125
dg_p037_a1,midpoint,8e3f53188ff55afe65ee4c6a2bcfc33756c56a6986fcb13ddba9fe020a16eaf9,-4.5
dg_p037_a1,disagreement_gate,8e3f53188ff55afe65ee4c6a2bcfc33756c56a6986fcb13ddba9fe020a16eaf9,-4.5
dg_p037_a2,base,8e3f53188ff55afe65ee4c6a2bcfc33756c56a6986fcb13ddba9fe020a16eaf9,-4.5
dg_p037_a2,parm_fixed,a120ced3aaa70bfb0df79ae72592a54bd46ef5ad90e4c894c744f91c27766da5,-4.9453125
dg_p037_a2,midpoint,181af350bc15942db9a738bb3cb2559d9d39273a2d3e0629c2b23a693caa1894,-4.609375
dg_p037_a2,disagreement_gate,8e3f53188ff55afe65ee4c6a2bcfc33756c56a6986fcb13ddba9fe020a16eaf9,-4.5
dg_p037_a3,base,8e3f53188ff55afe65ee4c6a2bcfc33756c56a6986fcb13ddba9fe020a16eaf9,-4.5
dg_p037_a3,parm_fixed,a120ced3aaa70bfb0df79ae72592a54bd46ef5ad90e4c894c744f91c27766da5,-4.9453125
dg_p037_a3,midpoint,181af350bc15942db9a738bb3cb2559d9d39273a2d3e0629c2b23a693caa1894,-4.609375
dg_p037_a3,disagreement_gate,8e3f53188ff55afe65ee4c6a2bcfc33756c56a6986fcb13ddba9fe020a16eaf9,-4.5
dg_p037_a4,base,8e3f53188ff55afe65ee4c6a2bcfc33756c56a6986fcb13ddba9fe020a16eaf9,-4.5
dg_p037_a4,parm_fixed,a120ced3aaa70bfb0df79ae72592a54bd46ef5ad90e4c894c744f91c27766da5,-4.9453125
dg_p037_a4,midpoint,181af350bc15942db9a738bb3cb2559d9d39273a2d3e0629c2b23a693caa1894,-4.609375
dg_p037_a4,disagreement_gate,8e3f53188ff55afe65ee4c6a2bcfc33756c56a6986fcb13ddba9fe020a16eaf9,-4.5
dg_p038_a0,base,2e5e9b4eaae3ae29d699ca84fc24a19b9e8b7b186c58584bbbf669ec8060642b,-9.5078125
dg_p038_a0,parm_fixed,c41f8f2c7131bb1c0cf3a3335f0794c389683f6d56706549ab6d6a0a050e8933,-7.46875
dg_p038_a0,midpoint,c41f8f2c7131bb1c0cf3a3335f0794c389683f6d56706549ab6d6a0a050e8933,-7.46875
dg_p038_a0,disagreement_gate,2e5e9b4eaae3ae29d699ca84fc24a19b9e8b7b186c58584bbbf669ec8060642b,-9.5078125
dg_p038_a1,base,2e5e9b4eaae3ae29d699ca84fc24a19b9e8b7b186c58584bbbf669ec8060642b,-9.5078125
dg_p038_a1,parm_fixed,e4e7ad3a598422a1e22f1d346a3cbf00bb45d2155201e6e6a7ef1805014369f7,-7.94921875
dg_p038_a1,midpoint,c41f8f2c7131bb1c0cf3a3335f0794c389683f6d56706549ab6d6a0a050e8933,-7.46875
dg_p038_a1,disagreement_gate,2e5e9b4eaae3ae29d699ca84fc24a19b9e8b7b186c58584bbbf669ec8060642b,-9.5078125
dg_p038_a2,base,2e5e9b4eaae3ae29d699ca84fc24a19b9e8b7b186c58584bbbf669ec8060642b,-9.5078125
dg_p038_a2,parm_fixed,bf144d2f8386c2d3b68fa5d4033c3bd9533a4f27b24907064a447deb330867e6,-7.98828125
dg_p038_a2,midpoint,fb25bfa16a407b82bbae9df4821d5493bf90af3d9694271f95e0438ecb550289,-7.21484375
dg_p038_a2,disagreement_gate,2e5e9b4eaae3ae29d699ca84fc24a19b9e8b7b186c58584bbbf669ec8060642b,-9.5078125
dg_p038_a3,base,2e5e9b4eaae3ae29d699ca84fc24a19b9e8b7b186c58584bbbf669ec8060642b,-9.5078125
dg_p038_a3,parm_fixed,91ee8f4bb0ff770090262617a4d76f671a9881354ec4376a6691738a7f2b808b,-12.765625
dg_p038_a3,midpoint,14b0ec2484fbd286d9d046813105107344a3a75be3b019b810f8656b19457185,-10.78125
dg_p038_a3,disagreement_gate,2e5e9b4eaae3ae29d699ca84fc24a19b9e8b7b186c58584bbbf669ec8060642b,-9.5078125
dg_p038_a4,base,2e5e9b4eaae3ae29d699ca84fc24a19b9e8b7b186c58584bbbf669ec8060642b,-9.5078125
dg_p038_a4,parm_fixed,91ee8f4bb0ff770090262617a4d76f671a9881354ec4376a6691738a7f2b808b,-12.765625
dg_p038_a4,midpoint,14b0ec2484fbd286d9d046813105107344a3a75be3b019b810f8656b19457185,-10.78125
dg_p038_a4,disagreement_gate,2e5e9b4eaae3ae29d699ca84fc24a19b9e8b7b186c58584bbbf669ec8060642b,-9.5078125
dg_p039_a0,base,2a755756f22f3e6a7099f31c6956ea0e8ed910739ffd224c58c8dcbdce6696b5,9.4375
dg_p039_a0,parm_fixed,469777f598cb141f2f78b5e09e479ca308913979a756bde3a949fdb5073994a5,10.3984375
dg_p039_a0,midpoint,1961e7eee12e7563c638ed98f67711439edea6fbd529fe265f2e022baf41368f,20.953125
dg_p039_a0,disagreement_gate,2a755756f22f3e6a7099f31c6956ea0e8ed910739ffd224c58c8dcbdce6696b5,9.4375
dg_p039_a1,base,2a755756f22f3e6a7099f31c6956ea0e8ed910739ffd224c58c8dcbdce6696b5,9.4375
dg_p039_a1,parm_fixed,3cf551d30ac8f60447d84f0d93ae534d1beae5a3d259bfe5e9005fb22c2e9949,12.84375
dg_p039_a1,midpoint,9af7d0356c24a92149c906f3d437c814943619cf5d3a9783d93dc38c68319989,23.421875
dg_p039_a1,disagreement_gate,2a755756f22f3e6a7099f31c6956ea0e8ed910739ffd224c58c8dcbdce6696b5,9.4375
dg_p039_a2,base,2a755756f22f3e6a7099f31c6956ea0e8ed910739ffd224c58c8dcbdce6696b5,9.4375
dg_p039_a2,parm_fixed,f00664119cb9679f9f5ed80b7ef0fa3ca21e14e4643aacc8fc6ffe0b8d43e79a,10.328125
dg_p039_a2,midpoint,888343f79d4f713205a8e7551f52dfcdeb29a51abbcc4770734fc9ce49639f67,15.546875
dg_p039_a2,disagreement_gate,2a755756f22f3e6a7099f31c6956ea0e8ed910739ffd224c58c8dcbdce6696b5,9.4375
dg_p039_a3,base,2a755756f22f3e6a7099f31c6956ea0e8ed910739ffd224c58c8dcbdce6696b5,9.4375
dg_p039_a3,parm_fixed,3d1218db2a7568236d420e84baff8416ee71b18b9734c699c949cdf519d7d381,12.8203125
dg_p039_a3,midpoint,888343f79d4f713205a8e7551f52dfcdeb29a51abbcc4770734fc9ce49639f67,15.546875
dg_p039_a3,disagreement_gate,2a755756f22f3e6a7099f31c6956ea0e8ed910739ffd224c58c8dcbdce6696b5,9.4375
dg_p039_a4,base,2a755756f22f3e6a7099f31c6956ea0e8ed910739ffd224c58c8dcbdce6696b5,9.4375
dg_p039_a4,parm_fixed,8474a885464a1817d1476efec03bb2c1523081150c91da712b41b2c6cf2440e8,10.8125
dg_p039_a4,midpoint,888343f79d4f713205a8e7551f52dfcdeb29a51abbcc4770734fc9ce49639f67,15.546875
dg_p039_a4,disagreement_gate,2a755756f22f3e6a7099f31c6956ea0e8ed910739ffd224c58c8dcbdce6696b5,9.4375
dg_p040_a0,base,b8eb308e8666485afbabd4588d06765b5ee0acb154cc83b4b045a334301bf3e1,6.78515625
dg_p040_a0,parm_fixed,cf9ded5349856502be9a0da3c1e4b4b65d15a407ad08547f425622cdccbdb9e9,22.59375
dg_p040_a0,midpoint,34aee15fbb6bd98fb4055f32615543f5a19bcdefaaa466eb834e2aa3e805eced,10.515625
dg_p040_a0,disagreement_gate,b8eb308e8666485afbabd4588d06765b5ee0acb154cc83b4b045a334301bf3e1,6.78515625
dg_p040_a1,base,b8eb308e8666485afbabd4588d06765b5ee0acb154cc83b4b045a334301bf3e1,6.78515625
dg_p040_a1,parm_fixed,48eb90c303b1a9af88ccb04f4c99a496b3eb85d4b321f654851d29dabd8d4ea1,25.140625
dg_p040_a1,midpoint,9b5f4c5e4106a1ac4cde0cce7339bd52c9859637e1699f3378fef90027a9b0d7,11.0234375
dg_p040_a1,disagreement_gate,b8eb308e8666485afbabd4588d06765b5ee0acb154cc83b4b045a334301bf3e1,6.78515625
dg_p040_a2,base,b8eb308e8666485afbabd4588d06765b5ee0acb154cc83b4b045a334301bf3e1,6.78515625
dg_p040_a2,parm_fixed,41a8f70991bb0b165da13b6b9b7edc0f747906a58338b8b810302cdc65f0bb3e,17.859375
dg_p040_a2,midpoint,68135fc1185f2b42e1ed8aba20764d108cfe9ca06b0a3e22d8d1f5050b7cfcef,8.375
dg_p040_a2,disagreement_gate,b8eb308e8666485afbabd4588d06765b5ee0acb154cc83b4b045a334301bf3e1,6.78515625
dg_p040_a3,base,b8eb308e8666485afbabd4588d06765b5ee0acb154cc83b4b045a334301bf3e1,6.78515625
dg_p040_a3,parm_fixed,57a793edcc3497cb457a5d43b74b826d11a49baed8685e88ccf1c4f592e5e176,-7.55859375
dg_p040_a3,midpoint,68135fc1185f2b42e1ed8aba20764d108cfe9ca06b0a3e22d8d1f5050b7cfcef,8.375
dg_p040_a3,disagreement_gate,b8eb308e8666485afbabd4588d06765b5ee0acb154cc83b4b045a334301bf3e1,6.78515625
dg_p040_a4,base,b8eb308e8666485afbabd4588d06765b5ee0acb154cc83b4b045a334301bf3e1,6.78515625
dg_p040_a4,parm_fixed,8858b81edb50c550f178239719ff6a7c57797a1b2b6546937a2bd40b1d212736,12.7109375
dg_p040_a4,midpoint,e9e4c3104dffaa3b3bc83311970cc192812041b11aca375d3ab6e332a7783e0e,-5.39453125
dg_p040_a4,disagreement_gate,b8eb308e8666485afbabd4588d06765b5ee0acb154cc83b4b045a334301bf3e1,6.78515625
dg_p041_a0,base,5517e4c326e9d0e4e386dbdf516d26462a353a34e39769e48a53939749c34d6d,15.9296875
dg_p041_a0,parm_fixed,0c4b7e5f0d3f70488d4fedbfe5314810ada817dabae9b9fc35df3bdba77dfa52,21.75
dg_p041_a0,midpoint,d39d4e8e02700aac1326d62767d78576707ebd8232553c64de7b0db050727c0d,13.0859375
dg_p041_a0,disagreement_gate,5517e4c326e9d0e4e386dbdf516d26462a353a34e39769e48a53939749c34d6d,15.9296875
dg_p041_a1,base,5517e4c326e9d0e4e386dbdf516d26462a353a34e39769e48a53939749c34d6d,15.9296875
dg_p041_a1,parm_fixed,518d22a639b485d99c55cb8c660eaa0ea42473dfc64f85594b13142b77833dbf,20.53125
dg_p041_a1,midpoint,ca8a99e3062908e135f2bffccdfa5e0edae940ab48d91dd80ae5343f15cbf3e6,21.5
dg_p041_a1,disagreement_gate,5517e4c326e9d0e4e386dbdf516d26462a353a34e39769e48a53939749c34d6d,15.9296875
dg_p041_a2,base,5517e4c326e9d0e4e386dbdf516d26462a353a34e39769e48a53939749c34d6d,15.9296875
dg_p041_a2,parm_fixed,c8c709f0ecd6343465ca89253199f74f4922c83a622c39274ea9ccae992b530a,17.75
dg_p041_a2,midpoint,d3b289807cc33acc56d61ca9146dcdf2dfa69911d4f277acb4e2ccf57cf1727f,23.734375
dg_p041_a2,disagreement_gate,5517e4c326e9d0e4e386dbdf516d26462a353a34e39769e48a53939749c34d6d,15.9296875
dg_p041_a3,base,5517e4c326e9d0e4e386dbdf516d26462a353a34e39769e48a53939749c34d6d,15.9296875
dg_p041_a3,parm_fixed,ed18ffd5900d00298527e1bc2fca67c1a92f8659a387d4af34359b8b99e0b463,18.9375
dg_p041_a3,midpoint,e2e74c74b458f8b7791f3cb4a8ccc3cbc1a1b4146c8e654ac8eac4f48b64571d,20.25
dg_p041_a3,disagreement_gate,5517e4c326e9d0e4e386dbdf516d26462a353a34e39769e48a53939749c34d6d,15.9296875
dg_p041_a4,base,5517e4c326e9d0e4e386dbdf516d26462a353a34e39769e48a53939749c34d6d,15.9296875
dg_p041_a4,parm_fixed,68b939a39d53b892e324074f306ef79eea7c5b772b1905967fe0e203b3246291,20.125
dg_p041_a4,midpoint,46dceb78f94879b623068f1f76f92b75f4baee361999a44bff43976044aa8646,12.9453125
dg_p041_a4,disagreement_gate,5517e4c326e9d0e4e386dbdf516d26462a353a34e39769e48a53939749c34d6d,15.9296875
dg_p042_a0,base,5ff17dbdd16bf1f0edbb78993d05a0addecffd1196b68336c7d4429a6d15f9a0,-13.3828125
dg_p042_a0,parm_fixed,1be8dd1ffa7bcf4efec0512cb6ca288c50ba84afa147a59f4473c6cdc95bd889,8.1328125
dg_p042_a0,midpoint,b329b79ca29cfeb8e7c62b9a4aeb14a3c9d19e48edffcf1f743517db51e2f8c4,10.5390625
dg_p042_a0,disagreement_gate,5ff17dbdd16bf1f0edbb78993d05a0addecffd1196b68336c7d4429a6d15f9a0,-13.3828125
dg_p042_a1,base,5ff17dbdd16bf1f0edbb78993d05a0addecffd1196b68336c7d4429a6d15f9a0,-13.3828125
dg_p042_a1,parm_fixed,1be8dd1ffa7bcf4efec0512cb6ca288c50ba84afa147a59f4473c6cdc95bd889,8.1328125
dg_p042_a1,midpoint,b329b79ca29cfeb8e7c62b9a4aeb14a3c9d19e48edffcf1f743517db51e2f8c4,10.5390625
dg_p042_a1,disagreement_gate,5ff17dbdd16bf1f0edbb78993d05a0addecffd1196b68336c7d4429a6d15f9a0,-13.3828125
dg_p042_a2,base,5ff17dbdd16bf1f0edbb78993d05a0addecffd1196b68336c7d4429a6d15f9a0,-13.3828125
dg_p042_a2,parm_fixed,1be8dd1ffa7bcf4efec0512cb6ca288c50ba84afa147a59f4473c6cdc95bd889,8.1328125
dg_p042_a2,midpoint,b329b79ca29cfeb8e7c62b9a4aeb14a3c9d19e48edffcf1f743517db51e2f8c4,10.5390625
dg_p042_a2,disagreement_gate,5ff17dbdd16bf1f0edbb78993d05a0addecffd1196b68336c7d4429a6d15f9a0,-13.3828125
dg_p042_a3,base,5ff17dbdd16bf1f0edbb78993d05a0addecffd1196b68336c7d4429a6d15f9a0,-13.3828125
dg_p042_a3,parm_fixed,1be8dd1ffa7bcf4efec0512cb6ca288c50ba84afa147a59f4473c6cdc95bd889,8.1328125
dg_p042_a3,midpoint,b329b79ca29cfeb8e7c62b9a4aeb14a3c9d19e48edffcf1f743517db51e2f8c4,10.5390625
dg_p042_a3,disagreement_gate,5ff17dbdd16bf1f0edbb78993d05a0addecffd1196b68336c7d4429a6d15f9a0,-13.3828125
dg_p042_a4,base,5ff17dbdd16bf1f0edbb78993d05a0addecffd1196b68336c7d4429a6d15f9a0,-13.3828125
dg_p042_a4,parm_fixed,1be8dd1ffa7bcf4efec0512cb6ca288c50ba84afa147a59f4473c6cdc95bd889,8.1328125
dg_p042_a4,midpoint,3137f2a3099bf0a324d1c1e691e861cf01a5bbbc3383740065ed8c83791635bc,11.375
dg_p042_a4,disagreement_gate,5ff17dbdd16bf1f0edbb78993d05a0addecffd1196b68336c7d4429a6d15f9a0,-13.3828125
dg_p043_a0,base,9f2f3326d4fe444a09a3ae7c97afcaafafc3e8b21c24874b71b6d8c040dbc8b6,-12.609375
dg_p043_a0,parm_fixed,9aa533ff16bd99d9f8ce1f8aa1f1d815e8d31b1eeaee97380b04f9601e1b37ac,-13.796875
dg_p043_a0,midpoint,0d365aa87a32b354600aaa7849954943f635e373ddf787c55c7161de307dbd4b,-19.078125
dg_p043_a0,disagreement_gate,9f2f3326d4fe444a09a3ae7c97afcaafafc3e8b21c24874b71b6d8c040dbc8b6,-12.609375
dg_p043_a1,base,9f2f3326d4fe444a09a3ae7c97afcaafafc3e8b21c24874b71b6d8c040dbc8b6,-12.609375
dg_p043_a1,parm_fixed,c9d4ffdd007f4ce6c6ab6467b0aa659558c59296ab6b7f4d1e5f069adee569c8,-9.8125
dg_p043_a1,midpoint,0d365aa87a32b354600aaa7849954943f635e373ddf787c55c7161de307dbd4b,-19.078125
dg_p043_a1,disagreement_gate,9f2f3326d4fe444a09a3ae7c97afcaafafc3e8b21c24874b71b6d8c040dbc8b6,-12.609375
dg_p043_a2,base,9f2f3326d4fe444a09a3ae7c97afcaafafc3e8b21c24874b71b6d8c040dbc8b6,-12.609375
dg_p043_a2,parm_fixed,3501c2d3a4f76186b0bc59b1038d0a507886c9f929b50c52ca256150cf7c8f24,-11.9453125
dg_p043_a2,midpoint,0d365aa87a32b354600aaa7849954943f635e373ddf787c55c7161de307dbd4b,-19.078125
dg_p043_a2,disagreement_gate,9f2f3326d4fe444a09a3ae7c97afcaafafc3e8b21c24874b71b6d8c040dbc8b6,-12.609375
dg_p043_a3,base,9f2f3326d4fe444a09a3ae7c97afcaafafc3e8b21c24874b71b6d8c040dbc8b6,-12.609375
dg_p043_a3,parm_fixed,6b75d8e4086b6830dd03c2d5d9f8aa635bbbef3b374a35a7c640c6cbd473a810,-10.21875
dg_p043_a3,midpoint,fbb305f6049e470772125742711a6baa023ed85f278d87fa52db1e2e11f62c47,-10.78125
dg_p043_a3,disagreement_gate,9f2f3326d4fe444a09a3ae7c97afcaafafc3e8b21c24874b71b6d8c040dbc8b6,-12.609375
dg_p043_a4,base,9f2f3326d4fe444a09a3ae7c97afcaafafc3e8b21c24874b71b6d8c040dbc8b6,-12.609375
dg_p043_a4,parm_fixed,6b75d8e4086b6830dd03c2d5d9f8aa635bbbef3b374a35a7c640c6cbd473a810,-10.21875
dg_p043_a4,midpoint,96e5e1909cab221d2cd130993d9b456dbadb18f0474f6aaa3639e92577418fd1,-10.046875
dg_p043_a4,disagreement_gate,9f2f3326d4fe444a09a3ae7c97afcaafafc3e8b21c24874b71b6d8c040dbc8b6,-12.609375
dg_p044_a0,base,414a2e0b4b18398524ebd67a336977036adbc670e2293d9406d1e760937b79be,-8.859375
dg_p044_a0,parm_fixed,ed536273d0bf083db141617baf5ff6cd500c96b49e4e35f71b5a677b91b9d743,-4.2890625
dg_p044_a0,midpoint,894c27907ee56211a6b2afd2adbe372cc0d0624266aa6e22a26391a86e7d6a0b,-2.515625
dg_p044_a0,disagreement_gate,414a2e0b4b18398524ebd67a336977036adbc670e2293d9406d1e760937b79be,-8.859375
dg_p044_a1,base,414a2e0b4b18398524ebd67a336977036adbc670e2293d9406d1e760937b79be,-8.859375
dg_p044_a1,parm_fixed,894c27907ee56211a6b2afd2adbe372cc0d0624266aa6e22a26391a86e7d6a0b,-2.515625
dg_p044_a1,midpoint,bcf61fb92507f5c62d1e1a1ade145077f0b3e23d1656ecb785a2f19d7b20984d,-1.5732421875
dg_p044_a1,disagreement_gate,414a2e0b4b18398524ebd67a336977036adbc670e2293d9406d1e760937b79be,-8.859375
dg_p044_a2,base,414a2e0b4b18398524ebd67a336977036adbc670e2293d9406d1e760937b79be,-8.859375
dg_p044_a2,parm_fixed,894c27907ee56211a6b2afd2adbe372cc0d0624266aa6e22a26391a86e7d6a0b,-2.515625
dg_p044_a2,midpoint,bcf61fb92507f5c62d1e1a1ade145077f0b3e23d1656ecb785a2f19d7b20984d,-1.5732421875
dg_p044_a2,disagreement_gate,414a2e0b4b18398524ebd67a336977036adbc670e2293d9406d1e760937b79be,-8.859375
dg_p044_a3,base,414a2e0b4b18398524ebd67a336977036adbc670e2293d9406d1e760937b79be,-8.859375
dg_p044_a3,parm_fixed,894c27907ee56211a6b2afd2adbe372cc0d0624266aa6e22a26391a86e7d6a0b,-2.515625
dg_p044_a3,midpoint,bcf61fb92507f5c62d1e1a1ade145077f0b3e23d1656ecb785a2f19d7b20984d,-1.5732421875
dg_p044_a3,disagreement_gate,414a2e0b4b18398524ebd67a336977036adbc670e2293d9406d1e760937b79be,-8.859375
dg_p044_a4,base,414a2e0b4b18398524ebd67a336977036adbc670e2293d9406d1e760937b79be,-8.859375
dg_p044_a4,parm_fixed,894c27907ee56211a6b2afd2adbe372cc0d0624266aa6e22a26391a86e7d6a0b,-2.515625
dg_p044_a4,midpoint,bcf61fb92507f5c62d1e1a1ade145077f0b3e23d1656ecb785a2f19d7b20984d,-1.5732421875
dg_p044_a4,disagreement_gate,414a2e0b4b18398524ebd67a336977036adbc670e2293d9406d1e760937b79be,-8.859375
dg_p045_a0,base,683485ddcd28186b56c222ffe9860ba710b0785026be4c50c5558deb7e32fd4f,-3.025390625
dg_p045_a0,parm_fixed,1003ce3a5f73ba62158f1ce8dd19469b1d2cf8e84d8085f1c24e095a74138f03,-1.9833984375
dg_p045_a0,midpoint,034fb2078e7ca1b100a85114037b2674cb90fa10c0d0d882dc6f7ab7a19ac562,-4.171875
dg_p045_a0,disagreement_gate,683485ddcd28186b56c222ffe9860ba710b0785026be4c50c5558deb7e32fd4f,-3.025390625
dg_p045_a1,base,683485ddcd28186b56c222ffe9860ba710b0785026be4c50c5558deb7e32fd4f,-3.025390625
dg_p045_a1,parm_fixed,fb22065999e19d1f7f6f0b3239945875833a471329b82bbec348f32b9010d2a5,-5.58984375
dg_p045_a1,midpoint,034fb2078e7ca1b100a85114037b2674cb90fa10c0d0d882dc6f7ab7a19ac562,-4.171875
dg_p045_a1,disagreement_gate,683485ddcd28186b56c222ffe9860ba710b0785026be4c50c5558deb7e32fd4f,-3.025390625
dg_p045_a2,base,683485ddcd28186b56c222ffe9860ba710b0785026be4c50c5558deb7e32fd4f,-3.025390625
dg_p045_a2,parm_fixed,880295786d75a6790e867d5a489833b35ebcd74d03b463edbf48f8cf3baab999,-2.43359375
dg_p045_a2,midpoint,034fb2078e7ca1b100a85114037b2674cb90fa10c0d0d882dc6f7ab7a19ac562,-4.171875
dg_p045_a2,disagreement_gate,683485ddcd28186b56c222ffe9860ba710b0785026be4c50c5558deb7e32fd4f,-3.025390625
dg_p045_a3,base,683485ddcd28186b56c222ffe9860ba710b0785026be4c50c5558deb7e32fd4f,-3.025390625
dg_p045_a3,parm_fixed,880295786d75a6790e867d5a489833b35ebcd74d03b463edbf48f8cf3baab999,-2.43359375
dg_p045_a3,midpoint,95eaa74ab346f556b9cbae4cb85124fe11587d760cdebf64622e64d15d877849,-0.33984375
dg_p045_a3,disagreement_gate,683485ddcd28186b56c222ffe9860ba710b0785026be4c50c5558deb7e32fd4f,-3.025390625
dg_p045_a4,base,683485ddcd28186b56c222ffe9860ba710b0785026be4c50c5558deb7e32fd4f,-3.025390625
dg_p045_a4,parm_fixed,dd2c182843fa949b266414c1b937f88b4267d9418080fae9e812cd77e48b67d3,-3.134765625
dg_p045_a4,midpoint,ed961fbe76b7c4e755697a185c35e5bd905dce4f370636d2bab2a4a81ed5266c,-4.62890625
dg_p045_a4,disagreement_gate,683485ddcd28186b56c222ffe9860ba710b0785026be4c50c5558deb7e32fd4f,-3.025390625
dg_p046_a0,base,743c7b8c9ac850574c3ca43d4463182713fe74db10e4006c9ec7c7fa9dd501aa,-7.65625
dg_p046_a0,parm_fixed,8b3ba25137e2bdf157eba094cb3e91b4a01ce765fca5785310327e01c2e8c348,5.52734375
dg_p046_a0,midpoint,dcae7e3670e0b67cc7ed081ee11493e221b289b947a7d66a2cebaa94031ad4ce,3.533203125
dg_p046_a0,disagreement_gate,743c7b8c9ac850574c3ca43d4463182713fe74db10e4006c9ec7c7fa9dd501aa,-7.65625
dg_p046_a1,base,743c7b8c9ac850574c3ca43d4463182713fe74db10e4006c9ec7c7fa9dd501aa,-7.65625
dg_p046_a1,parm_fixed,6395147f086bf8904195a1fdd4bb6be80294694a4d59f050f88a17f13f7fbb4d,2.796875
dg_p046_a1,midpoint,dcae7e3670e0b67cc7ed081ee11493e221b289b947a7d66a2cebaa94031ad4ce,3.533203125
dg_p046_a1,disagreement_gate,743c7b8c9ac850574c3ca43d4463182713fe74db10e4006c9ec7c7fa9dd501aa,-7.65625
dg_p046_a2,base,743c7b8c9ac850574c3ca43d4463182713fe74db10e4006c9ec7c7fa9dd501aa,-7.65625
dg_p046_a2,parm_fixed,9d38df4f4a329249506a8ac6f3432479f25ae98b8ab2a274ff8cc8d47242d77a,1.9609375
dg_p046_a2,midpoint,72680725dbb0fa006b6d4fdbeaa45495cf16b968427bee9fb264a975d12564b4,3.064453125
dg_p046_a2,disagreement_gate,743c7b8c9ac850574c3ca43d4463182713fe74db10e4006c9ec7c7fa9dd501aa,-7.65625
dg_p046_a3,base,743c7b8c9ac850574c3ca43d4463182713fe74db10e4006c9ec7c7fa9dd501aa,-7.65625
dg_p046_a3,parm_fixed,2e8d1ff3f99dacd9f0616481b845f691d3d41fb854ba460e5f2e762d3538e235,1.552734375
dg_p046_a3,midpoint,72680725dbb0fa006b6d4fdbeaa45495cf16b968427bee9fb264a975d12564b4,3.064453125
dg_p046_a3,disagreement_gate,743c7b8c9ac850574c3ca43d4463182713fe74db10e4006c9ec7c7fa9dd501aa,-7.65625
dg_p046_a4,base,743c7b8c9ac850574c3ca43d4463182713fe74db10e4006c9ec7c7fa9dd501aa,-7.65625
dg_p046_a4,parm_fixed,c39b687dd158624317c5199a22e4e021e316974d5ce578081cc1030f5d641bc3,0.9365234375
dg_p046_a4,midpoint,72680725dbb0fa006b6d4fdbeaa45495cf16b968427bee9fb264a975d12564b4,3.064453125
dg_p046_a4,disagreement_gate,743c7b8c9ac850574c3ca43d4463182713fe74db10e4006c9ec7c7fa9dd501aa,-7.65625
dg_p047_a0,base,8fe2ff8032d875bc3f1ad624cb499f581f00a9e95ddbc1f6e6138775f7aacf79,-1.9814453125
dg_p047_a0,parm_fixed,440b8868f283c78aaefcb1c2bf74602678c6fac16c8fba188086beaeac3b6ae5,14.2578125
dg_p047_a0,midpoint,491ee6f2a69a3a5b4835a697715152407ab30df0c3114a827e36dc049eae2704,11.9921875
dg_p047_a0,disagreement_gate,8fe2ff8032d875bc3f1ad624cb499f581f00a9e95ddbc1f6e6138775f7aacf79,-1.9814453125
dg_p047_a1,base,8fe2ff8032d875bc3f1ad624cb499f581f00a9e95ddbc1f6e6138775f7aacf79,-1.9814453125
dg_p047_a1,parm_fixed,aa2f62e7878e1b371b3cfa3618080a038c2ac1240749a818c2426865930f7cc4,8.109375
dg_p047_a1,midpoint,3d758de80bdbdac91da33515f2fd5b6e6b4b1ed38e3fb557f8644f598659daa7,-10.28125
dg_p047_a1,disagreement_gate,8fe2ff8032d875bc3f1ad624cb499f581f00a9e95ddbc1f6e6138775f7aacf79,-1.9814453125
dg_p047_a2,base,8fe2ff8032d875bc3f1ad624cb499f581f00a9e95ddbc1f6e6138775f7aacf79,-1.9814453125
dg_p047_a2,parm_fixed,d83fc7df41419455297521c84e9293ea447848c6bdc57e2dceac9905a28abca2,14.8359375
dg_p047_a2,midpoint,fa6189462eeffebdb5abb808b35a735e6f6d10830136f5fbbe1903bdf8f2d926,-10.6640625
dg_p047_a2,disagreement_gate,8fe2ff8032d875bc3f1ad624cb499f581f00a9e95ddbc1f6e6138775f7aacf79,-1.9814453125
dg_p047_a3,base,8fe2ff8032d875bc3f1ad624cb499f581f00a9e95ddbc1f6e6138775f7aacf79,-1.9814453125
dg_p047_a3,parm_fixed,99f8cd30ce6e725b730984ea829850bbe3c114d96be002f71bbe177f81ada90b,6.44921875
dg_p047_a3,midpoint,5aac24e417f87cc2480eea59d10d47153e415021f00b432007678d0a7f222b4e,3.96875
dg_p047_a3,disagreement_gate,8fe2ff8032d875bc3f1ad624cb499f581f00a9e95ddbc1f6e6138775f7aacf79,-1.9814453125
dg_p047_a4,base,8fe2ff8032d875bc3f1ad624cb499f581f00a9e95ddbc1f6e6138775f7aacf79,-1.9814453125
dg_p047_a4,parm_fixed,501b01ec94c31d3fbadf7b304602515284d58f685bb0e04707fac14036c35828,15.59375
dg_p047_a4,midpoint,e5949564eff1aceb39d9317b2ce256a45a2a6878fc188d2ce289fe423f6edb64,13.2734375
dg_p047_a4,disagreement_gate,8fe2ff8032d875bc3f1ad624cb499f581f00a9e95ddbc1f6e6138775f7aacf79,-1.9814453125
dg_p048_a0,base,0b4289fa9af30cfc2b2b89fa5ba8c65fc03635533dd7a818b223c54fd23c3768,13.6484375
dg_p048_a0,parm_fixed,e48291c634e4bd110c82a082247ba00fb98b6f37c16afb162c634b851a28940c,9.8828125
dg_p048_a0,midpoint,245eb05c49e5173d2329f55e6f1171d5e2c8b162444cef3c6372fc1e5f9702c5,6.8125
dg_p048_a0,disagreement_gate,0b4289fa9af30cfc2b2b89fa5ba8c65fc03635533dd7a818b223c54fd23c3768,13.6484375
dg_p048_a1,base,0b4289fa9af30cfc2b2b89fa5ba8c65fc03635533dd7a818b223c54fd23c3768,13.6484375
dg_p048_a1,parm_fixed,6b9291e4a9bb8006a51bebb000592505847a6f4b866ffbc37c84414271abe0b7,9.3515625
dg_p048_a1,midpoint,245eb05c49e5173d2329f55e6f1171d5e2c8b162444cef3c6372fc1e5f9702c5,6.8125
dg_p048_a1,disagreement_gate,0b4289fa9af30cfc2b2b89fa5ba8c65fc03635533dd7a818b223c54fd23c3768,13.6484375
dg_p048_a2,base,0b4289fa9af30cfc2b2b89fa5ba8c65fc03635533dd7a818b223c54fd23c3768,13.6484375
dg_p048_a2,parm_fixed,1b6272409fcb37ee7d530ac1fed599eb4da66d87f3ac761882610cbb2634f667,11.4765625
dg_p048_a2,midpoint,e55b2812ab2ad06dab03399d75bb2b9dc7ad735fbfa1bd4ce353c8393e59b933,8.1328125
dg_p048_a2,disagreement_gate,0b4289fa9af30cfc2b2b89fa5ba8c65fc03635533dd7a818b223c54fd23c3768,13.6484375
dg_p048_a3,base,0b4289fa9af30cfc2b2b89fa5ba8c65fc03635533dd7a818b223c54fd23c3768,13.6484375
dg_p048_a3,parm_fixed,f1b30082c2e9fca3c36f2996cf090bd4dd51c05a200f51fd1ef5bd53c840652c,8.515625
dg_p048_a3,midpoint,21616f4e457bddb0a480c9ecedb540d70b8f46864679a66c6def35eb37f65160,5.98828125
dg_p048_a3,disagreement_gate,0b4289fa9af30cfc2b2b89fa5ba8c65fc03635533dd7a818b223c54fd23c3768,13.6484375
dg_p048_a4,base,0b4289fa9af30cfc2b2b89fa5ba8c65fc03635533dd7a818b223c54fd23c3768,13.6484375
dg_p048_a4,parm_fixed,f9f2db7c84c5bc147eecae15504b8f7f0d2b50bdde0cb2774db7288496b1173c,15.015625
dg_p048_a4,midpoint,21616f4e457bddb0a480c9ecedb540d70b8f46864679a66c6def35eb37f65160,5.98828125
dg_p048_a4,disagreement_gate,0b4289fa9af30cfc2b2b89fa5ba8c65fc03635533dd7a818b223c54fd23c3768,13.6484375
dg_p049_a0,base,693aa0eb4036612534aa5780abf6efb7118adf732261bb032b06a152572d2d18,1.427734375
dg_p049_a0,parm_fixed,733d91cfb0e78bfeae894f1b62bf6b25059ca8c45359499adaa0f3791b51d291,-9.171875
dg_p049_a0,midpoint,6ecb7f76868370589200f681bad2646f78e162f1e62e7927e2b8199e9240bfd6,0.42431640625
dg_p049_a0,disagreement_gate,693aa0eb4036612534aa5780abf6efb7118adf732261bb032b06a152572d2d18,1.427734375
dg_p049_a1,base,693aa0eb4036612534aa5780abf6efb7118adf732261bb032b06a152572d2d18,1.427734375
dg_p049_a1,parm_fixed,733d91cfb0e78bfeae894f1b62bf6b25059ca8c45359499adaa0f3791b51d291,-9.171875
dg_p049_a1,midpoint,eb4ea1d90038dad3901cdc87395da721140cf2bc7719d800dada824875cb2c8e,-5.90234375
dg_p049_a1,disagreement_gate,693aa0eb4036612534aa5780abf6efb7118adf732261bb032b06a152572d2d18,1.427734375
dg_p049_a2,base,693aa0eb4036612534aa5780abf6efb7118adf732261bb032b06a152572d2d18,1.427734375
dg_p049_a2,parm_fixed,bee560ed07721123ef864370cc40f94ba9c81c5c5d25761f3ea3dcb861171dd1,-11.046875
dg_p049_a2,midpoint,b7f9e13e6cc292dcc9b17095098f5ea79a0baaa540ada3b24dd2d0af3e00c354,-1.005859375
dg_p049_a2,disagreement_gate,693aa0eb4036612534aa5780abf6efb7118adf732261bb032b06a152572d2d18,1.427734375
dg_p049_a3,base,693aa0eb4036612534aa5780abf6efb7118adf732261bb032b06a152572d2d18,1.427734375
dg_p049_a3,parm_fixed,6276d08aad6844298a6581be31d17951fd9ebcd4bf6e4d6d711ac57fc22e3ad9,-10.3359375
dg_p049_a3,midpoint,b8cc15220782142a916dbb09c2c93d87e9d4f6de07ce092fc573ce5d76893ac3,-3.185546875
dg_p049_a3,disagreement_gate,693aa0eb4036612534aa5780abf6efb7118adf732261bb032b06a152572d2d18,1.427734375
dg_p049_a4,base,693aa0eb4036612534aa5780abf6efb7118adf732261bb032b06a152572d2d18,1.427734375
dg_p049_a4,parm_fixed,57c22f563303d7f73cce7bfe943c1cc5624eb8aea24bcc43dc978a0b05460aa3,-8.234375
dg_p049_a4,midpoint,6ecb7f76868370589200f681bad2646f78e162f1e62e7927e2b8199e9240bfd6,0.42431640625
dg_p049_a4,disagreement_gate,693aa0eb4036612534aa5780abf6efb7118adf732261bb032b06a152572d2d18,1.427734375
dg_p050_a0,base,29e84083b1ad8977129bfbc51887e6bac885413bfba2809e1642c0eab8460e6c,-1.041015625
dg_p050_a0,parm_fixed,fd39708bbd11cb2fe9a8eac6f7dcc6334df77abf0a03c088fb381e69bc6bcab1,-11.8984375
dg_p050_a0,midpoint,a956575018c0ec591b8bd12e135dcb5351ff94bbfccd94369ac4094e5ef0b206,-4.8671875
dg_p050_a0,disagreement_gate,29e84083b1ad8977129bfbc51887e6bac885413bfba2809e1642c0eab8460e6c,-1.041015625
dg_p050_a1,base,29e84083b1ad8977129bfbc51887e6bac885413bfba2809e1642c0eab8460e6c,-1.041015625
dg_p050_a1,parm_fixed,fd39708bbd11cb2fe9a8eac6f7dcc6334df77abf0a03c088fb381e69bc6bcab1,-11.8984375
dg_p050_a1,midpoint,a956575018c0ec591b8bd12e135dcb5351ff94bbfccd94369ac4094e5ef0b206,-4.8671875
dg_p050_a1,disagreement_gate,29e84083b1ad8977129bfbc51887e6bac885413bfba2809e1642c0eab8460e6c,-1.041015625
dg_p050_a2,base,29e84083b1ad8977129bfbc51887e6bac885413bfba2809e1642c0eab8460e6c,-1.041015625
dg_p050_a2,parm_fixed,fd39708bbd11cb2fe9a8eac6f7dcc6334df77abf0a03c088fb381e69bc6bcab1,-11.8984375
dg_p050_a2,midpoint,a956575018c0ec591b8bd12e135dcb5351ff94bbfccd94369ac4094e5ef0b206,-4.8671875
dg_p050_a2,disagreement_gate,29e84083b1ad8977129bfbc51887e6bac885413bfba2809e1642c0eab8460e6c,-1.041015625
dg_p050_a3,base,29e84083b1ad8977129bfbc51887e6bac885413bfba2809e1642c0eab8460e6c,-1.041015625
dg_p050_a3,parm_fixed,fd39708bbd11cb2fe9a8eac6f7dcc6334df77abf0a03c088fb381e69bc6bcab1,-11.8984375
dg_p050_a3,midpoint,a956575018c0ec591b8bd12e135dcb5351ff94bbfccd94369ac4094e5ef0b206,-4.8671875
dg_p050_a3,disagreement_gate,29e84083b1ad8977129bfbc51887e6bac885413bfba2809e1642c0eab8460e6c,-1.041015625
dg_p050_a4,base,29e84083b1ad8977129bfbc51887e6bac885413bfba2809e1642c0eab8460e6c,-1.041015625
dg_p050_a4,parm_fixed,fd39708bbd11cb2fe9a8eac6f7dcc6334df77abf0a03c088fb381e69bc6bcab1,-11.8984375
dg_p050_a4,midpoint,fd39708bbd11cb2fe9a8eac6f7dcc6334df77abf0a03c088fb381e69bc6bcab1,-11.8984375
dg_p050_a4,disagreement_gate,29e84083b1ad8977129bfbc51887e6bac885413bfba2809e1642c0eab8460e6c,-1.041015625
dg_p051_a0,base,6bf90b946940b305766cccf0818f8b75a63e75074e336532a640ae2138e20a20,-5.125
dg_p051_a0,parm_fixed,a71f634fc665c83a83df4bad5e1cf7e3b1e18825eb9ff1bb239c87f64657156f,17.15625
dg_p051_a0,midpoint,8e5d41780f69ac9a1f723e8324cfc151c5ebc6810812d182217701de817dc2e9,5.703125
dg_p051_a0,disagreement_gate,6bf90b946940b305766cccf0818f8b75a63e75074e336532a640ae2138e20a20,-5.125
dg_p051_a1,base,6bf90b946940b305766cccf0818f8b75a63e75074e336532a640ae2138e20a20,-5.125
dg_p051_a1,parm_fixed,a71f634fc665c83a83df4bad5e1cf7e3b1e18825eb9ff1bb239c87f64657156f,17.15625
dg_p051_a1,midpoint,913fdd92afa8a91cf48855a34e0e051dabd7b71c908f55d5577ea3801762e252,8.28125
dg_p051_a1,disagreement_gate,6bf90b946940b305766cccf0818f8b75a63e75074e336532a640ae2138e20a20,-5.125
dg_p051_a2,base,6bf90b946940b305766cccf0818f8b75a63e75074e336532a640ae2138e20a20,-5.125
dg_p051_a2,parm_fixed,d7a5f6ed479e2a258304f1188a14782b3358c73a87025de4ed19be6096974b4a,6.58984375
dg_p051_a2,midpoint,913fdd92afa8a91cf48855a34e0e051dabd7b71c908f55d5577ea3801762e252,8.28125
dg_p051_a2,disagreement_gate,6bf90b946940b305766cccf0818f8b75a63e75074e336532a640ae2138e20a20,-5.125
dg_p051_a3,base,6bf90b946940b305766cccf0818f8b75a63e75074e336532a640ae2138e20a20,-5.125
dg_p051_a3,parm_fixed,9d7c1e852d918f474460cfd0b744c5498fc00462c8df51bb4873af767f694846,7.91015625
dg_p051_a3,midpoint,913fdd92afa8a91cf48855a34e0e051dabd7b71c908f55d5577ea3801762e252,8.28125
dg_p051_a3,disagreement_gate,6bf90b946940b305766cccf0818f8b75a63e75074e336532a640ae2138e20a20,-5.125
dg_p051_a4,base,6bf90b946940b305766cccf0818f8b75a63e75074e336532a640ae2138e20a20,-5.125
dg_p051_a4,parm_fixed,9d7c1e852d918f474460cfd0b744c5498fc00462c8df51bb4873af767f694846,7.91015625
dg_p051_a4,midpoint,913fdd92afa8a91cf48855a34e0e051dabd7b71c908f55d5577ea3801762e252,8.28125
dg_p051_a4,disagreement_gate,6bf90b946940b305766cccf0818f8b75a63e75074e336532a640ae2138e20a20,-5.125
dg_p052_a0,base,229b9cf38fa34605000c042bf4c0febcb9b70459fd83c937b95906a6952d54b0,-1.986328125
dg_p052_a0,parm_fixed,0aac92b7f1ba30ff4e7678c4b7e4fa5851dd3bb7b97073c52bc4aabe1b35d328,6.6328125
dg_p052_a0,midpoint,2823206de67803246d0537dc5ea6742e76fe417618c1d4b24e9bfce49832332e,6.0703125
dg_p052_a0,disagreement_gate,229b9cf38fa34605000c042bf4c0febcb9b70459fd83c937b95906a6952d54b0,-1.986328125
dg_p052_a1,base,229b9cf38fa34605000c042bf4c0febcb9b70459fd83c937b95906a6952d54b0,-1.986328125
dg_p052_a1,parm_fixed,645b33eb91638c71cd6c56e31f5e38c09d4896d888810587614eb9fbc82a0109,8.7265625
dg_p052_a1,midpoint,4e0347d1f9ac214b62bfb08cc2f153bd56d984f6516fc30bdf7079d43c9b68c0,10.640625
dg_p052_a1,disagreement_gate,229b9cf38fa34605000c042bf4c0febcb9b70459fd83c937b95906a6952d54b0,-1.986328125
dg_p052_a2,base,229b9cf38fa34605000c042bf4c0febcb9b70459fd83c937b95906a6952d54b0,-1.986328125
dg_p052_a2,parm_fixed,0cef57ad253f9006138456b80d7c2867f10f90574f220c31ce2a51699ddf8fe2,6.12109375
dg_p052_a2,midpoint,5131496256a33257f4bd70b64b0ad8007f84fc4b38e117770ceded08bf00bd81,-3.28515625
dg_p052_a2,disagreement_gate,229b9cf38fa34605000c042bf4c0febcb9b70459fd83c937b95906a6952d54b0,-1.986328125
dg_p052_a3,base,229b9cf38fa34605000c042bf4c0febcb9b70459fd83c937b95906a6952d54b0,-1.986328125
dg_p052_a3,parm_fixed,e31f7db6395c4c1e46a7b576f1fd8d22c402d6e6c8918e071c2f55409cc22e2c,10.40625
dg_p052_a3,midpoint,e5b586dd3d5abdf4834153fa58dd3b4f16f9663245be45ee252a7f5fc9e5ecc8,0.59375
dg_p052_a3,disagreement_gate,229b9cf38fa34605000c042bf4c0febcb9b70459fd83c937b95906a6952d54b0,-1.986328125
dg_p052_a4,base,229b9cf38fa34605000c042bf4c0febcb9b70459fd83c937b95906a6952d54b0,-1.986328125
dg_p052_a4,parm_fixed,1809534a2b7439a6e3dcec542926d9eaa25736633d681731e3d5827d56ad1b1c,6.66015625
dg_p052_a4,midpoint,5bd783ba94b1a210801df6a3560f95a16e730895e23306ef217899f438b55f87,2.87109375
dg_p052_a4,disagreement_gate,229b9cf38fa34605000c042bf4c0febcb9b70459fd83c937b95906a6952d54b0,-1.986328125
dg_p053_a0,base,ef94300ece18606b3819cf4d849ce5bca5e8b66e6e0739f5d4771d95564dd5c9,14.6953125
dg_p053_a0,parm_fixed,8b0c09934d5a86706abf8f05c11800490bb23c36ade913acc14b8ad15f45c6b5,1.7265625
dg_p053_a0,midpoint,356f5c140b32c0376d7b1fae2bf546a558459b97e9a8c4232f38e709dd504899,-4.58984375
dg_p053_a0,disagreement_gate,ef94300ece18606b3819cf4d849ce5bca5e8b66e6e0739f5d4771d95564dd5c9,14.6953125
dg_p053_a1,base,ef94300ece18606b3819cf4d849ce5bca5e8b66e6e0739f5d4771d95564dd5c9,14.6953125
dg_p053_a1,parm_fixed,8b0c09934d5a86706abf8f05c11800490bb23c36ade913acc14b8ad15f45c6b5,1.7265625
dg_p053_a1,midpoint,1704a6d75de019d8dcfcb85585286e68dce9db9e91c9d470c9f3b1a1c5e69866,-4.61328125
dg_p053_a1,disagreement_gate,ef94300ece18606b3819cf4d849ce5bca5e8b66e6e0739f5d4771d95564dd5c9,14.6953125
dg_p053_a2,base,ef94300ece18606b3819cf4d849ce5bca5e8b66e6e0739f5d4771d95564dd5c9,14.6953125
dg_p053_a2,parm_fixed,d148be8a21bb0023408ac47bbaf146597372e6c069628a3279d248ca694ccdfa,-1.1142578125
dg_p053_a2,midpoint,1704a6d75de019d8dcfcb85585286e68dce9db9e91c9d470c9f3b1a1c5e69866,-4.61328125
dg_p053_a2,disagreement_gate,ef94300ece18606b3819cf4d849ce5bca5e8b66e6e0739f5d4771d95564dd5c9,14.6953125
dg_p053_a3,base,ef94300ece18606b3819cf4d849ce5bca5e8b66e6e0739f5d4771d95564dd5c9,14.6953125
dg_p053_a3,parm_fixed,c855cc0dbe7a1117c0f499231e354a7f5e8cd0bbe9b790bcc40fbaecbe333ad3,-2.6484375
dg_p053_a3,midpoint,1704a6d75de019d8dcfcb85585286e68dce9db9e91c9d470c9f3b1a1c5e69866,-4.61328125
dg_p053_a3,disagreement_gate,ef94300ece18606b3819cf4d849ce5bca5e8b66e6e0739f5d4771d95564dd5c9,14.6953125
dg_p053_a4,base,ef94300ece18606b3819cf4d849ce5bca5e8b66e6e0739f5d4771d95564dd5c9,14.6953125
dg_p053_a4,parm_fixed,779d3ea31a5083a5177447cd6768d2a5e85b0caa728e1a77467bbcfae00253cd,-3.54296875
dg_p053_a4,midpoint,4990b789deeb6f58b125839670228a634164a277495853aa99d6b11cdb653cdd,-2.083984375
dg_p053_a4,disagreement_gate,ef94300ece18606b3819cf4d849ce5bca5e8b66e6e0739f5d4771d95564dd5c9,14.6953125
dg_p054_a0,base,e5943b1c97798f8e0fc591909952893a81368dd9901b8401b38f2c3cc0fcc17e,-6.06640625
dg_p054_a0,parm_fixed,cef53153c494200f22897f9358fbe9d841bb9971e2dfca861ee0e7a47b2cfbd5,9.9921875
dg_p054_a0,midpoint,814fe48c8321e5dc9b9d5a087bb3f5133f60af2fd4a4043de9b0e4d4b9a3b71c,5.40234375
dg_p054_a0,disagreement_gate,e5943b1c97798f8e0fc591909952893a81368dd9901b8401b38f2c3cc0fcc17e,-6.06640625
dg_p054_a1,base,e5943b1c97798f8e0fc591909952893a81368dd9901b8401b38f2c3cc0fcc17e,-6.06640625
dg_p054_a1,parm_fixed,cef53153c494200f22897f9358fbe9d841bb9971e2dfca861ee0e7a47b2cfbd5,9.9921875
dg_p054_a1,midpoint,7e6f76c96629a1ce8b8c5079e1fd2f29a890eb6eb2cb3ef49dd07bcdd1fd438f,2.65234375
dg_p054_a1,disagreement_gate,e5943b1c97798f8e0fc591909952893a81368dd9901b8401b38f2c3cc0fcc17e,-6.06640625
dg_p054_a2,base,e5943b1c97798f8e0fc591909952893a81368dd9901b8401b38f2c3cc0fcc17e,-6.06640625
dg_p054_a2,parm_fixed,2d0460099f424b6a5cb090373d6b96b3d0b7a873fe6e5ea2af42f4698a4c54eb,1.638671875
dg_p054_a2,midpoint,7e6f76c96629a1ce8b8c5079e1fd2f29a890eb6eb2cb3ef49dd07bcdd1fd438f,2.65234375
dg_p054_a2,disagreement_gate,e5943b1c97798f8e0fc591909952893a81368dd9901b8401b38f2c3cc0fcc17e,-6.06640625
dg_p054_a3,base,e5943b1c97798f8e0fc591909952893a81368dd9901b8401b38f2c3cc0fcc17e,-6.06640625
dg_p054_a3,parm_fixed,c340d9c4e87c7f0999ee3d8fbbade1a826274b82789d9e2d73c363be85fa5846,-5.359375
dg_p054_a3,midpoint,7e6f76c96629a1ce8b8c5079e1fd2f29a890eb6eb2cb3ef49dd07bcdd1fd438f,2.65234375
dg_p054_a3,disagreement_gate,e5943b1c97798f8e0fc591909952893a81368dd9901b8401b38f2c3cc0fcc17e,-6.06640625
dg_p054_a4,base,e5943b1c97798f8e0fc591909952893a81368dd9901b8401b38f2c3cc0fcc17e,-6.06640625
dg_p054_a4,parm_fixed,68b6d61a409578e551645760eef82db296ff4dc0eeef35453f2c04e44cf22f9e,3.84375
dg_p054_a4,midpoint,34afee539420422f2a3d74284668e01a601becc483c8a355f2140ae1aeaf1fd4,9.3828125
dg_p054_a4,disagreement_gate,e5943b1c97798f8e0fc591909952893a81368dd9901b8401b38f2c3cc0fcc17e,-6.06640625
dg_p055_a0,base,5e6a9cd6d90c299c876bb691fa07b8de8d62c818f75ee4f34216bec0812cab73,-3.279296875
dg_p055_a0,parm_fixed,803d7d83a0071a74750e1b0b854e70c028abf9a22a5c95cca824f81b250fc833,21.421875
dg_p055_a0,midpoint,4578abc2e0bf628b0a43476617f7e0bcb3d248ef2090ef094bbef1bef33cac8c,26.296875
dg_p055_a0,disagreement_gate,5e6a9cd6d90c299c876bb691fa07b8de8d62c818f75ee4f34216bec0812cab73,-3.279296875
dg_p055_a1,base,5e6a9cd6d90c299c876bb691fa07b8de8d62c818f75ee4f34216bec0812cab73,-3.279296875
dg_p055_a1,parm_fixed,803d7d83a0071a74750e1b0b854e70c028abf9a22a5c95cca824f81b250fc833,21.421875
dg_p055_a1,midpoint,4578abc2e0bf628b0a43476617f7e0bcb3d248ef2090ef094bbef1bef33cac8c,26.296875
dg_p055_a1,disagreement_gate,5e6a9cd6d90c299c876bb691fa07b8de8d62c818f75ee4f34216bec0812cab73,-3.279296875
dg_p055_a2,base,5e6a9cd6d90c299c876bb691fa07b8de8d62c818f75ee4f34216bec0812cab73,-3.279296875
dg_p055_a2,parm_fixed,b56e13a5f4829079057022e3f7c41a6690c4f09742626513c215a7ceb269250c,23.203125
dg_p055_a2,midpoint,4578abc2e0bf628b0a43476617f7e0bcb3d248ef2090ef094bbef1bef33cac8c,26.296875
dg_p055_a2,disagreement_gate,5e6a9cd6d90c299c876bb691fa07b8de8d62c818f75ee4f34216bec0812cab73,-3.279296875
dg_p055_a3,base,5e6a9cd6d90c299c876bb691fa07b8de8d62c818f75ee4f34216bec0812cab73,-3.279296875
dg_p055_a3,parm_fixed,07b489a9b81a9057e0b64e37d5fec4daf52d20ebadc4e660e439dd3f3123780c,24.6875
dg_p055_a3,midpoint,b56e13a5f4829079057022e3f7c41a6690c4f09742626513c215a7ceb269250c,23.203125
dg_p055_a3,disagreement_gate,5e6a9cd6d90c299c876bb691fa07b8de8d62c818f75ee4f34216bec0812cab73,-3.279296875
dg_p055_a4,base,5e6a9cd6d90c299c876bb691fa07b8de8d62c818f75ee4f34216bec0812cab73,-3.279296875
dg_p055_a4,parm_fixed,07b489a9b81a9057e0b64e37d5fec4daf52d20ebadc4e660e439dd3f3123780c,24.6875
dg_p055_a4,midpoint,b56e13a5f4829079057022e3f7c41a6690c4f09742626513c215a7ceb269250c,23.203125
dg_p055_a4,disagreement_gate,5e6a9cd6d90c299c876bb691fa07b8de8d62c818f75ee4f34216bec0812cab73,-3.279296875
dg_p056_a0,base,77185ac8d0c5e3b05fc0b92b175567747e622327d5013fa382a6aa3c5bfde79c,-11.3671875
dg_p056_a0,parm_fixed,e4ce44781188624f104968670339435c80540960095026ac8613e213fcbc1404,11.9296875
dg_p056_a0,midpoint,04ba6ed5ff9bca86e053198f0a884bee519dbb83f20c4c6859f16b7508c435be,12.3671875
dg_p056_a0,disagreement_gate,77185ac8d0c5e3b05fc0b92b175567747e622327d5013fa382a6aa3c5bfde79c,-11.3671875
dg_p056_a1,base,77185ac8d0c5e3b05fc0b92b175567747e622327d5013fa382a6aa3c5bfde79c,-11.3671875
dg_p056_a1,parm_fixed,e4ce44781188624f104968670339435c80540960095026ac8613e213fcbc1404,11.9296875
dg_p056_a1,midpoint,44615168dd1afdf03d282bd55f5476e949562bdc6b1c089a2213365e610b1c87,16.8125
dg_p056_a1,disagreement_gate,77185ac8d0c5e3b05fc0b92b175567747e622327d5013fa382a6aa3c5bfde79c,-11.3671875
dg_p056_a2,base,77185ac8d0c5e3b05fc0b92b175567747e622327d5013fa382a6aa3c5bfde79c,-11.3671875
dg_p056_a2,parm_fixed,c84306e3d9619e98c36519bf7bf4c03e2ba1389d3c28abd61fde1d8b415d5fdb,12.3671875
dg_p056_a2,midpoint,be86fc391ceced383143f21194439ac7df52e8372a45d357d193e40fcc9ea544,39.875
dg_p056_a2,disagreement_gate,77185ac8d0c5e3b05fc0b92b175567747e622327d5013fa382a6aa3c5bfde79c,-11.3671875
dg_p056_a3,base,77185ac8d0c5e3b05fc0b92b175567747e622327d5013fa382a6aa3c5bfde79c,-11.3671875
dg_p056_a3,parm_fixed,cb8b4ce7c10b8ecc936d2dad313c777f6827334f0d6c6d5bb1ba7ae2ab2ee866,-16.4375
dg_p056_a3,midpoint,7316749554722f2672d03506a3fef58f7aacc8fa6c8bb19eb6fa75c853b9b251,-13.5390625
dg_p056_a3,disagreement_gate,77185ac8d0c5e3b05fc0b92b175567747e622327d5013fa382a6aa3c5bfde79c,-11.3671875
dg_p056_a4,base,77185ac8d0c5e3b05fc0b92b175567747e622327d5013fa382a6aa3c5bfde79c,-11.3671875
dg_p056_a4,parm_fixed,e93b533fe8cc16cd83c684817d553004458a3fe0e45a8708fe1ae8bebc30dd08,7.49609375
dg_p056_a4,midpoint,6467ac7b5edf6c30b8f3de4441137272d509a8704c87f8a167135c1551fc68db,-1.373046875
dg_p056_a4,disagreement_gate,77185ac8d0c5e3b05fc0b92b175567747e622327d5013fa382a6aa3c5bfde79c,-11.3671875
dg_p057_a0,base,0ba24598243b433bdf3a952d7d3201785252c62fab6946513b5326230eb56694,-10.5859375
dg_p057_a0,parm_fixed,647636cc2bd38a40af0c85d7b71d19ae118060a7df60c1ca5aea0b5659483af4,12.0859375
dg_p057_a0,midpoint,277f44ef8d402dc2d3da8705e48547dbe267b801625dd781badcd82d77505f45,11.921875
dg_p057_a0,disagreement_gate,0ba24598243b433bdf3a952d7d3201785252c62fab6946513b5326230eb56694,-10.5859375
dg_p057_a1,base,0ba24598243b433bdf3a952d7d3201785252c62fab6946513b5326230eb56694,-10.5859375
dg_p057_a1,parm_fixed,623772553e10a1ad71aa5bcb2c993cafa9ae64dc610fd0a00f7084159c479d79,4.91015625
dg_p057_a1,midpoint,f652660c0951a437c14c1fabca4ec44c236d2e1939c3f71a9ffd4c695395334c,8.015625
dg_p057_a1,disagreement_gate,0ba24598243b433bdf3a952d7d3201785252c62fab6946513b5326230eb56694,-10.5859375
dg_p057_a2,base,0ba24598243b433bdf3a952d7d3201785252c62fab6946513b5326230eb56694,-10.5859375
dg_p057_a2,parm_fixed,aee1c7683d9227526d3c41d3931b5440dc46525eb55e24dba807ab1451e5729f,5.671875
dg_p057_a2,midpoint,9b990367729457cc485f66a0c0fbd5738f99a04ad8267c1cab58085ec6880c1c,3.0546875
dg_p057_a2,disagreement_gate,0ba24598243b433bdf3a952d7d3201785252c62fab6946513b5326230eb56694,-10.5859375
dg_p057_a3,base,0ba24598243b433bdf3a952d7d3201785252c62fab6946513b5326230eb56694,-10.5859375
dg_p057_a3,parm_fixed,aee1c7683d9227526d3c41d3931b5440dc46525eb55e24dba807ab1451e5729f,5.671875
dg_p057_a3,midpoint,9b990367729457cc485f66a0c0fbd5738f99a04ad8267c1cab58085ec6880c1c,3.0546875
dg_p057_a3,disagreement_gate,0ba24598243b433bdf3a952d7d3201785252c62fab6946513b5326230eb56694,-10.5859375
dg_p057_a4,base,0ba24598243b433bdf3a952d7d3201785252c62fab6946513b5326230eb56694,-10.5859375
dg_p057_a4,parm_fixed,1eb7c7d5a85cd728b0c25c14ae366a4e7cc9f735df455b79ca092fd8fe26e937,5.36328125
dg_p057_a4,midpoint,9b990367729457cc485f66a0c0fbd5738f99a04ad8267c1cab58085ec6880c1c,3.0546875
dg_p057_a4,disagreement_gate,0ba24598243b433bdf3a952d7d3201785252c62fab6946513b5326230eb56694,-10.5859375
dg_p058_a0,base,b20511cb6b728854bf356c176e62f3e9b3d3226190c263611ef764826ec05bed,9.34375
dg_p058_a0,parm_fixed,97ea28bc78c8d5852ba3f907d96c87f04795587689a7034677494979a4172e71,15.1796875
dg_p058_a0,midpoint,e7cca403cc718469eac8daaa5ec8bde8870e09ce51992d95f786de81ede49dfd,16.96875
dg_p058_a0,disagreement_gate,b20511cb6b728854bf356c176e62f3e9b3d3226190c263611ef764826ec05bed,9.34375
dg_p058_a1,base,b20511cb6b728854bf356c176e62f3e9b3d3226190c263611ef764826ec05bed,9.34375
dg_p058_a1,parm_fixed,97ea28bc78c8d5852ba3f907d96c87f04795587689a7034677494979a4172e71,15.1796875
dg_p058_a1,midpoint,3c59e69ce894d7e4fd0f8cecece29f5670f7b1b96caabce073cf1d28869268e6,0.560546875
dg_p058_a1,disagreement_gate,b20511cb6b728854bf356c176e62f3e9b3d3226190c263611ef764826ec05bed,9.34375
dg_p058_a2,base,b20511cb6b728854bf356c176e62f3e9b3d3226190c263611ef764826ec05bed,9.34375
dg_p058_a2,parm_fixed,764269d1e2d84fb618bd111cc5dc761bc0b9a28c108b74fc581812077e77beab,19.1875
dg_p058_a2,midpoint,ee9e02e23e5d540aa6d62bf9ccf9302d995fb3748245441a1357754eaf00f993,-4.23046875
dg_p058_a2,disagreement_gate,b20511cb6b728854bf356c176e62f3e9b3d3226190c263611ef764826ec05bed,9.34375
dg_p058_a3,base,b20511cb6b728854bf356c176e62f3e9b3d3226190c263611ef764826ec05bed,9.34375
dg_p058_a3,parm_fixed,bd4ad4513de8efa185ef8b9667bcc524c7118c0caae87957cc5da39f9afb5be2,18.78125
dg_p058_a3,midpoint,ee9e02e23e5d540aa6d62bf9ccf9302d995fb3748245441a1357754eaf00f993,-4.23046875
dg_p058_a3,disagreement_gate,b20511cb6b728854bf356c176e62f3e9b3d3226190c263611ef764826ec05bed,9.34375
dg_p058_a4,base,b20511cb6b728854bf356c176e62f3e9b3d3226190c263611ef764826ec05bed,9.34375
dg_p058_a4,parm_fixed,742038ce755f0198e6bdc194d813c579d23ca48cb9ec779589308fe078bea8e7,29.921875
dg_p058_a4,midpoint,f927917b35f8c7ede1b52b08b469d1753418482db46a142a9ffec1dcc2171f98,33.34375
dg_p058_a4,disagreement_gate,b20511cb6b728854bf356c176e62f3e9b3d3226190c263611ef764826ec05bed,9.34375
dg_p059_a0,base,1253c7a2306f0ea661cf1bd7eb3d5f24020db9faf10fe0b5906bb49d85545fcb,11.1484375
dg_p059_a0,parm_fixed,1d4d0a1577b3672dd4747e6892004d9155e736ee8e7e2652f7f17fa27d633514,22.390625
dg_p059_a0,midpoint,e237ce3f8101e9b6a04fa193138932b9cdd5ec032970bd50f915b45564d91728,16.71875
dg_p059_a0,disagreement_gate,1253c7a2306f0ea661cf1bd7eb3d5f24020db9faf10fe0b5906bb49d85545fcb,11.1484375
dg_p059_a1,base,1253c7a2306f0ea661cf1bd7eb3d5f24020db9faf10fe0b5906bb49d85545fcb,11.1484375
dg_p059_a1,parm_fixed,1d4d0a1577b3672dd4747e6892004d9155e736ee8e7e2652f7f17fa27d633514,22.390625
dg_p059_a1,midpoint,e237ce3f8101e9b6a04fa193138932b9cdd5ec032970bd50f915b45564d91728,16.71875
dg_p059_a1,disagreement_gate,1253c7a2306f0ea661cf1bd7eb3d5f24020db9faf10fe0b5906bb49d85545fcb,11.1484375
dg_p059_a2,base,1253c7a2306f0ea661cf1bd7eb3d5f24020db9faf10fe0b5906bb49d85545fcb,11.1484375
dg_p059_a2,parm_fixed,44b3eb54dae620c5c396af1abd6d5917a396facadb3f3385e91b7a4a2d18c19d,24.234375
dg_p059_a2,midpoint,9730fdb78514626944fa0e2bbc1c7ba016f8f6b692bf44d369e7d0ef49801de4,17.171875
dg_p059_a2,disagreement_gate,1253c7a2306f0ea661cf1bd7eb3d5f24020db9faf10fe0b5906bb49d85545fcb,11.1484375
dg_p059_a3,base,1253c7a2306f0ea661cf1bd7eb3d5f24020db9faf10fe0b5906bb49d85545fcb,11.1484375
dg_p059_a3,parm_fixed,e71c8e936ee2977dce6a39e2a98d60073817fe3134553f350bf96f6738e633a3,11.4609375
dg_p059_a3,midpoint,58effbe74a4c82dc1716fa11a1310082087eb8ec296037229094d5fbf141501b,9.0234375
dg_p059_a3,disagreement_gate,1253c7a2306f0ea661cf1bd7eb3d5f24020db9faf10fe0b5906bb49d85545fcb,11.1484375
dg_p059_a4,base,1253c7a2306f0ea661cf1bd7eb3d5f24020db9faf10fe0b5906bb49d85545fcb,11.1484375
dg_p059_a4,parm_fixed,f1d3a9c79b3af809b564c69fd81090ba6088756961c0e463e916f066eef46251,12.6328125
dg_p059_a4,midpoint,7a6b0a4c7f1bf72ce17ea790483c5a825598aaa79389e03876524a08dc38bdec,13.6875
dg_p059_a4,disagreement_gate,1253c7a2306f0ea661cf1bd7eb3d5f24020db9faf10fe0b5906bb49d85545fcb,11.1484375
dg_p060_a0,base,354cc21f8fdfad6fb27487909b4b8b19e63cb0cfc12137a8fb47058c97ae0232,20.046875
dg_p060_a0,parm_fixed,0ab8d8cb56bf49df66b94998a9f212c9c4a9a6998af7eea135fb47f33d1602eb,-7.72265625
dg_p060_a0,midpoint,f119f7efb99ed9837bbd6d1c8df01d8797d1b754ecaaf42cc1c532b6e399a14d,-10.2421875
dg_p060_a0,disagreement_gate,354cc21f8fdfad6fb27487909b4b8b19e63cb0cfc12137a8fb47058c97ae0232,20.046875
dg_p060_a1,base,354cc21f8fdfad6fb27487909b4b8b19e63cb0cfc12137a8fb47058c97ae0232,20.046875
dg_p060_a1,parm_fixed,857321a2d61b94b1a78db17db307583c48bb0f90201039c38f1f0b21bedf6152,-7.71484375
dg_p060_a1,midpoint,f119f7efb99ed9837bbd6d1c8df01d8797d1b754ecaaf42cc1c532b6e399a14d,-10.2421875
dg_p060_a1,disagreement_gate,354cc21f8fdfad6fb27487909b4b8b19e63cb0cfc12137a8fb47058c97ae0232,20.046875
dg_p060_a2,base,354cc21f8fdfad6fb27487909b4b8b19e63cb0cfc12137a8fb47058c97ae0232,20.046875
dg_p060_a2,parm_fixed,0c17ae99a53a0a2f9c6fd34411768449bd3832049da68ced37850dcb4efff062,-7.23828125
dg_p060_a2,midpoint,f119f7efb99ed9837bbd6d1c8df01d8797d1b754ecaaf42cc1c532b6e399a14d,-10.2421875
dg_p060_a2,disagreement_gate,354cc21f8fdfad6fb27487909b4b8b19e63cb0cfc12137a8fb47058c97ae0232,20.046875
dg_p060_a3,base,354cc21f8fdfad6fb27487909b4b8b19e63cb0cfc12137a8fb47058c97ae0232,20.046875
dg_p060_a3,parm_fixed,0c17ae99a53a0a2f9c6fd34411768449bd3832049da68ced37850dcb4efff062,-7.23828125
dg_p060_a3,midpoint,f1903959c6834a254bbe7103bf156e7cafb20864544f3034eb7a2d5c98487889,-10.296875
dg_p060_a3,disagreement_gate,354cc21f8fdfad6fb27487909b4b8b19e63cb0cfc12137a8fb47058c97ae0232,20.046875
dg_p060_a4,base,354cc21f8fdfad6fb27487909b4b8b19e63cb0cfc12137a8fb47058c97ae0232,20.046875
dg_p060_a4,parm_fixed,0c17ae99a53a0a2f9c6fd34411768449bd3832049da68ced37850dcb4efff062,-7.23828125
dg_p060_a4,midpoint,d00f33502bb6b7fa9af4ad9e0ff97eeb12b7877d01bfa950eb5171b84d71f3ad,-11.4609375
dg_p060_a4,disagreement_gate,354cc21f8fdfad6fb27487909b4b8b19e63cb0cfc12137a8fb47058c97ae0232,20.046875
dg_p061_a0,base,6812811eb21a73dd66c08042c9f4e04748d7942b383c6eb44b61ac5446deaf95,4.16015625
dg_p061_a0,parm_fixed,aa7dc75df82a04fc26997cdc5f713b426c515043b40fec1e41468ccb3a4a49e3,11.8984375
dg_p061_a0,midpoint,7fa079c3f74228d1465f6c95092c1cec288b6c1c63d64e4eaeb919ebc1fb8c9f,8.046875
dg_p061_a0,disagreement_gate,6812811eb21a73dd66c08042c9f4e04748d7942b383c6eb44b61ac5446deaf95,4.16015625
dg_p061_a1,base,6812811eb21a73dd66c08042c9f4e04748d7942b383c6eb44b61ac5446deaf95,4.16015625
dg_p061_a1,parm_fixed,e9ff256e56b81c3c350d94e5215c40f43e198965c16665234893f57c09b6f8f3,6.02734375
dg_p061_a1,midpoint,7fa079c3f74228d1465f6c95092c1cec288b6c1c63d64e4eaeb919ebc1fb8c9f,8.046875
dg_p061_a1,disagreement_gate,6812811eb21a73dd66c08042c9f4e04748d7942b383c6eb44b61ac5446deaf95,4.16015625
dg_p061_a2,base,6812811eb21a73dd66c08042c9f4e04748d7942b383c6eb44b61ac5446deaf95,4.16015625
dg_p061_a2,parm_fixed,4f5e9c410e55575b936b9278e723595f96cf43827ce5467514947574e990f440,2.734375
dg_p061_a2,midpoint,7fa079c3f74228d1465f6c95092c1cec288b6c1c63d64e4eaeb919ebc1fb8c9f,8.046875
dg_p061_a2,disagreement_gate,6812811eb21a73dd66c08042c9f4e04748d7942b383c6eb44b61ac5446deaf95,4.16015625
dg_p061_a3,base,6812811eb21a73dd66c08042c9f4e04748d7942b383c6eb44b61ac5446deaf95,4.16015625
dg_p061_a3,parm_fixed,a202520c44a5ea9687ed21d365a055730d6d43ffc2a9e84a708645bcfa1c2403,6.359375
dg_p061_a3,midpoint,50a11b729f7f1fd4e9ff880872bd640294da2e05d23dee2cf5e87ed1eb175a8d,7.5546875
dg_p061_a3,disagreement_gate,6812811eb21a73dd66c08042c9f4e04748d7942b383c6eb44b61ac5446deaf95,4.16015625
dg_p061_a4,base,6812811eb21a73dd66c08042c9f4e04748d7942b383c6eb44b61ac5446deaf95,4.16015625
dg_p061_a4,parm_fixed,a202520c44a5ea9687ed21d365a055730d6d43ffc2a9e84a708645bcfa1c2403,6.359375
dg_p061_a4,midpoint,d20a06a6a0e9423bcfd06d60227470c0f1c79e1d0f4f5dda2aa14e0f8e8dc20c,17.078125
dg_p061_a4,disagreement_gate,6812811eb21a73dd66c08042c9f4e04748d7942b383c6eb44b61ac5446deaf95,4.16015625
dg_p062_a0,base,fc3091f7b3b70e9ca8c0e097f467c7a9396d685469b7351cd223fff5effc6970,13.0546875
dg_p062_a0,parm_fixed,f3a52b6fc783a321c67bf604895d4ed49f6f6671b4db8372f28b8aba53c1ce10,15.890625
dg_p062_a0,midpoint,25f22dcc566a8eb92c6e489d022c1223cd20dfba13461d3ce0724eed85cb784f,34.0
dg_p062_a0,disagreement_gate,fc3091f7b3b70e9ca8c0e097f467c7a9396d685469b7351cd223fff5effc6970,13.0546875
dg_p062_a1,base,fc3091f7b3b70e9ca8c0e097f467c7a9396d685469b7351cd223fff5effc6970,13.0546875
dg_p062_a1,parm_fixed,2855604fc2062012470442e3331b011a14d0978a71af799540a80f0d123b9888,11.8046875
dg_p062_a1,midpoint,25f22dcc566a8eb92c6e489d022c1223cd20dfba13461d3ce0724eed85cb784f,34.0
dg_p062_a1,disagreement_gate,fc3091f7b3b70e9ca8c0e097f467c7a9396d685469b7351cd223fff5effc6970,13.0546875
dg_p062_a2,base,fc3091f7b3b70e9ca8c0e097f467c7a9396d685469b7351cd223fff5effc6970,13.0546875
dg_p062_a2,parm_fixed,4b4606192d3d5b5b57d9e7d2ce1a7d4677d1d4f09c36d9379c16e8490e233cc6,5.43359375
dg_p062_a2,midpoint,25f22dcc566a8eb92c6e489d022c1223cd20dfba13461d3ce0724eed85cb784f,34.0
dg_p062_a2,disagreement_gate,fc3091f7b3b70e9ca8c0e097f467c7a9396d685469b7351cd223fff5effc6970,13.0546875
dg_p062_a3,base,fc3091f7b3b70e9ca8c0e097f467c7a9396d685469b7351cd223fff5effc6970,13.0546875
dg_p062_a3,parm_fixed,7126fae50a772973388dfe79e85fd40a2dec98da91bcb5690d7f2ff3d6a23645,26.453125
dg_p062_a3,midpoint,aa16918115e5b7111ece2e2ae43d25beaed76830ce0e0f97b87e523d9be0ff2a,31.4375
dg_p062_a3,disagreement_gate,fc3091f7b3b70e9ca8c0e097f467c7a9396d685469b7351cd223fff5effc6970,13.0546875
dg_p062_a4,base,fc3091f7b3b70e9ca8c0e097f467c7a9396d685469b7351cd223fff5effc6970,13.0546875
dg_p062_a4,parm_fixed,1dfb6708535b419ed7841f9fbe78894176aece3f122578113a73fa177966b0f5,-5.56640625
dg_p062_a4,midpoint,6ac628c520bbbd8478f8b35c401b87a1748c855f5a78a2ea0c1f595231a6096f,32.0625
dg_p062_a4,disagreement_gate,fc3091f7b3b70e9ca8c0e097f467c7a9396d685469b7351cd223fff5effc6970,13.0546875
dg_p063_a0,base,1d4388fd0d67b787dbde952032caf76f988fee9fa08bc301d0b7ccbf7d604e76,-1.5703125
dg_p063_a0,parm_fixed,b4534e60a2513f3aecb3088bb680a9981cd8d74f4d2a2edc13ddd8c263c851ac,-8.78125
dg_p063_a0,midpoint,480e04934ea8b1b03914913dfcc2297e8d602f42d0d7a9ab26793c37a3b6211d,-9.1484375
dg_p063_a0,disagreement_gate,1d4388fd0d67b787dbde952032caf76f988fee9fa08bc301d0b7ccbf7d604e76,-1.5703125
dg_p063_a1,base,1d4388fd0d67b787dbde952032caf76f988fee9fa08bc301d0b7ccbf7d604e76,-1.5703125
dg_p063_a1,parm_fixed,ade9aab96991acbb2dd296add8a9c8d8ca47cc6c498712272dc43687ba35f420,-10.3203125
dg_p063_a1,midpoint,480e04934ea8b1b03914913dfcc2297e8d602f42d0d7a9ab26793c37a3b6211d,-9.1484375
dg_p063_a1,disagreement_gate,1d4388fd0d67b787dbde952032caf76f988fee9fa08bc301d0b7ccbf7d604e76,-1.5703125
dg_p063_a2,base,1d4388fd0d67b787dbde952032caf76f988fee9fa08bc301d0b7ccbf7d604e76,-1.5703125
dg_p063_a2,parm_fixed,ade9aab96991acbb2dd296add8a9c8d8ca47cc6c498712272dc43687ba35f420,-10.3203125
dg_p063_a2,midpoint,5eb0932d109eca89fdd12f152599f020cbbe3cef7da65df0049e542b31c7d096,-0.84033203125
dg_p063_a2,disagreement_gate,1d4388fd0d67b787dbde952032caf76f988fee9fa08bc301d0b7ccbf7d604e76,-1.5703125
dg_p063_a3,base,1d4388fd0d67b787dbde952032caf76f988fee9fa08bc301d0b7ccbf7d604e76,-1.5703125
dg_p063_a3,parm_fixed,086e1359b22b883a2a54c5cb27d57893e967fcb574b7f92fe71de995cae1d030,-9.7734375
dg_p063_a3,midpoint,1c988b9cfd028a3eb715199a4ed537c7d121b58de45329c31803e7e194c97bc8,-13.7890625
dg_p063_a3,disagreement_gate,1d4388fd0d67b787dbde952032caf76f988fee9fa08bc301d0b7ccbf7d604e76,-1.5703125
dg_p063_a4,base,1d4388fd0d67b787dbde952032caf76f988fee9fa08bc301d0b7ccbf7d604e76,-1.5703125
dg_p063_a4,parm_fixed,086e1359b22b883a2a54c5cb27d57893e967fcb574b7f92fe71de995cae1d030,-9.7734375
dg_p063_a4,midpoint,086e1359b22b883a2a54c5cb27d57893e967fcb574b7f92fe71de995cae1d030,-9.7734375
dg_p063_a4,disagreement_gate,1d4388fd0d67b787dbde952032caf76f988fee9fa08bc301d0b7ccbf7d604e76,-1.5703125
dg_p064_a0,base,877a5016d49e34e7acd5154032fd76b368db5f2801c661287b8ebeacd9aa16a0,-9.2265625
dg_p064_a0,parm_fixed,6c32274c03da7793ded3ef272cd3d960985dfd16ddd3cebd7041790024273920,-0.8896484375
dg_p064_a0,midpoint,54360bf8e6176fca78330c2528f9d2166c1793416432b21ae290338e6a2cc5d3,0.1766357421875
dg_p064_a0,disagreement_gate,877a5016d49e34e7acd5154032fd76b368db5f2801c661287b8ebeacd9aa16a0,-9.2265625
dg_p064_a1,base,877a5016d49e34e7acd5154032fd76b368db5f2801c661287b8ebeacd9aa16a0,-9.2265625
dg_p064_a1,parm_fixed,ba0cd2c471bd4554818b735b832473ef7e89353298c92f0782332e279c792647,-0.6044921875
dg_p064_a1,midpoint,54360bf8e6176fca78330c2528f9d2166c1793416432b21ae290338e6a2cc5d3,0.1766357421875
dg_p064_a1,disagreement_gate,877a5016d49e34e7acd5154032fd76b368db5f2801c661287b8ebeacd9aa16a0,-9.2265625
dg_p064_a2,base,877a5016d49e34e7acd5154032fd76b368db5f2801c661287b8ebeacd9aa16a0,-9.2265625
dg_p064_a2,parm_fixed,ba0cd2c471bd4554818b735b832473ef7e89353298c92f0782332e279c792647,-0.6044921875
dg_p064_a2,midpoint,54360bf8e6176fca78330c2528f9d2166c1793416432b21ae290338e6a2cc5d3,0.1766357421875
dg_p064_a2,disagreement_gate,877a5016d49e34e7acd5154032fd76b368db5f2801c661287b8ebeacd9aa16a0,-9.2265625
dg_p064_a3,base,877a5016d49e34e7acd5154032fd76b368db5f2801c661287b8ebeacd9aa16a0,-9.2265625
dg_p064_a3,parm_fixed,41fa855e68b8d29c6089525825b20accebc0c81d6df4baebe4dbb0a2f1fcc81e,0.61376953125
dg_p064_a3,midpoint,54360bf8e6176fca78330c2528f9d2166c1793416432b21ae290338e6a2cc5d3,0.1766357421875
dg_p064_a3,disagreement_gate,877a5016d49e34e7acd5154032fd76b368db5f2801c661287b8ebeacd9aa16a0,-9.2265625
dg_p064_a4,base,877a5016d49e34e7acd5154032fd76b368db5f2801c661287b8ebeacd9aa16a0,-9.2265625
dg_p064_a4,parm_fixed,4bdddb823396f0ea973720c3f5ada261c6c1f2e6cc8c1f532b1766f959c2e97d,-2.103515625
dg_p064_a4,midpoint,54360bf8e6176fca78330c2528f9d2166c1793416432b21ae290338e6a2cc5d3,0.1766357421875
dg_p064_a4,disagreement_gate,877a5016d49e34e7acd5154032fd76b368db5f2801c661287b8ebeacd9aa16a0,-9.2265625
dg_p065_a0,base,ceef221780f4dd7ddcc6940e76edf884f42c85476161830c014d14189006d327,6.53515625
dg_p065_a0,parm_fixed,524d03bcf20d53cfd4d5447c49cef030fa455a02a4e6edf499c22b2957150ea0,-1.3603515625
dg_p065_a0,midpoint,2d211e451a014cb07050840a13d127c9abbf9b91fd318994acc60599d2bf728e,8.0625
dg_p065_a0,disagreement_gate,ceef221780f4dd7ddcc6940e76edf884f42c85476161830c014d14189006d327,6.53515625
dg_p065_a1,base,ceef221780f4dd7ddcc6940e76edf884f42c85476161830c014d14189006d327,6.53515625
dg_p065_a1,parm_fixed,52827ec8e6fbb25273c08ccb63ac2fdd2e711ad4e632155b120153ad509b15f3,-1.0654296875
dg_p065_a1,midpoint,0f87c24381a4f3c7ad9b3fd3c1f33137e4987fb4449399f4eb4c3228ce6a7ce6,1.61328125
dg_p065_a1,disagreement_gate,ceef221780f4dd7ddcc6940e76edf884f42c85476161830c014d14189006d327,6.53515625
dg_p065_a2,base,ceef221780f4dd7ddcc6940e76edf884f42c85476161830c014d14189006d327,6.53515625
dg_p065_a2,parm_fixed,52827ec8e6fbb25273c08ccb63ac2fdd2e711ad4e632155b120153ad509b15f3,-1.0654296875
dg_p065_a2,midpoint,8edf6e8d8d9d288bd327023cd43c210e60a5ae06ba929ba4d8e08e01a973cf8a,3.970703125
dg_p065_a2,disagreement_gate,ceef221780f4dd7ddcc6940e76edf884f42c85476161830c014d14189006d327,6.53515625
dg_p065_a3,base,ceef221780f4dd7ddcc6940e76edf884f42c85476161830c014d14189006d327,6.53515625
dg_p065_a3,parm_fixed,52827ec8e6fbb25273c08ccb63ac2fdd2e711ad4e632155b120153ad509b15f3,-1.0654296875
dg_p065_a3,midpoint,8edf6e8d8d9d288bd327023cd43c210e60a5ae06ba929ba4d8e08e01a973cf8a,3.970703125
dg_p065_a3,disagreement_gate,ceef221780f4dd7ddcc6940e76edf884f42c85476161830c014d14189006d327,6.53515625
dg_p065_a4,base,ceef221780f4dd7ddcc6940e76edf884f42c85476161830c014d14189006d327,6.53515625
dg_p065_a4,parm_fixed,52827ec8e6fbb25273c08ccb63ac2fdd2e711ad4e632155b120153ad509b15f3,-1.0654296875
dg_p065_a4,midpoint,8edf6e8d8d9d288bd327023cd43c210e60a5ae06ba929ba4d8e08e01a973cf8a,3.970703125
dg_p065_a4,disagreement_gate,ceef221780f4dd7ddcc6940e76edf884f42c85476161830c014d14189006d327,6.53515625
dg_p066_a0,base,08ffb71a767aa09265297815fa006d3b6586331183f90069c6e31f7fb3cc7b49,9.1484375
dg_p066_a0,parm_fixed,9b2d48cf2d86356ce769097cbac921232a8ad3cc59ac037eeb2a2e8bce8a65cd,12.6796875
dg_p066_a0,midpoint,de42ea5817e15280137838d3dd38c0564b172df21fd94718ebdbc629b0f486a9,15.25
dg_p066_a0,disagreement_gate,08ffb71a767aa09265297815fa006d3b6586331183f90069c6e31f7fb3cc7b49,9.1484375
dg_p066_a1,base,08ffb71a767aa09265297815fa006d3b6586331183f90069c6e31f7fb3cc7b49,9.1484375
dg_p066_a1,parm_fixed,9b2d48cf2d86356ce769097cbac921232a8ad3cc59ac037eeb2a2e8bce8a65cd,12.6796875
dg_p066_a1,midpoint,b040059d68195ad7b73fffe8023d9829f382846fb862dc7ff73b44afc46e0b1e,15.2890625
dg_p066_a1,disagreement_gate,08ffb71a767aa09265297815fa006d3b6586331183f90069c6e31f7fb3cc7b49,9.1484375
dg_p066_a2,base,08ffb71a767aa09265297815fa006d3b6586331183f90069c6e31f7fb3cc7b49,9.1484375
dg_p066_a2,parm_fixed,01b8b10459489f614be25ca87def0d008609ecf1a85324861275ed86b5b528a5,7.6328125
dg_p066_a2,midpoint,01b8b10459489f614be25ca87def0d008609ecf1a85324861275ed86b5b528a5,7.6328125
dg_p066_a2,disagreement_gate,08ffb71a767aa09265297815fa006d3b6586331183f90069c6e31f7fb3cc7b49,9.1484375
dg_p066_a3,base,08ffb71a767aa09265297815fa006d3b6586331183f90069c6e31f7fb3cc7b49,9.1484375
dg_p066_a3,parm_fixed,bbb62d33373506c627ae429cda6d870ec3d5cd383242b396712a6742a67a8389,2.998046875
dg_p066_a3,midpoint,b7a0613d8f4557ac64e20059e6062dae59042d48d41fccf5d7daf889c822a410,10.421875
dg_p066_a3,disagreement_gate,08ffb71a767aa09265297815fa006d3b6586331183f90069c6e31f7fb3cc7b49,9.1484375
dg_p066_a4,base,08ffb71a767aa09265297815fa006d3b6586331183f90069c6e31f7fb3cc7b49,9.1484375
dg_p066_a4,parm_fixed,43a7555a924f17d0642d5d68856cf12b92be2f053024f77c1d95e311e11b514f,8.078125
dg_p066_a4,midpoint,b2a4169e58be49f65decea0d245d143771bbf0b8c8f6e9127853150531709bae,6.76171875
dg_p066_a4,disagreement_gate,08ffb71a767aa09265297815fa006d3b6586331183f90069c6e31f7fb3cc7b49,9.1484375
dg_p067_a0,base,87e055e858b025d57391627d12bb8a42f0fb95fa4fa638493100204d39999fbb,-10.1328125
dg_p067_a0,parm_fixed,6c8bbb7932da1dc0dd3574fdc6d03889bbff5e3b1731d88f9193b8176b6c3248,2.19140625
dg_p067_a0,midpoint,cd1cd6bced2867f786bf7e964b3fe97c1bef416f95e1490bd29a1bfddc1f5619,-0.69677734375
dg_p067_a0,disagreement_gate,87e055e858b025d57391627d12bb8a42f0fb95fa4fa638493100204d39999fbb,-10.1328125
dg_p067_a1,base,87e055e858b025d57391627d12bb8a42f0fb95fa4fa638493100204d39999fbb,-10.1328125
dg_p067_a1,parm_fixed,4fa41d49f1c9424ba0cfa5ebcb755a0f8e0d262cf1caa0cafbef73fe40eefe59,-1.9404296875
dg_p067_a1,midpoint,fb6fe4e845fa568c832c0f2c48135db0f54b405605de12c287a81976a0b2c165,2.609375
dg_p067_a1,disagreement_gate,87e055e858b025d57391627d12bb8a42f0fb95fa4fa638493100204d39999fbb,-10.1328125
dg_p067_a2,base,87e055e858b025d57391627d12bb8a42f0fb95fa4fa638493100204d39999fbb,-10.1328125
dg_p067_a2,parm_fixed,4fa41d49f1c9424ba0cfa5ebcb755a0f8e0d262cf1caa0cafbef73fe40eefe59,-1.9404296875
dg_p067_a2,midpoint,fb6fe4e845fa568c832c0f2c48135db0f54b405605de12c287a81976a0b2c165,2.609375
dg_p067_a2,disagreement_gate,87e055e858b025d57391627d12bb8a42f0fb95fa4fa638493100204d39999fbb,-10.1328125
dg_p067_a3,base,87e055e858b025d57391627d12bb8a42f0fb95fa4fa638493100204d39999fbb,-10.1328125
dg_p067_a3,parm_fixed,d1483181a4865cdaf249280386aefefbee8b23ae0feb81d5e8aa81be4549523b,-3.42578125
dg_p067_a3,midpoint,fb6fe4e845fa568c832c0f2c48135db0f54b405605de12c287a81976a0b2c165,2.609375
dg_p067_a3,disagreement_gate,87e055e858b025d57391627d12bb8a42f0fb95fa4fa638493100204d39999fbb,-10.1328125
dg_p067_a4,base,87e055e858b025d57391627d12bb8a42f0fb95fa4fa638493100204d39999fbb,-10.1328125
dg_p067_a4,parm_fixed,96aa145d11852cb0b690b05e2d5b8b97bb0b8eba9ed6be279d5722e3f5a7c178,-9.328125
dg_p067_a4,midpoint,fb6fe4e845fa568c832c0f2c48135db0f54b405605de12c287a81976a0b2c165,2.609375
dg_p067_a4,disagreement_gate,87e055e858b025d57391627d12bb8a42f0fb95fa4fa638493100204d39999fbb,-10.1328125
dg_p068_a0,base,865b5c419e23c59571fdd0822a753d3161648fed4da3aeac173519adaeebe790,-0.390380859375
dg_p068_a0,parm_fixed,d130872f33fe3e62b9460a831746ebd4d4a882333f38bff8f02327ab4f5f14ed,-6.734375
dg_p068_a0,midpoint,fd974fef7fea5cf928ffafe78676e185c34b0d760aa221a8dbe072276c172d26,-0.0732421875
dg_p068_a0,disagreement_gate,865b5c419e23c59571fdd0822a753d3161648fed4da3aeac173519adaeebe790,-0.390380859375
dg_p068_a1,base,865b5c419e23c59571fdd0822a753d3161648fed4da3aeac173519adaeebe790,-0.390380859375
dg_p068_a1,parm_fixed,1bb10fab97c960d0d902a2d49f293a270d04475121bc26b76fd01fbd4fcf40ce,-4.16796875
dg_p068_a1,midpoint,d712b342e271392678a76dd09faac55f2999c596a4f229fad5d59cd4e3760962,0.2464599609375
dg_p068_a1,disagreement_gate,865b5c419e23c59571fdd0822a753d3161648fed4da3aeac173519adaeebe790,-0.390380859375
dg_p068_a2,base,865b5c419e23c59571fdd0822a753d3161648fed4da3aeac173519adaeebe790,-0.390380859375
dg_p068_a2,parm_fixed,3aa6f4a4054653020e0f9b0156a961fa2383af5e8fbc00922e197fd56a702c80,-4.1015625
dg_p068_a2,midpoint,f9c7e372156a3d4864415bb5b68870fac9a39bbc80ccb55bd56b360571ec8d3a,-11.3671875
dg_p068_a2,disagreement_gate,865b5c419e23c59571fdd0822a753d3161648fed4da3aeac173519adaeebe790,-0.390380859375
dg_p068_a3,base,865b5c419e23c59571fdd0822a753d3161648fed4da3aeac173519adaeebe790,-0.390380859375
dg_p068_a3,parm_fixed,415f546525e7931c56493ef300db53fed2da044818043aec7474666dc507704a,-7.9296875
dg_p068_a3,midpoint,3bafa70191ad03863efd40a426dee0a04b241832d4ab041c93a86b5918f0a751,3.498046875
dg_p068_a3,disagreement_gate,865b5c419e23c59571fdd0822a753d3161648fed4da3aeac173519adaeebe790,-0.390380859375
dg_p068_a4,base,865b5c419e23c59571fdd0822a753d3161648fed4da3aeac173519adaeebe790,-0.390380859375
dg_p068_a4,parm_fixed,d9d5fc44b742f0a5f2763436308d8d09be89b5c38fdea916715cb4f0ef6eb0f2,0.9013671875
dg_p068_a4,midpoint,b448e5edec1b011f6e7ff192c7059a4f84bec9bce61571144b1eb7a3b8f39a31,-7.26953125
dg_p068_a4,disagreement_gate,865b5c419e23c59571fdd0822a753d3161648fed4da3aeac173519adaeebe790,-0.390380859375
dg_p069_a0,base,da1fd7394f13fdea7dba622955bf4dde89bb00043ac03a68c9fc697c69363899,-8.8359375
dg_p069_a0,parm_fixed,849774db5baf100ecbea06e18a2ff5b4da0521abb6ce424e4d329679ddf1b3f5,4.5234375
dg_p069_a0,midpoint,ad8b40ff719bde551a9dc5c8a164366b97fb8a267399764db4009a8f28e5c017,10.3046875
dg_p069_a0,disagreement_gate,da1fd7394f13fdea7dba622955bf4dde89bb00043ac03a68c9fc697c69363899,-8.8359375
dg_p069_a1,base,da1fd7394f13fdea7dba622955bf4dde89bb00043ac03a68c9fc697c69363899,-8.8359375
dg_p069_a1,parm_fixed,849774db5baf100ecbea06e18a2ff5b4da0521abb6ce424e4d329679ddf1b3f5,4.5234375
dg_p069_a1,midpoint,e13a551a07d62c1b7d5daa4cb3a8ba0746a271e72954d3670d5de76481ee8d3f,7.49609375
dg_p069_a1,disagreement_gate,da1fd7394f13fdea7dba622955bf4dde89bb00043ac03a68c9fc697c69363899,-8.8359375
dg_p069_a2,base,da1fd7394f13fdea7dba622955bf4dde89bb00043ac03a68c9fc697c69363899,-8.8359375
dg_p069_a2,parm_fixed,1292324d4977c3fe685fd91d0c1252e18e2a2f41af8e507de35a8df2d30f51c6,3.826171875
dg_p069_a2,midpoint,2a4e881d85aa08756d1403f62cf33cde99a956c7fb4268ba54a6b1d23782544b,12.734375
dg_p069_a2,disagreement_gate,da1fd7394f13fdea7dba622955bf4dde89bb00043ac03a68c9fc697c69363899,-8.8359375
dg_p069_a3,base,da1fd7394f13fdea7dba622955bf4dde89bb00043ac03a68c9fc697c69363899,-8.8359375
dg_p069_a3,parm_fixed,e1b3e9e1d18a1bd3e13c5178d915edbf393ba118a4ded1a4898ee320979d127c,2.40625
dg_p069_a3,midpoint,6e191411b9c21d6d8ed1d79b89be4c10d11d688f0223d0fad70ea2514d2f2f18,8.734375
dg_p069_a3,disagreement_gate,da1fd7394f13fdea7dba622955bf4dde89bb00043ac03a68c9fc697c69363899,-8.8359375
dg_p069_a4,base,da1fd7394f13fdea7dba622955bf4dde89bb00043ac03a68c9fc697c69363899,-8.8359375
dg_p069_a4,parm_fixed,852cc9658704971456313cd99bf4990b4075b99557462f5b96535e1f00f9995f,5.0625
dg_p069_a4,midpoint,de23c3424369b241cbed4c39bba872bd3047cab4ce7fb50ba0a9b30920139d2f,7.5234375
dg_p069_a4,disagreement_gate,da1fd7394f13fdea7dba622955bf4dde89bb00043ac03a68c9fc697c69363899,-8.8359375
dg_p070_a0,base,cdc03c97433b2b708184425941ccfdedee1c5851b4ee9baef407f59daad0ad9e,-5.54296875
dg_p070_a0,parm_fixed,4f7275c206e29a797e03a3d0801251436826b1bf6dfa1fb38d8d14f16d3ae7bf,-1.1845703125
dg_p070_a0,midpoint,e2953c0b1fed4cb29b451724e81f177fc971678373dc99033ddae279c3636c2d,19.078125
dg_p070_a0,disagreement_gate,cdc03c97433b2b708184425941ccfdedee1c5851b4ee9baef407f59daad0ad9e,-5.54296875
dg_p070_a1,base,cdc03c97433b2b708184425941ccfdedee1c5851b4ee9baef407f59daad0ad9e,-5.54296875
dg_p070_a1,parm_fixed,77fce341f58661d5c33484750b89d179f1ef5ad96f03ca18ad83f389a21f6e15,-2.1484375
dg_p070_a1,midpoint,e2953c0b1fed4cb29b451724e81f177fc971678373dc99033ddae279c3636c2d,19.078125
dg_p070_a1,disagreement_gate,cdc03c97433b2b708184425941ccfdedee1c5851b4ee9baef407f59daad0ad9e,-5.54296875
dg_p070_a2,base,cdc03c97433b2b708184425941ccfdedee1c5851b4ee9baef407f59daad0ad9e,-5.54296875
dg_p070_a2,parm_fixed,ea790701d8901c696e8a0e436f013dbe9dadb2dcfb7fcb95871908a36f5ac43c,-6.1015625
dg_p070_a2,midpoint,f5248a6f1c590b00bd1060dbbff355606fe5b7aea3d8644c4a6634adf3738070,-10.59375
dg_p070_a2,disagreement_gate,cdc03c97433b2b708184425941ccfdedee1c5851b4ee9baef407f59daad0ad9e,-5.54296875
dg_p070_a3,base,cdc03c97433b2b708184425941ccfdedee1c5851b4ee9baef407f59daad0ad9e,-5.54296875
dg_p070_a3,parm_fixed,c8631c06ed556db70e2a006cfd76bcee985d0c64bc9f29ce029cc45cc1ac19cc,-1.3876953125
dg_p070_a3,midpoint,f5a32590797af29cf33b5b7e39ffebda9ab130ac0145ba3f993ccac7d1a760c2,-3.80859375
dg_p070_a3,disagreement_gate,cdc03c97433b2b708184425941ccfdedee1c5851b4ee9baef407f59daad0ad9e,-5.54296875
dg_p070_a4,base,cdc03c97433b2b708184425941ccfdedee1c5851b4ee9baef407f59daad0ad9e,-5.54296875
dg_p070_a4,parm_fixed,c8631c06ed556db70e2a006cfd76bcee985d0c64bc9f29ce029cc45cc1ac19cc,-1.3876953125
dg_p070_a4,midpoint,f5a32590797af29cf33b5b7e39ffebda9ab130ac0145ba3f993ccac7d1a760c2,-3.80859375
dg_p070_a4,disagreement_gate,cdc03c97433b2b708184425941ccfdedee1c5851b4ee9baef407f59daad0ad9e,-5.54296875
dg_p071_a0,base,8359d4143ce7d97a6e235a15457ecd731b1e88cacff0a838e8bbf91b37edccd8,-11.25
dg_p071_a0,parm_fixed,530eccc9fe7166fa886c586124f35e0c9ed355e209eccc162b7d7c9171031984,2.716796875
dg_p071_a0,midpoint,7e5bbe0cd6dc0ce84af73304028ad19e0e3b5ba06049630201475155617508af,3.2734375
dg_p071_a0,disagreement_gate,8359d4143ce7d97a6e235a15457ecd731b1e88cacff0a838e8bbf91b37edccd8,-11.25
dg_p071_a1,base,8359d4143ce7d97a6e235a15457ecd731b1e88cacff0a838e8bbf91b37edccd8,-11.25
dg_p071_a1,parm_fixed,50a78c0034abe97af501e61a9df710119899858ee600e5b61670ca96f13cabca,-3.154296875
dg_p071_a1,midpoint,669e6c44200eb6b95fdef3cf2440d49f43d947c37164299ddbeffe6225021400,-3.75
dg_p071_a1,disagreement_gate,8359d4143ce7d97a6e235a15457ecd731b1e88cacff0a838e8bbf91b37edccd8,-11.25
dg_p071_a2,base,8359d4143ce7d97a6e235a15457ecd731b1e88cacff0a838e8bbf91b37edccd8,-11.25
dg_p071_a2,parm_fixed,f1518b18daaca41a425317ebc6a86f38c44067369baf2b790e064efb074d8022,-2.369140625
dg_p071_a2,midpoint,669e6c44200eb6b95fdef3cf2440d49f43d947c37164299ddbeffe6225021400,-3.75
dg_p071_a2,disagreement_gate,8359d4143ce7d97a6e235a15457ecd731b1e88cacff0a838e8bbf91b37edccd8,-11.25
dg_p071_a3,base,8359d4143ce7d97a6e235a15457ecd731b1e88cacff0a838e8bbf91b37edccd8,-11.25
dg_p071_a3,parm_fixed,f1518b18daaca41a425317ebc6a86f38c44067369baf2b790e064efb074d8022,-2.369140625
dg_p071_a3,midpoint,669e6c44200eb6b95fdef3cf2440d49f43d947c37164299ddbeffe6225021400,-3.75
dg_p071_a3,disagreement_gate,8359d4143ce7d97a6e235a15457ecd731b1e88cacff0a838e8bbf91b37edccd8,-11.25
dg_p071_a4,base,8359d4143ce7d97a6e235a15457ecd731b1e88cacff0a838e8bbf91b37edccd8,-11.25
dg_p071_a4,parm_fixed,2c39a4bd657def8f20c7c56ab509f34678b185d35dc541de70b0e956bd4bd1eb,-8.78125
dg_p071_a4,midpoint,e83ca8796fefd30b570be10f3b684cb8140f311139177b3d891add62d2178f8d,-7.1796875
dg_p071_a4,disagreement_gate,8359d4143ce7d97a6e235a15457ecd731b1e88cacff0a838e8bbf91b37edccd8,-11.25
dg_p072_a0,base,8fe2ff8032d875bc3f1ad624cb499f581f00a9e95ddbc1f6e6138775f7aacf79,-1.9814453125
dg_p072_a0,parm_fixed,440b8868f283c78aaefcb1c2bf74602678c6fac16c8fba188086beaeac3b6ae5,14.2578125
dg_p072_a0,midpoint,491ee6f2a69a3a5b4835a697715152407ab30df0c3114a827e36dc049eae2704,11.9921875
dg_p072_a0,disagreement_gate,8fe2ff8032d875bc3f1ad624cb499f581f00a9e95ddbc1f6e6138775f7aacf79,-1.9814453125
dg_p072_a1,base,8fe2ff8032d875bc3f1ad624cb499f581f00a9e95ddbc1f6e6138775f7aacf79,-1.9814453125
dg_p072_a1,parm_fixed,aa2f62e7878e1b371b3cfa3618080a038c2ac1240749a818c2426865930f7cc4,8.109375
dg_p072_a1,midpoint,3d758de80bdbdac91da33515f2fd5b6e6b4b1ed38e3fb557f8644f598659daa7,-10.28125
dg_p072_a1,disagreement_gate,8fe2ff8032d875bc3f1ad624cb499f581f00a9e95ddbc1f6e6138775f7aacf79,-1.9814453125
dg_p072_a2,base,8fe2ff8032d875bc3f1ad624cb499f581f00a9e95ddbc1f6e6138775f7aacf79,-1.9814453125
dg_p072_a2,parm_fixed,d83fc7df41419455297521c84e9293ea447848c6bdc57e2dceac9905a28abca2,14.8359375
dg_p072_a2,midpoint,fa6189462eeffebdb5abb808b35a735e6f6d10830136f5fbbe1903bdf8f2d926,-10.6640625
dg_p072_a2,disagreement_gate,8fe2ff8032d875bc3f1ad624cb499f581f00a9e95ddbc1f6e6138775f7aacf79,-1.9814453125
dg_p072_a3,base,8fe2ff8032d875bc3f1ad624cb499f581f00a9e95ddbc1f6e6138775f7aacf79,-1.9814453125
dg_p072_a3,parm_fixed,99f8cd30ce6e725b730984ea829850bbe3c114d96be002f71bbe177f81ada90b,6.44921875
dg_p072_a3,midpoint,5aac24e417f87cc2480eea59d10d47153e415021f00b432007678d0a7f222b4e,3.96875
dg_p072_a3,disagreement_gate,8fe2ff8032d875bc3f1ad624cb499f581f00a9e95ddbc1f6e6138775f7aacf79,-1.9814453125
dg_p072_a4,base,8fe2ff8032d875bc3f1ad624cb499f581f00a9e95ddbc1f6e6138775f7aacf79,-1.9814453125
dg_p072_a4,parm_fixed,501b01ec94c31d3fbadf7b304602515284d58f685bb0e04707fac14036c35828,15.59375
dg_p072_a4,midpoint,e5949564eff1aceb39d9317b2ce256a45a2a6878fc188d2ce289fe423f6edb64,13.2734375
dg_p072_a4,disagreement_gate,8fe2ff8032d875bc3f1ad624cb499f581f00a9e95ddbc1f6e6138775f7aacf79,-1.9814453125
dg_p073_a0,base,9491e186ed4017ba910eab3ce3bdacff1f03b26784f63b4997a9e30362ceae9f,9.140625
dg_p073_a0,parm_fixed,2eb54f11fec5bb93b7d210d1b842c7cc2937afe2aca8dc54acd3d357938db5ed,25.703125
dg_p073_a0,midpoint,9491e186ed4017ba910eab3ce3bdacff1f03b26784f63b4997a9e30362ceae9f,9.140625
dg_p073_a0,disagreement_gate,9491e186ed4017ba910eab3ce3bdacff1f03b26784f63b4997a9e30362ceae9f,9.140625
dg_p073_a1,base,9491e186ed4017ba910eab3ce3bdacff1f03b26784f63b4997a9e30362ceae9f,9.140625
dg_p073_a1,parm_fixed,9562f405376c9a20ccd4ba5aa04b1d7cc2476a581d097d2b7a19fcbe271366d8,19.71875
dg_p073_a1,midpoint,a2290a5b23694cf5926b289a80b1c00ec9c00f3d519066acc0b1a581f9bc36ca,27.015625
dg_p073_a1,disagreement_gate,9491e186ed4017ba910eab3ce3bdacff1f03b26784f63b4997a9e30362ceae9f,9.140625
dg_p073_a2,base,9491e186ed4017ba910eab3ce3bdacff1f03b26784f63b4997a9e30362ceae9f,9.140625
dg_p073_a2,parm_fixed,fb66b1bd72c35be8a4ea268799d423e0f4f8f8eb33813113e496c8ccf804afc8,-12.9453125
dg_p073_a2,midpoint,a2290a5b23694cf5926b289a80b1c00ec9c00f3d519066acc0b1a581f9bc36ca,27.015625
dg_p073_a2,disagreement_gate,9491e186ed4017ba910eab3ce3bdacff1f03b26784f63b4997a9e30362ceae9f,9.140625
dg_p073_a3,base,9491e186ed4017ba910eab3ce3bdacff1f03b26784f63b4997a9e30362ceae9f,9.140625
dg_p073_a3,parm_fixed,fb66b1bd72c35be8a4ea268799d423e0f4f8f8eb33813113e496c8ccf804afc8,-12.9453125
dg_p073_a3,midpoint,ac947a25ee070b8b91753ee67da7383176c79dd0364644e6f5db68dd3682315b,8.96875
dg_p073_a3,disagreement_gate,9491e186ed4017ba910eab3ce3bdacff1f03b26784f63b4997a9e30362ceae9f,9.140625
dg_p073_a4,base,9491e186ed4017ba910eab3ce3bdacff1f03b26784f63b4997a9e30362ceae9f,9.140625
dg_p073_a4,parm_fixed,b22b553632ccd0db07ab819b7d8feee7d394eacf9d6ff9c944238885acc45e94,-3.826171875
dg_p073_a4,midpoint,925493630b6bacc2a2b5e0ee996c1acba58a555f11f183f79837d9db6b81715c,-8.046875
dg_p073_a4,disagreement_gate,9491e186ed4017ba910eab3ce3bdacff1f03b26784f63b4997a9e30362ceae9f,9.140625
dg_p074_a0,base,244febe3d32a08fd3d72bc80c84c60f8d80c5f110a929b7e145df9152f4c3284,-1.4072265625
dg_p074_a0,parm_fixed,09517fa6425bd7d002f618985f99b6586266baf0327fdc4a982ac3eac7fd9230,10.96875
dg_p074_a0,midpoint,5e81fd7862b3f5efd4a33adc18575d87a8c0aed91dde0708115c4ed4f99af354,14.1015625
dg_p074_a0,disagreement_gate,244febe3d32a08fd3d72bc80c84c60f8d80c5f110a929b7e145df9152f4c3284,-1.4072265625
dg_p074_a1,base,244febe3d32a08fd3d72bc80c84c60f8d80c5f110a929b7e145df9152f4c3284,-1.4072265625
dg_p074_a1,parm_fixed,c60ba245c3df10028a4eb8d3bdb3b218f06fa5e692dd7d060f5c3db776017b0e,16.125
dg_p074_a1,midpoint,600a1e49ced215c54ec97873d374d5cbcde6bcad26d40b577b2c32be28c92f21,23.015625
dg_p074_a1,disagreement_gate,244febe3d32a08fd3d72bc80c84c60f8d80c5f110a929b7e145df9152f4c3284,-1.4072265625
dg_p074_a2,base,244febe3d32a08fd3d72bc80c84c60f8d80c5f110a929b7e145df9152f4c3284,-1.4072265625
dg_p074_a2,parm_fixed,be9e75b8db17a7b19e07feb317cc238bfaa86e39b5c00ab9ddafa734818a66f6,10.5078125
dg_p074_a2,midpoint,600a1e49ced215c54ec97873d374d5cbcde6bcad26d40b577b2c32be28c92f21,23.015625
dg_p074_a2,disagreement_gate,244febe3d32a08fd3d72bc80c84c60f8d80c5f110a929b7e145df9152f4c3284,-1.4072265625
dg_p074_a3,base,244febe3d32a08fd3d72bc80c84c60f8d80c5f110a929b7e145df9152f4c3284,-1.4072265625
dg_p074_a3,parm_fixed,db9642351cff322be9673eb1a9128f2bb307a7d8524ec1b68ce28ac26c4c9307,0.994140625
dg_p074_a3,midpoint,e7b31691d5bf2609f19bb4e1dbbae482cd0c0fd22a01f94dcf2b51d380eef0a4,4.34375
dg_p074_a3,disagreement_gate,244febe3d32a08fd3d72bc80c84c60f8d80c5f110a929b7e145df9152f4c3284,-1.4072265625
dg_p074_a4,base,244febe3d32a08fd3d72bc80c84c60f8d80c5f110a929b7e145df9152f4c3284,-1.4072265625
dg_p074_a4,parm_fixed,db9642351cff322be9673eb1a9128f2bb307a7d8524ec1b68ce28ac26c4c9307,0.994140625
dg_p074_a4,midpoint,e7b31691d5bf2609f19bb4e1dbbae482cd0c0fd22a01f94dcf2b51d380eef0a4,4.34375
dg_p074_a4,disagreement_gate,244febe3d32a08fd3d72bc80c84c60f8d80c5f110a929b7e145df9152f4c3284,-1.4072265625
dg_p075_a0,base,06b0c31e6f1c8903a9a4551e066ea14e6eebee3f6fc7f79e2f131bb1bc7cb6c3,-9.921875
dg_p075_a0,parm_fixed,25d72f576ab1fbeff1a0ceb8a56aaaa0fd5ffd4a21a03600661053ad10abd9ff,-15.7265625
dg_p075_a0,midpoint,0b78406b74c668e449abbf1d63af40c89eb3f8661768f5de6e4bc00ec741a29e,-14.4609375
dg_p075_a0,disagreement_gate,06b0c31e6f1c8903a9a4551e066ea14e6eebee3f6fc7f79e2f131bb1bc7cb6c3,-9.921875
dg_p075_a1,base,06b0c31e6f1c8903a9a4551e066ea14e6eebee3f6fc7f79e2f131bb1bc7cb6c3,-9.921875
dg_p075_a1,parm_fixed,25d72f576ab1fbeff1a0ceb8a56aaaa0fd5ffd4a21a03600661053ad10abd9ff,-15.7265625
dg_p075_a1,midpoint,c11d527bb1c6d14a7d33ae18b9f3c9e7d4b5e123bd3980c8b8bed62deb7aae62,-17.1875
dg_p075_a1,disagreement_gate,06b0c31e6f1c8903a9a4551e066ea14e6eebee3f6fc7f79e2f131bb1bc7cb6c3,-9.921875
dg_p075_a2,base,06b0c31e6f1c8903a9a4551e066ea14e6eebee3f6fc7f79e2f131bb1bc7cb6c3,-9.921875
dg_p075_a2,parm_fixed,8598278b3e0dbab339c7a7cc1bef7af0b2177c45599d27214bd51ae2a08efc73,-15.375
dg_p075_a2,midpoint,c11d527bb1c6d14a7d33ae18b9f3c9e7d4b5e123bd3980c8b8bed62deb7aae62,-17.1875
dg_p075_a2,disagreement_gate,06b0c31e6f1c8903a9a4551e066ea14e6eebee3f6fc7f79e2f131bb1bc7cb6c3,-9.921875
dg_p075_a3,base,06b0c31e6f1c8903a9a4551e066ea14e6eebee3f6fc7f79e2f131bb1bc7cb6c3,-9.921875
dg_p075_a3,parm_fixed,ea64854536936acf367bbf573b5915a575e2507474a99e6144a8c5b9c2c78cfb,-15.2578125
dg_p075_a3,midpoint,0416493291c36e6f0dc214b65aa77c91775f429e654bd4362e74645a4f3faf7a,-18.234375
dg_p075_a3,disagreement_gate,06b0c31e6f1c8903a9a4551e066ea14e6eebee3f6fc7f79e2f131bb1bc7cb6c3,-9.921875
dg_p075_a4,base,06b0c31e6f1c8903a9a4551e066ea14e6eebee3f6fc7f79e2f131bb1bc7cb6c3,-9.921875
dg_p075_a4,parm_fixed,885136f00f8401b154761458bfe4f863242fab45c73c9f64562ed4175e34066d,-15.3203125
dg_p075_a4,midpoint,bda96fa4874eca731c6966b817f8dbe2709f064e9943e3f65373634c0a90aa9d,-7.296875
dg_p075_a4,disagreement_gate,06b0c31e6f1c8903a9a4551e066ea14e6eebee3f6fc7f79e2f131bb1bc7cb6c3,-9.921875
dg_p076_a0,base,15aa26c9526bb35c1724ad7b3f08ec0fabdeb7c53a7bc5a33e10350a317f9990,11.0546875
dg_p076_a0,parm_fixed,dc6e2978f90e416aae88b99483f07e76a76be05b0d60fcc69317fefe2bcd2ae3,0.33837890625
dg_p076_a0,midpoint,9c7a07ee48f66addca53a0326b708adc1cd12945a69a1d235c279290d61cfc9e,23.96875
dg_p076_a0,disagreement_gate,15aa26c9526bb35c1724ad7b3f08ec0fabdeb7c53a7bc5a33e10350a317f9990,11.0546875
dg_p076_a1,base,15aa26c9526bb35c1724ad7b3f08ec0fabdeb7c53a7bc5a33e10350a317f9990,11.0546875
dg_p076_a1,parm_fixed,42c610eb03add35be77f4d72ef3f518c482edef195d2433980513d364a12363b,4.5078125
dg_p076_a1,midpoint,c76a0ca2d3dd9713c4abf627dd7f4e60f8d9e5f11196686206ddb554a21b2739,11.7109375
dg_p076_a1,disagreement_gate,15aa26c9526bb35c1724ad7b3f08ec0fabdeb7c53a7bc5a33e10350a317f9990,11.0546875
dg_p076_a2,base,15aa26c9526bb35c1724ad7b3f08ec0fabdeb7c53a7bc5a33e10350a317f9990,11.0546875
dg_p076_a2,parm_fixed,ae59e0ba8bdc4d576491a0428276516b6416515b1bf55bad5a2eddcce12c7497,-4.078125
dg_p076_a2,midpoint,c8ffd38a42ba38bbb170e64344bb28d1297d576827267869d8588db248917440,-6.859375
dg_p076_a2,disagreement_gate,15aa26c9526bb35c1724ad7b3f08ec0fabdeb7c53a7bc5a33e10350a317f9990,11.0546875
dg_p076_a3,base,15aa26c9526bb35c1724ad7b3f08ec0fabdeb7c53a7bc5a33e10350a317f9990,11.0546875
dg_p076_a3,parm_fixed,74b6cf7ff6fccce3fbeabf63d9539657dda0e4f31e1aa9f46f928fb16b3da893,7.625
dg_p076_a3,midpoint,8f67f5feb6332c6cd27ce6aee3377a7db8219dd45dbdccbe56b329713875196a,7.78515625
dg_p076_a3,disagreement_gate,15aa26c9526bb35c1724ad7b3f08ec0fabdeb7c53a7bc5a33e10350a317f9990,11.0546875
dg_p076_a4,base,15aa26c9526bb35c1724ad7b3f08ec0fabdeb7c53a7bc5a33e10350a317f9990,11.0546875
dg_p076_a4,parm_fixed,817cd6247b802947ef6f4d46e71ea2c8b0a90e394bf986386238ee8aac80259e,-3.720703125
dg_p076_a4,midpoint,8f67f5feb6332c6cd27ce6aee3377a7db8219dd45dbdccbe56b329713875196a,7.78515625
dg_p076_a4,disagreement_gate,15aa26c9526bb35c1724ad7b3f08ec0fabdeb7c53a7bc5a33e10350a317f9990,11.0546875
dg_p077_a0,base,c4bd89eb5076b0b180f25e25ba44fad074180fa3023b6661947169d3bda95e5c,6.0
dg_p077_a0,parm_fixed,e5cdb49f86f42ada3b79c14bb6b232fd73ed1bc59678d741399789ffa0ea89a7,5.6796875
dg_p077_a0,midpoint,06c85c36eba167264eb8bf9aa65105852b145c221c679ce8cb7c6563d83bf7c2,-9.8984375
dg_p077_a0,disagreement_gate,c4bd89eb5076b0b180f25e25ba44fad074180fa3023b6661947169d3bda95e5c,6.0
dg_p077_a1,base,c4bd89eb5076b0b180f25e25ba44fad074180fa3023b6661947169d3bda95e5c,6.0
dg_p077_a1,parm_fixed,e5cdb49f86f42ada3b79c14bb6b232fd73ed1bc59678d741399789ffa0ea89a7,5.6796875
dg_p077_a1,midpoint,06c85c36eba167264eb8bf9aa65105852b145c221c679ce8cb7c6563d83bf7c2,-9.8984375
dg_p077_a1,disagreement_gate,c4bd89eb5076b0b180f25e25ba44fad074180fa3023b6661947169d3bda95e5c,6.0
dg_p077_a2,base,c4bd89eb5076b0b180f25e25ba44fad074180fa3023b6661947169d3bda95e5c,6.0
dg_p077_a2,parm_fixed,e01692a9250909b8383772970039101d3edd584389ff52b01059015b44409d2b,-7.15234375
dg_p077_a2,midpoint,06c85c36eba167264eb8bf9aa65105852b145c221c679ce8cb7c6563d83bf7c2,-9.8984375
dg_p077_a2,disagreement_gate,c4bd89eb5076b0b180f25e25ba44fad074180fa3023b6661947169d3bda95e5c,6.0
dg_p077_a3,base,c4bd89eb5076b0b180f25e25ba44fad074180fa3023b6661947169d3bda95e5c,6.0
dg_p077_a3,parm_fixed,3727a1a803ac09cf1c66a61eaa52de9723b939dd754e6519d6f5e112cf928bf4,19.28125
dg_p077_a3,midpoint,06c85c36eba167264eb8bf9aa65105852b145c221c679ce8cb7c6563d83bf7c2,-9.8984375
dg_p077_a3,disagreement_gate,c4bd89eb5076b0b180f25e25ba44fad074180fa3023b6661947169d3bda95e5c,6.0
dg_p077_a4,base,c4bd89eb5076b0b180f25e25ba44fad074180fa3023b6661947169d3bda95e5c,6.0
dg_p077_a4,parm_fixed,3727a1a803ac09cf1c66a61eaa52de9723b939dd754e6519d6f5e112cf928bf4,19.28125
dg_p077_a4,midpoint,c2d0d7ee4a3e45868f8c946c2616fb419c1bd3450f38a5d38fc9d6dc12e8467c,-5.05859375
dg_p077_a4,disagreement_gate,c4bd89eb5076b0b180f25e25ba44fad074180fa3023b6661947169d3bda95e5c,6.0
dg_p078_a0,base,b594211f98bf31a930efe310a67e3360aaec88ad053ab8dbd3650b776963187a,14.9609375
dg_p078_a0,parm_fixed,0857a4ad38fd73a2f38dc8c36c9c547172d234de878a11f9155b4eac5606071f,15.03125
dg_p078_a0,midpoint,1a0d2c0ce594de2201e368a40851d82b1cb4c225a21829f24b9ac014f62cfd3d,10.8828125
dg_p078_a0,disagreement_gate,b594211f98bf31a930efe310a67e3360aaec88ad053ab8dbd3650b776963187a,14.9609375
dg_p078_a1,base,b594211f98bf31a930efe310a67e3360aaec88ad053ab8dbd3650b776963187a,14.9609375
dg_p078_a1,parm_fixed,ac6acbc52782bb7f24905ab45ad92f24edfaa39f80b46d8f06a1e86235c758f8,9.234375
dg_p078_a1,midpoint,d0b34a9b319ed1cc72b4ae690563a90bbea1c546332b34f9c3602c2bdb565398,4.5859375
dg_p078_a1,disagreement_gate,b594211f98bf31a930efe310a67e3360aaec88ad053ab8dbd3650b776963187a,14.9609375
dg_p078_a2,base,b594211f98bf31a930efe310a67e3360aaec88ad053ab8dbd3650b776963187a,14.9609375
dg_p078_a2,parm_fixed,623e7854450b96def757223c9a3b0a4897b9af7e45f1a9ec9939bca0ddd810e9,8.3125
dg_p078_a2,midpoint,e125af574264d187cc251e79e7332d600dcbbef1b20cc6a462f5c9e8fd81b7bd,6.3203125
dg_p078_a2,disagreement_gate,b594211f98bf31a930efe310a67e3360aaec88ad053ab8dbd3650b776963187a,14.9609375
dg_p078_a3,base,b594211f98bf31a930efe310a67e3360aaec88ad053ab8dbd3650b776963187a,14.9609375
dg_p078_a3,parm_fixed,d34fd352c0a2843773079d9a89547626df0056fb4c9ac720c36935027fb05c9e,6.76953125
dg_p078_a3,midpoint,38d7cd40819e9d385895f13602fb4629e533890b4a9cb5d56a32ca4d8ad83261,3.490234375
dg_p078_a3,disagreement_gate,b594211f98bf31a930efe310a67e3360aaec88ad053ab8dbd3650b776963187a,14.9609375
dg_p078_a4,base,b594211f98bf31a930efe310a67e3360aaec88ad053ab8dbd3650b776963187a,14.9609375
dg_p078_a4,parm_fixed,4ef7374bb8d50c65d69d69bb758d795aef27853b963957840ff2bbf642401190,-3.05078125
dg_p078_a4,midpoint,38d7cd40819e9d385895f13602fb4629e533890b4a9cb5d56a32ca4d8ad83261,3.490234375
dg_p078_a4,disagreement_gate,b594211f98bf31a930efe310a67e3360aaec88ad053ab8dbd3650b776963187a,14.9609375
dg_p079_a0,base,b8eb308e8666485afbabd4588d06765b5ee0acb154cc83b4b045a334301bf3e1,6.78515625
dg_p079_a0,parm_fixed,cf9ded5349856502be9a0da3c1e4b4b65d15a407ad08547f425622cdccbdb9e9,22.59375
dg_p079_a0,midpoint,34aee15fbb6bd98fb4055f32615543f5a19bcdefaaa466eb834e2aa3e805eced,10.515625
dg_p079_a0,disagreement_gate,b8eb308e8666485afbabd4588d06765b5ee0acb154cc83b4b045a334301bf3e1,6.78515625
dg_p079_a1,base,b8eb308e8666485afbabd4588d06765b5ee0acb154cc83b4b045a334301bf3e1,6.78515625
dg_p079_a1,parm_fixed,48eb90c303b1a9af88ccb04f4c99a496b3eb85d4b321f654851d29dabd8d4ea1,25.140625
dg_p079_a1,midpoint,9b5f4c5e4106a1ac4cde0cce7339bd52c9859637e1699f3378fef90027a9b0d7,11.0234375
dg_p079_a1,disagreement_gate,b8eb308e8666485afbabd4588d06765b5ee0acb154cc83b4b045a334301bf3e1,6.78515625
dg_p079_a2,base,b8eb308e8666485afbabd4588d06765b5ee0acb154cc83b4b045a334301bf3e1,6.78515625
dg_p079_a2,parm_fixed,41a8f70991bb0b165da13b6b9b7edc0f747906a58338b8b810302cdc65f0bb3e,17.859375
dg_p079_a2,midpoint,68135fc1185f2b42e1ed8aba20764d108cfe9ca06b0a3e22d8d1f5050b7cfcef,8.375
dg_p079_a2,disagreement_gate,b8eb308e8666485afbabd4588d06765b5ee0acb154cc83b4b045a334301bf3e1,6.78515625
dg_p079_a3,base,b8eb308e8666485afbabd4588d06765b5ee0acb154cc83b4b045a334301bf3e1,6.78515625
dg_p079_a3,parm_fixed,57a793edcc3497cb457a5d43b74b826d11a49baed8685e88ccf1c4f592e5e176,-7.55859375
dg_p079_a3,midpoint,68135fc1185f2b42e1ed8aba20764d108cfe9ca06b0a3e22d8d1f5050b7cfcef,8.375
dg_p079_a3,disagreement_gate,b8eb308e8666485afbabd4588d06765b5ee0acb154cc83b4b045a334301bf3e1,6.78515625
dg_p079_a4,base,b8eb308e8666485afbabd4588d06765b5ee0acb154cc83b4b045a334301bf3e1,6.78515625
dg_p079_a4,parm_fixed,8858b81edb50c550f178239719ff6a7c57797a1b2b6546937a2bd40b1d212736,12.7109375
dg_p079_a4,midpoint,e9e4c3104dffaa3b3bc83311970cc192812041b11aca375d3ab6e332a7783e0e,-5.39453125
dg_p079_a4,disagreement_gate,b8eb308e8666485afbabd4588d06765b5ee0acb154cc83b4b045a334301bf3e1,6.78515625
dg_p080_a0,base,d80253715d59bd6fcede24259403a064986641ed46d7550d7711ae044c5ef60a,4.7890625
dg_p080_a0,parm_fixed,60682d3d9175f16282f5bff16bc7ff4dc040005fa525cf280d34efa483eaa734,-3.6328125
dg_p080_a0,midpoint,60682d3d9175f16282f5bff16bc7ff4dc040005fa525cf280d34efa483eaa734,-3.6328125
dg_p080_a0,disagreement_gate,d80253715d59bd6fcede24259403a064986641ed46d7550d7711ae044c5ef60a,4.7890625
dg_p080_a1,base,d80253715d59bd6fcede24259403a064986641ed46d7550d7711ae044c5ef60a,4.7890625
dg_p080_a1,parm_fixed,60682d3d9175f16282f5bff16bc7ff4dc040005fa525cf280d34efa483eaa734,-3.6328125
dg_p080_a1,midpoint,60682d3d9175f16282f5bff16bc7ff4dc040005fa525cf280d34efa483eaa734,-3.6328125
dg_p080_a1,disagreement_gate,d80253715d59bd6fcede24259403a064986641ed46d7550d7711ae044c5ef60a,4.7890625
dg_p080_a2,base,d80253715d59bd6fcede24259403a064986641ed46d7550d7711ae044c5ef60a,4.7890625
dg_p080_a2,parm_fixed,60682d3d9175f16282f5bff16bc7ff4dc040005fa525cf280d34efa483eaa734,-3.6328125
dg_p080_a2,midpoint,60682d3d9175f16282f5bff16bc7ff4dc040005fa525cf280d34efa483eaa734,-3.6328125
dg_p080_a2,disagreement_gate,d80253715d59bd6fcede24259403a064986641ed46d7550d7711ae044c5ef60a,4.7890625
dg_p080_a3,base,d80253715d59bd6fcede24259403a064986641ed46d7550d7711ae044c5ef60a,4.7890625
dg_p080_a3,parm_fixed,d64f7701f8a6385619dd4a005a2a93d539ed08f1f74da090d6431bc751a559b7,7.609375
dg_p080_a3,midpoint,ee8b1b979e6cae9e642807153cb427328d9bfbc3f1545300ff55dbbf6303c65f,10.484375
dg_p080_a3,disagreement_gate,d80253715d59bd6fcede24259403a064986641ed46d7550d7711ae044c5ef60a,4.7890625
dg_p080_a4,base,d80253715d59bd6fcede24259403a064986641ed46d7550d7711ae044c5ef60a,4.7890625
dg_p080_a4,parm_fixed,b2f4a4cb71b94516daa5ec685424e410a92d2f4f29a749dea003c1274b49cac2,9.828125
dg_p080_a4,midpoint,d2801606377a7a5db8c963895d8f9e2ad8d168d3c71c3053df8d5a07e7b1ebe3,15.0859375
dg_p080_a4,disagreement_gate,d80253715d59bd6fcede24259403a064986641ed46d7550d7711ae044c5ef60a,4.7890625
dg_p081_a0,base,9b0f1b8d2e6dd84eeb3cb51c542a31241758c1e4edb91bdc62f14a29382be3fc,-0.6962890625
dg_p081_a0,parm_fixed,74eb0bd1dec933a3c2193374dfa4dda554867c09e3c8cdc0e5144f6f9aaa11f1,8.5859375
dg_p081_a0,midpoint,990be1e73664112c770e35a8dd2ad8bd4d153df8dfd53edbc39051928fb3d0de,8.671875
dg_p081_a0,disagreement_gate,9b0f1b8d2e6dd84eeb3cb51c542a31241758c1e4edb91bdc62f14a29382be3fc,-0.6962890625
dg_p081_a1,base,9b0f1b8d2e6dd84eeb3cb51c542a31241758c1e4edb91bdc62f14a29382be3fc,-0.6962890625
dg_p081_a1,parm_fixed,0ded6841b689647d7b5256c54cc8c30ddab20d1b57818765e6c496c6adce2a51,3.923828125
dg_p081_a1,midpoint,990be1e73664112c770e35a8dd2ad8bd4d153df8dfd53edbc39051928fb3d0de,8.671875
dg_p081_a1,disagreement_gate,9b0f1b8d2e6dd84eeb3cb51c542a31241758c1e4edb91bdc62f14a29382be3fc,-0.6962890625
dg_p081_a2,base,9b0f1b8d2e6dd84eeb3cb51c542a31241758c1e4edb91bdc62f14a29382be3fc,-0.6962890625
dg_p081_a2,parm_fixed,55c69f320eae4d6f94c6e88020bc2abc932dc30bd196bf792b5716d35f54b348,12.6015625
dg_p081_a2,midpoint,72ce63283fed35a3615cfc5ddd17357a094bf4d03adc16388a9b90f7fd5f976a,10.0546875
dg_p081_a2,disagreement_gate,9b0f1b8d2e6dd84eeb3cb51c542a31241758c1e4edb91bdc62f14a29382be3fc,-0.6962890625
dg_p081_a3,base,9b0f1b8d2e6dd84eeb3cb51c542a31241758c1e4edb91bdc62f14a29382be3fc,-0.6962890625
dg_p081_a3,parm_fixed,88ddb0291bcdd6c05d4f6558226823dc763383ca5dabfcb2201d39b2d7125a87,-1.8623046875
dg_p081_a3,midpoint,0c2e85505c1ec10930d142bd1a46313f5bc5b968f37372909b31109009fba6ef,1.21875
dg_p081_a3,disagreement_gate,9b0f1b8d2e6dd84eeb3cb51c542a31241758c1e4edb91bdc62f14a29382be3fc,-0.6962890625
dg_p081_a4,base,9b0f1b8d2e6dd84eeb3cb51c542a31241758c1e4edb91bdc62f14a29382be3fc,-0.6962890625
dg_p081_a4,parm_fixed,d0e3be3bc096c02d2e9e6df8198bd20c97cad13f2703b4c95b005f8279361143,-3.447265625
dg_p081_a4,midpoint,0c2e85505c1ec10930d142bd1a46313f5bc5b968f37372909b31109009fba6ef,1.21875
dg_p081_a4,disagreement_gate,9b0f1b8d2e6dd84eeb3cb51c542a31241758c1e4edb91bdc62f14a29382be3fc,-0.6962890625
dg_p082_a0,base,11bb09f90472ec5d830c2c27cb8c26e6f84a6a80d8600b12ef7224c73e48e6ba,-10.0078125
dg_p082_a0,parm_fixed,2bdc7056032f143b5bf878044369bf16afa38f298cc47a3de2c98de3662c4944,-4.83984375
dg_p082_a0,midpoint,bc9288b45965a9d8b58388aa019bb98a74c8ee5e3017da303551df2d87511c7a,-11.21875
dg_p082_a0,disagreement_gate,11bb09f90472ec5d830c2c27cb8c26e6f84a6a80d8600b12ef7224c73e48e6ba,-10.0078125
dg_p082_a1,base,11bb09f90472ec5d830c2c27cb8c26e6f84a6a80d8600b12ef7224c73e48e6ba,-10.0078125
dg_p082_a1,parm_fixed,2bdc7056032f143b5bf878044369bf16afa38f298cc47a3de2c98de3662c4944,-4.83984375
dg_p082_a1,midpoint,bc9288b45965a9d8b58388aa019bb98a74c8ee5e3017da303551df2d87511c7a,-11.21875
dg_p082_a1,disagreement_gate,11bb09f90472ec5d830c2c27cb8c26e6f84a6a80d8600b12ef7224c73e48e6ba,-10.0078125
dg_p082_a2,base,11bb09f90472ec5d830c2c27cb8c26e6f84a6a80d8600b12ef7224c73e48e6ba,-10.0078125
dg_p082_a2,parm_fixed,2bdc7056032f143b5bf878044369bf16afa38f298cc47a3de2c98de3662c4944,-4.83984375
dg_p082_a2,midpoint,bc9288b45965a9d8b58388aa019bb98a74c8ee5e3017da303551df2d87511c7a,-11.21875
dg_p082_a2,disagreement_gate,11bb09f90472ec5d830c2c27cb8c26e6f84a6a80d8600b12ef7224c73e48e6ba,-10.0078125
dg_p082_a3,base,11bb09f90472ec5d830c2c27cb8c26e6f84a6a80d8600b12ef7224c73e48e6ba,-10.0078125
dg_p082_a3,parm_fixed,088115017c7b6363dada1a29dcf2440eb56cf367b1f9c3530d3056c7fb8817b5,-3.1640625
dg_p082_a3,midpoint,2df522f47ca033f9adf2a9e2b1a2ad9f8db5b7aabf74fc1333d59eb35f8e6c2f,-14.625
dg_p082_a3,disagreement_gate,11bb09f90472ec5d830c2c27cb8c26e6f84a6a80d8600b12ef7224c73e48e6ba,-10.0078125
dg_p082_a4,base,11bb09f90472ec5d830c2c27cb8c26e6f84a6a80d8600b12ef7224c73e48e6ba,-10.0078125
dg_p082_a4,parm_fixed,9b196ca31df5ce74e421960a9388f6c75bdcd818841a496046295c0b34cd10da,-11.6171875
dg_p082_a4,midpoint,2df522f47ca033f9adf2a9e2b1a2ad9f8db5b7aabf74fc1333d59eb35f8e6c2f,-14.625
dg_p082_a4,disagreement_gate,11bb09f90472ec5d830c2c27cb8c26e6f84a6a80d8600b12ef7224c73e48e6ba,-10.0078125
dg_p083_a0,base,147c344f5844ebbc717b816b9098d2f9be5cbdc5d64f6137335f092f3e8854f7,-9.1640625
dg_p083_a0,parm_fixed,e3231d717ec814b9c8d57ed2a2f783afac151f5d0df195ce5fb56827fec15f25,4.0078125
dg_p083_a0,midpoint,d33377326378e7cf87b3799c36b9e1779d64b2c579b72134d3952bd856257103,12.578125
dg_p083_a0,disagreement_gate,147c344f5844ebbc717b816b9098d2f9be5cbdc5d64f6137335f092f3e8854f7,-9.1640625
dg_p083_a1,base,147c344f5844ebbc717b816b9098d2f9be5cbdc5d64f6137335f092f3e8854f7,-9.1640625
dg_p083_a1,parm_fixed,914363765964f4ef1cbdf06e24b893fea76a277713229a54a191e739cd2d4228,9.2109375
dg_p083_a1,midpoint,d33377326378e7cf87b3799c36b9e1779d64b2c579b72134d3952bd856257103,12.578125
dg_p083_a1,disagreement_gate,147c344f5844ebbc717b816b9098d2f9be5cbdc5d64f6137335f092f3e8854f7,-9.1640625
dg_p083_a2,base,147c344f5844ebbc717b816b9098d2f9be5cbdc5d64f6137335f092f3e8854f7,-9.1640625
dg_p083_a2,parm_fixed,914363765964f4ef1cbdf06e24b893fea76a277713229a54a191e739cd2d4228,9.2109375
dg_p083_a2,midpoint,e8accec8d463027f3cd5798a165dc316b9efe41a9f3e7979004aa7755438a75b,10.7109375
dg_p083_a2,disagreement_gate,147c344f5844ebbc717b816b9098d2f9be5cbdc5d64f6137335f092f3e8854f7,-9.1640625
dg_p083_a3,base,147c344f5844ebbc717b816b9098d2f9be5cbdc5d64f6137335f092f3e8854f7,-9.1640625
dg_p083_a3,parm_fixed,73c3e823c44a47832c1ce1f5c87eaab024a108ca94ff33f78a25a6b223d42b93,8.0390625
dg_p083_a3,midpoint,e8accec8d463027f3cd5798a165dc316b9efe41a9f3e7979004aa7755438a75b,10.7109375
dg_p083_a3,disagreement_gate,147c344f5844ebbc717b816b9098d2f9be5cbdc5d64f6137335f092f3e8854f7,-9.1640625
dg_p083_a4,base,147c344f5844ebbc717b816b9098d2f9be5cbdc5d64f6137335f092f3e8854f7,-9.1640625
dg_p083_a4,parm_fixed,ed14ff3abca2d6adf6b446382cdb77d9ffffb13a735e843cab00edcb9c5b0021,5.359375
dg_p083_a4,midpoint,f8235cec77636a6d3bbb767c5e897c889a1541636024c84e4b19b80eb4f7a2d6,7.12890625
dg_p083_a4,disagreement_gate,147c344f5844ebbc717b816b9098d2f9be5cbdc5d64f6137335f092f3e8854f7,-9.1640625
dg_p084_a0,base,d0c8c6d796ee240577fcccbee58b9c86a89af6de72e815362cc17d9ab43f1268,17.734375
dg_p084_a0,parm_fixed,08cefadbac7448da42610d982e76bac39fbc0abe86687169e0e9f1d863829e46,13.1328125
dg_p084_a0,midpoint,d78fa3d5eb93003bdcc2af9b332c474ebba345f6fab3165c79b5aaa0a2f7051a,19.5625
dg_p084_a0,disagreement_gate,d0c8c6d796ee240577fcccbee58b9c86a89af6de72e815362cc17d9ab43f1268,17.734375
dg_p084_a1,base,d0c8c6d796ee240577fcccbee58b9c86a89af6de72e815362cc17d9ab43f1268,17.734375
dg_p084_a1,parm_fixed,08cefadbac7448da42610d982e76bac39fbc0abe86687169e0e9f1d863829e46,13.1328125
dg_p084_a1,midpoint,90400a298e7fd427c06647b875b0fe82e296ab60881bb8a69edcfd41329db025,3.83203125
dg_p084_a1,disagreement_gate,d0c8c6d796ee240577fcccbee58b9c86a89af6de72e815362cc17d9ab43f1268,17.734375
dg_p084_a2,base,d0c8c6d796ee240577fcccbee58b9c86a89af6de72e815362cc17d9ab43f1268,17.734375
dg_p084_a2,parm_fixed,9bc88ae0a0c3adaea235b540c50b29c4384b321f14e5bf9b7f9a346348a54631,9.5546875
dg_p084_a2,midpoint,90400a298e7fd427c06647b875b0fe82e296ab60881bb8a69edcfd41329db025,3.83203125
dg_p084_a2,disagreement_gate,d0c8c6d796ee240577fcccbee58b9c86a89af6de72e815362cc17d9ab43f1268,17.734375
dg_p084_a3,base,d0c8c6d796ee240577fcccbee58b9c86a89af6de72e815362cc17d9ab43f1268,17.734375
dg_p084_a3,parm_fixed,9d1bc52df22d6159e2e6b71faa30405c4cfa7eb396ea1056ac8172982d4944c1,10.6171875
dg_p084_a3,midpoint,58a5e178f18e139318862a9db28c63fc45a590fa8699489a8b8216e99ed22ae4,1.578125
dg_p084_a3,disagreement_gate,d0c8c6d796ee240577fcccbee58b9c86a89af6de72e815362cc17d9ab43f1268,17.734375
dg_p084_a4,base,d0c8c6d796ee240577fcccbee58b9c86a89af6de72e815362cc17d9ab43f1268,17.734375
dg_p084_a4,parm_fixed,ee81af848fdd0adff5709171ad6574e732c9e66ea359851e6d21bffb757c6514,6.140625
dg_p084_a4,midpoint,1c7c0b70fa440022689d79bcf25db89bcf3ac754b9ae77fc852b19f4f85752d0,8.09375
dg_p084_a4,disagreement_gate,d0c8c6d796ee240577fcccbee58b9c86a89af6de72e815362cc17d9ab43f1268,17.734375
dg_p085_a0,base,d933ecc036656226b4b48b336a156c329348dc8a583983a337eb0b5179c55760,-2.0703125
dg_p085_a0,parm_fixed,c9545b4fe35fb59769cf2336e67e0095b121cb3612e30084f4aea59f9176f87c,5.67578125
dg_p085_a0,midpoint,487a0ea8db7920ba3160abd25e267e0162efcb393582dd7744704ef8aa54f5fb,1.2412109375
dg_p085_a0,disagreement_gate,d933ecc036656226b4b48b336a156c329348dc8a583983a337eb0b5179c55760,-2.0703125
dg_p085_a1,base,d933ecc036656226b4b48b336a156c329348dc8a583983a337eb0b5179c55760,-2.0703125
dg_p085_a1,parm_fixed,c9545b4fe35fb59769cf2336e67e0095b121cb3612e30084f4aea59f9176f87c,5.67578125
dg_p085_a1,midpoint,ba58656c2e103a6642e006fdcd8595501b3fc1b9aa679aa5c590ae95a1da25a5,3.921875
dg_p085_a1,disagreement_gate,d933ecc036656226b4b48b336a156c329348dc8a583983a337eb0b5179c55760,-2.0703125
dg_p085_a2,base,d933ecc036656226b4b48b336a156c329348dc8a583983a337eb0b5179c55760,-2.0703125
dg_p085_a2,parm_fixed,c9545b4fe35fb59769cf2336e67e0095b121cb3612e30084f4aea59f9176f87c,5.67578125
dg_p085_a2,midpoint,c9545b4fe35fb59769cf2336e67e0095b121cb3612e30084f4aea59f9176f87c,5.67578125
dg_p085_a2,disagreement_gate,d933ecc036656226b4b48b336a156c329348dc8a583983a337eb0b5179c55760,-2.0703125
dg_p085_a3,base,d933ecc036656226b4b48b336a156c329348dc8a583983a337eb0b5179c55760,-2.0703125
dg_p085_a3,parm_fixed,c9545b4fe35fb59769cf2336e67e0095b121cb3612e30084f4aea59f9176f87c,5.67578125
dg_p085_a3,midpoint,c9545b4fe35fb59769cf2336e67e0095b121cb3612e30084f4aea59f9176f87c,5.67578125
dg_p085_a3,disagreement_gate,d933ecc036656226b4b48b336a156c329348dc8a583983a337eb0b5179c55760,-2.0703125
dg_p085_a4,base,d933ecc036656226b4b48b336a156c329348dc8a583983a337eb0b5179c55760,-2.0703125
dg_p085_a4,parm_fixed,c9545b4fe35fb59769cf2336e67e0095b121cb3612e30084f4aea59f9176f87c,5.67578125
dg_p085_a4,midpoint,c9545b4fe35fb59769cf2336e67e0095b121cb3612e30084f4aea59f9176f87c,5.67578125
dg_p085_a4,disagreement_gate,d933ecc036656226b4b48b336a156c329348dc8a583983a337eb0b5179c55760,-2.0703125
dg_p086_a0,base,6ebfc482af762d9555fbd82e6c4294c636fca8a774a85b78b7c7e87be012527f,31.578125
dg_p086_a0,parm_fixed,c70db3510a783b54267cdd7ae4d5b88cb107aa0b9fc15a5741b1ff1e164fc97f,24.75
dg_p086_a0,midpoint,57c45734ea7d7e000f8fa43de3986dd9159769ef6312196d3f9c411fd12891ba,31.109375
dg_p086_a0,disagreement_gate,6ebfc482af762d9555fbd82e6c4294c636fca8a774a85b78b7c7e87be012527f,31.578125
dg_p086_a1,base,6ebfc482af762d9555fbd82e6c4294c636fca8a774a85b78b7c7e87be012527f,31.578125
dg_p086_a1,parm_fixed,ee2f2cd18b385e060b1d7b689bf9b494307ce6df7d8a1f5136cb89b715399b66,13.0078125
dg_p086_a1,midpoint,ca8a2ce049ffe8726d5e3a7f9e8e0ae72f154f2afd02afa79e0b69528ba0fd78,21.921875
dg_p086_a1,disagreement_gate,6ebfc482af762d9555fbd82e6c4294c636fca8a774a85b78b7c7e87be012527f,31.578125
dg_p086_a2,base,6ebfc482af762d9555fbd82e6c4294c636fca8a774a85b78b7c7e87be012527f,31.578125
dg_p086_a2,parm_fixed,ee2f2cd18b385e060b1d7b689bf9b494307ce6df7d8a1f5136cb89b715399b66,13.0078125
dg_p086_a2,midpoint,ca8a2ce049ffe8726d5e3a7f9e8e0ae72f154f2afd02afa79e0b69528ba0fd78,21.921875
dg_p086_a2,disagreement_gate,6ebfc482af762d9555fbd82e6c4294c636fca8a774a85b78b7c7e87be012527f,31.578125
dg_p086_a3,base,6ebfc482af762d9555fbd82e6c4294c636fca8a774a85b78b7c7e87be012527f,31.578125
dg_p086_a3,parm_fixed,ee2f2cd18b385e060b1d7b689bf9b494307ce6df7d8a1f5136cb89b715399b66,13.0078125
dg_p086_a3,midpoint,ca8a2ce049ffe8726d5e3a7f9e8e0ae72f154f2afd02afa79e0b69528ba0fd78,21.921875
dg_p086_a3,disagreement_gate,6ebfc482af762d9555fbd82e6c4294c636fca8a774a85b78b7c7e87be012527f,31.578125
dg_p086_a4,base,6ebfc482af762d9555fbd82e6c4294c636fca8a774a85b78b7c7e87be012527f,31.578125
dg_p086_a4,parm_fixed,ee2f2cd18b385e060b1d7b689bf9b494307ce6df7d8a1f5136cb89b715399b66,13.0078125
dg_p086_a4,midpoint,010e685af1c332db93abd97cb2ce7ce8fab6510cdfa3d7fbd8796ebf3d524d23,24.140625
dg_p086_a4,disagreement_gate,6ebfc482af762d9555fbd82e6c4294c636fca8a774a85b78b7c7e87be012527f,31.578125
dg_p087_a0,base,8174ef34d8b507a4c7db78034457361dfe673fbffde47a36c1ea9d579dc62abc,2.978515625
dg_p087_a0,parm_fixed,f1cf408bdfe15aab310ca8e6c4443ab3330c066fdc28b4f2b14c1a13aa8df38b,8.8046875
dg_p087_a0,midpoint,64807716b6dd063c3d46aa12a2e82500fae24a7a378d9970a1d9046766a9a73e,3.93359375
dg_p087_a0,disagreement_gate,8174ef34d8b507a4c7db78034457361dfe673fbffde47a36c1ea9d579dc62abc,2.978515625
dg_p087_a1,base,8174ef34d8b507a4c7db78034457361dfe673fbffde47a36c1ea9d579dc62abc,2.978515625
dg_p087_a1,parm_fixed,df5d2cd112674965a5a686d16220c490507102e64777504d8b269bac5b6b4e07,18.1875
dg_p087_a1,midpoint,64807716b6dd063c3d46aa12a2e82500fae24a7a378d9970a1d9046766a9a73e,3.93359375
dg_p087_a1,disagreement_gate,8174ef34d8b507a4c7db78034457361dfe673fbffde47a36c1ea9d579dc62abc,2.978515625
dg_p087_a2,base,8174ef34d8b507a4c7db78034457361dfe673fbffde47a36c1ea9d579dc62abc,2.978515625
dg_p087_a2,parm_fixed,31b4735ce0b83e1e144b1ffce87b49d15ce5043725c7eab793949e7b12963589,10.7890625
dg_p087_a2,midpoint,64807716b6dd063c3d46aa12a2e82500fae24a7a378d9970a1d9046766a9a73e,3.93359375
dg_p087_a2,disagreement_gate,8174ef34d8b507a4c7db78034457361dfe673fbffde47a36c1ea9d579dc62abc,2.978515625
dg_p087_a3,base,8174ef34d8b507a4c7db78034457361dfe673fbffde47a36c1ea9d579dc62abc,2.978515625
dg_p087_a3,parm_fixed,b61e91305261796c662ab67becefe9c0a3019de45c0ee3c555991291427205aa,11.8203125
dg_p087_a3,midpoint,86121dbb2160ee6c389e0132559cd26df33a7594a6424cfc02ffce6510e3ed06,9.4296875
dg_p087_a3,disagreement_gate,8174ef34d8b507a4c7db78034457361dfe673fbffde47a36c1ea9d579dc62abc,2.978515625
dg_p087_a4,base,8174ef34d8b507a4c7db78034457361dfe673fbffde47a36c1ea9d579dc62abc,2.978515625
dg_p087_a4,parm_fixed,b61e91305261796c662ab67becefe9c0a3019de45c0ee3c555991291427205aa,11.8203125
dg_p087_a4,midpoint,29f9f7a8d3970f8bccdb80410a259bcdd98366a25a0014008371a8d546f33a50,14.5703125
dg_p087_a4,disagreement_gate,8174ef34d8b507a4c7db78034457361dfe673fbffde47a36c1ea9d579dc62abc,2.978515625
dg_p088_a0,base,f381325e08fd52f209ad7a0ff709f6c8d8951bb11a2e92aaefb216ff235e40ff,2.5703125
dg_p088_a0,parm_fixed,2dc6922e26619d7c40037e34a685dbd6f56a346b342ee60dc44629a2b234903e,1.931640625
dg_p088_a0,midpoint,e81361a25468dc439f479abb633f75e8c5f60056c9934e8946998bdb977fc5c1,-3.490234375
dg_p088_a0,disagreement_gate,f381325e08fd52f209ad7a0ff709f6c8d8951bb11a2e92aaefb216ff235e40ff,2.5703125
dg_p088_a1,base,f381325e08fd52f209ad7a0ff709f6c8d8951bb11a2e92aaefb216ff235e40ff,2.5703125
dg_p088_a1,parm_fixed,c809760395872054992dd06b467d12b26cd45c693468327c5046c78404daadb7,0.1109619140625
dg_p088_a1,midpoint,8ee93660b6ad558a6d8b3702a6ff1dd1fb82f3538fa663310472857497e1c0c9,-4.5390625
dg_p088_a1,disagreement_gate,f381325e08fd52f209ad7a0ff709f6c8d8951bb11a2e92aaefb216ff235e40ff,2.5703125
dg_p088_a2,base,f381325e08fd52f209ad7a0ff709f6c8d8951bb11a2e92aaefb216ff235e40ff,2.5703125
dg_p088_a2,parm_fixed,ee2cf28df7a2ccfa718350c3528ddf848ad762ca5b057fd068f06fcf6b4e28cf,0.8935546875
dg_p088_a2,midpoint,46552e7aa23b50262053ab7628a63cb1b6c9124b8cca15852357f058e4ebb8d6,-8.2109375
dg_p088_a2,disagreement_gate,f381325e08fd52f209ad7a0ff709f6c8d8951bb11a2e92aaefb216ff235e40ff,2.5703125
dg_p088_a3,base,f381325e08fd52f209ad7a0ff709f6c8d8951bb11a2e92aaefb216ff235e40ff,2.5703125
dg_p088_a3,parm_fixed,8b62a96759fffbae77c106752183668f2c78e2c906333ac73ecfb93d768a4e8a,-4.59375
dg_p088_a3,midpoint,8a65bcb528e2953327b0ef2033a3978d431f4b874ea50e1feeeafce35c890340,-7.5390625
dg_p088_a3,disagreement_gate,f381325e08fd52f209ad7a0ff709f6c8d8951bb11a2e92aaefb216ff235e40ff,2.5703125
dg_p088_a4,base,f381325e08fd52f209ad7a0ff709f6c8d8951bb11a2e92aaefb216ff235e40ff,2.5703125
dg_p088_a4,parm_fixed,1c58d342b8c286ba7d625031ea1c09d3c54b83bcfa0594f822dfdc87bffb7536,-5.4140625
dg_p088_a4,midpoint,e4d17e6ece6919e32a86fd993e0ee350b2bae7cb7275debf2f6cce440d5a9d2f,-2.30859375
dg_p088_a4,disagreement_gate,f381325e08fd52f209ad7a0ff709f6c8d8951bb11a2e92aaefb216ff235e40ff,2.5703125
dg_p089_a0,base,81905689bcda0baa32d0bc58345f94cbe348e860626cf3ec3bf7b93b1f436bad,5.078125
dg_p089_a0,parm_fixed,e7e2969ba560fd0eacb2265f262eabdeea8dd63800f18d8fa09274192146714d,11.4609375
dg_p089_a0,midpoint,372b56ac6b5766719499fc77ce93042d105a56b7c7ac515812a4b29a2b8c0c7a,-7.07421875
dg_p089_a0,disagreement_gate,81905689bcda0baa32d0bc58345f94cbe348e860626cf3ec3bf7b93b1f436bad,5.078125
dg_p089_a1,base,81905689bcda0baa32d0bc58345f94cbe348e860626cf3ec3bf7b93b1f436bad,5.078125
dg_p089_a1,parm_fixed,f63483f723e4d0f154039b8d26e0c07e0b9dde09fe0d3e6dbc4a8319f5eb9562,14.6171875
dg_p089_a1,midpoint,7369dbb97f676e72bc5c0a307c048cba13a4a0be0f5ee0efd0b966c032bd8e15,-7.359375
dg_p089_a1,disagreement_gate,81905689bcda0baa32d0bc58345f94cbe348e860626cf3ec3bf7b93b1f436bad,5.078125
dg_p089_a2,base,81905689bcda0baa32d0bc58345f94cbe348e860626cf3ec3bf7b93b1f436bad,5.078125
dg_p089_a2,parm_fixed,8ce24e9916ed90d73828a5f3e4ede52b7f5322a4e44a64f49c254c8f1d826246,5.71484375
dg_p089_a2,midpoint,9c1c66739a919e8f88fd162f35b97d5f577c68e6f07201518f3cdf488305b7d3,-5.2421875
dg_p089_a2,disagreement_gate,81905689bcda0baa32d0bc58345f94cbe348e860626cf3ec3bf7b93b1f436bad,5.078125
dg_p089_a3,base,81905689bcda0baa32d0bc58345f94cbe348e860626cf3ec3bf7b93b1f436bad,5.078125
dg_p089_a3,parm_fixed,d03ef277b3064ad2d0a75c6058fc39309e40152fc6dca8c80484c7c0c396513e,17.796875
dg_p089_a3,midpoint,43a0429685ceae8ef6df3fea1ba384f830b7aaa00379867435822c99a9f82a65,10.6875
dg_p089_a3,disagreement_gate,81905689bcda0baa32d0bc58345f94cbe348e860626cf3ec3bf7b93b1f436bad,5.078125
dg_p089_a4,base,81905689bcda0baa32d0bc58345f94cbe348e860626cf3ec3bf7b93b1f436bad,5.078125
dg_p089_a4,parm_fixed,8cbf031718de5ddeee270c9fb98cfec5d83fed45db8de07693aaccf1017a43cb,6.23828125
dg_p089_a4,midpoint,b32d38a077adf6c801699bad31677da271206138c9a15a0fd3aa1c8ffb009b7d,7.8984375
dg_p089_a4,disagreement_gate,81905689bcda0baa32d0bc58345f94cbe348e860626cf3ec3bf7b93b1f436bad,5.078125
dg_p090_a0,base,94f59df7e81784c235b4ea23930d8eba53ee8e09661a61653101880e5666442d,7.71875
dg_p090_a0,parm_fixed,8284aa5270e3c6da2c06c748aa60716ad07f5dadae5f3d0a4bffc46de79a2dc9,18.375
dg_p090_a0,midpoint,93d7c77ee59222f69c9af9af6b10ea8a8d7356546d0cec941692727a15356d62,20.96875
dg_p090_a0,disagreement_gate,94f59df7e81784c235b4ea23930d8eba53ee8e09661a61653101880e5666442d,7.71875
dg_p090_a1,base,94f59df7e81784c235b4ea23930d8eba53ee8e09661a61653101880e5666442d,7.71875
dg_p090_a1,parm_fixed,8284aa5270e3c6da2c06c748aa60716ad07f5dadae5f3d0a4bffc46de79a2dc9,18.375
dg_p090_a1,midpoint,a3f072ff01a984bd54557843940d3b226a941e383e8db3f7b2fa3e57b6b71660,-1.7783203125
dg_p090_a1,disagreement_gate,94f59df7e81784c235b4ea23930d8eba53ee8e09661a61653101880e5666442d,7.71875
dg_p090_a2,base,94f59df7e81784c235b4ea23930d8eba53ee8e09661a61653101880e5666442d,7.71875
dg_p090_a2,parm_fixed,9f837b169efcba248521f19b7da9a6b0f64d7e9ed2a1fce7f1ee15d916316359,6.8828125
dg_p090_a2,midpoint,f27babd6ca8448a17379ffa4fe656feb79d6e85296255b701ab072290254bcf7,-0.63134765625
dg_p090_a2,disagreement_gate,94f59df7e81784c235b4ea23930d8eba53ee8e09661a61653101880e5666442d,7.71875
dg_p090_a3,base,94f59df7e81784c235b4ea23930d8eba53ee8e09661a61653101880e5666442d,7.71875
dg_p090_a3,parm_fixed,b14cb3b193ef27604409d2e99eb0da7d25c0cedcd1cbe76da28bb8c824164459,7.5390625
dg_p090_a3,midpoint,c4c0449822e11f88b5ec3de38911c63cbe62249f207b9505ce2d38a33141a2e3,8.296875
dg_p090_a3,disagreement_gate,94f59df7e81784c235b4ea23930d8eba53ee8e09661a61653101880e5666442d,7.71875
dg_p090_a4,base,94f59df7e81784c235b4ea23930d8eba53ee8e09661a61653101880e5666442d,7.71875
dg_p090_a4,parm_fixed,f478d240d5b788493070e187c3bc51ab3776147951d8dd5b54b74620ba8e34ec,10.2890625
dg_p090_a4,midpoint,82147e687ca2511a01515f9a4a43d6dd9e30cf693bf35223016434faa936e223,9.5078125
dg_p090_a4,disagreement_gate,94f59df7e81784c235b4ea23930d8eba53ee8e09661a61653101880e5666442d,7.71875
dg_p091_a0,base,5b752cd85ffe608d9bb802a9582d733516ad335cde4e92af69162b4fef91211c,7.6015625
dg_p091_a0,parm_fixed,84017e30d72a4a8660a42153a6d45f60ac55910a4b334fe6752f42ab84644a74,15.9375
dg_p091_a0,midpoint,4b0688c1fec711c4353b6bb144bf12553bb2f6eec3570e8b2d9bf940d1815850,18.953125
dg_p091_a0,disagreement_gate,5b752cd85ffe608d9bb802a9582d733516ad335cde4e92af69162b4fef91211c,7.6015625
dg_p091_a1,base,5b752cd85ffe608d9bb802a9582d733516ad335cde4e92af69162b4fef91211c,7.6015625
dg_p091_a1,parm_fixed,b4f2db4804017b7aca682dcf1411d8a37de574c744e59566784cb1ce94d32275,12.5
dg_p091_a1,midpoint,2d32254e15990cfd273ae459e68ad9be8f1631cbc095e83b2ced15bcfa1a4574,20.484375
dg_p091_a1,disagreement_gate,5b752cd85ffe608d9bb802a9582d733516ad335cde4e92af69162b4fef91211c,7.6015625
dg_p091_a2,base,5b752cd85ffe608d9bb802a9582d733516ad335cde4e92af69162b4fef91211c,7.6015625
dg_p091_a2,parm_fixed,f3f29e915270706f27233d99dc88accedc0642ffe6a35cb4769f26a8d65223c6,20.53125
dg_p091_a2,midpoint,4b0688c1fec711c4353b6bb144bf12553bb2f6eec3570e8b2d9bf940d1815850,18.953125
dg_p091_a2,disagreement_gate,5b752cd85ffe608d9bb802a9582d733516ad335cde4e92af69162b4fef91211c,7.6015625
dg_p091_a3,base,5b752cd85ffe608d9bb802a9582d733516ad335cde4e92af69162b4fef91211c,7.6015625
dg_p091_a3,parm_fixed,f3f29e915270706f27233d99dc88accedc0642ffe6a35cb4769f26a8d65223c6,20.53125
dg_p091_a3,midpoint,4b0688c1fec711c4353b6bb144bf12553bb2f6eec3570e8b2d9bf940d1815850,18.953125
dg_p091_a3,disagreement_gate,5b752cd85ffe608d9bb802a9582d733516ad335cde4e92af69162b4fef91211c,7.6015625
dg_p091_a4,base,5b752cd85ffe608d9bb802a9582d733516ad335cde4e92af69162b4fef91211c,7.6015625
dg_p091_a4,parm_fixed,c55b73113de14415e9aa995c0263dcfe1b302d06a89e28fb44584254b13c4586,10.125
dg_p091_a4,midpoint,5f1e61542f5c0da162b71c7a99dcbf2945c3fdfc49d6fc75b5118684c3966aa9,19.015625
dg_p091_a4,disagreement_gate,5b752cd85ffe608d9bb802a9582d733516ad335cde4e92af69162b4fef91211c,7.6015625
dg_p092_a0,base,75d760a0e3661eff1c180c8bb523a110721e27c0246af1b9387f7a9b6aa37cff,-5.05859375
dg_p092_a0,parm_fixed,c510557496c9e71a3e90294ecdb84bf6060eb0c0612254e4a2091ee76a74f067,5.546875
dg_p092_a0,midpoint,9fe7908896caeadfbe700ac4459e82be744b51038a94662720dc99f8a4f09f16,7.37109375
dg_p092_a0,disagreement_gate,75d760a0e3661eff1c180c8bb523a110721e27c0246af1b9387f7a9b6aa37cff,-5.05859375
dg_p092_a1,base,75d760a0e3661eff1c180c8bb523a110721e27c0246af1b9387f7a9b6aa37cff,-5.05859375
dg_p092_a1,parm_fixed,d5f0da092d61ba566ff0dba2bd7ee2130a8e3fb51bc3abc2e7c7213a47290500,5.828125
dg_p092_a1,midpoint,b6a6b263529f7424acf1e92574641d88653c839538e8294019493f421e5d37c8,2.392578125
dg_p092_a1,disagreement_gate,75d760a0e3661eff1c180c8bb523a110721e27c0246af1b9387f7a9b6aa37cff,-5.05859375
dg_p092_a2,base,75d760a0e3661eff1c180c8bb523a110721e27c0246af1b9387f7a9b6aa37cff,-5.05859375
dg_p092_a2,parm_fixed,d5f0da092d61ba566ff0dba2bd7ee2130a8e3fb51bc3abc2e7c7213a47290500,5.828125
dg_p092_a2,midpoint,b6a6b263529f7424acf1e92574641d88653c839538e8294019493f421e5d37c8,2.392578125
dg_p092_a2,disagreement_gate,75d760a0e3661eff1c180c8bb523a110721e27c0246af1b9387f7a9b6aa37cff,-5.05859375
dg_p092_a3,base,75d760a0e3661eff1c180c8bb523a110721e27c0246af1b9387f7a9b6aa37cff,-5.05859375
dg_p092_a3,parm_fixed,95290ede90c4a70c2930310598115bf891b0a8f3eed0857af0751059e7ca33d0,3.912109375
dg_p092_a3,midpoint,3546356e53b677cc379ae230f8bbd69ac0df5469ca91336e8ba5227bec6f56a6,2.853515625
dg_p092_a3,disagreement_gate,75d760a0e3661eff1c180c8bb523a110721e27c0246af1b9387f7a9b6aa37cff,-5.05859375
dg_p092_a4,base,75d760a0e3661eff1c180c8bb523a110721e27c0246af1b9387f7a9b6aa37cff,-5.05859375
dg_p092_a4,parm_fixed,95290ede90c4a70c2930310598115bf891b0a8f3eed0857af0751059e7ca33d0,3.912109375
dg_p092_a4,midpoint,87844a398c0a6b76e37680b287070d0363037e75035b4c17bcc6feb8e2c9e46c,4.78515625
dg_p092_a4,disagreement_gate,75d760a0e3661eff1c180c8bb523a110721e27c0246af1b9387f7a9b6aa37cff,-5.05859375
dg_p093_a0,base,b6f4640016a0ade6dd8e24a16d152b1f95f18bf5007829bb37007a82547fff66,2.587890625
dg_p093_a0,parm_fixed,6d814cd121665c4ab7882c9d476f4b4e505b7e1066f87c650afa911838def3dd,10.46875
dg_p093_a0,midpoint,6965c6cc3ac8bb472d16901b3e5b01d8b9d57c74ffaec374bb2ee611cf391f6a,4.75390625
dg_p093_a0,disagreement_gate,b6f4640016a0ade6dd8e24a16d152b1f95f18bf5007829bb37007a82547fff66,2.587890625
dg_p093_a1,base,b6f4640016a0ade6dd8e24a16d152b1f95f18bf5007829bb37007a82547fff66,2.587890625
dg_p093_a1,parm_fixed,b0961ff9649c2ec05c784490bdd476c2943227ee983b237df7fc6efc87df79fd,12.3359375
dg_p093_a1,midpoint,6965c6cc3ac8bb472d16901b3e5b01d8b9d57c74ffaec374bb2ee611cf391f6a,4.75390625
dg_p093_a1,disagreement_gate,b6f4640016a0ade6dd8e24a16d152b1f95f18bf5007829bb37007a82547fff66,2.587890625
dg_p093_a2,base,b6f4640016a0ade6dd8e24a16d152b1f95f18bf5007829bb37007a82547fff66,2.587890625
dg_p093_a2,parm_fixed,bf45329aa90ec52c3bf36770b31a5e5109e9c66fa0cd09699c66da2e4d35d423,7.37890625
dg_p093_a2,midpoint,ced7924395a989697148a870e7e970eff15962821588587e04f93c23e6b68f97,5.58203125
dg_p093_a2,disagreement_gate,b6f4640016a0ade6dd8e24a16d152b1f95f18bf5007829bb37007a82547fff66,2.587890625
dg_p093_a3,base,b6f4640016a0ade6dd8e24a16d152b1f95f18bf5007829bb37007a82547fff66,2.587890625
dg_p093_a3,parm_fixed,1dbf882d00531c2ee988dc7be0182e3b5056dac087b15e9484642cc19aa17ba7,-0.84033203125
dg_p093_a3,midpoint,48a5b21297b8cb69356c0759a671ccae03f13f449ac6e92c3246c0c0e4771271,11.6640625
dg_p093_a3,disagreement_gate,b6f4640016a0ade6dd8e24a16d152b1f95f18bf5007829bb37007a82547fff66,2.587890625
dg_p093_a4,base,b6f4640016a0ade6dd8e24a16d152b1f95f18bf5007829bb37007a82547fff66,2.587890625
dg_p093_a4,parm_fixed,3ca1060e0d70afb2a78ff6773b85aa2bcc39a85f1e3ba7538b54a6c9f99bda97,5.54296875
dg_p093_a4,midpoint,bcefbfc36438b4133f9df6ca8ce8275c257177f4a7e35fb76da2706f3dc24c88,14.6171875
dg_p093_a4,disagreement_gate,b6f4640016a0ade6dd8e24a16d152b1f95f18bf5007829bb37007a82547fff66,2.587890625
dg_p094_a0,base,da9f208365b030091ae5ed74e2f87b65c578b7ed70eba661ea2ba1a6d804e476,-9.8515625
dg_p094_a0,parm_fixed,d7856747a677fad3429b5461b15c91954ddd181c405925492325af9db8fd9fbc,5.8046875
dg_p094_a0,midpoint,e8ecd7fb9e2b26123984d8d6629e24cfccbaa2799d855c57904b4e0b6720a73e,10.4921875
dg_p094_a0,disagreement_gate,da9f208365b030091ae5ed74e2f87b65c578b7ed70eba661ea2ba1a6d804e476,-9.8515625
dg_p094_a1,base,da9f208365b030091ae5ed74e2f87b65c578b7ed70eba661ea2ba1a6d804e476,-9.8515625
dg_p094_a1,parm_fixed,d881b3021fe724301634e07eab8d8c2ae64a65a5a6b17e8d2e90dffaf186c202,4.91015625
dg_p094_a1,midpoint,e8ecd7fb9e2b26123984d8d6629e24cfccbaa2799d855c57904b4e0b6720a73e,10.4921875
dg_p094_a1,disagreement_gate,da9f208365b030091ae5ed74e2f87b65c578b7ed70eba661ea2ba1a6d804e476,-9.8515625
dg_p094_a2,base,da9f208365b030091ae5ed74e2f87b65c578b7ed70eba661ea2ba1a6d804e476,-9.8515625
dg_p094_a2,parm_fixed,d881b3021fe724301634e07eab8d8c2ae64a65a5a6b17e8d2e90dffaf186c202,4.91015625
dg_p094_a2,midpoint,640ae62b6b19d32b0a6798d88861a2e38b5e47468c14f2a9d62b5469795dab7d,-1.9560546875
dg_p094_a2,disagreement_gate,da9f208365b030091ae5ed74e2f87b65c578b7ed70eba661ea2ba1a6d804e476,-9.8515625
dg_p094_a3,base,da9f208365b030091ae5ed74e2f87b65c578b7ed70eba661ea2ba1a6d804e476,-9.8515625
dg_p094_a3,parm_fixed,d881b3021fe724301634e07eab8d8c2ae64a65a5a6b17e8d2e90dffaf186c202,4.91015625
dg_p094_a3,midpoint,640ae62b6b19d32b0a6798d88861a2e38b5e47468c14f2a9d62b5469795dab7d,-1.9560546875
dg_p094_a3,disagreement_gate,da9f208365b030091ae5ed74e2f87b65c578b7ed70eba661ea2ba1a6d804e476,-9.8515625
dg_p094_a4,base,da9f208365b030091ae5ed74e2f87b65c578b7ed70eba661ea2ba1a6d804e476,-9.8515625
dg_p094_a4,parm_fixed,bf8566ee488e630d249f184e3cd63439a9c9d6f316a0fc16902408886334a9a6,1.0029296875
dg_p094_a4,midpoint,640ae62b6b19d32b0a6798d88861a2e38b5e47468c14f2a9d62b5469795dab7d,-1.9560546875
dg_p094_a4,disagreement_gate,da9f208365b030091ae5ed74e2f87b65c578b7ed70eba661ea2ba1a6d804e476,-9.8515625
dg_p095_a0,base,32eae783039419b562edb0d4f277aa327a00517cb40d1a576d6c4057f9e6579c,-3.603515625
dg_p095_a0,parm_fixed,a6a69f2a31d42955b214af5c883697db3d8322b8b776c9ad6ab28374a35dde4d,11.90625
dg_p095_a0,midpoint,3fa0b380b58980f6760421b797cdce43a6eca52ccad4c0cc455f214cc481ec0a,6.68359375
dg_p095_a0,disagreement_gate,32eae783039419b562edb0d4f277aa327a00517cb40d1a576d6c4057f9e6579c,-3.603515625
dg_p095_a1,base,32eae783039419b562edb0d4f277aa327a00517cb40d1a576d6c4057f9e6579c,-3.603515625
dg_p095_a1,parm_fixed,a6a69f2a31d42955b214af5c883697db3d8322b8b776c9ad6ab28374a35dde4d,11.90625
dg_p095_a1,midpoint,3fa0b380b58980f6760421b797cdce43a6eca52ccad4c0cc455f214cc481ec0a,6.68359375
dg_p095_a1,disagreement_gate,32eae783039419b562edb0d4f277aa327a00517cb40d1a576d6c4057f9e6579c,-3.603515625
dg_p095_a2,base,32eae783039419b562edb0d4f277aa327a00517cb40d1a576d6c4057f9e6579c,-3.603515625
dg_p095_a2,parm_fixed,a6a69f2a31d42955b214af5c883697db3d8322b8b776c9ad6ab28374a35dde4d,11.90625
dg_p095_a2,midpoint,3fa0b380b58980f6760421b797cdce43a6eca52ccad4c0cc455f214cc481ec0a,6.68359375
dg_p095_a2,disagreement_gate,32eae783039419b562edb0d4f277aa327a00517cb40d1a576d6c4057f9e6579c,-3.603515625
dg_p095_a3,base,32eae783039419b562edb0d4f277aa327a00517cb40d1a576d6c4057f9e6579c,-3.603515625
dg_p095_a3,parm_fixed,422ef3038b53750a0e7f78010bfeec6dd48bff0a8a17c4ade2e170310c606702,11.640625
dg_p095_a3,midpoint,3fa0b380b58980f6760421b797cdce43a6eca52ccad4c0cc455f214cc481ec0a,6.68359375
dg_p095_a3,disagreement_gate,32eae783039419b562edb0d4f277aa327a00517cb40d1a576d6c4057f9e6579c,-3.603515625
dg_p095_a4,base,32eae783039419b562edb0d4f277aa327a00517cb40d1a576d6c4057f9e6579c,-3.603515625
dg_p095_a4,parm_fixed,422ef3038b53750a0e7f78010bfeec6dd48bff0a8a17c4ade2e170310c606702,11.640625
dg_p095_a4,midpoint,3fa0b380b58980f6760421b797cdce43a6eca52ccad4c0cc455f214cc481ec0a,6.68359375
dg_p095_a4,disagreement_gate,32eae783039419b562edb0d4f277aa327a00517cb40d1a576d6c4057f9e6579c,-3.603515625
dg_p096_a0,base,3782fef11b5dfb110422f449284fdbbb8667de1285a61db9ad9fb93674dff6ca,2.3203125
dg_p096_a0,parm_fixed,0c2c2e5750e23277970686b28a78ed212b44fbad3ff14d7abe3342fb41e2d325,12.65625
dg_p096_a0,midpoint,c319c55ffd2b15f207db4a34612f9ea35f5d7737cb097e05faf5a6178f4a32a5,14.8515625
dg_p096_a0,disagreement_gate,3782fef11b5dfb110422f449284fdbbb8667de1285a61db9ad9fb93674dff6ca,2.3203125
dg_p096_a1,base,3782fef11b5dfb110422f449284fdbbb8667de1285a61db9ad9fb93674dff6ca,2.3203125
dg_p096_a1,parm_fixed,e342943353ee665f6ad3653ed956a975e38925ee667588367cfba9c6b8715e87,9.125
dg_p096_a1,midpoint,c319c55ffd2b15f207db4a34612f9ea35f5d7737cb097e05faf5a6178f4a32a5,14.8515625
dg_p096_a1,disagreement_gate,3782fef11b5dfb110422f449284fdbbb8667de1285a61db9ad9fb93674dff6ca,2.3203125
dg_p096_a2,base,3782fef11b5dfb110422f449284fdbbb8667de1285a61db9ad9fb93674dff6ca,2.3203125
dg_p096_a2,parm_fixed,aeba6e51ab692ed74248defc9af5a1f6393badb5de9ad33aa13e6c13c774b2fe,16.421875
dg_p096_a2,midpoint,c319c55ffd2b15f207db4a34612f9ea35f5d7737cb097e05faf5a6178f4a32a5,14.8515625
dg_p096_a2,disagreement_gate,3782fef11b5dfb110422f449284fdbbb8667de1285a61db9ad9fb93674dff6ca,2.3203125
dg_p096_a3,base,3782fef11b5dfb110422f449284fdbbb8667de1285a61db9ad9fb93674dff6ca,2.3203125
dg_p096_a3,parm_fixed,5a2f4dd8e3bc0527a12538965e7d1b4906a2e1b61db99e4c5c568ff2c84a4267,13.6328125
dg_p096_a3,midpoint,c319c55ffd2b15f207db4a34612f9ea35f5d7737cb097e05faf5a6178f4a32a5,14.8515625
dg_p096_a3,disagreement_gate,3782fef11b5dfb110422f449284fdbbb8667de1285a61db9ad9fb93674dff6ca,2.3203125
dg_p096_a4,base,3782fef11b5dfb110422f449284fdbbb8667de1285a61db9ad9fb93674dff6ca,2.3203125
dg_p096_a4,parm_fixed,902e1c4a9616ff7e052760bd62e7ae457222854de9989cf5c27a387f5972c03a,6.24609375
dg_p096_a4,midpoint,c319c55ffd2b15f207db4a34612f9ea35f5d7737cb097e05faf5a6178f4a32a5,14.8515625
dg_p096_a4,disagreement_gate,3782fef11b5dfb110422f449284fdbbb8667de1285a61db9ad9fb93674dff6ca,2.3203125
dg_p097_a0,base,26025620b2ca02924c39038ee6d2efade7b93908f0b7957ead6d05f888601f99,11.3671875
dg_p097_a0,parm_fixed,4941fbbad20cc886e2154ecf98f3ef24523cbfee1b9460521f0d533422ac1bba,27.203125
dg_p097_a0,midpoint,788281f0530d7a272ac5ecf558f29158cd73f60f8aba9196293be5710a972d4d,11.4453125
dg_p097_a0,disagreement_gate,26025620b2ca02924c39038ee6d2efade7b93908f0b7957ead6d05f888601f99,11.3671875
dg_p097_a1,base,26025620b2ca02924c39038ee6d2efade7b93908f0b7957ead6d05f888601f99,11.3671875
dg_p097_a1,parm_fixed,7ef3e0c0f875e8c5bf35c281a2c6683c237b0024af80d282a142bc13fccd7be1,34.9375
dg_p097_a1,midpoint,788281f0530d7a272ac5ecf558f29158cd73f60f8aba9196293be5710a972d4d,11.4453125
dg_p097_a1,disagreement_gate,26025620b2ca02924c39038ee6d2efade7b93908f0b7957ead6d05f888601f99,11.3671875
dg_p097_a2,base,26025620b2ca02924c39038ee6d2efade7b93908f0b7957ead6d05f888601f99,11.3671875
dg_p097_a2,parm_fixed,735c19109535610cd901ef4568edc37616554390bb2505c70770184a25a0a5b5,35.34375
dg_p097_a2,midpoint,788281f0530d7a272ac5ecf558f29158cd73f60f8aba9196293be5710a972d4d,11.4453125
dg_p097_a2,disagreement_gate,26025620b2ca02924c39038ee6d2efade7b93908f0b7957ead6d05f888601f99,11.3671875
dg_p097_a3,base,26025620b2ca02924c39038ee6d2efade7b93908f0b7957ead6d05f888601f99,11.3671875
dg_p097_a3,parm_fixed,735c19109535610cd901ef4568edc37616554390bb2505c70770184a25a0a5b5,35.34375
dg_p097_a3,midpoint,788281f0530d7a272ac5ecf558f29158cd73f60f8aba9196293be5710a972d4d,11.4453125
dg_p097_a3,disagreement_gate,26025620b2ca02924c39038ee6d2efade7b93908f0b7957ead6d05f888601f99,11.3671875
dg_p097_a4,base,26025620b2ca02924c39038ee6d2efade7b93908f0b7957ead6d05f888601f99,11.3671875
dg_p097_a4,parm_fixed,dc3035bd4ec98af164e0b9430b8fb8fe02e44b98c4cd093a6a0973e45eb624a7,35.0
dg_p097_a4,midpoint,afc73bafa4a45d9e78610b4d26ac543b337e64830a58bf93ebbdc38948c402c2,18.203125
dg_p097_a4,disagreement_gate,26025620b2ca02924c39038ee6d2efade7b93908f0b7957ead6d05f888601f99,11.3671875
dg_p098_a0,base,d8afd263c2d9c301d0376b70892b67f443312edec7f51db15d6a6cbe4a17f72b,-4.60546875
dg_p098_a0,parm_fixed,074ab1e4522c6bc9ccb40a4e443a7f941f5fba83a257e0fab3e44c96bee20cf0,-8.484375
dg_p098_a0,midpoint,8d3c759a772238a2c7f8c6109c26be77847860e0184731a58751f6b98c2bad29,-8.4453125
dg_p098_a0,disagreement_gate,d8afd263c2d9c301d0376b70892b67f443312edec7f51db15d6a6cbe4a17f72b,-4.60546875
dg_p098_a1,base,d8afd263c2d9c301d0376b70892b67f443312edec7f51db15d6a6cbe4a17f72b,-4.60546875
dg_p098_a1,parm_fixed,dbb32f4b02cf1360a5a115fc8354e43db823a27b0a3127104d7cb60684d5a00a,-9.359375
dg_p098_a1,midpoint,8d3c759a772238a2c7f8c6109c26be77847860e0184731a58751f6b98c2bad29,-8.4453125
dg_p098_a1,disagreement_gate,d8afd263c2d9c301d0376b70892b67f443312edec7f51db15d6a6cbe4a17f72b,-4.60546875
dg_p098_a2,base,d8afd263c2d9c301d0376b70892b67f443312edec7f51db15d6a6cbe4a17f72b,-4.60546875
dg_p098_a2,parm_fixed,7c7a8cd4bdb79f9c12b9cc84dfbe134b659881e88f9c2e1a23ac7f66c2247a9d,-8.9453125
dg_p098_a2,midpoint,8d3c759a772238a2c7f8c6109c26be77847860e0184731a58751f6b98c2bad29,-8.4453125
dg_p098_a2,disagreement_gate,d8afd263c2d9c301d0376b70892b67f443312edec7f51db15d6a6cbe4a17f72b,-4.60546875
dg_p098_a3,base,d8afd263c2d9c301d0376b70892b67f443312edec7f51db15d6a6cbe4a17f72b,-4.60546875
dg_p098_a3,parm_fixed,7c7a8cd4bdb79f9c12b9cc84dfbe134b659881e88f9c2e1a23ac7f66c2247a9d,-8.9453125
dg_p098_a3,midpoint,8d3c759a772238a2c7f8c6109c26be77847860e0184731a58751f6b98c2bad29,-8.4453125
dg_p098_a3,disagreement_gate,d8afd263c2d9c301d0376b70892b67f443312edec7f51db15d6a6cbe4a17f72b,-4.60546875
dg_p098_a4,base,d8afd263c2d9c301d0376b70892b67f443312edec7f51db15d6a6cbe4a17f72b,-4.60546875
dg_p098_a4,parm_fixed,7ec0eda4135aa62921934a724ca48ebee8db81a8aa5e4d5c0f4e1d550dd8b39d,-6.05859375
dg_p098_a4,midpoint,8d3c759a772238a2c7f8c6109c26be77847860e0184731a58751f6b98c2bad29,-8.4453125
dg_p098_a4,disagreement_gate,d8afd263c2d9c301d0376b70892b67f443312edec7f51db15d6a6cbe4a17f72b,-4.60546875
dg_p099_a0,base,87d32af3056a5b0399e535feb64065463eae9c0a694391b627ccb2f5852ae90c,-14.609375
dg_p099_a0,parm_fixed,1a3854c610ddc1052e4c5b6c77521f44d21975bbdfc793bc769f1c36964357bb,3.90625
dg_p099_a0,midpoint,3f191574663492622ae806068949b5721f8275a3a608b30091c2770869ef2b42,4.35546875
dg_p099_a0,disagreement_gate,87d32af3056a5b0399e535feb64065463eae9c0a694391b627ccb2f5852ae90c,-14.609375
dg_p099_a1,base,87d32af3056a5b0399e535feb64065463eae9c0a694391b627ccb2f5852ae90c,-14.609375
dg_p099_a1,parm_fixed,d8b743d7634b6fa39e8d4c53c675c0dce371a2197fe9e16f345255e790980420,7.6875
dg_p099_a1,midpoint,3f191574663492622ae806068949b5721f8275a3a608b30091c2770869ef2b42,4.35546875
dg_p099_a1,disagreement_gate,87d32af3056a5b0399e535feb64065463eae9c0a694391b627ccb2f5852ae90c,-14.609375
dg_p099_a2,base,87d32af3056a5b0399e535feb64065463eae9c0a694391b627ccb2f5852ae90c,-14.609375
dg_p099_a2,parm_fixed,41da250a55f0796ca6f79a8a461ed64e858e20a8f6aefa206095e536c8e31208,7.4921875
dg_p099_a2,midpoint,c8f53a33a64d7cc251eeafb3fbc0c4a8ff90762615a41336582a6161f5184df9,-13.875
dg_p099_a2,disagreement_gate,87d32af3056a5b0399e535feb64065463eae9c0a694391b627ccb2f5852ae90c,-14.609375
dg_p099_a3,base,87d32af3056a5b0399e535feb64065463eae9c0a694391b627ccb2f5852ae90c,-14.609375
dg_p099_a3,parm_fixed,b8a2757b3122fc35fb02f305ee0a27d61e8548e8d4e7c3bc7235ce1b0525232d,-3.751953125
dg_p099_a3,midpoint,f16ccabb88289fc0eb1a9ab21b69835d76503424abef5cec7b8444b65f17ddbe,-14.515625
dg_p099_a3,disagreement_gate,87d32af3056a5b0399e535feb64065463eae9c0a694391b627ccb2f5852ae90c,-14.609375
dg_p099_a4,base,87d32af3056a5b0399e535feb64065463eae9c0a694391b627ccb2f5852ae90c,-14.609375
dg_p099_a4,parm_fixed,24089fe8e9afe2259d006a384bd816b92d86b1b982ac656494a3739c304bb017,10.7265625
dg_p099_a4,midpoint,809c98148c97ee3e3b2ddbf6ba421e9a1452b8d4c7c784c0d02a3c6d8be60ed0,-13.28125
dg_p099_a4,disagreement_gate,87d32af3056a5b0399e535feb64065463eae9c0a694391b627ccb2f5852ae90c,-14.609375
dg_p100_a0,base,dbbc02321e06a24a84663962dbc08ce1ff6ac972dfc40dcf49a66a8d49ce0e34,-8.15625
dg_p100_a0,parm_fixed,702d761c42749184bb9e2e4ce3b6cd4000e4ea5847ad73bf038b4232dd9628d0,0.33349609375
dg_p100_a0,midpoint,07d007f1a255c9b3186d2cc07b9e8feb5fbd2db5058ab3fe81a09178d9c47e61,-11.46875
dg_p100_a0,disagreement_gate,dbbc02321e06a24a84663962dbc08ce1ff6ac972dfc40dcf49a66a8d49ce0e34,-8.15625
dg_p100_a1,base,dbbc02321e06a24a84663962dbc08ce1ff6ac972dfc40dcf49a66a8d49ce0e34,-8.15625
dg_p100_a1,parm_fixed,702d761c42749184bb9e2e4ce3b6cd4000e4ea5847ad73bf038b4232dd9628d0,0.33349609375
dg_p100_a1,midpoint,60ff2e5615ffbcd7072b7942bf0d570040fb9b2f762e5e0774aea10965ae3b22,-12.59375
dg_p100_a1,disagreement_gate,dbbc02321e06a24a84663962dbc08ce1ff6ac972dfc40dcf49a66a8d49ce0e34,-8.15625
dg_p100_a2,base,dbbc02321e06a24a84663962dbc08ce1ff6ac972dfc40dcf49a66a8d49ce0e34,-8.15625
dg_p100_a2,parm_fixed,702d761c42749184bb9e2e4ce3b6cd4000e4ea5847ad73bf038b4232dd9628d0,0.33349609375
dg_p100_a2,midpoint,b62abc99e889ac59d9b0e38f2fecd56a2c336bfdc202f53372836e3e6fd7bbc3,-7.26171875
dg_p100_a2,disagreement_gate,dbbc02321e06a24a84663962dbc08ce1ff6ac972dfc40dcf49a66a8d49ce0e34,-8.15625
dg_p100_a3,base,dbbc02321e06a24a84663962dbc08ce1ff6ac972dfc40dcf49a66a8d49ce0e34,-8.15625
dg_p100_a3,parm_fixed,702d761c42749184bb9e2e4ce3b6cd4000e4ea5847ad73bf038b4232dd9628d0,0.33349609375
dg_p100_a3,midpoint,157ef15931f0bf769bd8b022980643e34000d1cb613aa8b73eda5fc0b8c2950a,-7.75390625
dg_p100_a3,disagreement_gate,dbbc02321e06a24a84663962dbc08ce1ff6ac972dfc40dcf49a66a8d49ce0e34,-8.15625
dg_p100_a4,base,dbbc02321e06a24a84663962dbc08ce1ff6ac972dfc40dcf49a66a8d49ce0e34,-8.15625
dg_p100_a4,parm_fixed,702d761c42749184bb9e2e4ce3b6cd4000e4ea5847ad73bf038b4232dd9628d0,0.33349609375
dg_p100_a4,midpoint,f2532547c61b066309ffaec131fd662aeb20a3627d1e28944ae5acf03d7ffab6,-4.6484375
dg_p100_a4,disagreement_gate,dbbc02321e06a24a84663962dbc08ce1ff6ac972dfc40dcf49a66a8d49ce0e34,-8.15625
dg_p101_a0,base,4815dd136a588c69944ec5c9bcc380c74faa24b8fdc368fe85a0a716e2cde755,-5.43359375
dg_p101_a0,parm_fixed,47237eaf0e721ba858906a14a5c596a6deff4ebcce7c09c637e26b6ce6043477,7.90234375
dg_p101_a0,midpoint,efe24aafab397d6a54ddcc8198dd191a4d79769e279fb23ed350d6f14a260e53,3.55859375
dg_p101_a0,disagreement_gate,4815dd136a588c69944ec5c9bcc380c74faa24b8fdc368fe85a0a716e2cde755,-5.43359375
dg_p101_a1,base,4815dd136a588c69944ec5c9bcc380c74faa24b8fdc368fe85a0a716e2cde755,-5.43359375
dg_p101_a1,parm_fixed,d24a871e77a8636b1f2526d7f34a86b98846f764d28b51458a5e5e896068dd69,11.921875
dg_p101_a1,midpoint,efe24aafab397d6a54ddcc8198dd191a4d79769e279fb23ed350d6f14a260e53,3.55859375
dg_p101_a1,disagreement_gate,4815dd136a588c69944ec5c9bcc380c74faa24b8fdc368fe85a0a716e2cde755,-5.43359375
dg_p101_a2,base,4815dd136a588c69944ec5c9bcc380c74faa24b8fdc368fe85a0a716e2cde755,-5.43359375
dg_p101_a2,parm_fixed,f9b32c728e0d6dab55e774b1e50231262cc483e726f1381e5d14631eaefb1949,6.25390625
dg_p101_a2,midpoint,57ab23b1d9190435dbbf3f2957570c8dfe68c05a4232330957a372f39cae11f8,16.890625
dg_p101_a2,disagreement_gate,4815dd136a588c69944ec5c9bcc380c74faa24b8fdc368fe85a0a716e2cde755,-5.43359375
dg_p101_a3,base,4815dd136a588c69944ec5c9bcc380c74faa24b8fdc368fe85a0a716e2cde755,-5.43359375
dg_p101_a3,parm_fixed,73e3b2f925df01dfe68966d5c1816992f4877907dbf8aa2bcc09c119464fc993,-1.75
dg_p101_a3,midpoint,f0253f43a819fbe7613147ed58693c57952302adcba37fae84a58dbbe4b6a51e,13.96875
dg_p101_a3,disagreement_gate,4815dd136a588c69944ec5c9bcc380c74faa24b8fdc368fe85a0a716e2cde755,-5.43359375
dg_p101_a4,base,4815dd136a588c69944ec5c9bcc380c74faa24b8fdc368fe85a0a716e2cde755,-5.43359375
dg_p101_a4,parm_fixed,29c9fd645c885a9e2b2348a23abc1cf5f34243d370d9e289e099bb5d2da3c95b,-2.35546875
dg_p101_a4,midpoint,a021b18f8fd159beb100ead7de3ca55d4267331797eea5128c1497b3b34e8920,6.796875
dg_p101_a4,disagreement_gate,4815dd136a588c69944ec5c9bcc380c74faa24b8fdc368fe85a0a716e2cde755,-5.43359375
dg_p102_a0,base,20c0e5787ee0740c4e141b606a7f9b0c9431177489a933c63f373f85478d65aa,-2.50390625
dg_p102_a0,parm_fixed,34b872e0cc3343250640eb50c22f49447665566c05fcc945dbe572a8b68af70e,-1.8876953125
dg_p102_a0,midpoint,2d351f788c71f56aab1fa09bfbedc9fa8fe129c5554d2f81f7d7fd6dc59bab8f,-2.587890625
dg_p102_a0,disagreement_gate,20c0e5787ee0740c4e141b606a7f9b0c9431177489a933c63f373f85478d65aa,-2.50390625
dg_p102_a1,base,20c0e5787ee0740c4e141b606a7f9b0c9431177489a933c63f373f85478d65aa,-2.50390625
dg_p102_a1,parm_fixed,5d17a8978aefa0102092e640ab079612a1c6b3ea3c2ab7075d8f46fb0bbdabf5,-4.47265625
dg_p102_a1,midpoint,2d351f788c71f56aab1fa09bfbedc9fa8fe129c5554d2f81f7d7fd6dc59bab8f,-2.587890625
dg_p102_a1,disagreement_gate,20c0e5787ee0740c4e141b606a7f9b0c9431177489a933c63f373f85478d65aa,-2.50390625
dg_p102_a2,base,20c0e5787ee0740c4e141b606a7f9b0c9431177489a933c63f373f85478d65aa,-2.50390625
dg_p102_a2,parm_fixed,5d17a8978aefa0102092e640ab079612a1c6b3ea3c2ab7075d8f46fb0bbdabf5,-4.47265625
dg_p102_a2,midpoint,2d351f788c71f56aab1fa09bfbedc9fa8fe129c5554d2f81f7d7fd6dc59bab8f,-2.587890625
dg_p102_a2,disagreement_gate,20c0e5787ee0740c4e141b606a7f9b0c9431177489a933c63f373f85478d65aa,-2.50390625
dg_p102_a3,base,20c0e5787ee0740c4e141b606a7f9b0c9431177489a933c63f373f85478d65aa,-2.50390625
dg_p102_a3,parm_fixed,30730d0668e5876a2f0207630abb736001bd6678965825d04117e9c68b08fe11,-1.3818359375
dg_p102_a3,midpoint,2d351f788c71f56aab1fa09bfbedc9fa8fe129c5554d2f81f7d7fd6dc59bab8f,-2.587890625
dg_p102_a3,disagreement_gate,20c0e5787ee0740c4e141b606a7f9b0c9431177489a933c63f373f85478d65aa,-2.50390625
dg_p102_a4,base,20c0e5787ee0740c4e141b606a7f9b0c9431177489a933c63f373f85478d65aa,-2.50390625
dg_p102_a4,parm_fixed,86f7530e55c5ea45f153eaaeb74dcdfc083e48ee08599c2d3421a1e93d8d1b86,3.513671875
dg_p102_a4,midpoint,2d351f788c71f56aab1fa09bfbedc9fa8fe129c5554d2f81f7d7fd6dc59bab8f,-2.587890625
dg_p102_a4,disagreement_gate,20c0e5787ee0740c4e141b606a7f9b0c9431177489a933c63f373f85478d65aa,-2.50390625
dg_p103_a0,base,669d2662f8b467cc68a1b15d1c44a6398764a26d02b8ef2fe2552c8fb95b0746,-4.609375
dg_p103_a0,parm_fixed,5d6a05c67b7bfa0f6860dcdfe095fac0dd191d0f755d1c384fb20faf07010715,6.32421875
dg_p103_a0,midpoint,5d6a05c67b7bfa0f6860dcdfe095fac0dd191d0f755d1c384fb20faf07010715,6.32421875
dg_p103_a0,disagreement_gate,669d2662f8b467cc68a1b15d1c44a6398764a26d02b8ef2fe2552c8fb95b0746,-4.609375
dg_p103_a1,base,669d2662f8b467cc68a1b15d1c44a6398764a26d02b8ef2fe2552c8fb95b0746,-4.609375
dg_p103_a1,parm_fixed,5d6a05c67b7bfa0f6860dcdfe095fac0dd191d0f755d1c384fb20faf07010715,6.32421875
dg_p103_a1,midpoint,5d6a05c67b7bfa0f6860dcdfe095fac0dd191d0f755d1c384fb20faf07010715,6.32421875
dg_p103_a1,disagreement_gate,669d2662f8b467cc68a1b15d1c44a6398764a26d02b8ef2fe2552c8fb95b0746,-4.609375
dg_p103_a2,base,669d2662f8b467cc68a1b15d1c44a6398764a26d02b8ef2fe2552c8fb95b0746,-4.609375
dg_p103_a2,parm_fixed,5d6a05c67b7bfa0f6860dcdfe095fac0dd191d0f755d1c384fb20faf07010715,6.32421875
dg_p103_a2,midpoint,2e6156eadb8560f147e2f06cea4b85388d2f9d9f9d9f44205090668d353f5cb0,6.75
dg_p103_a2,disagreement_gate,669d2662f8b467cc68a1b15d1c44a6398764a26d02b8ef2fe2552c8fb95b0746,-4.609375
dg_p103_a3,base,669d2662f8b467cc68a1b15d1c44a6398764a26d02b8ef2fe2552c8fb95b0746,-4.609375
dg_p103_a3,parm_fixed,b3d2017dbe6e8d50d13f7a1e39768ad845d1077ecad848587060587c093fd9fb,-9.421875
dg_p103_a3,midpoint,c6f9c193876c6f2914a96c0b73d037c24addebdbaf05eb3a2d733973019b5290,-9.2734375
dg_p103_a3,disagreement_gate,669d2662f8b467cc68a1b15d1c44a6398764a26d02b8ef2fe2552c8fb95b0746,-4.609375
dg_p103_a4,base,669d2662f8b467cc68a1b15d1c44a6398764a26d02b8ef2fe2552c8fb95b0746,-4.609375
dg_p103_a4,parm_fixed,e7daaaff2d425265e512271f1ed27ffdd97491fa4605fcbaf39be8895e9dcf34,-9.1328125
dg_p103_a4,midpoint,69a638a21ae4f0c63781aabc2d3b8e84db9e5cf3c98398386da5eab8e6d0ac8d,-4.61328125
dg_p103_a4,disagreement_gate,669d2662f8b467cc68a1b15d1c44a6398764a26d02b8ef2fe2552c8fb95b0746,-4.609375
dg_p104_a0,base,80183312b65c9d42b0869e69fceff1199f76e3be0df336643e7630b3d2cef746,-8.0703125
dg_p104_a0,parm_fixed,17fb5584606ad06fc9ce71fd807f4dc90fc1fcab5cd98db5eb154eaa8c0670b1,-12.3125
dg_p104_a0,midpoint,f33a003e3582569fbd9f338be1cdaec1ab44a6fe08959b25f6fb5ce649bd3159,-17.03125
dg_p104_a0,disagreement_gate,80183312b65c9d42b0869e69fceff1199f76e3be0df336643e7630b3d2cef746,-8.0703125
dg_p104_a1,base,80183312b65c9d42b0869e69fceff1199f76e3be0df336643e7630b3d2cef746,-8.0703125
dg_p104_a1,parm_fixed,6b157521afe3a7699e6be95d48921a2c611b53abbfc287c14deca79221554a3d,-10.9375
dg_p104_a1,midpoint,f33a003e3582569fbd9f338be1cdaec1ab44a6fe08959b25f6fb5ce649bd3159,-17.03125
dg_p104_a1,disagreement_gate,80183312b65c9d42b0869e69fceff1199f76e3be0df336643e7630b3d2cef746,-8.0703125
dg_p104_a2,base,80183312b65c9d42b0869e69fceff1199f76e3be0df336643e7630b3d2cef746,-8.0703125
dg_p104_a2,parm_fixed,6b157521afe3a7699e6be95d48921a2c611b53abbfc287c14deca79221554a3d,-10.9375
dg_p104_a2,midpoint,f33a003e3582569fbd9f338be1cdaec1ab44a6fe08959b25f6fb5ce649bd3159,-17.03125
dg_p104_a2,disagreement_gate,80183312b65c9d42b0869e69fceff1199f76e3be0df336643e7630b3d2cef746,-8.0703125
dg_p104_a3,base,80183312b65c9d42b0869e69fceff1199f76e3be0df336643e7630b3d2cef746,-8.0703125
dg_p104_a3,parm_fixed,d5ba1e351513e934c4984efa391f2f98c0f92910ce9f4fda4b1920e1e7b3c3bd,-11.671875
dg_p104_a3,midpoint,f33a003e3582569fbd9f338be1cdaec1ab44a6fe08959b25f6fb5ce649bd3159,-17.03125
dg_p104_a3,disagreement_gate,80183312b65c9d42b0869e69fceff1199f76e3be0df336643e7630b3d2cef746,-8.0703125
dg_p104_a4,base,80183312b65c9d42b0869e69fceff1199f76e3be0df336643e7630b3d2cef746,-8.0703125
dg_p104_a4,parm_fixed,d5ba1e351513e934c4984efa391f2f98c0f92910ce9f4fda4b1920e1e7b3c3bd,-11.671875
dg_p104_a4,midpoint,18e2a3af029ad9a73b1d457975fb41be5bc3b566b365bfa21a3cdbd7e9e4b3eb,-12.5625
dg_p104_a4,disagreement_gate,80183312b65c9d42b0869e69fceff1199f76e3be0df336643e7630b3d2cef746,-8.0703125
dg_p105_a0,base,bbec3e91b7c021279b74c2967ef7e659dcdf161c1bbfaffa93d24238e45917ac,-11.7734375
dg_p105_a0,parm_fixed,62840829b7e8f28cdc845eb9c9a1ae503cfb65052b6154fd0f216c82b8878b69,-10.7734375
dg_p105_a0,midpoint,bbec3e91b7c021279b74c2967ef7e659dcdf161c1bbfaffa93d24238e45917ac,-11.7734375
dg_p105_a0,disagreement_gate,bbec3e91b7c021279b74c2967ef7e659dcdf161c1bbfaffa93d24238e45917ac,-11.7734375
dg_p105_a1,base,bbec3e91b7c021279b74c2967ef7e659dcdf161c1bbfaffa93d24238e45917ac,-11.7734375
dg_p105_a1,parm_fixed,62840829b7e8f28cdc845eb9c9a1ae503cfb65052b6154fd0f216c82b8878b69,-10.7734375
dg_p105_a1,midpoint,bbec3e91b7c021279b74c2967ef7e659dcdf161c1bbfaffa93d24238e45917ac,-11.7734375
dg_p105_a1,disagreement_gate,bbec3e91b7c021279b74c2967ef7e659dcdf161c1bbfaffa93d24238e45917ac,-11.7734375
dg_p105_a2,base,bbec3e91b7c021279b74c2967ef7e659dcdf161c1bbfaffa93d24238e45917ac,-11.7734375
dg_p105_a2,parm_fixed,62840829b7e8f28cdc845eb9c9a1ae503cfb65052b6154fd0f216c82b8878b69,-10.7734375
dg_p105_a2,midpoint,446b04f22a268d5b81436a50238a45fc052bad0538df2252264d5117a868572c,-10.9453125
dg_p105_a2,disagreement_gate,bbec3e91b7c021279b74c2967ef7e659dcdf161c1bbfaffa93d24238e45917ac,-11.7734375
dg_p105_a3,base,bbec3e91b7c021279b74c2967ef7e659dcdf161c1bbfaffa93d24238e45917ac,-11.7734375
dg_p105_a3,parm_fixed,75bb7df93526eb79ffbb4b072405c338521764d5fd07dcc69bc941ba8926c1de,-8.4921875
dg_p105_a3,midpoint,df735dd1f10dc0f9a7fac6577d4c09f8740ce924e306913c5ae9ba5e4a922a2c,-12.3984375
dg_p105_a3,disagreement_gate,bbec3e91b7c021279b74c2967ef7e659dcdf161c1bbfaffa93d24238e45917ac,-11.7734375
dg_p105_a4,base,bbec3e91b7c021279b74c2967ef7e659dcdf161c1bbfaffa93d24238e45917ac,-11.7734375
dg_p105_a4,parm_fixed,9112fb749811e360413615ae0866acbdbf05f9ab0d836f77258827e000253b87,-10.6640625
dg_p105_a4,midpoint,df735dd1f10dc0f9a7fac6577d4c09f8740ce924e306913c5ae9ba5e4a922a2c,-12.3984375
dg_p105_a4,disagreement_gate,bbec3e91b7c021279b74c2967ef7e659dcdf161c1bbfaffa93d24238e45917ac,-11.7734375
dg_p106_a0,base,d00f9cd2f2b5373b3bb2717cce91f4bb1b0b8735e5e90872193953e45a5efc89,26.8125
dg_p106_a0,parm_fixed,42a584095d473c5340fd82e761a4e43b458a16bad60e56f03c38ee65a761bc1c,25.03125
dg_p106_a0,midpoint,a8cebbd452fde952d9bde689587a80f7818fcaa973a2ff8396657d65f121af03,18.25
dg_p106_a0,disagreement_gate,d00f9cd2f2b5373b3bb2717cce91f4bb1b0b8735e5e90872193953e45a5efc89,26.8125
dg_p106_a1,base,d00f9cd2f2b5373b3bb2717cce91f4bb1b0b8735e5e90872193953e45a5efc89,26.8125
dg_p106_a1,parm_fixed,9b4d0a3a8ef6512334adf64acc696bf01052e813d321155e13d2e5dc7e5cddb1,2.583984375
dg_p106_a1,midpoint,296b47480752aaa3aa56d0500382a895cef20f2626ef20db9649fda565031b6c,17.8125
dg_p106_a1,disagreement_gate,d00f9cd2f2b5373b3bb2717cce91f4bb1b0b8735e5e90872193953e45a5efc89,26.8125
dg_p106_a2,base,d00f9cd2f2b5373b3bb2717cce91f4bb1b0b8735e5e90872193953e45a5efc89,26.8125
dg_p106_a2,parm_fixed,f867fd9e908ea90447a9201c0821077cd8a356b583a6c334be4904c5d0328b29,17.671875
dg_p106_a2,midpoint,74168e700351c5cdc6e46c21426bdb41a6781bae978effcccd94cac054b3d4e7,18.984375
dg_p106_a2,disagreement_gate,d00f9cd2f2b5373b3bb2717cce91f4bb1b0b8735e5e90872193953e45a5efc89,26.8125
dg_p106_a3,base,d00f9cd2f2b5373b3bb2717cce91f4bb1b0b8735e5e90872193953e45a5efc89,26.8125
dg_p106_a3,parm_fixed,8103734b8639efaf7592690e49bfc785f0ccf8c69542b17902a1a149f4f85651,2.66015625
dg_p106_a3,midpoint,73664a3dce7717fd320393eefbf02fd6bf3fed5fd3593be3f6bb746d052d4a26,15.6640625
dg_p106_a3,disagreement_gate,d00f9cd2f2b5373b3bb2717cce91f4bb1b0b8735e5e90872193953e45a5efc89,26.8125
dg_p106_a4,base,d00f9cd2f2b5373b3bb2717cce91f4bb1b0b8735e5e90872193953e45a5efc89,26.8125
dg_p106_a4,parm_fixed,48616b8fd4b6b5d38709c53059d23d3b7773068eaff3183f09f6e2c1182b4845,9.546875
dg_p106_a4,midpoint,802a6aed24434a7e75fc4a35a6bc131b9966f4bf7ceb4d0469010e5ff43069e8,8.71875
dg_p106_a4,disagreement_gate,d00f9cd2f2b5373b3bb2717cce91f4bb1b0b8735e5e90872193953e45a5efc89,26.8125
dg_p107_a0,base,3cc9909eb15c3bb7138bb70bb2e7a77ea694cb999513fc8c61b81eb04bdb8e2d,-1.80078125
dg_p107_a0,parm_fixed,2dad405b0f613c97bd2bcf82c33c60445082fab6cb87da26f9ae9fa10b0145e0,-5.03125
dg_p107_a0,midpoint,977fb65a0b0683308f38e5cccdf80e19f6c669890951bac669e24c600279dbe4,0.11676025390625
dg_p107_a0,disagreement_gate,3cc9909eb15c3bb7138bb70bb2e7a77ea694cb999513fc8c61b81eb04bdb8e2d,-1.80078125
dg_p107_a1,base,3cc9909eb15c3bb7138bb70bb2e7a77ea694cb999513fc8c61b81eb04bdb8e2d,-1.80078125
dg_p107_a1,parm_fixed,f36948e6fb40007e2643c1fb1cba4c22558fdfd0526ecd90bf80a5d38fa4a5dc,-0.5556640625
dg_p107_a1,midpoint,977fb65a0b0683308f38e5cccdf80e19f6c669890951bac669e24c600279dbe4,0.11676025390625
dg_p107_a1,disagreement_gate,3cc9909eb15c3bb7138bb70bb2e7a77ea694cb999513fc8c61b81eb04bdb8e2d,-1.80078125
dg_p107_a2,base,3cc9909eb15c3bb7138bb70bb2e7a77ea694cb999513fc8c61b81eb04bdb8e2d,-1.80078125
dg_p107_a2,parm_fixed,e3c501f3a5fab0c76ab4ebde6d51bc4249249a484d55c2bf4850456580d35c53,-7.6640625
dg_p107_a2,midpoint,539a8f1c8eac2aaa2c9466cebe265debde27567068ddcc53aeb4d95be2d6a107,-4.1796875
dg_p107_a2,disagreement_gate,3cc9909eb15c3bb7138bb70bb2e7a77ea694cb999513fc8c61b81eb04bdb8e2d,-1.80078125
dg_p107_a3,base,3cc9909eb15c3bb7138bb70bb2e7a77ea694cb999513fc8c61b81eb04bdb8e2d,-1.80078125
dg_p107_a3,parm_fixed,6ec41ae6834725bf43febc2caabed7bdec51263e60a2664665da4beff151c9ec,-7.12890625
dg_p107_a3,midpoint,539a8f1c8eac2aaa2c9466cebe265debde27567068ddcc53aeb4d95be2d6a107,-4.1796875
dg_p107_a3,disagreement_gate,3cc9909eb15c3bb7138bb70bb2e7a77ea694cb999513fc8c61b81eb04bdb8e2d,-1.80078125
dg_p107_a4,base,3cc9909eb15c3bb7138bb70bb2e7a77ea694cb999513fc8c61b81eb04bdb8e2d,-1.80078125
dg_p107_a4,parm_fixed,952b893074fd7b25a8e6a441382a29444249f8d5ffd8de3a5b9497087c659063,-7.640625
dg_p107_a4,midpoint,b0190dced4100e30ab416109d68ce9f132814ae7659096024bfd4b6d7986f148,-4.59375
dg_p107_a4,disagreement_gate,3cc9909eb15c3bb7138bb70bb2e7a77ea694cb999513fc8c61b81eb04bdb8e2d,-1.80078125
dg_p108_a0,base,db93e4eea65520355c186c7db19a432f72877553f4ea26c6ca03ad19f24005af,-7.796875
dg_p108_a0,parm_fixed,51471618db2fb6c026a07b12a5c0353e0e40bc60131b153938f192eca9ae62a3,-4.38671875
dg_p108_a0,midpoint,668d13ca30a81ca9d9fb5d0a5b0485fb496152d17047743eab2262a5e2dfe004,22.28125
dg_p108_a0,disagreement_gate,db93e4eea65520355c186c7db19a432f72877553f4ea26c6ca03ad19f24005af,-7.796875
dg_p108_a1,base,db93e4eea65520355c186c7db19a432f72877553f4ea26c6ca03ad19f24005af,-7.796875
dg_p108_a1,parm_fixed,b00de28fbd014696148d9b80eed6db66b40a7500125417ab7f9a31a901698c1c,13.8125
dg_p108_a1,midpoint,668d13ca30a81ca9d9fb5d0a5b0485fb496152d17047743eab2262a5e2dfe004,22.28125
dg_p108_a1,disagreement_gate,db93e4eea65520355c186c7db19a432f72877553f4ea26c6ca03ad19f24005af,-7.796875
dg_p108_a2,base,db93e4eea65520355c186c7db19a432f72877553f4ea26c6ca03ad19f24005af,-7.796875
dg_p108_a2,parm_fixed,b79cddc533873d86cf7cf669278495c84f2212cac266dcb3f4421a6d877ab6ff,5.4765625
dg_p108_a2,midpoint,668d13ca30a81ca9d9fb5d0a5b0485fb496152d17047743eab2262a5e2dfe004,22.28125
dg_p108_a2,disagreement_gate,db93e4eea65520355c186c7db19a432f72877553f4ea26c6ca03ad19f24005af,-7.796875
dg_p108_a3,base,db93e4eea65520355c186c7db19a432f72877553f4ea26c6ca03ad19f24005af,-7.796875
dg_p108_a3,parm_fixed,b79cddc533873d86cf7cf669278495c84f2212cac266dcb3f4421a6d877ab6ff,5.4765625
dg_p108_a3,midpoint,9a2eb71f3c816b3ff435346102d414652f2ff73247c7331991209c2e88c39588,-3.330078125
dg_p108_a3,disagreement_gate,db93e4eea65520355c186c7db19a432f72877553f4ea26c6ca03ad19f24005af,-7.796875
dg_p108_a4,base,db93e4eea65520355c186c7db19a432f72877553f4ea26c6ca03ad19f24005af,-7.796875
dg_p108_a4,parm_fixed,a6020f6c397bfb0d1cc65286ec8fac90b704a570bffaa0f022a6ebb3bf53cd56,8.4375
dg_p108_a4,midpoint,9a2eb71f3c816b3ff435346102d414652f2ff73247c7331991209c2e88c39588,-3.330078125
dg_p108_a4,disagreement_gate,db93e4eea65520355c186c7db19a432f72877553f4ea26c6ca03ad19f24005af,-7.796875
dg_p109_a0,base,8e310512f7e399976b188fbba603745f49a78156600998a2ec54c4655a2c1e6d,2.71875
dg_p109_a0,parm_fixed,91b3bbaf807687404a11e08c3eb7ea2e97459465f448280023c0dd426e26288f,7.33203125
dg_p109_a0,midpoint,0d633df847f67ebfd63ba1c6f4237b15fa769ed2ff60f89bdb5acb58f16d3b3e,6.2890625
dg_p109_a0,disagreement_gate,8e310512f7e399976b188fbba603745f49a78156600998a2ec54c4655a2c1e6d,2.71875
dg_p109_a1,base,8e310512f7e399976b188fbba603745f49a78156600998a2ec54c4655a2c1e6d,2.71875
dg_p109_a1,parm_fixed,12d189294cf3f844d60fba059b69e8c4231c558f4ccf1d6501e4b2b44a827baf,8.625
dg_p109_a1,midpoint,f6a0bce2bfce1f1f163ab11ad2c58072dc16c9e2659d4f1b4d76a957d599df92,4.66015625
dg_p109_a1,disagreement_gate,8e310512f7e399976b188fbba603745f49a78156600998a2ec54c4655a2c1e6d,2.71875
dg_p109_a2,base,8e310512f7e399976b188fbba603745f49a78156600998a2ec54c4655a2c1e6d,2.71875
dg_p109_a2,parm_fixed,cf25a83d603c639e5f72cb6d1458185b57568a36a1d4ac8057ab520651066836,6.0625
dg_p109_a2,midpoint,f6a0bce2bfce1f1f163ab11ad2c58072dc16c9e2659d4f1b4d76a957d599df92,4.66015625
dg_p109_a2,disagreement_gate,8e310512f7e399976b188fbba603745f49a78156600998a2ec54c4655a2c1e6d,2.71875
dg_p109_a3,base,8e310512f7e399976b188fbba603745f49a78156600998a2ec54c4655a2c1e6d,2.71875
dg_p109_a3,parm_fixed,6db2d4e8940e2c33077e9d808c0f6389270ff473fbf3077fb3732f6abbd8e745,4.72265625
dg_p109_a3,midpoint,807696f58e14091e8262b9eca79e1c885c7576d88f13306df0a36b376e0d01b5,6.48046875
dg_p109_a3,disagreement_gate,8e310512f7e399976b188fbba603745f49a78156600998a2ec54c4655a2c1e6d,2.71875
dg_p109_a4,base,8e310512f7e399976b188fbba603745f49a78156600998a2ec54c4655a2c1e6d,2.71875
dg_p109_a4,parm_fixed,f9ba2650b02d59098b82d13fe8f7be7835f201540612f160eda0ac4e0826cbb1,3.97265625
dg_p109_a4,midpoint,fe15b19f94e2c2698866a744161722f238ebedba41b4788b68c30bd299a2eb1b,-3.60546875
dg_p109_a4,disagreement_gate,8e310512f7e399976b188fbba603745f49a78156600998a2ec54c4655a2c1e6d,2.71875
dg_p110_a0,base,f5ecd3c3a75897d10e74b9f54b35de18ee9771a07a6efb126a180fca6cea7116,10.2734375
dg_p110_a0,parm_fixed,8f4c86ddb33f9963fbd3792a7864a1352e00189d0d91a0ea3e972ef450fe51d6,5.859375
dg_p110_a0,midpoint,8a0cf5bc679c1507ed10b7303e87b05428af3efa4d47e3aab62a2b7c602406de,5.65625
dg_p110_a0,disagreement_gate,f5ecd3c3a75897d10e74b9f54b35de18ee9771a07a6efb126a180fca6cea7116,10.2734375
dg_p110_a1,base,f5ecd3c3a75897d10e74b9f54b35de18ee9771a07a6efb126a180fca6cea7116,10.2734375
dg_p110_a1,parm_fixed,8f4c86ddb33f9963fbd3792a7864a1352e00189d0d91a0ea3e972ef450fe51d6,5.859375
dg_p110_a1,midpoint,8a0cf5bc679c1507ed10b7303e87b05428af3efa4d47e3aab62a2b7c602406de,5.65625
dg_p110_a1,disagreement_gate,f5ecd3c3a75897d10e74b9f54b35de18ee9771a07a6efb126a180fca6cea7116,10.2734375
dg_p110_a2,base,f5ecd3c3a75897d10e74b9f54b35de18ee9771a07a6efb126a180fca6cea7116,10.2734375
dg_p110_a2,parm_fixed,f35f53b743896f85d951cda8ab444968bed4ba20f171f5bac76a3eeb2ccf87be,8.703125
dg_p110_a2,midpoint,8a0cf5bc679c1507ed10b7303e87b05428af3efa4d47e3aab62a2b7c602406de,5.65625
dg_p110_a2,disagreement_gate,f5ecd3c3a75897d10e74b9f54b35de18ee9771a07a6efb126a180fca6cea7116,10.2734375
dg_p110_a3,base,f5ecd3c3a75897d10e74b9f54b35de18ee9771a07a6efb126a180fca6cea7116,10.2734375
dg_p110_a3,parm_fixed,f35f53b743896f85d951cda8ab444968bed4ba20f171f5bac76a3eeb2ccf87be,8.703125
dg_p110_a3,midpoint,f80cbab3b26d37e69155f375d6104a6e6eb75de6e12cf626602354890f7205a7,3.81640625
dg_p110_a3,disagreement_gate,f5ecd3c3a75897d10e74b9f54b35de18ee9771a07a6efb126a180fca6cea7116,10.2734375
dg_p110_a4,base,f5ecd3c3a75897d10e74b9f54b35de18ee9771a07a6efb126a180fca6cea7116,10.2734375
dg_p110_a4,parm_fixed,f35f53b743896f85d951cda8ab444968bed4ba20f171f5bac76a3eeb2ccf87be,8.703125
dg_p110_a4,midpoint,f80cbab3b26d37e69155f375d6104a6e6eb75de6e12cf626602354890f7205a7,3.81640625
dg_p110_a4,disagreement_gate,f5ecd3c3a75897d10e74b9f54b35de18ee9771a07a6efb126a180fca6cea7116,10.2734375
dg_p111_a0,base,2ae0f685fd737b9d274306b7225d1fb1fb107b7264a9b6ccd3f635574455505f,17.125
dg_p111_a0,parm_fixed,d09b5e3b48c2b6791e273a76eddc5b0a4c60919d98f60266e6c74df03b415f33,16.0
dg_p111_a0,midpoint,be5eb9c5613fe597d117b7cc3799f8905a57d5d18329c9c9e8f1100d9435c4f0,14.28125
dg_p111_a0,disagreement_gate,2ae0f685fd737b9d274306b7225d1fb1fb107b7264a9b6ccd3f635574455505f,17.125
dg_p111_a1,base,2ae0f685fd737b9d274306b7225d1fb1fb107b7264a9b6ccd3f635574455505f,17.125
dg_p111_a1,parm_fixed,bd2028364514e4c34aece3bf3cd53e1213b290dd0002ed62986d114d24b128e7,13.7578125
dg_p111_a1,midpoint,468d4143bd5dd453f333bd34f16ccd2e1b2ee2504e5f6bc7d33e8bb36614baf1,-4.72265625
dg_p111_a1,disagreement_gate,2ae0f685fd737b9d274306b7225d1fb1fb107b7264a9b6ccd3f635574455505f,17.125
dg_p111_a2,base,2ae0f685fd737b9d274306b7225d1fb1fb107b7264a9b6ccd3f635574455505f,17.125
dg_p111_a2,parm_fixed,05355b44779cbdcef4f39078495b99ba0d9681938332314751321815e8878aaa,18.296875
dg_p111_a2,midpoint,783cf64ae8dee5420de7649befcca425e3183c67988e1cc8cc43a78d639b9da3,13.40625
dg_p111_a2,disagreement_gate,2ae0f685fd737b9d274306b7225d1fb1fb107b7264a9b6ccd3f635574455505f,17.125
dg_p111_a3,base,2ae0f685fd737b9d274306b7225d1fb1fb107b7264a9b6ccd3f635574455505f,17.125
dg_p111_a3,parm_fixed,08ee304544d31be0875f176f8155496e5d1295017fc04f41b9e77d66a078ebf9,22.5625
dg_p111_a3,midpoint,a55936d8e8f2c8bdeef0054f27961e1dc4e886691bae6e3b2171a53daa43ec09,15.671875
dg_p111_a3,disagreement_gate,2ae0f685fd737b9d274306b7225d1fb1fb107b7264a9b6ccd3f635574455505f,17.125
dg_p111_a4,base,2ae0f685fd737b9d274306b7225d1fb1fb107b7264a9b6ccd3f635574455505f,17.125
dg_p111_a4,parm_fixed,08ee304544d31be0875f176f8155496e5d1295017fc04f41b9e77d66a078ebf9,22.5625
dg_p111_a4,midpoint,a55936d8e8f2c8bdeef0054f27961e1dc4e886691bae6e3b2171a53daa43ec09,15.671875
dg_p111_a4,disagreement_gate,2ae0f685fd737b9d274306b7225d1fb1fb107b7264a9b6ccd3f635574455505f,17.125
dg_p112_a0,base,bcdef4aa2d93748335e6b0e35947f207df0188a0fac11be603012c8bd9920c84,1.705078125
dg_p112_a0,parm_fixed,47d210ecc9ec72ce7dfc1d17a16d86337793ba8139094fcdfce9a9f26e11a99c,3.7421875
dg_p112_a0,midpoint,3725b5c979575f4b6f9650e9e780a00d8326febd559f98e0d58277cf89231577,15.1484375
dg_p112_a0,disagreement_gate,bcdef4aa2d93748335e6b0e35947f207df0188a0fac11be603012c8bd9920c84,1.705078125
dg_p112_a1,base,bcdef4aa2d93748335e6b0e35947f207df0188a0fac11be603012c8bd9920c84,1.705078125
dg_p112_a1,parm_fixed,47d210ecc9ec72ce7dfc1d17a16d86337793ba8139094fcdfce9a9f26e11a99c,3.7421875
dg_p112_a1,midpoint,3725b5c979575f4b6f9650e9e780a00d8326febd559f98e0d58277cf89231577,15.1484375
dg_p112_a1,disagreement_gate,bcdef4aa2d93748335e6b0e35947f207df0188a0fac11be603012c8bd9920c84,1.705078125
dg_p112_a2,base,bcdef4aa2d93748335e6b0e35947f207df0188a0fac11be603012c8bd9920c84,1.705078125
dg_p112_a2,parm_fixed,47d210ecc9ec72ce7dfc1d17a16d86337793ba8139094fcdfce9a9f26e11a99c,3.7421875
dg_p112_a2,midpoint,3725b5c979575f4b6f9650e9e780a00d8326febd559f98e0d58277cf89231577,15.1484375
dg_p112_a2,disagreement_gate,bcdef4aa2d93748335e6b0e35947f207df0188a0fac11be603012c8bd9920c84,1.705078125
dg_p112_a3,base,bcdef4aa2d93748335e6b0e35947f207df0188a0fac11be603012c8bd9920c84,1.705078125
dg_p112_a3,parm_fixed,47d210ecc9ec72ce7dfc1d17a16d86337793ba8139094fcdfce9a9f26e11a99c,3.7421875
dg_p112_a3,midpoint,aea81c222517b581b0a5a2016d0b46c7ff016627b8c0a1793668f7fde44e4e1a,15.6875
dg_p112_a3,disagreement_gate,bcdef4aa2d93748335e6b0e35947f207df0188a0fac11be603012c8bd9920c84,1.705078125
dg_p112_a4,base,bcdef4aa2d93748335e6b0e35947f207df0188a0fac11be603012c8bd9920c84,1.705078125
dg_p112_a4,parm_fixed,f25dd1f7d40703c4df11c3cc522ff1d80513d929daac3208f600e92312f596b8,7.30078125
dg_p112_a4,midpoint,555279fe9a409808c744b7b30a4ccf4848c9fa10e7ae556a47a242c3099f0f33,13.8203125
dg_p112_a4,disagreement_gate,bcdef4aa2d93748335e6b0e35947f207df0188a0fac11be603012c8bd9920c84,1.705078125
dg_p113_a0,base,26025620b2ca02924c39038ee6d2efade7b93908f0b7957ead6d05f888601f99,11.3671875
dg_p113_a0,parm_fixed,4941fbbad20cc886e2154ecf98f3ef24523cbfee1b9460521f0d533422ac1bba,27.203125
dg_p113_a0,midpoint,788281f0530d7a272ac5ecf558f29158cd73f60f8aba9196293be5710a972d4d,11.4453125
dg_p113_a0,disagreement_gate,26025620b2ca02924c39038ee6d2efade7b93908f0b7957ead6d05f888601f99,11.3671875
dg_p113_a1,base,26025620b2ca02924c39038ee6d2efade7b93908f0b7957ead6d05f888601f99,11.3671875
dg_p113_a1,parm_fixed,7ef3e0c0f875e8c5bf35c281a2c6683c237b0024af80d282a142bc13fccd7be1,34.9375
dg_p113_a1,midpoint,788281f0530d7a272ac5ecf558f29158cd73f60f8aba9196293be5710a972d4d,11.4453125
dg_p113_a1,disagreement_gate,26025620b2ca02924c39038ee6d2efade7b93908f0b7957ead6d05f888601f99,11.3671875
dg_p113_a2,base,26025620b2ca02924c39038ee6d2efade7b93908f0b7957ead6d05f888601f99,11.3671875
dg_p113_a2,parm_fixed,735c19109535610cd901ef4568edc37616554390bb2505c70770184a25a0a5b5,35.34375
dg_p113_a2,midpoint,788281f0530d7a272ac5ecf558f29158cd73f60f8aba9196293be5710a972d4d,11.4453125
dg_p113_a2,disagreement_gate,26025620b2ca02924c39038ee6d2efade7b93908f0b7957ead6d05f888601f99,11.3671875
dg_p113_a3,base,26025620b2ca02924c39038ee6d2efade7b93908f0b7957ead6d05f888601f99,11.3671875
dg_p113_a3,parm_fixed,735c19109535610cd901ef4568edc37616554390bb2505c70770184a25a0a5b5,35.34375
dg_p113_a3,midpoint,788281f0530d7a272ac5ecf558f29158cd73f60f8aba9196293be5710a972d4d,11.4453125
dg_p113_a3,disagreement_gate,26025620b2ca02924c39038ee6d2efade7b93908f0b7957ead6d05f888601f99,11.3671875
dg_p113_a4,base,26025620b2ca02924c39038ee6d2efade7b93908f0b7957ead6d05f888601f99,11.3671875
dg_p113_a4,parm_fixed,dc3035bd4ec98af164e0b9430b8fb8fe02e44b98c4cd093a6a0973e45eb624a7,35.0
dg_p113_a4,midpoint,afc73bafa4a45d9e78610b4d26ac543b337e64830a58bf93ebbdc38948c402c2,18.203125
dg_p113_a4,disagreement_gate,26025620b2ca02924c39038ee6d2efade7b93908f0b7957ead6d05f888601f99,11.3671875
dg_p114_a0,base,cf5d8d69b9135b632cb37477ea85d5632d4b4981fccaacae2d94546b3d4874fd,5.84765625
dg_p114_a0,parm_fixed,d8fc33c998878c69f02523513f8309db5cf4c5b448f67eb9edde66f4648201ad,2.33984375
dg_p114_a0,midpoint,5256d44033e87da8adaea3066b4524c46e679a6c04114ced1396461b73fabe4f,-3.50390625
dg_p114_a0,disagreement_gate,cf5d8d69b9135b632cb37477ea85d5632d4b4981fccaacae2d94546b3d4874fd,5.84765625
dg_p114_a1,base,cf5d8d69b9135b632cb37477ea85d5632d4b4981fccaacae2d94546b3d4874fd,5.84765625
dg_p114_a1,parm_fixed,d8fc33c998878c69f02523513f8309db5cf4c5b448f67eb9edde66f4648201ad,2.33984375
dg_p114_a1,midpoint,8f0631acd9cc6c9ee7d3097eb47c76930385bcdc1c4e415546d725d2aff5de4f,-2.28515625
dg_p114_a1,disagreement_gate,cf5d8d69b9135b632cb37477ea85d5632d4b4981fccaacae2d94546b3d4874fd,5.84765625
dg_p114_a2,base,cf5d8d69b9135b632cb37477ea85d5632d4b4981fccaacae2d94546b3d4874fd,5.84765625
dg_p114_a2,parm_fixed,56744e4c644f14b2ac4be71b64edcb8cdb04b011bbb8b37a34b61096a07e51b7,-12.1484375
dg_p114_a2,midpoint,cb86a52474233f78d4336961dded504168ec71d0d13c4f3452db42fdb8af6b85,7.546875
dg_p114_a2,disagreement_gate,cf5d8d69b9135b632cb37477ea85d5632d4b4981fccaacae2d94546b3d4874fd,5.84765625
dg_p114_a3,base,cf5d8d69b9135b632cb37477ea85d5632d4b4981fccaacae2d94546b3d4874fd,5.84765625
dg_p114_a3,parm_fixed,ebb245183126f2f9beda785e611c9d9160b23ae23b6b430583a27d3df441b134,-6.27734375
dg_p114_a3,midpoint,4906bb4c5982e734e9d640750c6629661d7dcfa56a64d5df47cc6082e31a7203,-4.65234375
dg_p114_a3,disagreement_gate,cf5d8d69b9135b632cb37477ea85d5632d4b4981fccaacae2d94546b3d4874fd,5.84765625
dg_p114_a4,base,cf5d8d69b9135b632cb37477ea85d5632d4b4981fccaacae2d94546b3d4874fd,5.84765625
dg_p114_a4,parm_fixed,f0fd79bbe99ad69c59ebf5c11711f2b85d3c22ffc8666bfd57ddec015396ef62,-4.796875
dg_p114_a4,midpoint,4906bb4c5982e734e9d640750c6629661d7dcfa56a64d5df47cc6082e31a7203,-4.65234375
dg_p114_a4,disagreement_gate,cf5d8d69b9135b632cb37477ea85d5632d4b4981fccaacae2d94546b3d4874fd,5.84765625
dg_p115_a0,base,ff6cf5d36791beea3c348f60a88a36a387ede7f540378469f662bd12f65fe5fa,14.4140625
dg_p115_a0,parm_fixed,6c4546ab5698a261046478e202c4b26ab4e516eb807436c95c991d12695e87da,23.234375
dg_p115_a0,midpoint,f2fd45ececd730ef4375d718ccc55cccf95507a3aa51f65436079816e2974757,13.859375
dg_p115_a0,disagreement_gate,ff6cf5d36791beea3c348f60a88a36a387ede7f540378469f662bd12f65fe5fa,14.4140625
dg_p115_a1,base,ff6cf5d36791beea3c348f60a88a36a387ede7f540378469f662bd12f65fe5fa,14.4140625
dg_p115_a1,parm_fixed,61085f1e034007dec0c7b1287b14accbfe6837a8fff53d3123c761b88899ca8a,26.484375
dg_p115_a1,midpoint,aec35ad983a0ffe08b771f281c2cd7bf35daaaf4f5a038361c519038ed2901b9,26.765625
dg_p115_a1,disagreement_gate,ff6cf5d36791beea3c348f60a88a36a387ede7f540378469f662bd12f65fe5fa,14.4140625
dg_p115_a2,base,ff6cf5d36791beea3c348f60a88a36a387ede7f540378469f662bd12f65fe5fa,14.4140625
dg_p115_a2,parm_fixed,307560ae97b2974241fdaebc319c259a41d974eda1f58ea0a9a722fa430dc36b,10.5390625
dg_p115_a2,midpoint,fdb73b0224feb43a7859c0022e0288e65155622707deb83d2b8bb06410f95c0a,16.4375
dg_p115_a2,disagreement_gate,ff6cf5d36791beea3c348f60a88a36a387ede7f540378469f662bd12f65fe5fa,14.4140625
dg_p115_a3,base,ff6cf5d36791beea3c348f60a88a36a387ede7f540378469f662bd12f65fe5fa,14.4140625
dg_p115_a3,parm_fixed,6e90049a139893362ea4574d9f7d5617b4d73d7017cb82e0573d4ce2f1484e2d,16.421875
dg_p115_a3,midpoint,fdb73b0224feb43a7859c0022e0288e65155622707deb83d2b8bb06410f95c0a,16.4375
dg_p115_a3,disagreement_gate,ff6cf5d36791beea3c348f60a88a36a387ede7f540378469f662bd12f65fe5fa,14.4140625
dg_p115_a4,base,ff6cf5d36791beea3c348f60a88a36a387ede7f540378469f662bd12f65fe5fa,14.4140625
dg_p115_a4,parm_fixed,4a2bda5177ecbae6b8afcd93e4a1e1f9e3b05f29e035a2473685d46e9f81ef9f,11.5546875
dg_p115_a4,midpoint,db295227b8ce452e38be4b564516b47d9271a50a1f61c0f00b5866c6960e1c89,11.203125
dg_p115_a4,disagreement_gate,ff6cf5d36791beea3c348f60a88a36a387ede7f540378469f662bd12f65fe5fa,14.4140625
dg_p116_a0,base,5e6a9cd6d90c299c876bb691fa07b8de8d62c818f75ee4f34216bec0812cab73,-3.279296875
dg_p116_a0,parm_fixed,803d7d83a0071a74750e1b0b854e70c028abf9a22a5c95cca824f81b250fc833,21.421875
dg_p116_a0,midpoint,4578abc2e0bf628b0a43476617f7e0bcb3d248ef2090ef094bbef1bef33cac8c,26.296875
dg_p116_a0,disagreement_gate,5e6a9cd6d90c299c876bb691fa07b8de8d62c818f75ee4f34216bec0812cab73,-3.279296875
dg_p116_a1,base,5e6a9cd6d90c299c876bb691fa07b8de8d62c818f75ee4f34216bec0812cab73,-3.279296875
dg_p116_a1,parm_fixed,803d7d83a0071a74750e1b0b854e70c028abf9a22a5c95cca824f81b250fc833,21.421875
dg_p116_a1,midpoint,4578abc2e0bf628b0a43476617f7e0bcb3d248ef2090ef094bbef1bef33cac8c,26.296875
dg_p116_a1,disagreement_gate,5e6a9cd6d90c299c876bb691fa07b8de8d62c818f75ee4f34216bec0812cab73,-3.279296875
dg_p116_a2,base,5e6a9cd6d90c299c876bb691fa07b8de8d62c818f75ee4f34216bec0812cab73,-3.279296875
dg_p116_a2,parm_fixed,b56e13a5f4829079057022e3f7c41a6690c4f09742626513c215a7ceb269250c,23.203125
dg_p116_a2,midpoint,4578abc2e0bf628b0a43476617f7e0bcb3d248ef2090ef094bbef1bef33cac8c,26.296875
dg_p116_a2,disagreement_gate,5e6a9cd6d90c299c876bb691fa07b8de8d62c818f75ee4f34216bec0812cab73,-3.279296875
dg_p116_a3,base,5e6a9cd6d90c299c876bb691fa07b8de8d62c818f75ee4f34216bec0812cab73,-3.279296875
dg_p116_a3,parm_fixed,07b489a9b81a9057e0b64e37d5fec4daf52d20ebadc4e660e439dd3f3123780c,24.6875
dg_p116_a3,midpoint,b56e13a5f4829079057022e3f7c41a6690c4f09742626513c215a7ceb269250c,23.203125
dg_p116_a3,disagreement_gate,5e6a9cd6d90c299c876bb691fa07b8de8d62c818f75ee4f34216bec0812cab73,-3.279296875
dg_p116_a4,base,5e6a9cd6d90c299c876bb691fa07b8de8d62c818f75ee4f34216bec0812cab73,-3.279296875
dg_p116_a4,parm_fixed,07b489a9b81a9057e0b64e37d5fec4daf52d20ebadc4e660e439dd3f3123780c,24.6875
dg_p116_a4,midpoint,b56e13a5f4829079057022e3f7c41a6690c4f09742626513c215a7ceb269250c,23.203125
dg_p116_a4,disagreement_gate,5e6a9cd6d90c299c876bb691fa07b8de8d62c818f75ee4f34216bec0812cab73,-3.279296875
dg_p117_a0,base,f82c1019f8ad207c6408469394049ddd7ce7f9c1540d51c567b1e02f825fc430,26.203125
dg_p117_a0,parm_fixed,ccd785a0e4bc8f85315db07d5e4015c1de6cfeb5c6b5356e91407b2dda0793f1,6.45703125
dg_p117_a0,midpoint,3f89431efdb6f608e549a3b6ababd15d5f389205e6b367ea9848d044f45f329f,19.890625
dg_p117_a0,disagreement_gate,f82c1019f8ad207c6408469394049ddd7ce7f9c1540d51c567b1e02f825fc430,26.203125
dg_p117_a1,base,f82c1019f8ad207c6408469394049ddd7ce7f9c1540d51c567b1e02f825fc430,26.203125
dg_p117_a1,parm_fixed,dc83375b1f19971f18f33aa50c03356a20a2d446bf01d7a210fbfcf6daee0514,14.328125
dg_p117_a1,midpoint,2389a07edf2273631f308ad765f5c334d058d02f50c664819c66f800cdd5f6a8,13.640625
dg_p117_a1,disagreement_gate,f82c1019f8ad207c6408469394049ddd7ce7f9c1540d51c567b1e02f825fc430,26.203125
dg_p117_a2,base,f82c1019f8ad207c6408469394049ddd7ce7f9c1540d51c567b1e02f825fc430,26.203125
dg_p117_a2,parm_fixed,602a116e0936591dc7135571b4e28a7354fc00d1e15666b6c033bbf628ece01b,7.390625
dg_p117_a2,midpoint,71f68dffaefe5cc77fbb11c2d6e53a34d51d69dd8fdeae3910885a2c668299f5,32.15625
dg_p117_a2,disagreement_gate,f82c1019f8ad207c6408469394049ddd7ce7f9c1540d51c567b1e02f825fc430,26.203125
dg_p117_a3,base,f82c1019f8ad207c6408469394049ddd7ce7f9c1540d51c567b1e02f825fc430,26.203125
dg_p117_a3,parm_fixed,a6195e5d9f955f199105e3126728273d216d9405f2e2e029cf5ef4049d8324d1,7.0234375
dg_p117_a3,midpoint,df8df805031b32e20befe0dfaccb45e1d255e90f0f35bccc8f829b4c9e7141fe,22.875
dg_p117_a3,disagreement_gate,f82c1019f8ad207c6408469394049ddd7ce7f9c1540d51c567b1e02f825fc430,26.203125
dg_p117_a4,base,f82c1019f8ad207c6408469394049ddd7ce7f9c1540d51c567b1e02f825fc430,26.203125
dg_p117_a4,parm_fixed,fa7b3e800be3c2373f19836a87c1d3728641d076c168ea99b53a355b751f5920,7.18359375
dg_p117_a4,midpoint,df8df805031b32e20befe0dfaccb45e1d255e90f0f35bccc8f829b4c9e7141fe,22.875
dg_p117_a4,disagreement_gate,f82c1019f8ad207c6408469394049ddd7ce7f9c1540d51c567b1e02f825fc430,26.203125
dg_p118_a0,base,cd3826b2cfc9d3e7c81aeaf9ef2831e2717cd1e9290fba16cc1f01ad79301a17,-3.6328125
dg_p118_a0,parm_fixed,0e0c7267c06a60d03643c5b20f2cbad2dacfc5d3bd8b0d039cf0ef701979c103,3.26953125
dg_p118_a0,midpoint,d982ecd75e812e09e0020af90a5cbbc7917d837aea9015ab64dcd713a71bbaec,0.453369140625
dg_p118_a0,disagreement_gate,cd3826b2cfc9d3e7c81aeaf9ef2831e2717cd1e9290fba16cc1f01ad79301a17,-3.6328125
dg_p118_a1,base,cd3826b2cfc9d3e7c81aeaf9ef2831e2717cd1e9290fba16cc1f01ad79301a17,-3.6328125
dg_p118_a1,parm_fixed,0e0c7267c06a60d03643c5b20f2cbad2dacfc5d3bd8b0d039cf0ef701979c103,3.26953125
dg_p118_a1,midpoint,0e0c7267c06a60d03643c5b20f2cbad2dacfc5d3bd8b0d039cf0ef701979c103,3.26953125
dg_p118_a1,disagreement_gate,cd3826b2cfc9d3e7c81aeaf9ef2831e2717cd1e9290fba16cc1f01ad79301a17,-3.6328125
dg_p118_a2,base,cd3826b2cfc9d3e7c81aeaf9ef2831e2717cd1e9290fba16cc1f01ad79301a17,-3.6328125
dg_p118_a2,parm_fixed,0e0c7267c06a60d03643c5b20f2cbad2dacfc5d3bd8b0d039cf0ef701979c103,3.26953125
dg_p118_a2,midpoint,0e0c7267c06a60d03643c5b20f2cbad2dacfc5d3bd8b0d039cf0ef701979c103,3.26953125
dg_p118_a2,disagreement_gate,cd3826b2cfc9d3e7c81aeaf9ef2831e2717cd1e9290fba16cc1f01ad79301a17,-3.6328125
dg_p118_a3,base,cd3826b2cfc9d3e7c81aeaf9ef2831e2717cd1e9290fba16cc1f01ad79301a17,-3.6328125
dg_p118_a3,parm_fixed,0e0c7267c06a60d03643c5b20f2cbad2dacfc5d3bd8b0d039cf0ef701979c103,3.26953125
dg_p118_a3,midpoint,0e0c7267c06a60d03643c5b20f2cbad2dacfc5d3bd8b0d039cf0ef701979c103,3.26953125
dg_p118_a3,disagreement_gate,cd3826b2cfc9d3e7c81aeaf9ef2831e2717cd1e9290fba16cc1f01ad79301a17,-3.6328125
dg_p118_a4,base,cd3826b2cfc9d3e7c81aeaf9ef2831e2717cd1e9290fba16cc1f01ad79301a17,-3.6328125
dg_p118_a4,parm_fixed,0e0c7267c06a60d03643c5b20f2cbad2dacfc5d3bd8b0d039cf0ef701979c103,3.26953125
dg_p118_a4,midpoint,0e0c7267c06a60d03643c5b20f2cbad2dacfc5d3bd8b0d039cf0ef701979c103,3.26953125
dg_p118_a4,disagreement_gate,cd3826b2cfc9d3e7c81aeaf9ef2831e2717cd1e9290fba16cc1f01ad79301a17,-3.6328125
dg_p119_a0,base,1253c7a2306f0ea661cf1bd7eb3d5f24020db9faf10fe0b5906bb49d85545fcb,11.1484375
dg_p119_a0,parm_fixed,1d4d0a1577b3672dd4747e6892004d9155e736ee8e7e2652f7f17fa27d633514,22.390625
dg_p119_a0,midpoint,e237ce3f8101e9b6a04fa193138932b9cdd5ec032970bd50f915b45564d91728,16.71875
dg_p119_a0,disagreement_gate,1253c7a2306f0ea661cf1bd7eb3d5f24020db9faf10fe0b5906bb49d85545fcb,11.1484375
dg_p119_a1,base,1253c7a2306f0ea661cf1bd7eb3d5f24020db9faf10fe0b5906bb49d85545fcb,11.1484375
dg_p119_a1,parm_fixed,1d4d0a1577b3672dd4747e6892004d9155e736ee8e7e2652f7f17fa27d633514,22.390625
dg_p119_a1,midpoint,e237ce3f8101e9b6a04fa193138932b9cdd5ec032970bd50f915b45564d91728,16.71875
dg_p119_a1,disagreement_gate,1253c7a2306f0ea661cf1bd7eb3d5f24020db9faf10fe0b5906bb49d85545fcb,11.1484375
dg_p119_a2,base,1253c7a2306f0ea661cf1bd7eb3d5f24020db9faf10fe0b5906bb49d85545fcb,11.1484375
dg_p119_a2,parm_fixed,44b3eb54dae620c5c396af1abd6d5917a396facadb3f3385e91b7a4a2d18c19d,24.234375
dg_p119_a2,midpoint,9730fdb78514626944fa0e2bbc1c7ba016f8f6b692bf44d369e7d0ef49801de4,17.171875
dg_p119_a2,disagreement_gate,1253c7a2306f0ea661cf1bd7eb3d5f24020db9faf10fe0b5906bb49d85545fcb,11.1484375
dg_p119_a3,base,1253c7a2306f0ea661cf1bd7eb3d5f24020db9faf10fe0b5906bb49d85545fcb,11.1484375
dg_p119_a3,parm_fixed,e71c8e936ee2977dce6a39e2a98d60073817fe3134553f350bf96f6738e633a3,11.4609375
dg_p119_a3,midpoint,58effbe74a4c82dc1716fa11a1310082087eb8ec296037229094d5fbf141501b,9.0234375
dg_p119_a3,disagreement_gate,1253c7a2306f0ea661cf1bd7eb3d5f24020db9faf10fe0b5906bb49d85545fcb,11.1484375
dg_p119_a4,base,1253c7a2306f0ea661cf1bd7eb3d5f24020db9faf10fe0b5906bb49d85545fcb,11.1484375
dg_p119_a4,parm_fixed,f1d3a9c79b3af809b564c69fd81090ba6088756961c0e463e916f066eef46251,12.6328125
dg_p119_a4,midpoint,7a6b0a4c7f1bf72ce17ea790483c5a825598aaa79389e03876524a08dc38bdec,13.6875
dg_p119_a4,disagreement_gate,1253c7a2306f0ea661cf1bd7eb3d5f24020db9faf10fe0b5906bb49d85545fcb,11.1484375
dg_p120_a0,base,cdc03c97433b2b708184425941ccfdedee1c5851b4ee9baef407f59daad0ad9e,-5.54296875
dg_p120_a0,parm_fixed,4f7275c206e29a797e03a3d0801251436826b1bf6dfa1fb38d8d14f16d3ae7bf,-1.1845703125
dg_p120_a0,midpoint,e2953c0b1fed4cb29b451724e81f177fc971678373dc99033ddae279c3636c2d,19.078125
dg_p120_a0,disagreement_gate,cdc03c97433b2b708184425941ccfdedee1c5851b4ee9baef407f59daad0ad9e,-5.54296875
dg_p120_a1,base,cdc03c97433b2b708184425941ccfdedee1c5851b4ee9baef407f59daad0ad9e,-5.54296875
dg_p120_a1,parm_fixed,77fce341f58661d5c33484750b89d179f1ef5ad96f03ca18ad83f389a21f6e15,-2.1484375
dg_p120_a1,midpoint,e2953c0b1fed4cb29b451724e81f177fc971678373dc99033ddae279c3636c2d,19.078125
dg_p120_a1,disagreement_gate,cdc03c97433b2b708184425941ccfdedee1c5851b4ee9baef407f59daad0ad9e,-5.54296875
dg_p120_a2,base,cdc03c97433b2b708184425941ccfdedee1c5851b4ee9baef407f59daad0ad9e,-5.54296875
dg_p120_a2,parm_fixed,ea790701d8901c696e8a0e436f013dbe9dadb2dcfb7fcb95871908a36f5ac43c,-6.1015625
dg_p120_a2,midpoint,f5248a6f1c590b00bd1060dbbff355606fe5b7aea3d8644c4a6634adf3738070,-10.59375
dg_p120_a2,disagreement_gate,cdc03c97433b2b708184425941ccfdedee1c5851b4ee9baef407f59daad0ad9e,-5.54296875
dg_p120_a3,base,cdc03c97433b2b708184425941ccfdedee1c5851b4ee9baef407f59daad0ad9e,-5.54296875
dg_p120_a3,parm_fixed,c8631c06ed556db70e2a006cfd76bcee985d0c64bc9f29ce029cc45cc1ac19cc,-1.3876953125
dg_p120_a3,midpoint,f5a32590797af29cf33b5b7e39ffebda9ab130ac0145ba3f993ccac7d1a760c2,-3.80859375
dg_p120_a3,disagreement_gate,cdc03c97433b2b708184425941ccfdedee1c5851b4ee9baef407f59daad0ad9e,-5.54296875
dg_p120_a4,base,cdc03c97433b2b708184425941ccfdedee1c5851b4ee9baef407f59daad0ad9e,-5.54296875
dg_p120_a4,parm_fixed,c8631c06ed556db70e2a006cfd76bcee985d0c64bc9f29ce029cc45cc1ac19cc,-1.3876953125
dg_p120_a4,midpoint,f5a32590797af29cf33b5b7e39ffebda9ab130ac0145ba3f993ccac7d1a760c2,-3.80859375
dg_p120_a4,disagreement_gate,cdc03c97433b2b708184425941ccfdedee1c5851b4ee9baef407f59daad0ad9e,-5.54296875
dg_p121_a0,base,064735591995e3a52ef1144e4c315ca0f986410113bb3fa7a212574e5634fb31,5.8046875
dg_p121_a0,parm_fixed,3fe29b3cb69e9bcec61050907195dc0fb0e844421d2f4970786e7820a28c2c07,2.990234375
dg_p121_a0,midpoint,0dd83abbe165813ea884df89a3f067b7948df20ba278e55bcaa271cae63ac5bd,0.4365234375
dg_p121_a0,disagreement_gate,064735591995e3a52ef1144e4c315ca0f986410113bb3fa7a212574e5634fb31,5.8046875
dg_p121_a1,base,064735591995e3a52ef1144e4c315ca0f986410113bb3fa7a212574e5634fb31,5.8046875
dg_p121_a1,parm_fixed,0cd690ecccefe8d8fe2966a03c3fa656e3647e077ad95c24a7eb255efdccfe4b,3.685546875
dg_p121_a1,midpoint,0dd83abbe165813ea884df89a3f067b7948df20ba278e55bcaa271cae63ac5bd,0.4365234375
dg_p121_a1,disagreement_gate,064735591995e3a52ef1144e4c315ca0f986410113bb3fa7a212574e5634fb31,5.8046875
dg_p121_a2,base,064735591995e3a52ef1144e4c315ca0f986410113bb3fa7a212574e5634fb31,5.8046875
dg_p121_a2,parm_fixed,3a115ad79f1089f350f8d3977739c5323ccf2427739c3f44bf54d464615435e1,5.765625
dg_p121_a2,midpoint,0dd83abbe165813ea884df89a3f067b7948df20ba278e55bcaa271cae63ac5bd,0.4365234375
dg_p121_a2,disagreement_gate,064735591995e3a52ef1144e4c315ca0f986410113bb3fa7a212574e5634fb31,5.8046875
dg_p121_a3,base,064735591995e3a52ef1144e4c315ca0f986410113bb3fa7a212574e5634fb31,5.8046875
dg_p121_a3,parm_fixed,65326049e6df128bd0cf55699a999a52a74a29c7db36076172e7cf564d2e9b97,-1.3193359375
dg_p121_a3,midpoint,0dd83abbe165813ea884df89a3f067b7948df20ba278e55bcaa271cae63ac5bd,0.4365234375
dg_p121_a3,disagreement_gate,064735591995e3a52ef1144e4c315ca0f986410113bb3fa7a212574e5634fb31,5.8046875
dg_p121_a4,base,064735591995e3a52ef1144e4c315ca0f986410113bb3fa7a212574e5634fb31,5.8046875
dg_p121_a4,parm_fixed,65326049e6df128bd0cf55699a999a52a74a29c7db36076172e7cf564d2e9b97,-1.3193359375
dg_p121_a4,midpoint,0dd83abbe165813ea884df89a3f067b7948df20ba278e55bcaa271cae63ac5bd,0.4365234375
dg_p121_a4,disagreement_gate,064735591995e3a52ef1144e4c315ca0f986410113bb3fa7a212574e5634fb31,5.8046875
dg_p122_a0,base,02a130b63328ecb977e59e93399e8a9dd8b73a90a66e10a2494cf13cf5f23143,7.53515625
dg_p122_a0,parm_fixed,d44cab304a8c1ea51a27411c25f290f049f739b147b361edbcc6a2b7aec90453,-1.2080078125
dg_p122_a0,midpoint,8b2517c75e6de7624d5dbc35efff09428aedb305d1be0209946c32fdbbd6753b,1.412109375
dg_p122_a0,disagreement_gate,02a130b63328ecb977e59e93399e8a9dd8b73a90a66e10a2494cf13cf5f23143,7.53515625
dg_p122_a1,base,02a130b63328ecb977e59e93399e8a9dd8b73a90a66e10a2494cf13cf5f23143,7.53515625
dg_p122_a1,parm_fixed,0d60ec349da7111fcfe3c74315b746253932ac07ff26662dc31293f2afe1f6da,-2.91796875
dg_p122_a1,midpoint,8b2517c75e6de7624d5dbc35efff09428aedb305d1be0209946c32fdbbd6753b,1.412109375
dg_p122_a1,disagreement_gate,02a130b63328ecb977e59e93399e8a9dd8b73a90a66e10a2494cf13cf5f23143,7.53515625
dg_p122_a2,base,02a130b63328ecb977e59e93399e8a9dd8b73a90a66e10a2494cf13cf5f23143,7.53515625
dg_p122_a2,parm_fixed,8f8d40e2fe67baadf5b1595fd5619d4ecdafa81e0c657db3a459f5c1bc816d04,6.6015625
dg_p122_a2,midpoint,8b2517c75e6de7624d5dbc35efff09428aedb305d1be0209946c32fdbbd6753b,1.412109375
dg_p122_a2,disagreement_gate,02a130b63328ecb977e59e93399e8a9dd8b73a90a66e10a2494cf13cf5f23143,7.53515625
dg_p122_a3,base,02a130b63328ecb977e59e93399e8a9dd8b73a90a66e10a2494cf13cf5f23143,7.53515625
dg_p122_a3,parm_fixed,bf3c3211de08c1b7c7c47b763d9af6f7b3ef7a30ecb72e5141c126c5f3238b7f,10.296875
dg_p122_a3,midpoint,47d030ffe45b9f9ece4f146b768955dfd633ec12bb2bf3a864de8d97a248f31f,15.6171875
dg_p122_a3,disagreement_gate,02a130b63328ecb977e59e93399e8a9dd8b73a90a66e10a2494cf13cf5f23143,7.53515625
dg_p122_a4,base,02a130b63328ecb977e59e93399e8a9dd8b73a90a66e10a2494cf13cf5f23143,7.53515625
dg_p122_a4,parm_fixed,bf3c3211de08c1b7c7c47b763d9af6f7b3ef7a30ecb72e5141c126c5f3238b7f,10.296875
dg_p122_a4,midpoint,9ff660d958b44bb269a7a25ec3080f55cb66b82d34dcb42352322cce7fdf6b67,16.203125
dg_p122_a4,disagreement_gate,02a130b63328ecb977e59e93399e8a9dd8b73a90a66e10a2494cf13cf5f23143,7.53515625
dg_p123_a0,base,cda495b70f0c28bc0fdbb9b087b288c99d85e9fc6f8d7bc71fc00c84047ddeaa,-6.51171875
dg_p123_a0,parm_fixed,d3c5615f7a6a29dc0667943459574d19aa54053811c5110b2e36b99e86356658,-6.8671875
dg_p123_a0,midpoint,cea046289d648457e5e42108b8fb56549979b7a8171dab696009b0f06ada1264,-11.6796875
dg_p123_a0,disagreement_gate,cda495b70f0c28bc0fdbb9b087b288c99d85e9fc6f8d7bc71fc00c84047ddeaa,-6.51171875
dg_p123_a1,base,cda495b70f0c28bc0fdbb9b087b288c99d85e9fc6f8d7bc71fc00c84047ddeaa,-6.51171875
dg_p123_a1,parm_fixed,958a840d4d93bba20b8bab2866b8ebf1eb8e5dae3b40ef99a3047c801f801590,-7.8203125
dg_p123_a1,midpoint,91e89cffc139429d073d4de5cb106fb7bd1ec344f633b3bf72020f7277c43728,-12.0546875
dg_p123_a1,disagreement_gate,cda495b70f0c28bc0fdbb9b087b288c99d85e9fc6f8d7bc71fc00c84047ddeaa,-6.51171875
dg_p123_a2,base,cda495b70f0c28bc0fdbb9b087b288c99d85e9fc6f8d7bc71fc00c84047ddeaa,-6.51171875
dg_p123_a2,parm_fixed,d55f35d70a42251b3195ff622ca53e756e27e16e5c884efd596d3e0a1072f17f,-7.35546875
dg_p123_a2,midpoint,6ddbd128c8bafb03374d073f8f4fd2ba98c57987d3c7e8f26f203c46ef45a99f,-10.5625
dg_p123_a2,disagreement_gate,cda495b70f0c28bc0fdbb9b087b288c99d85e9fc6f8d7bc71fc00c84047ddeaa,-6.51171875
dg_p123_a3,base,cda495b70f0c28bc0fdbb9b087b288c99d85e9fc6f8d7bc71fc00c84047ddeaa,-6.51171875
dg_p123_a3,parm_fixed,25f0e5f1ba7df66e9d1341eac8b3055341324c46e7fb5b4c174382b6820a1730,-16.140625
dg_p123_a3,midpoint,aae2a7805078b6667f8ad95152c5046de5f6fc8066208fc5860367a28cbfee89,-11.3515625
dg_p123_a3,disagreement_gate,cda495b70f0c28bc0fdbb9b087b288c99d85e9fc6f8d7bc71fc00c84047ddeaa,-6.51171875
dg_p123_a4,base,cda495b70f0c28bc0fdbb9b087b288c99d85e9fc6f8d7bc71fc00c84047ddeaa,-6.51171875
dg_p123_a4,parm_fixed,7c985278da82507bfa8c5e5768ac76384530458864bfe6e5657613317bba25dc,-16.65625
dg_p123_a4,midpoint,0240084d01cdb51f269a266c5711af2ee185ff78e068dc6a0ba918c11085daa7,-11.1015625
dg_p123_a4,disagreement_gate,cda495b70f0c28bc0fdbb9b087b288c99d85e9fc6f8d7bc71fc00c84047ddeaa,-6.51171875
dg_p124_a0,base,151484b4f59f610136d7086073bcbe337f4a0fd7639a222718fd5b3471b7e31f,-8.078125
dg_p124_a0,parm_fixed,5eead8ab4adedebf3f10f65c8ce63aa9a64943c06f26b35028ba8ce47a13901b,11.34375
dg_p124_a0,midpoint,1f2a95893669448edcff2ae76130fd3371aa74a1c9b8fa5b729af7019bc70bdc,14.3515625
dg_p124_a0,disagreement_gate,151484b4f59f610136d7086073bcbe337f4a0fd7639a222718fd5b3471b7e31f,-8.078125
dg_p124_a1,base,151484b4f59f610136d7086073bcbe337f4a0fd7639a222718fd5b3471b7e31f,-8.078125
dg_p124_a1,parm_fixed,5eead8ab4adedebf3f10f65c8ce63aa9a64943c06f26b35028ba8ce47a13901b,11.34375
dg_p124_a1,midpoint,99e4671877366cb08b4fd2456c5ddd70340766543bb3f534543bcf73efe2e0cb,14.421875
dg_p124_a1,disagreement_gate,151484b4f59f610136d7086073bcbe337f4a0fd7639a222718fd5b3471b7e31f,-8.078125
dg_p124_a2,base,151484b4f59f610136d7086073bcbe337f4a0fd7639a222718fd5b3471b7e31f,-8.078125
dg_p124_a2,parm_fixed,11c29e855655792a2f3c8715b58daf8d0ce7ec11590ece88a12ccb8388d69e93,14.2109375
dg_p124_a2,midpoint,71c3418bf1fffff1d92779b0be1a22a7253aec3d2714a5b05a04cf15324fae8a,13.359375
dg_p124_a2,disagreement_gate,151484b4f59f610136d7086073bcbe337f4a0fd7639a222718fd5b3471b7e31f,-8.078125
dg_p124_a3,base,151484b4f59f610136d7086073bcbe337f4a0fd7639a222718fd5b3471b7e31f,-8.078125
dg_p124_a3,parm_fixed,965dc7aaec4c09dc95c2ea01a799925044aecdbe3af1cf6830ecb99504cc7512,14.625
dg_p124_a3,midpoint,71c3418bf1fffff1d92779b0be1a22a7253aec3d2714a5b05a04cf15324fae8a,13.359375
dg_p124_a3,disagreement_gate,151484b4f59f610136d7086073bcbe337f4a0fd7639a222718fd5b3471b7e31f,-8.078125
dg_p124_a4,base,151484b4f59f610136d7086073bcbe337f4a0fd7639a222718fd5b3471b7e31f,-8.078125
dg_p124_a4,parm_fixed,cff9f6d5f0af0fb7739787aef16ab71fa5c7dbb4c83f0daf7a4dac3713ea6a2d,17.078125
dg_p124_a4,midpoint,71c3418bf1fffff1d92779b0be1a22a7253aec3d2714a5b05a04cf15324fae8a,13.359375
dg_p124_a4,disagreement_gate,151484b4f59f610136d7086073bcbe337f4a0fd7639a222718fd5b3471b7e31f,-8.078125
dg_p125_a0,base,48d62e0b2597c8c588a2465427c5d215fe28ac4570e211c30451e2df4faf9431,-6.2265625
dg_p125_a0,parm_fixed,d7d1db57e52ed4fe74a0744059939c9256777a65929ce317900110413e32df3b,-9.75
dg_p125_a0,midpoint,d7d1db57e52ed4fe74a0744059939c9256777a65929ce317900110413e32df3b,-9.75
dg_p125_a0,disagreement_gate,48d62e0b2597c8c588a2465427c5d215fe28ac4570e211c30451e2df4faf9431,-6.2265625
dg_p125_a1,base,48d62e0b2597c8c588a2465427c5d215fe28ac4570e211c30451e2df4faf9431,-6.2265625
dg_p125_a1,parm_fixed,d7d1db57e52ed4fe74a0744059939c9256777a65929ce317900110413e32df3b,-9.75
dg_p125_a1,midpoint,d7d1db57e52ed4fe74a0744059939c9256777a65929ce317900110413e32df3b,-9.75
dg_p125_a1,disagreement_gate,48d62e0b2597c8c588a2465427c5d215fe28ac4570e211c30451e2df4faf9431,-6.2265625
dg_p125_a2,base,48d62e0b2597c8c588a2465427c5d215fe28ac4570e211c30451e2df4faf9431,-6.2265625
dg_p125_a2,parm_fixed,d7d1db57e52ed4fe74a0744059939c9256777a65929ce317900110413e32df3b,-9.75
dg_p125_a2,midpoint,dd46a1f19d66808fc47a6608f61c267a20ce1b70bf751f999996b62bfbeb2783,-9.0625
dg_p125_a2,disagreement_gate,48d62e0b2597c8c588a2465427c5d215fe28ac4570e211c30451e2df4faf9431,-6.2265625
dg_p125_a3,base,48d62e0b2597c8c588a2465427c5d215fe28ac4570e211c30451e2df4faf9431,-6.2265625
dg_p125_a3,parm_fixed,d7d1db57e52ed4fe74a0744059939c9256777a65929ce317900110413e32df3b,-9.75
dg_p125_a3,midpoint,dd46a1f19d66808fc47a6608f61c267a20ce1b70bf751f999996b62bfbeb2783,-9.0625
dg_p125_a3,disagreement_gate,48d62e0b2597c8c588a2465427c5d215fe28ac4570e211c30451e2df4faf9431,-6.2265625
dg_p125_a4,base,48d62e0b2597c8c588a2465427c5d215fe28ac4570e211c30451e2df4faf9431,-6.2265625
dg_p125_a4,parm_fixed,d7d1db57e52ed4fe74a0744059939c9256777a65929ce317900110413e32df3b,-9.75
dg_p125_a4,midpoint,dd46a1f19d66808fc47a6608f61c267a20ce1b70bf751f999996b62bfbeb2783,-9.0625
dg_p125_a4,disagreement_gate,48d62e0b2597c8c588a2465427c5d215fe28ac4570e211c30451e2df4faf9431,-6.2265625
dg_p126_a0,base,60a6e864265f31075144e6a50c9af5e5a967a4739755d952bf710ec7a27592c7,5.13671875
dg_p126_a0,parm_fixed,321820e40e731d8f3080540e4b699db770c422fa1e48a688f903f2342cca8b04,2.087890625
dg_p126_a0,midpoint,078e4ae9d01c578ec914f3b79522d120c5a25d0deb5b59f18ccf3d41ba397903,8.953125
dg_p126_a0,disagreement_gate,60a6e864265f31075144e6a50c9af5e5a967a4739755d952bf710ec7a27592c7,5.13671875
dg_p126_a1,base,60a6e864265f31075144e6a50c9af5e5a967a4739755d952bf710ec7a27592c7,5.13671875
dg_p126_a1,parm_fixed,321820e40e731d8f3080540e4b699db770c422fa1e48a688f903f2342cca8b04,2.087890625
dg_p126_a1,midpoint,7cf2a73853dbd3cb2b33af05df68147921c4237e5d968c9eacd857a8dcd53f86,0.53662109375
dg_p126_a1,disagreement_gate,60a6e864265f31075144e6a50c9af5e5a967a4739755d952bf710ec7a27592c7,5.13671875
dg_p126_a2,base,60a6e864265f31075144e6a50c9af5e5a967a4739755d952bf710ec7a27592c7,5.13671875
dg_p126_a2,parm_fixed,321820e40e731d8f3080540e4b699db770c422fa1e48a688f903f2342cca8b04,2.087890625
dg_p126_a2,midpoint,7cf2a73853dbd3cb2b33af05df68147921c4237e5d968c9eacd857a8dcd53f86,0.53662109375
dg_p126_a2,disagreement_gate,60a6e864265f31075144e6a50c9af5e5a967a4739755d952bf710ec7a27592c7,5.13671875
dg_p126_a3,base,60a6e864265f31075144e6a50c9af5e5a967a4739755d952bf710ec7a27592c7,5.13671875
dg_p126_a3,parm_fixed,32659bb684893d946e10955de9b37bd1f1bb923f1e13b4dd13260950532896ae,1.8037109375
dg_p126_a3,midpoint,7cf2a73853dbd3cb2b33af05df68147921c4237e5d968c9eacd857a8dcd53f86,0.53662109375
dg_p126_a3,disagreement_gate,60a6e864265f31075144e6a50c9af5e5a967a4739755d952bf710ec7a27592c7,5.13671875
dg_p126_a4,base,60a6e864265f31075144e6a50c9af5e5a967a4739755d952bf710ec7a27592c7,5.13671875
dg_p126_a4,parm_fixed,e173c8d3b61061e61d7725499d83971f64bca977ea57ca864b2298de7d637f9a,0.33251953125
dg_p126_a4,midpoint,7cf2a73853dbd3cb2b33af05df68147921c4237e5d968c9eacd857a8dcd53f86,0.53662109375
dg_p126_a4,disagreement_gate,60a6e864265f31075144e6a50c9af5e5a967a4739755d952bf710ec7a27592c7,5.13671875
dg_p127_a0,base,d53bf09e48feb35241a593355c6e208cd6f5628de61f7c0d7f70c72ced62b766,0.316650390625
dg_p127_a0,parm_fixed,aa401e19928cfdb5333e6696307612c18d12441e7ba4aa058cc61c67d91a856b,-7.02734375
dg_p127_a0,midpoint,a5a2491f7e10dc9119747cd4974f4a76fa834d8002a253818de34a6f070ea35e,-1.8994140625
dg_p127_a0,disagreement_gate,d53bf09e48feb35241a593355c6e208cd6f5628de61f7c0d7f70c72ced62b766,0.316650390625
dg_p127_a1,base,d53bf09e48feb35241a593355c6e208cd6f5628de61f7c0d7f70c72ced62b766,0.316650390625
dg_p127_a1,parm_fixed,aa401e19928cfdb5333e6696307612c18d12441e7ba4aa058cc61c67d91a856b,-7.02734375
dg_p127_a1,midpoint,a5a2491f7e10dc9119747cd4974f4a76fa834d8002a253818de34a6f070ea35e,-1.8994140625
dg_p127_a1,disagreement_gate,d53bf09e48feb35241a593355c6e208cd6f5628de61f7c0d7f70c72ced62b766,0.316650390625
dg_p127_a2,base,d53bf09e48feb35241a593355c6e208cd6f5628de61f7c0d7f70c72ced62b766,0.316650390625
dg_p127_a2,parm_fixed,aa401e19928cfdb5333e6696307612c18d12441e7ba4aa058cc61c67d91a856b,-7.02734375
dg_p127_a2,midpoint,6c0c052e11f000d0b18c3a995e1fe64fc10d47736e693a67bdeea0038da40cf7,-2.4921875
dg_p127_a2,disagreement_gate,d53bf09e48feb35241a593355c6e208cd6f5628de61f7c0d7f70c72ced62b766,0.316650390625
dg_p127_a3,base,d53bf09e48feb35241a593355c6e208cd6f5628de61f7c0d7f70c72ced62b766,0.316650390625
dg_p127_a3,parm_fixed,18cb1c0cec74c1219778b7bda16224ef09d7181a287fa0746c68d0a7ee583fde,-5.96875
dg_p127_a3,midpoint,6c0c052e11f000d0b18c3a995e1fe64fc10d47736e693a67bdeea0038da40cf7,-2.4921875
dg_p127_a3,disagreement_gate,d53bf09e48feb35241a593355c6e208cd6f5628de61f7c0d7f70c72ced62b766,0.316650390625
dg_p127_a4,base,d53bf09e48feb35241a593355c6e208cd6f5628de61f7c0d7f70c72ced62b766,0.316650390625
dg_p127_a4,parm_fixed,18cb1c0cec74c1219778b7bda16224ef09d7181a287fa0746c68d0a7ee583fde,-5.96875
dg_p127_a4,midpoint,6c0c052e11f000d0b18c3a995e1fe64fc10d47736e693a67bdeea0038da40cf7,-2.4921875
dg_p127_a4,disagreement_gate,d53bf09e48feb35241a593355c6e208cd6f5628de61f7c0d7f70c72ced62b766,0.316650390625
dg_p128_a0,base,ff6cf5d36791beea3c348f60a88a36a387ede7f540378469f662bd12f65fe5fa,14.4140625
dg_p128_a0,parm_fixed,6c4546ab5698a261046478e202c4b26ab4e516eb807436c95c991d12695e87da,23.234375
dg_p128_a0,midpoint,f2fd45ececd730ef4375d718ccc55cccf95507a3aa51f65436079816e2974757,13.859375
dg_p128_a0,disagreement_gate,ff6cf5d36791beea3c348f60a88a36a387ede7f540378469f662bd12f65fe5fa,14.4140625
dg_p128_a1,base,ff6cf5d36791beea3c348f60a88a36a387ede7f540378469f662bd12f65fe5fa,14.4140625
dg_p128_a1,parm_fixed,61085f1e034007dec0c7b1287b14accbfe6837a8fff53d3123c761b88899ca8a,26.484375
dg_p128_a1,midpoint,aec35ad983a0ffe08b771f281c2cd7bf35daaaf4f5a038361c519038ed2901b9,26.765625
dg_p128_a1,disagreement_gate,ff6cf5d36791beea3c348f60a88a36a387ede7f540378469f662bd12f65fe5fa,14.4140625
dg_p128_a2,base,ff6cf5d36791beea3c348f60a88a36a387ede7f540378469f662bd12f65fe5fa,14.4140625
dg_p128_a2,parm_fixed,307560ae97b2974241fdaebc319c259a41d974eda1f58ea0a9a722fa430dc36b,10.5390625
dg_p128_a2,midpoint,fdb73b0224feb43a7859c0022e0288e65155622707deb83d2b8bb06410f95c0a,16.4375
dg_p128_a2,disagreement_gate,ff6cf5d36791beea3c348f60a88a36a387ede7f540378469f662bd12f65fe5fa,14.4140625
dg_p128_a3,base,ff6cf5d36791beea3c348f60a88a36a387ede7f540378469f662bd12f65fe5fa,14.4140625
dg_p128_a3,parm_fixed,6e90049a139893362ea4574d9f7d5617b4d73d7017cb82e0573d4ce2f1484e2d,16.421875
dg_p128_a3,midpoint,fdb73b0224feb43a7859c0022e0288e65155622707deb83d2b8bb06410f95c0a,16.4375
dg_p128_a3,disagreement_gate,ff6cf5d36791beea3c348f60a88a36a387ede7f540378469f662bd12f65fe5fa,14.4140625
dg_p128_a4,base,ff6cf5d36791beea3c348f60a88a36a387ede7f540378469f662bd12f65fe5fa,14.4140625
dg_p128_a4,parm_fixed,4a2bda5177ecbae6b8afcd93e4a1e1f9e3b05f29e035a2473685d46e9f81ef9f,11.5546875
dg_p128_a4,midpoint,db295227b8ce452e38be4b564516b47d9271a50a1f61c0f00b5866c6960e1c89,11.203125
dg_p128_a4,disagreement_gate,ff6cf5d36791beea3c348f60a88a36a387ede7f540378469f662bd12f65fe5fa,14.4140625
dg_p129_a0,base,d648b0d2f74b84db559c42d28cd549cdfb031abfdc085d66f4eb6a3975446a42,6.7421875
dg_p129_a0,parm_fixed,e6eee6154464d4c810b1c08def9df23d67082bdbd76a06c5e06375bc40a8d1a4,5.65234375
dg_p129_a0,midpoint,93db3ee6c991d97c7f57d4b10f241303a03bdd2f7fbbfe072819bfa81429334d,17.65625
dg_p129_a0,disagreement_gate,d648b0d2f74b84db559c42d28cd549cdfb031abfdc085d66f4eb6a3975446a42,6.7421875
dg_p129_a1,base,d648b0d2f74b84db559c42d28cd549cdfb031abfdc085d66f4eb6a3975446a42,6.7421875
dg_p129_a1,parm_fixed,56e09438969a9b85b4ece3389e6dfa423f634c7ef350d4ba89d8feb23d463de7,9.34375
dg_p129_a1,midpoint,cfda4a5c3eff71bcbfe355de66fab0b30d62d05c220efb5cf4db730122570e30,23.296875
dg_p129_a1,disagreement_gate,d648b0d2f74b84db559c42d28cd549cdfb031abfdc085d66f4eb6a3975446a42,6.7421875
dg_p129_a2,base,d648b0d2f74b84db559c42d28cd549cdfb031abfdc085d66f4eb6a3975446a42,6.7421875
dg_p129_a2,parm_fixed,ba071ca97a2597f7b0285091b9568a40d12e7a8013d31f3b1f80420fce51fd93,9.5234375
dg_p129_a2,midpoint,7ca0a3540e50d8e9c6cab8ceec836ddcf0a9230d51f0381e36d8d04926b4c95a,5.0703125
dg_p129_a2,disagreement_gate,d648b0d2f74b84db559c42d28cd549cdfb031abfdc085d66f4eb6a3975446a42,6.7421875
dg_p129_a3,base,d648b0d2f74b84db559c42d28cd549cdfb031abfdc085d66f4eb6a3975446a42,6.7421875
dg_p129_a3,parm_fixed,cb4b64236d7bac11a52cac3005a296665335771421eb3e477ddc32af43b6786b,7.46875
dg_p129_a3,midpoint,02ca4f5dc3c681d13fd7010dc97dc1cbd8056a129d42336529662f5f99beb732,12.5
dg_p129_a3,disagreement_gate,d648b0d2f74b84db559c42d28cd549cdfb031abfdc085d66f4eb6a3975446a42,6.7421875
dg_p129_a4,base,d648b0d2f74b84db559c42d28cd549cdfb031abfdc085d66f4eb6a3975446a42,6.7421875
dg_p129_a4,parm_fixed,813ac2f592e725925762140d201102bf6e289f1af9b58931daa4cec4674491f8,10.0546875
dg_p129_a4,midpoint,c71edc8f6465540bcf5339700768520fa13d70792da2703a630bf7f0c381566b,12.6484375
dg_p129_a4,disagreement_gate,d648b0d2f74b84db559c42d28cd549cdfb031abfdc085d66f4eb6a3975446a42,6.7421875
dg_p130_a0,base,0fb07ea66220dded60b421f61a1c11056c86291bdd16329fe84cdcbe50b710b3,-0.454345703125
dg_p130_a0,parm_fixed,feae530f78c2ee5a028f01807429f12dc571aa4fc9dcbe57bbcaf25a98b475cb,0.03741455078125
dg_p130_a0,midpoint,97f10fbe06e411a34765c4b77fa392152947974253425c89eff84805cf7770f7,-0.6044921875
dg_p130_a0,disagreement_gate,0fb07ea66220dded60b421f61a1c11056c86291bdd16329fe84cdcbe50b710b3,-0.454345703125
dg_p130_a1,base,0fb07ea66220dded60b421f61a1c11056c86291bdd16329fe84cdcbe50b710b3,-0.454345703125
dg_p130_a1,parm_fixed,e425769dbefdc63e24bd035d378f6c08cd97c90fbfad4b2a76e694235dc7ec7c,0.55029296875
dg_p130_a1,midpoint,97f10fbe06e411a34765c4b77fa392152947974253425c89eff84805cf7770f7,-0.6044921875
dg_p130_a1,disagreement_gate,0fb07ea66220dded60b421f61a1c11056c86291bdd16329fe84cdcbe50b710b3,-0.454345703125
dg_p130_a2,base,0fb07ea66220dded60b421f61a1c11056c86291bdd16329fe84cdcbe50b710b3,-0.454345703125
dg_p130_a2,parm_fixed,a7b8fa29e4e54b09d75b6e9bb818646a3b09eb4e367ea6458d1fa1ef9b188a75,-2.1640625
dg_p130_a2,midpoint,97f10fbe06e411a34765c4b77fa392152947974253425c89eff84805cf7770f7,-0.6044921875
dg_p130_a2,disagreement_gate,0fb07ea66220dded60b421f61a1c11056c86291bdd16329fe84cdcbe50b710b3,-0.454345703125
dg_p130_a3,base,0fb07ea66220dded60b421f61a1c11056c86291bdd16329fe84cdcbe50b710b3,-0.454345703125
dg_p130_a3,parm_fixed,b16950cb82f207b476354575d5a56b0173c93d9829f3d7c63624a88191f630d9,-0.29296875
dg_p130_a3,midpoint,03136654c57359a4c7b9679680c89b8b796e817e2b8255484707210296c6afd2,0.339111328125
dg_p130_a3,disagreement_gate,0fb07ea66220dded60b421f61a1c11056c86291bdd16329fe84cdcbe50b710b3,-0.454345703125
dg_p130_a4,base,0fb07ea66220dded60b421f61a1c11056c86291bdd16329fe84cdcbe50b710b3,-0.454345703125
dg_p130_a4,parm_fixed,b16950cb82f207b476354575d5a56b0173c93d9829f3d7c63624a88191f630d9,-0.29296875
dg_p130_a4,midpoint,03136654c57359a4c7b9679680c89b8b796e817e2b8255484707210296c6afd2,0.339111328125
dg_p130_a4,disagreement_gate,0fb07ea66220dded60b421f61a1c11056c86291bdd16329fe84cdcbe50b710b3,-0.454345703125
dg_p131_a0,base,4fb24eadb30db5d4e537105c1fa03573d25f0617d5d2cb7a590def0113486c20,20.765625
dg_p131_a0,parm_fixed,961d8573524951da82a80b6ffda3231f7216da19645c9ef6c33d8d3e7f016e89,20.875
dg_p131_a0,midpoint,5e5494bb9302b7443bd0ea818dd0dc93067834fa0d8bbe71a092d6b0884c9187,15.3984375
dg_p131_a0,disagreement_gate,4fb24eadb30db5d4e537105c1fa03573d25f0617d5d2cb7a590def0113486c20,20.765625
dg_p131_a1,base,4fb24eadb30db5d4e537105c1fa03573d25f0617d5d2cb7a590def0113486c20,20.765625
dg_p131_a1,parm_fixed,b7adf5fc7f408ffcf317da56f19ac38dc9bc117bf53aff2cc33886888fdbc573,6.7421875
dg_p131_a1,midpoint,061127a316eeeed3766ff85099a32d673babef7f600d4098690642b19cd8acf7,24.5
dg_p131_a1,disagreement_gate,4fb24eadb30db5d4e537105c1fa03573d25f0617d5d2cb7a590def0113486c20,20.765625
dg_p131_a2,base,4fb24eadb30db5d4e537105c1fa03573d25f0617d5d2cb7a590def0113486c20,20.765625
dg_p131_a2,parm_fixed,f1036b797507ee47754f7770e3ea9c2161321ab5c4bfc53af87997477533476a,13.78125
dg_p131_a2,midpoint,061127a316eeeed3766ff85099a32d673babef7f600d4098690642b19cd8acf7,24.5
dg_p131_a2,disagreement_gate,4fb24eadb30db5d4e537105c1fa03573d25f0617d5d2cb7a590def0113486c20,20.765625
dg_p131_a3,base,4fb24eadb30db5d4e537105c1fa03573d25f0617d5d2cb7a590def0113486c20,20.765625
dg_p131_a3,parm_fixed,c7c9a5dd8751416828ea1e18095086a0c13e169b0dd4b9a692f24149a364f9e1,6.15234375
dg_p131_a3,midpoint,f47d477e0b9afffe33737367c59afec99bb4339c21227956c1297be54ae13d3f,9.1953125
dg_p131_a3,disagreement_gate,4fb24eadb30db5d4e537105c1fa03573d25f0617d5d2cb7a590def0113486c20,20.765625
dg_p131_a4,base,4fb24eadb30db5d4e537105c1fa03573d25f0617d5d2cb7a590def0113486c20,20.765625
dg_p131_a4,parm_fixed,de17192f5f7d48ece67062ca3dab82cc22d4ef28c047c96839cab688d206d484,6.734375
dg_p131_a4,midpoint,c66efddf14c0f3b3d6f0d501e3fde0eb96e659449c8f45e82d29fb7e6eafe0bf,11.015625
dg_p131_a4,disagreement_gate,4fb24eadb30db5d4e537105c1fa03573d25f0617d5d2cb7a590def0113486c20,20.765625
dg_p132_a0,base,d53bf09e48feb35241a593355c6e208cd6f5628de61f7c0d7f70c72ced62b766,0.316650390625
dg_p132_a0,parm_fixed,aa401e19928cfdb5333e6696307612c18d12441e7ba4aa058cc61c67d91a856b,-7.02734375
dg_p132_a0,midpoint,a5a2491f7e10dc9119747cd4974f4a76fa834d8002a253818de34a6f070ea35e,-1.8994140625
dg_p132_a0,disagreement_gate,d53bf09e48feb35241a593355c6e208cd6f5628de61f7c0d7f70c72ced62b766,0.316650390625
dg_p132_a1,base,d53bf09e48feb35241a593355c6e208cd6f5628de61f7c0d7f70c72ced62b766,0.316650390625
dg_p132_a1,parm_fixed,aa401e19928cfdb5333e6696307612c18d12441e7ba4aa058cc61c67d91a856b,-7.02734375
dg_p132_a1,midpoint,a5a2491f7e10dc9119747cd4974f4a76fa834d8002a253818de34a6f070ea35e,-1.8994140625
dg_p132_a1,disagreement_gate,d53bf09e48feb35241a593355c6e208cd6f5628de61f7c0d7f70c72ced62b766,0.316650390625
dg_p132_a2,base,d53bf09e48feb35241a593355c6e208cd6f5628de61f7c0d7f70c72ced62b766,0.316650390625
dg_p132_a2,parm_fixed,aa401e19928cfdb5333e6696307612c18d12441e7ba4aa058cc61c67d91a856b,-7.02734375
dg_p132_a2,midpoint,6c0c052e11f000d0b18c3a995e1fe64fc10d47736e693a67bdeea0038da40cf7,-2.4921875
dg_p132_a2,disagreement_gate,d53bf09e48feb35241a593355c6e208cd6f5628de61f7c0d7f70c72ced62b766,0.316650390625
dg_p132_a3,base,d53bf09e48feb35241a593355c6e208cd6f5628de61f7c0d7f70c72ced62b766,0.316650390625
dg_p132_a3,parm_fixed,18cb1c0cec74c1219778b7bda16224ef09d7181a287fa0746c68d0a7ee583fde,-5.96875
dg_p132_a3,midpoint,6c0c052e11f000d0b18c3a995e1fe64fc10d47736e693a67bdeea0038da40cf7,-2.4921875
dg_p132_a3,disagreement_gate,d53bf09e48feb35241a593355c6e208cd6f5628de61f7c0d7f70c72ced62b766,0.316650390625
dg_p132_a4,base,d53bf09e48feb35241a593355c6e208cd6f5628de61f7c0d7f70c72ced62b766,0.316650390625
dg_p132_a4,parm_fixed,18cb1c0cec74c1219778b7bda16224ef09d7181a287fa0746c68d0a7ee583fde,-5.96875
dg_p132_a4,midpoint,6c0c052e11f000d0b18c3a995e1fe64fc10d47736e693a67bdeea0038da40cf7,-2.4921875
dg_p132_a4,disagreement_gate,d53bf09e48feb35241a593355c6e208cd6f5628de61f7c0d7f70c72ced62b766,0.316650390625
dg_p133_a0,base,75d760a0e3661eff1c180c8bb523a110721e27c0246af1b9387f7a9b6aa37cff,-5.05859375
dg_p133_a0,parm_fixed,c510557496c9e71a3e90294ecdb84bf6060eb0c0612254e4a2091ee76a74f067,5.546875
dg_p133_a0,midpoint,9fe7908896caeadfbe700ac4459e82be744b51038a94662720dc99f8a4f09f16,7.37109375
dg_p133_a0,disagreement_gate,75d760a0e3661eff1c180c8bb523a110721e27c0246af1b9387f7a9b6aa37cff,-5.05859375
dg_p133_a1,base,75d760a0e3661eff1c180c8bb523a110721e27c0246af1b9387f7a9b6aa37cff,-5.05859375
dg_p133_a1,parm_fixed,d5f0da092d61ba566ff0dba2bd7ee2130a8e3fb51bc3abc2e7c7213a47290500,5.828125
dg_p133_a1,midpoint,b6a6b263529f7424acf1e92574641d88653c839538e8294019493f421e5d37c8,2.392578125
dg_p133_a1,disagreement_gate,75d760a0e3661eff1c180c8bb523a110721e27c0246af1b9387f7a9b6aa37cff,-5.05859375
dg_p133_a2,base,75d760a0e3661eff1c180c8bb523a110721e27c0246af1b9387f7a9b6aa37cff,-5.05859375
dg_p133_a2,parm_fixed,d5f0da092d61ba566ff0dba2bd7ee2130a8e3fb51bc3abc2e7c7213a47290500,5.828125
dg_p133_a2,midpoint,b6a6b263529f7424acf1e92574641d88653c839538e8294019493f421e5d37c8,2.392578125
dg_p133_a2,disagreement_gate,75d760a0e3661eff1c180c8bb523a110721e27c0246af1b9387f7a9b6aa37cff,-5.05859375
dg_p133_a3,base,75d760a0e3661eff1c180c8bb523a110721e27c0246af1b9387f7a9b6aa37cff,-5.05859375
dg_p133_a3,parm_fixed,95290ede90c4a70c2930310598115bf891b0a8f3eed0857af0751059e7ca33d0,3.912109375
dg_p133_a3,midpoint,3546356e53b677cc379ae230f8bbd69ac0df5469ca91336e8ba5227bec6f56a6,2.853515625
dg_p133_a3,disagreement_gate,75d760a0e3661eff1c180c8bb523a110721e27c0246af1b9387f7a9b6aa37cff,-5.05859375
dg_p133_a4,base,75d760a0e3661eff1c180c8bb523a110721e27c0246af1b9387f7a9b6aa37cff,-5.05859375
dg_p133_a4,parm_fixed,95290ede90c4a70c2930310598115bf891b0a8f3eed0857af0751059e7ca33d0,3.912109375
dg_p133_a4,midpoint,87844a398c0a6b76e37680b287070d0363037e75035b4c17bcc6feb8e2c9e46c,4.78515625
dg_p133_a4,disagreement_gate,75d760a0e3661eff1c180c8bb523a110721e27c0246af1b9387f7a9b6aa37cff,-5.05859375
dg_p134_a0,base,2e5e9b4eaae3ae29d699ca84fc24a19b9e8b7b186c58584bbbf669ec8060642b,-9.5078125
dg_p134_a0,parm_fixed,c41f8f2c7131bb1c0cf3a3335f0794c389683f6d56706549ab6d6a0a050e8933,-7.46875
dg_p134_a0,midpoint,c41f8f2c7131bb1c0cf3a3335f0794c389683f6d56706549ab6d6a0a050e8933,-7.46875
dg_p134_a0,disagreement_gate,2e5e9b4eaae3ae29d699ca84fc24a19b9e8b7b186c58584bbbf669ec8060642b,-9.5078125
dg_p134_a1,base,2e5e9b4eaae3ae29d699ca84fc24a19b9e8b7b186c58584bbbf669ec8060642b,-9.5078125
dg_p134_a1,parm_fixed,e4e7ad3a598422a1e22f1d346a3cbf00bb45d2155201e6e6a7ef1805014369f7,-7.94921875
dg_p134_a1,midpoint,c41f8f2c7131bb1c0cf3a3335f0794c389683f6d56706549ab6d6a0a050e8933,-7.46875
dg_p134_a1,disagreement_gate,2e5e9b4eaae3ae29d699ca84fc24a19b9e8b7b186c58584bbbf669ec8060642b,-9.5078125
dg_p134_a2,base,2e5e9b4eaae3ae29d699ca84fc24a19b9e8b7b186c58584bbbf669ec8060642b,-9.5078125
dg_p134_a2,parm_fixed,bf144d2f8386c2d3b68fa5d4033c3bd9533a4f27b24907064a447deb330867e6,-7.98828125
dg_p134_a2,midpoint,fb25bfa16a407b82bbae9df4821d5493bf90af3d9694271f95e0438ecb550289,-7.21484375
dg_p134_a2,disagreement_gate,2e5e9b4eaae3ae29d699ca84fc24a19b9e8b7b186c58584bbbf669ec8060642b,-9.5078125
dg_p134_a3,base,2e5e9b4eaae3ae29d699ca84fc24a19b9e8b7b186c58584bbbf669ec8060642b,-9.5078125
dg_p134_a3,parm_fixed,91ee8f4bb0ff770090262617a4d76f671a9881354ec4376a6691738a7f2b808b,-12.765625
dg_p134_a3,midpoint,14b0ec2484fbd286d9d046813105107344a3a75be3b019b810f8656b19457185,-10.78125
dg_p134_a3,disagreement_gate,2e5e9b4eaae3ae29d699ca84fc24a19b9e8b7b186c58584bbbf669ec8060642b,-9.5078125
dg_p134_a4,base,2e5e9b4eaae3ae29d699ca84fc24a19b9e8b7b186c58584bbbf669ec8060642b,-9.5078125
dg_p134_a4,parm_fixed,91ee8f4bb0ff770090262617a4d76f671a9881354ec4376a6691738a7f2b808b,-12.765625
dg_p134_a4,midpoint,14b0ec2484fbd286d9d046813105107344a3a75be3b019b810f8656b19457185,-10.78125
dg_p134_a4,disagreement_gate,2e5e9b4eaae3ae29d699ca84fc24a19b9e8b7b186c58584bbbf669ec8060642b,-9.5078125
dg_p135_a0,base,5f7805e0323b66eda2ff41092278353bc24a378cfda68005b41e1a0fc89cdcaf,32.09375
dg_p135_a0,parm_fixed,5f95b10a3e7d6020ece5b5b1f0e847ed18bd5af065069e9c018f3af56db2d401,26.171875
dg_p135_a0,midpoint,8d51b1c69be5f2d2f583c331f3677c9193825239d923a41bf078e88f0343b4d3,-10.703125
dg_p135_a0,disagreement_gate,5f7805e0323b66eda2ff41092278353bc24a378cfda68005b41e1a0fc89cdcaf,32.09375
dg_p135_a1,base,5f7805e0323b66eda2ff41092278353bc24a378cfda68005b41e1a0fc89cdcaf,32.09375
dg_p135_a1,parm_fixed,42fdcfa12b3b7ec7fe2e4682ada79781e4d2a56aca3912ec6a24ca58b9b2d801,17.046875
dg_p135_a1,midpoint,b60280a1a79494991b0479e05835f9df25f0cae84ccce505dd6e72b4b49f28f8,-10.2578125
dg_p135_a1,disagreement_gate,5f7805e0323b66eda2ff41092278353bc24a378cfda68005b41e1a0fc89cdcaf,32.09375
dg_p135_a2,base,5f7805e0323b66eda2ff41092278353bc24a378cfda68005b41e1a0fc89cdcaf,32.09375
dg_p135_a2,parm_fixed,953d2374b820960fcfc3fbd8f1e31a25542580591efed8ad50fc1ca67a50d342,-11.40625
dg_p135_a2,midpoint,695678188defcada1942ca1e060cd2719162fdd0ba4b127f83e0f48df0f38087,9.2421875
dg_p135_a2,disagreement_gate,5f7805e0323b66eda2ff41092278353bc24a378cfda68005b41e1a0fc89cdcaf,32.09375
dg_p135_a3,base,5f7805e0323b66eda2ff41092278353bc24a378cfda68005b41e1a0fc89cdcaf,32.09375
dg_p135_a3,parm_fixed,2bced532963dd0be96d1f53a93c95008c1db7f9efe9427e021b6edba610f9c7f,-1.642578125
dg_p135_a3,midpoint,25917fc123b1f2ea819e803047b4781a040c16cea73744ef5f9290088c921650,11.203125
dg_p135_a3,disagreement_gate,5f7805e0323b66eda2ff41092278353bc24a378cfda68005b41e1a0fc89cdcaf,32.09375
dg_p135_a4,base,5f7805e0323b66eda2ff41092278353bc24a378cfda68005b41e1a0fc89cdcaf,32.09375
dg_p135_a4,parm_fixed,6673f408ef627bf6dc7b164583fb69696787b3f3649d8266daab255adc4c3fb4,-6.89453125
dg_p135_a4,midpoint,25917fc123b1f2ea819e803047b4781a040c16cea73744ef5f9290088c921650,11.203125
dg_p135_a4,disagreement_gate,5f7805e0323b66eda2ff41092278353bc24a378cfda68005b41e1a0fc89cdcaf,32.09375
dg_p136_a0,base,223e9c9af548c07a5462d2dc66c25e1f9842a33308b0c48d02e424692a1329c0,-9.890625
dg_p136_a0,parm_fixed,37eddbb212ae44cb43e64ebdee07f9a3a9f4db6bb632d6e56ea3a686344da880,2.654296875
dg_p136_a0,midpoint,60fa2cc36a63d2edc92daedacec048b42c7012c31756fb70ca584f7254b7aeae,-9.609375
dg_p136_a0,disagreement_gate,223e9c9af548c07a5462d2dc66c25e1f9842a33308b0c48d02e424692a1329c0,-9.890625
dg_p136_a1,base,223e9c9af548c07a5462d2dc66c25e1f9842a33308b0c48d02e424692a1329c0,-9.890625
dg_p136_a1,parm_fixed,37eddbb212ae44cb43e64ebdee07f9a3a9f4db6bb632d6e56ea3a686344da880,2.654296875
dg_p136_a1,midpoint,b237d8767157244a5ba9fbb850904cc4714a8bb368cfe3154cb2cb24661d8dfb,-10.34375
dg_p136_a1,disagreement_gate,223e9c9af548c07a5462d2dc66c25e1f9842a33308b0c48d02e424692a1329c0,-9.890625
dg_p136_a2,base,223e9c9af548c07a5462d2dc66c25e1f9842a33308b0c48d02e424692a1329c0,-9.890625
dg_p136_a2,parm_fixed,e311739bb671f92294497552808ef1feab5abd7287cd558bad88bd63458911f1,1.6796875
dg_p136_a2,midpoint,619cdcd51bccc2df8eba8ebaebe17fec436b470e19671c9db6c4a4c5835313e0,-12.109375
dg_p136_a2,disagreement_gate,223e9c9af548c07a5462d2dc66c25e1f9842a33308b0c48d02e424692a1329c0,-9.890625
dg_p136_a3,base,223e9c9af548c07a5462d2dc66c25e1f9842a33308b0c48d02e424692a1329c0,-9.890625
dg_p136_a3,parm_fixed,aa5d1df5f39d1cd01a127513c0f513e1053612965a0e398586c9d7ec853488c1,7.375
dg_p136_a3,midpoint,6a5878d7eb5913e14a67eaeed88c67da7a4274fcd5160afeb58c45e81379ef0e,3.78125
dg_p136_a3,disagreement_gate,223e9c9af548c07a5462d2dc66c25e1f9842a33308b0c48d02e424692a1329c0,-9.890625
dg_p136_a4,base,223e9c9af548c07a5462d2dc66c25e1f9842a33308b0c48d02e424692a1329c0,-9.890625
dg_p136_a4,parm_fixed,b1b7aa2f4e34103092c18fa1c298bd508e18b31ca5d169fec87f1c29faf6459c,-15.8828125
dg_p136_a4,midpoint,94ffd7ec5bfa914d095b4ceab6b66ecb54da6a3df9b8898e40ff7b34f21a3e65,-15.234375
dg_p136_a4,disagreement_gate,223e9c9af548c07a5462d2dc66c25e1f9842a33308b0c48d02e424692a1329c0,-9.890625
dg_p137_a0,base,85c1a7c287d77b51ef5a8dba60904276fad03039204498d4768ed4132d68471d,-9.3203125
dg_p137_a0,parm_fixed,8ca494a223259a455e33177dda5c32a9350b29fcd2ca1eea57a35ebc7dbdefce,1.4765625
dg_p137_a0,midpoint,06c2b076c7a133b59b37d7c190359a1168fbb1f864c5c711cd7f0311f37e55fe,-15.9140625
dg_p137_a0,disagreement_gate,85c1a7c287d77b51ef5a8dba60904276fad03039204498d4768ed4132d68471d,-9.3203125
dg_p137_a1,base,85c1a7c287d77b51ef5a8dba60904276fad03039204498d4768ed4132d68471d,-9.3203125
dg_p137_a1,parm_fixed,8ca494a223259a455e33177dda5c32a9350b29fcd2ca1eea57a35ebc7dbdefce,1.4765625
dg_p137_a1,midpoint,8bbc5393d9c5dcf9f79b5e579d6d519ef365691c5f5adad25ee8951dc2d8f6a0,-13.828125
dg_p137_a1,disagreement_gate,85c1a7c287d77b51ef5a8dba60904276fad03039204498d4768ed4132d68471d,-9.3203125
dg_p137_a2,base,85c1a7c287d77b51ef5a8dba60904276fad03039204498d4768ed4132d68471d,-9.3203125
dg_p137_a2,parm_fixed,8ca494a223259a455e33177dda5c32a9350b29fcd2ca1eea57a35ebc7dbdefce,1.4765625
dg_p137_a2,midpoint,8bbc5393d9c5dcf9f79b5e579d6d519ef365691c5f5adad25ee8951dc2d8f6a0,-13.828125
dg_p137_a2,disagreement_gate,85c1a7c287d77b51ef5a8dba60904276fad03039204498d4768ed4132d68471d,-9.3203125
dg_p137_a3,base,85c1a7c287d77b51ef5a8dba60904276fad03039204498d4768ed4132d68471d,-9.3203125
dg_p137_a3,parm_fixed,8ca494a223259a455e33177dda5c32a9350b29fcd2ca1eea57a35ebc7dbdefce,1.4765625
dg_p137_a3,midpoint,8bbc5393d9c5dcf9f79b5e579d6d519ef365691c5f5adad25ee8951dc2d8f6a0,-13.828125
dg_p137_a3,disagreement_gate,85c1a7c287d77b51ef5a8dba60904276fad03039204498d4768ed4132d68471d,-9.3203125
dg_p137_a4,base,85c1a7c287d77b51ef5a8dba60904276fad03039204498d4768ed4132d68471d,-9.3203125
dg_p137_a4,parm_fixed,8ca494a223259a455e33177dda5c32a9350b29fcd2ca1eea57a35ebc7dbdefce,1.4765625
dg_p137_a4,midpoint,a2850b894bceddd673907ed3fb7927ebe9486a88f66943e523afb5e64ba1b8db,-12.9609375
dg_p137_a4,disagreement_gate,85c1a7c287d77b51ef5a8dba60904276fad03039204498d4768ed4132d68471d,-9.3203125
dg_p138_a0,base,fec8b5a93c0d1be52f6783f6d8203160465d45f4aca80a722381e4bc4347e906,-9.4453125
dg_p138_a0,parm_fixed,50a53351fe2b1effdd5dd859d6c145c2e5a645ca88dfed860bb4823f69fe7330,9.2890625
dg_p138_a0,midpoint,94ed0d32a434a0a446a2cd03e5c88802a871e64301f7497591c72562a6821e03,16.5625
dg_p138_a0,disagreement_gate,fec8b5a93c0d1be52f6783f6d8203160465d45f4aca80a722381e4bc4347e906,-9.4453125
dg_p138_a1,base,fec8b5a93c0d1be52f6783f6d8203160465d45f4aca80a722381e4bc4347e906,-9.4453125
dg_p138_a1,parm_fixed,50a53351fe2b1effdd5dd859d6c145c2e5a645ca88dfed860bb4823f69fe7330,9.2890625
dg_p138_a1,midpoint,94ed0d32a434a0a446a2cd03e5c88802a871e64301f7497591c72562a6821e03,16.5625
dg_p138_a1,disagreement_gate,fec8b5a93c0d1be52f6783f6d8203160465d45f4aca80a722381e4bc4347e906,-9.4453125
dg_p138_a2,base,fec8b5a93c0d1be52f6783f6d8203160465d45f4aca80a722381e4bc4347e906,-9.4453125
dg_p138_a2,parm_fixed,215932be0246424f8fb65db7aeebe73ed9c8a93cfcda92ab70ae967ea8d8b365,19.171875
dg_p138_a2,midpoint,642a764be987a9a45229b1519c6ea114915bc6ce838703ad7ee68f1b29b6e851,7.78515625
dg_p138_a2,disagreement_gate,fec8b5a93c0d1be52f6783f6d8203160465d45f4aca80a722381e4bc4347e906,-9.4453125
dg_p138_a3,base,fec8b5a93c0d1be52f6783f6d8203160465d45f4aca80a722381e4bc4347e906,-9.4453125
dg_p138_a3,parm_fixed,5762c16723d21bd83eae2e7d0f9dd0d85220cfdf2f9f5ec2db80a795865bb141,18.09375
dg_p138_a3,midpoint,642a764be987a9a45229b1519c6ea114915bc6ce838703ad7ee68f1b29b6e851,7.78515625
dg_p138_a3,disagreement_gate,fec8b5a93c0d1be52f6783f6d8203160465d45f4aca80a722381e4bc4347e906,-9.4453125
dg_p138_a4,base,fec8b5a93c0d1be52f6783f6d8203160465d45f4aca80a722381e4bc4347e906,-9.4453125
dg_p138_a4,parm_fixed,5762c16723d21bd83eae2e7d0f9dd0d85220cfdf2f9f5ec2db80a795865bb141,18.09375
dg_p138_a4,midpoint,642a764be987a9a45229b1519c6ea114915bc6ce838703ad7ee68f1b29b6e851,7.78515625
dg_p138_a4,disagreement_gate,fec8b5a93c0d1be52f6783f6d8203160465d45f4aca80a722381e4bc4347e906,-9.4453125
dg_p139_a0,base,c3ae7fbca58972dc575de07ffb87cf68e97517e6cef7270c6db8c28b58b2683e,-7.33203125
dg_p139_a0,parm_fixed,bf5ed341b5d8c4a9358ee3fe635d4ea802f941476c59d8a0a17e1ed262d7461a,15.3046875
dg_p139_a0,midpoint,bdf73dfa8a6d87faa05f271937b917b4a29b3a21d8b008a73a5548b48dd6f150,10.4921875
dg_p139_a0,disagreement_gate,c3ae7fbca58972dc575de07ffb87cf68e97517e6cef7270c6db8c28b58b2683e,-7.33203125
dg_p139_a1,base,c3ae7fbca58972dc575de07ffb87cf68e97517e6cef7270c6db8c28b58b2683e,-7.33203125
dg_p139_a1,parm_fixed,823d63a9209b74705aa4f41308e55d3be736c2cdc2c5ca1cb458173c11dc8f88,1.0908203125
dg_p139_a1,midpoint,bdf73dfa8a6d87faa05f271937b917b4a29b3a21d8b008a73a5548b48dd6f150,10.4921875
dg_p139_a1,disagreement_gate,c3ae7fbca58972dc575de07ffb87cf68e97517e6cef7270c6db8c28b58b2683e,-7.33203125
dg_p139_a2,base,c3ae7fbca58972dc575de07ffb87cf68e97517e6cef7270c6db8c28b58b2683e,-7.33203125
dg_p139_a2,parm_fixed,c947cb0ea92cbdf7c74cbbd65776e89aa8320d98acff179ec694a60df3c70fa2,3.50390625
dg_p139_a2,midpoint,b4430a87288b23e7c713d9366d9f917176ccd59a5728d42e3d3ead983f2f3168,10.7578125
dg_p139_a2,disagreement_gate,c3ae7fbca58972dc575de07ffb87cf68e97517e6cef7270c6db8c28b58b2683e,-7.33203125
dg_p139_a3,base,c3ae7fbca58972dc575de07ffb87cf68e97517e6cef7270c6db8c28b58b2683e,-7.33203125
dg_p139_a3,parm_fixed,b65a617c02e2fc1ca03de9b7fd7af53e9d8afbca50753e21d77686f9d5177247,2.796875
dg_p139_a3,midpoint,b4430a87288b23e7c713d9366d9f917176ccd59a5728d42e3d3ead983f2f3168,10.7578125
dg_p139_a3,disagreement_gate,c3ae7fbca58972dc575de07ffb87cf68e97517e6cef7270c6db8c28b58b2683e,-7.33203125
dg_p139_a4,base,c3ae7fbca58972dc575de07ffb87cf68e97517e6cef7270c6db8c28b58b2683e,-7.33203125
dg_p139_a4,parm_fixed,48635ee657fb1ec1bb1c16b1f650d8ed5423434dea7d049dc72c3e646a2e4dbb,1.9384765625
dg_p139_a4,midpoint,0de1ac464ddc70131e1feaba4c909468c122357f908cd30f750263337f4a1c28,7.609375
dg_p139_a4,disagreement_gate,c3ae7fbca58972dc575de07ffb87cf68e97517e6cef7270c6db8c28b58b2683e,-7.33203125
dg_p140_a0,base,7ca1cb826970fde778b85db90285983cac10ee883f31082705b9147573c8d6be,9.109375
dg_p140_a0,parm_fixed,33f26426b2e4c514500304212f27b98362a4b9b8439b5853249385a6734fe58c,19.03125
dg_p140_a0,midpoint,e86a83022a841b7d0df505e70163e6d3b7399275c6323bb37bdd97e718331d1d,18.6875
dg_p140_a0,disagreement_gate,7ca1cb826970fde778b85db90285983cac10ee883f31082705b9147573c8d6be,9.109375
dg_p140_a1,base,7ca1cb826970fde778b85db90285983cac10ee883f31082705b9147573c8d6be,9.109375
dg_p140_a1,parm_fixed,8a1cb4139988fc743bbd3cbb4d8abe7cdbdbe40af54d5cea3f5a75e5db4c0529,18.8125
dg_p140_a1,midpoint,e86a83022a841b7d0df505e70163e6d3b7399275c6323bb37bdd97e718331d1d,18.6875
dg_p140_a1,disagreement_gate,7ca1cb826970fde778b85db90285983cac10ee883f31082705b9147573c8d6be,9.109375
dg_p140_a2,base,7ca1cb826970fde778b85db90285983cac10ee883f31082705b9147573c8d6be,9.109375
dg_p140_a2,parm_fixed,9f00aaa2f205d262bde452e011b6960e91e98a79a245ed9e135bf73841684399,9.2421875
dg_p140_a2,midpoint,e86a83022a841b7d0df505e70163e6d3b7399275c6323bb37bdd97e718331d1d,18.6875
dg_p140_a2,disagreement_gate,7ca1cb826970fde778b85db90285983cac10ee883f31082705b9147573c8d6be,9.109375
dg_p140_a3,base,7ca1cb826970fde778b85db90285983cac10ee883f31082705b9147573c8d6be,9.109375
dg_p140_a3,parm_fixed,320cb94ba1e68c77c519bda332053cec6457a428a4b42fae1f9228e877761322,14.03125
dg_p140_a3,midpoint,47ba79d4c5184de60323291da985875934d17634ca89302dbb9f65914f0cf79b,20.6875
dg_p140_a3,disagreement_gate,7ca1cb826970fde778b85db90285983cac10ee883f31082705b9147573c8d6be,9.109375
dg_p140_a4,base,7ca1cb826970fde778b85db90285983cac10ee883f31082705b9147573c8d6be,9.109375
dg_p140_a4,parm_fixed,a5feb7adb2785d7adb05d7ca2c8533512aadd9470d921d3492e604dd2a5c5771,4.2578125
dg_p140_a4,midpoint,02060ca5679776f20505bfd2b686c29b36e24aea26da72c2d800a811724b2d2d,21.171875
dg_p140_a4,disagreement_gate,7ca1cb826970fde778b85db90285983cac10ee883f31082705b9147573c8d6be,9.109375
dg_p141_a0,base,ae291fdab76587624977301bacf41c64458ea95c880e7f1adbf21685f39149be,16.1875
dg_p141_a0,parm_fixed,928323c3f2960db056a73fda2a72103ff4b1e568bbd17162c316c4b28614afb7,21.984375
dg_p141_a0,midpoint,cddf8c562eb45b404968de64022e76d587bf7128700a097d436294d245bb2677,23.453125
dg_p141_a0,disagreement_gate,ae291fdab76587624977301bacf41c64458ea95c880e7f1adbf21685f39149be,16.1875
dg_p141_a1,base,ae291fdab76587624977301bacf41c64458ea95c880e7f1adbf21685f39149be,16.1875
dg_p141_a1,parm_fixed,baf7a44e7ac4aad8561e318549bd9d64f22f943f10bb949e834968987d37224e,6.71484375
dg_p141_a1,midpoint,cddf8c562eb45b404968de64022e76d587bf7128700a097d436294d245bb2677,23.453125
dg_p141_a1,disagreement_gate,ae291fdab76587624977301bacf41c64458ea95c880e7f1adbf21685f39149be,16.1875
dg_p141_a2,base,ae291fdab76587624977301bacf41c64458ea95c880e7f1adbf21685f39149be,16.1875
dg_p141_a2,parm_fixed,ad3c928d8dd60f20bd3460f5a12e0faf06152a74ab1f367e890a772688ed6e1b,12.4296875
dg_p141_a2,midpoint,cddf8c562eb45b404968de64022e76d587bf7128700a097d436294d245bb2677,23.453125
dg_p141_a2,disagreement_gate,ae291fdab76587624977301bacf41c64458ea95c880e7f1adbf21685f39149be,16.1875
dg_p141_a3,base,ae291fdab76587624977301bacf41c64458ea95c880e7f1adbf21685f39149be,16.1875
dg_p141_a3,parm_fixed,28ee881f35f188cf0e1b5a3cd335c3c5f51d634cecd323816181406dfab5534e,7.6484375
dg_p141_a3,midpoint,064bb68866a7e88ae0ab0cf5c250896f75bb7e83a8cca8d2fe9cb48ee4a03de7,18.09375
dg_p141_a3,disagreement_gate,ae291fdab76587624977301bacf41c64458ea95c880e7f1adbf21685f39149be,16.1875
dg_p141_a4,base,ae291fdab76587624977301bacf41c64458ea95c880e7f1adbf21685f39149be,16.1875
dg_p141_a4,parm_fixed,b8e90cdb58976868d2f1cff3c360bcefea6314877198265d2a2268fb8837ed3a,-13.7265625
dg_p141_a4,midpoint,5c872d3ce35a5f75d3effb83243fe8f932801e79e9f09c99a6ae10ead49f5229,15.078125
dg_p141_a4,disagreement_gate,ae291fdab76587624977301bacf41c64458ea95c880e7f1adbf21685f39149be,16.1875
dg_p142_a0,base,6812811eb21a73dd66c08042c9f4e04748d7942b383c6eb44b61ac5446deaf95,4.16015625
dg_p142_a0,parm_fixed,aa7dc75df82a04fc26997cdc5f713b426c515043b40fec1e41468ccb3a4a49e3,11.8984375
dg_p142_a0,midpoint,7fa079c3f74228d1465f6c95092c1cec288b6c1c63d64e4eaeb919ebc1fb8c9f,8.046875
dg_p142_a0,disagreement_gate,6812811eb21a73dd66c08042c9f4e04748d7942b383c6eb44b61ac5446deaf95,4.16015625
dg_p142_a1,base,6812811eb21a73dd66c08042c9f4e04748d7942b383c6eb44b61ac5446deaf95,4.16015625
dg_p142_a1,parm_fixed,e9ff256e56b81c3c350d94e5215c40f43e198965c16665234893f57c09b6f8f3,6.02734375
dg_p142_a1,midpoint,7fa079c3f74228d1465f6c95092c1cec288b6c1c63d64e4eaeb919ebc1fb8c9f,8.046875
dg_p142_a1,disagreement_gate,6812811eb21a73dd66c08042c9f4e04748d7942b383c6eb44b61ac5446deaf95,4.16015625
dg_p142_a2,base,6812811eb21a73dd66c08042c9f4e04748d7942b383c6eb44b61ac5446deaf95,4.16015625
dg_p142_a2,parm_fixed,4f5e9c410e55575b936b9278e723595f96cf43827ce5467514947574e990f440,2.734375
dg_p142_a2,midpoint,7fa079c3f74228d1465f6c95092c1cec288b6c1c63d64e4eaeb919ebc1fb8c9f,8.046875
dg_p142_a2,disagreement_gate,6812811eb21a73dd66c08042c9f4e04748d7942b383c6eb44b61ac5446deaf95,4.16015625
dg_p142_a3,base,6812811eb21a73dd66c08042c9f4e04748d7942b383c6eb44b61ac5446deaf95,4.16015625
dg_p142_a3,parm_fixed,a202520c44a5ea9687ed21d365a055730d6d43ffc2a9e84a708645bcfa1c2403,6.359375
dg_p142_a3,midpoint,50a11b729f7f1fd4e9ff880872bd640294da2e05d23dee2cf5e87ed1eb175a8d,7.5546875
dg_p142_a3,disagreement_gate,6812811eb21a73dd66c08042c9f4e04748d7942b383c6eb44b61ac5446deaf95,4.16015625
dg_p142_a4,base,6812811eb21a73dd66c08042c9f4e04748d7942b383c6eb44b61ac5446deaf95,4.16015625
dg_p142_a4,parm_fixed,a202520c44a5ea9687ed21d365a055730d6d43ffc2a9e84a708645bcfa1c2403,6.359375
dg_p142_a4,midpoint,d20a06a6a0e9423bcfd06d60227470c0f1c79e1d0f4f5dda2aa14e0f8e8dc20c,17.078125
dg_p142_a4,disagreement_gate,6812811eb21a73dd66c08042c9f4e04748d7942b383c6eb44b61ac5446deaf95,4.16015625
dg_p143_a0,base,a2cc9d9330e032ab8d63fba25c19f70ad4f2c6eaba29c73f655ced06215a6962,3.220703125
dg_p143_a0,parm_fixed,3ca00fc334953ff00d0aa7f93652c214cf310547da51e9df2c42728beaa03ce4,6.3515625
dg_p143_a0,midpoint,a2cc9d9330e032ab8d63fba25c19f70ad4f2c6eaba29c73f655ced06215a6962,3.220703125
dg_p143_a0,disagreement_gate,a2cc9d9330e032ab8d63fba25c19f70ad4f2c6eaba29c73f655ced06215a6962,3.220703125
dg_p143_a1,base,a2cc9d9330e032ab8d63fba25c19f70ad4f2c6eaba29c73f655ced06215a6962,3.220703125
dg_p143_a1,parm_fixed,3ca00fc334953ff00d0aa7f93652c214cf310547da51e9df2c42728beaa03ce4,6.3515625
dg_p143_a1,midpoint,a2cc9d9330e032ab8d63fba25c19f70ad4f2c6eaba29c73f655ced06215a6962,3.220703125
dg_p143_a1,disagreement_gate,a2cc9d9330e032ab8d63fba25c19f70ad4f2c6eaba29c73f655ced06215a6962,3.220703125
dg_p143_a2,base,a2cc9d9330e032ab8d63fba25c19f70ad4f2c6eaba29c73f655ced06215a6962,3.220703125
dg_p143_a2,parm_fixed,3ca00fc334953ff00d0aa7f93652c214cf310547da51e9df2c42728beaa03ce4,6.3515625
dg_p143_a2,midpoint,a2cc9d9330e032ab8d63fba25c19f70ad4f2c6eaba29c73f655ced06215a6962,3.220703125
dg_p143_a2,disagreement_gate,a2cc9d9330e032ab8d63fba25c19f70ad4f2c6eaba29c73f655ced06215a6962,3.220703125
dg_p143_a3,base,a2cc9d9330e032ab8d63fba25c19f70ad4f2c6eaba29c73f655ced06215a6962,3.220703125
dg_p143_a3,parm_fixed,1171875b7147b1cf23b39d796eeb9feb1fe4488bb3d9e7ad80ab5fe867693d62,4.83984375
dg_p143_a3,midpoint,a2cc9d9330e032ab8d63fba25c19f70ad4f2c6eaba29c73f655ced06215a6962,3.220703125
dg_p143_a3,disagreement_gate,a2cc9d9330e032ab8d63fba25c19f70ad4f2c6eaba29c73f655ced06215a6962,3.220703125
dg_p143_a4,base,a2cc9d9330e032ab8d63fba25c19f70ad4f2c6eaba29c73f655ced06215a6962,3.220703125
dg_p143_a4,parm_fixed,880b6cc9292ccd4579b5e5c4ce1f6b4229384707920e6680991296bd4b5ba228,6.34375
dg_p143_a4,midpoint,a2cc9d9330e032ab8d63fba25c19f70ad4f2c6eaba29c73f655ced06215a6962,3.220703125
dg_p143_a4,disagreement_gate,a2cc9d9330e032ab8d63fba25c19f70ad4f2c6eaba29c73f655ced06215a6962,3.220703125
dg_p144_a0,base,c37cff8711565ecb354ac41494a876a4b50e78c6d69f27bdac22d872360b995c,37.09375
dg_p144_a0,parm_fixed,a629106e2dadae2c727e2afdd40e2a372e6aa572da1b7e02b387848cb6392404,41.40625
dg_p144_a0,midpoint,e2738fe6bb1e6d6d90c4d9bfc801d467b3ddc57fa42e792d427cfa53ec7ffc78,41.34375
dg_p144_a0,disagreement_gate,c37cff8711565ecb354ac41494a876a4b50e78c6d69f27bdac22d872360b995c,37.09375
dg_p144_a1,base,c37cff8711565ecb354ac41494a876a4b50e78c6d69f27bdac22d872360b995c,37.09375
dg_p144_a1,parm_fixed,a629106e2dadae2c727e2afdd40e2a372e6aa572da1b7e02b387848cb6392404,41.40625
dg_p144_a1,midpoint,a35bc73e282d501c6bf1d0645f48ee777299cf3c6b141dfd1fc090ab73f00d72,41.125
dg_p144_a1,disagreement_gate,c37cff8711565ecb354ac41494a876a4b50e78c6d69f27bdac22d872360b995c,37.09375
dg_p144_a2,base,c37cff8711565ecb354ac41494a876a4b50e78c6d69f27bdac22d872360b995c,37.09375
dg_p144_a2,parm_fixed,6e2f0d76a9ed4c7dfa524c4487d67292cd0c768e5de75c6f25bad613f3aedc8d,41.3125
dg_p144_a2,midpoint,a35bc73e282d501c6bf1d0645f48ee777299cf3c6b141dfd1fc090ab73f00d72,41.125
dg_p144_a2,disagreement_gate,c37cff8711565ecb354ac41494a876a4b50e78c6d69f27bdac22d872360b995c,37.09375
dg_p144_a3,base,c37cff8711565ecb354ac41494a876a4b50e78c6d69f27bdac22d872360b995c,37.09375
dg_p144_a3,parm_fixed,6e2f0d76a9ed4c7dfa524c4487d67292cd0c768e5de75c6f25bad613f3aedc8d,41.3125
dg_p144_a3,midpoint,a35bc73e282d501c6bf1d0645f48ee777299cf3c6b141dfd1fc090ab73f00d72,41.125
dg_p144_a3,disagreement_gate,c37cff8711565ecb354ac41494a876a4b50e78c6d69f27bdac22d872360b995c,37.09375
dg_p144_a4,base,c37cff8711565ecb354ac41494a876a4b50e78c6d69f27bdac22d872360b995c,37.09375
dg_p144_a4,parm_fixed,75733fef2e7b36b8a839f7abd088ef224436e0308cee472f4d3b5bf04a47521a,40.5
dg_p144_a4,midpoint,a35bc73e282d501c6bf1d0645f48ee777299cf3c6b141dfd1fc090ab73f00d72,41.125
dg_p144_a4,disagreement_gate,c37cff8711565ecb354ac41494a876a4b50e78c6d69f27bdac22d872360b995c,37.09375
dg_p145_a0,base,4e7fde4dab87276509527f92c5a0ebc565bbf40871b61012a2258f92268e0895,-9.40625
dg_p145_a0,parm_fixed,e3cf707f5bc52c92ffa90eff423c4cf6b049039fa767bcdbd3b9757f0153bd4c,9.0703125
dg_p145_a0,midpoint,37a3f47d3645d0d6d9543bcbc01200448e8301dcbe7a49b39a159e15c9425480,15.5
dg_p145_a0,disagreement_gate,4e7fde4dab87276509527f92c5a0ebc565bbf40871b61012a2258f92268e0895,-9.40625
dg_p145_a1,base,4e7fde4dab87276509527f92c5a0ebc565bbf40871b61012a2258f92268e0895,-9.40625
dg_p145_a1,parm_fixed,b36bb35c3b53670a3c2891cd1f709f44dc53f0f92bb441d918012e78fdadf75a,15.3515625
dg_p145_a1,midpoint,7b3f2277e60a69661513b6383601cb40f6c42971abfc1de83b7893e7d274f5b9,8.2421875
dg_p145_a1,disagreement_gate,4e7fde4dab87276509527f92c5a0ebc565bbf40871b61012a2258f92268e0895,-9.40625
dg_p145_a2,base,4e7fde4dab87276509527f92c5a0ebc565bbf40871b61012a2258f92268e0895,-9.40625
dg_p145_a2,parm_fixed,b36bb35c3b53670a3c2891cd1f709f44dc53f0f92bb441d918012e78fdadf75a,15.3515625
dg_p145_a2,midpoint,2d6677048936139c72bd615e9b5db54c50a4389cbd13dcdde9f9fab063898c78,15.4765625
dg_p145_a2,disagreement_gate,4e7fde4dab87276509527f92c5a0ebc565bbf40871b61012a2258f92268e0895,-9.40625
dg_p145_a3,base,4e7fde4dab87276509527f92c5a0ebc565bbf40871b61012a2258f92268e0895,-9.40625
dg_p145_a3,parm_fixed,cb1af0808f6b5c3f12ab7a516cf4c5862a624b09f5a49f9e0208c66a4d8f6688,3.173828125
dg_p145_a3,midpoint,7ef1fc3060cc1ccbf93fab8551b6fef9a626bea25b5d80981910863997e84a41,13.484375
dg_p145_a3,disagreement_gate,4e7fde4dab87276509527f92c5a0ebc565bbf40871b61012a2258f92268e0895,-9.40625
dg_p145_a4,base,4e7fde4dab87276509527f92c5a0ebc565bbf40871b61012a2258f92268e0895,-9.40625
dg_p145_a4,parm_fixed,92d034aa3139e72d2295bcf3c3044a005f30005f14118237fef67a1f5bb3e393,2.861328125
dg_p145_a4,midpoint,7ef1fc3060cc1ccbf93fab8551b6fef9a626bea25b5d80981910863997e84a41,13.484375
dg_p145_a4,disagreement_gate,4e7fde4dab87276509527f92c5a0ebc565bbf40871b61012a2258f92268e0895,-9.40625
dg_p146_a0,base,2cb4e180c72477bec718bc46d04f2955944155ab23e84dd96df293efca71304f,-1.974609375
dg_p146_a0,parm_fixed,168034e9255978199f770bb46ce3d9d1090cb87fb26ef81dc67ee22d11f46c6a,3.466796875
dg_p146_a0,midpoint,67464ce391b543d07729df779a20b1f0179ea7a1e748b0d7010c808435cefdb9,-0.029632568359375
dg_p146_a0,disagreement_gate,2cb4e180c72477bec718bc46d04f2955944155ab23e84dd96df293efca71304f,-1.974609375
dg_p146_a1,base,2cb4e180c72477bec718bc46d04f2955944155ab23e84dd96df293efca71304f,-1.974609375
dg_p146_a1,parm_fixed,2131495ce293f403edf5f404267637d30e9e5396266ca1bf8f60f61ba45159da,2.509765625
dg_p146_a1,midpoint,e2deba5e0bcb9f35c61fda71e9963d7bd944f47f0cc9d2b945dea9847b6f92a5,3.361328125
dg_p146_a1,disagreement_gate,2cb4e180c72477bec718bc46d04f2955944155ab23e84dd96df293efca71304f,-1.974609375
dg_p146_a2,base,2cb4e180c72477bec718bc46d04f2955944155ab23e84dd96df293efca71304f,-1.974609375
dg_p146_a2,parm_fixed,b61417c1be8c1cd41270ef2e67cdcf622af74f92290f5b949c38690c1041b9cf,1.15234375
dg_p146_a2,midpoint,c02312eb7c856b289789d29c898f7f86513d102db7c1e1ac64a8ab0df898d228,3.005859375
dg_p146_a2,disagreement_gate,2cb4e180c72477bec718bc46d04f2955944155ab23e84dd96df293efca71304f,-1.974609375
dg_p146_a3,base,2cb4e180c72477bec718bc46d04f2955944155ab23e84dd96df293efca71304f,-1.974609375
dg_p146_a3,parm_fixed,146efb95d7fbcae2b4f4958408cb7bbd610d2a8f4de5658d1b667cdbc41f7b4f,-6.0625
dg_p146_a3,midpoint,c02312eb7c856b289789d29c898f7f86513d102db7c1e1ac64a8ab0df898d228,3.005859375
dg_p146_a3,disagreement_gate,2cb4e180c72477bec718bc46d04f2955944155ab23e84dd96df293efca71304f,-1.974609375
dg_p146_a4,base,2cb4e180c72477bec718bc46d04f2955944155ab23e84dd96df293efca71304f,-1.974609375
dg_p146_a4,parm_fixed,c5a2e0513804a3c42e112e725f5fdc769d6a60fa47f4aa0110e43985f9a49856,-5.890625
dg_p146_a4,midpoint,6c5422e2e24c7dd900df6dd7c4ceb8e1a651ecc50271449ac1ea3f2b90001e7f,1.0390625
dg_p146_a4,disagreement_gate,2cb4e180c72477bec718bc46d04f2955944155ab23e84dd96df293efca71304f,-1.974609375
dg_p147_a0,base,743c7b8c9ac850574c3ca43d4463182713fe74db10e4006c9ec7c7fa9dd501aa,-7.65625
dg_p147_a0,parm_fixed,8b3ba25137e2bdf157eba094cb3e91b4a01ce765fca5785310327e01c2e8c348,5.52734375
dg_p147_a0,midpoint,dcae7e3670e0b67cc7ed081ee11493e221b289b947a7d66a2cebaa94031ad4ce,3.533203125
dg_p147_a0,disagreement_gate,743c7b8c9ac850574c3ca43d4463182713fe74db10e4006c9ec7c7fa9dd501aa,-7.65625
dg_p147_a1,base,743c7b8c9ac850574c3ca43d4463182713fe74db10e4006c9ec7c7fa9dd501aa,-7.65625
dg_p147_a1,parm_fixed,6395147f086bf8904195a1fdd4bb6be80294694a4d59f050f88a17f13f7fbb4d,2.796875
dg_p147_a1,midpoint,dcae7e3670e0b67cc7ed081ee11493e221b289b947a7d66a2cebaa94031ad4ce,3.533203125
dg_p147_a1,disagreement_gate,743c7b8c9ac850574c3ca43d4463182713fe74db10e4006c9ec7c7fa9dd501aa,-7.65625
dg_p147_a2,base,743c7b8c9ac850574c3ca43d4463182713fe74db10e4006c9ec7c7fa9dd501aa,-7.65625
dg_p147_a2,parm_fixed,9d38df4f4a329249506a8ac6f3432479f25ae98b8ab2a274ff8cc8d47242d77a,1.9609375
dg_p147_a2,midpoint,72680725dbb0fa006b6d4fdbeaa45495cf16b968427bee9fb264a975d12564b4,3.064453125
dg_p147_a2,disagreement_gate,743c7b8c9ac850574c3ca43d4463182713fe74db10e4006c9ec7c7fa9dd501aa,-7.65625
dg_p147_a3,base,743c7b8c9ac850574c3ca43d4463182713fe74db10e4006c9ec7c7fa9dd501aa,-7.65625
dg_p147_a3,parm_fixed,2e8d1ff3f99dacd9f0616481b845f691d3d41fb854ba460e5f2e762d3538e235,1.552734375
dg_p147_a3,midpoint,72680725dbb0fa006b6d4fdbeaa45495cf16b968427bee9fb264a975d12564b4,3.064453125
dg_p147_a3,disagreement_gate,743c7b8c9ac850574c3ca43d4463182713fe74db10e4006c9ec7c7fa9dd501aa,-7.65625
dg_p147_a4,base,743c7b8c9ac850574c3ca43d4463182713fe74db10e4006c9ec7c7fa9dd501aa,-7.65625
dg_p147_a4,parm_fixed,c39b687dd158624317c5199a22e4e021e316974d5ce578081cc1030f5d641bc3,0.9365234375
dg_p147_a4,midpoint,72680725dbb0fa006b6d4fdbeaa45495cf16b968427bee9fb264a975d12564b4,3.064453125
dg_p147_a4,disagreement_gate,743c7b8c9ac850574c3ca43d4463182713fe74db10e4006c9ec7c7fa9dd501aa,-7.65625
dg_p148_a0,base,d34de7e84241d3bd9b6f6b0f970bf01f5bd978aac195ef0222f3563e47ae6d96,-12.203125
dg_p148_a0,parm_fixed,161b9f870441e4dc4f745ae57c96e163c73b3decfcfbd5e0402cf85a949a1d0b,-5.82421875
dg_p148_a0,midpoint,874820f33891e0e8e47cd0d0b61f51991b49ecba9cf8cea9cceb2e2932488d81,-12.5859375
dg_p148_a0,disagreement_gate,d34de7e84241d3bd9b6f6b0f970bf01f5bd978aac195ef0222f3563e47ae6d96,-12.203125
dg_p148_a1,base,d34de7e84241d3bd9b6f6b0f970bf01f5bd978aac195ef0222f3563e47ae6d96,-12.203125
dg_p148_a1,parm_fixed,161b9f870441e4dc4f745ae57c96e163c73b3decfcfbd5e0402cf85a949a1d0b,-5.82421875
dg_p148_a1,midpoint,874820f33891e0e8e47cd0d0b61f51991b49ecba9cf8cea9cceb2e2932488d81,-12.5859375
dg_p148_a1,disagreement_gate,d34de7e84241d3bd9b6f6b0f970bf01f5bd978aac195ef0222f3563e47ae6d96,-12.203125
dg_p148_a2,base,d34de7e84241d3bd9b6f6b0f970bf01f5bd978aac195ef0222f3563e47ae6d96,-12.203125
dg_p148_a2,parm_fixed,36d43dc50cfc02620f6fc1e11dea4d2e85ad26b2bc96d2c3432957d6c32ca436,-9.140625
dg_p148_a2,midpoint,874820f33891e0e8e47cd0d0b61f51991b49ecba9cf8cea9cceb2e2932488d81,-12.5859375
dg_p148_a2,disagreement_gate,d34de7e84241d3bd9b6f6b0f970bf01f5bd978aac195ef0222f3563e47ae6d96,-12.203125
dg_p148_a3,base,d34de7e84241d3bd9b6f6b0f970bf01f5bd978aac195ef0222f3563e47ae6d96,-12.203125
dg_p148_a3,parm_fixed,1335fc584635845cc8db75129dda1522b9400b1393434d75b2d93a8feee2ea18,2.5390625
dg_p148_a3,midpoint,e746c8531dca39297ce065774603e740a44d2961f2984fabdac1595adb9abb30,-11.46875
dg_p148_a3,disagreement_gate,d34de7e84241d3bd9b6f6b0f970bf01f5bd978aac195ef0222f3563e47ae6d96,-12.203125
dg_p148_a4,base,d34de7e84241d3bd9b6f6b0f970bf01f5bd978aac195ef0222f3563e47ae6d96,-12.203125
dg_p148_a4,parm_fixed,0e626dfc4da001db374a4d141c32fefba462ec1be2eb2407d69d74ee6997def9,-11.6328125
dg_p148_a4,midpoint,ace7d37d91994c6d9f83ff740c8f7f8b1991511914ad5a952313e3c573473db5,-8.1328125
dg_p148_a4,disagreement_gate,d34de7e84241d3bd9b6f6b0f970bf01f5bd978aac195ef0222f3563e47ae6d96,-12.203125
dg_p149_a0,base,a7d233f41b12ce34b24d1455fba357ac19f6144fed31f6a8ee8eca263f2def12,15.8984375
dg_p149_a0,parm_fixed,fbf67313280302fd0c1441c1c94bc7dbfbc26baf9107f51aa390301a93b92391,14.2421875
dg_p149_a0,midpoint,0e24ee68f6d4fcfe5771b7a1cf718b6bcebb4105cc0671344fc03fa1f76d0b30,15.0625
dg_p149_a0,disagreement_gate,a7d233f41b12ce34b24d1455fba357ac19f6144fed31f6a8ee8eca263f2def12,15.8984375
dg_p149_a1,base,a7d233f41b12ce34b24d1455fba357ac19f6144fed31f6a8ee8eca263f2def12,15.8984375
dg_p149_a1,parm_fixed,d0bfb8e390af098058d4cea00a41991c014c76f3f1bb58c951389c4958f2041a,18.046875
dg_p149_a1,midpoint,1a8fa56ef35b757beead28ae7cd4bf7b32e39df455e469759acd9f7863b35963,19.515625
dg_p149_a1,disagreement_gate,a7d233f41b12ce34b24d1455fba357ac19f6144fed31f6a8ee8eca263f2def12,15.8984375
dg_p149_a2,base,a7d233f41b12ce34b24d1455fba357ac19f6144fed31f6a8ee8eca263f2def12,15.8984375
dg_p149_a2,parm_fixed,7ce41b84c704157d182ce7e530623b0a3f757707c5ade0f29b1c9dae4c716fdb,17.875
dg_p149_a2,midpoint,1a8fa56ef35b757beead28ae7cd4bf7b32e39df455e469759acd9f7863b35963,19.515625
dg_p149_a2,disagreement_gate,a7d233f41b12ce34b24d1455fba357ac19f6144fed31f6a8ee8eca263f2def12,15.8984375
dg_p149_a3,base,a7d233f41b12ce34b24d1455fba357ac19f6144fed31f6a8ee8eca263f2def12,15.8984375
dg_p149_a3,parm_fixed,5493639f1b00d21b7182e0012818649d83466088614cfa28b6ae3d94a5cb803d,19.203125
dg_p149_a3,midpoint,5e188c5f8985a1aa3a1f4c89c6a3d269bd1d033ce50b020f8639fe8c8e6e795e,9.8125
dg_p149_a3,disagreement_gate,a7d233f41b12ce34b24d1455fba357ac19f6144fed31f6a8ee8eca263f2def12,15.8984375
dg_p149_a4,base,a7d233f41b12ce34b24d1455fba357ac19f6144fed31f6a8ee8eca263f2def12,15.8984375
dg_p149_a4,parm_fixed,bad5fc001344006ae5b4a7ade6c208f9f1625b54161b2bd396bdd6d5ea939643,17.90625
dg_p149_a4,midpoint,50bf092a89a5fb81a52aad4b7475c4857a28c30e7b1c7a1c438cee0a3dfd0154,4.66796875
dg_p149_a4,disagreement_gate,a7d233f41b12ce34b24d1455fba357ac19f6144fed31f6a8ee8eca263f2def12,15.8984375
dg_p150_a0,base,bcdef4aa2d93748335e6b0e35947f207df0188a0fac11be603012c8bd9920c84,1.705078125
dg_p150_a0,parm_fixed,47d210ecc9ec72ce7dfc1d17a16d86337793ba8139094fcdfce9a9f26e11a99c,3.7421875
dg_p150_a0,midpoint,3725b5c979575f4b6f9650e9e780a00d8326febd559f98e0d58277cf89231577,15.1484375
dg_p150_a0,disagreement_gate,bcdef4aa2d93748335e6b0e35947f207df0188a0fac11be603012c8bd9920c84,1.705078125
dg_p150_a1,base,bcdef4aa2d93748335e6b0e35947f207df0188a0fac11be603012c8bd9920c84,1.705078125
dg_p150_a1,parm_fixed,47d210ecc9ec72ce7dfc1d17a16d86337793ba8139094fcdfce9a9f26e11a99c,3.7421875
dg_p150_a1,midpoint,3725b5c979575f4b6f9650e9e780a00d8326febd559f98e0d58277cf89231577,15.1484375
dg_p150_a1,disagreement_gate,bcdef4aa2d93748335e6b0e35947f207df0188a0fac11be603012c8bd9920c84,1.705078125
dg_p150_a2,base,bcdef4aa2d93748335e6b0e35947f207df0188a0fac11be603012c8bd9920c84,1.705078125
dg_p150_a2,parm_fixed,47d210ecc9ec72ce7dfc1d17a16d86337793ba8139094fcdfce9a9f26e11a99c,3.7421875
dg_p150_a2,midpoint,3725b5c979575f4b6f9650e9e780a00d8326febd559f98e0d58277cf89231577,15.1484375
dg_p150_a2,disagreement_gate,bcdef4aa2d93748335e6b0e35947f207df0188a0fac11be603012c8bd9920c84,1.705078125
dg_p150_a3,base,bcdef4aa2d93748335e6b0e35947f207df0188a0fac11be603012c8bd9920c84,1.705078125
dg_p150_a3,parm_fixed,47d210ecc9ec72ce7dfc1d17a16d86337793ba8139094fcdfce9a9f26e11a99c,3.7421875
dg_p150_a3,midpoint,aea81c222517b581b0a5a2016d0b46c7ff016627b8c0a1793668f7fde44e4e1a,15.6875
dg_p150_a3,disagreement_gate,bcdef4aa2d93748335e6b0e35947f207df0188a0fac11be603012c8bd9920c84,1.705078125
dg_p150_a4,base,bcdef4aa2d93748335e6b0e35947f207df0188a0fac11be603012c8bd9920c84,1.705078125
dg_p150_a4,parm_fixed,f25dd1f7d40703c4df11c3cc522ff1d80513d929daac3208f600e92312f596b8,7.30078125
dg_p150_a4,midpoint,555279fe9a409808c744b7b30a4ccf4848c9fa10e7ae556a47a242c3099f0f33,13.8203125
dg_p150_a4,disagreement_gate,bcdef4aa2d93748335e6b0e35947f207df0188a0fac11be603012c8bd9920c84,1.705078125
dg_p151_a0,base,b57e00cf3f51567b2f0f82af03bc0282d5468a730c4adf140b4b23d03bd683e2,-13.3125
dg_p151_a0,parm_fixed,b4319c80f87a57fe84947755949e9814815959094fea3412e849cf51d1ead2b2,10.2734375
dg_p151_a0,midpoint,0c654efcab390df3e7ff3fb196473eaaf297214fc047f8a6901df85fc3bfbb80,11.5234375
dg_p151_a0,disagreement_gate,b57e00cf3f51567b2f0f82af03bc0282d5468a730c4adf140b4b23d03bd683e2,-13.3125
dg_p151_a1,base,b57e00cf3f51567b2f0f82af03bc0282d5468a730c4adf140b4b23d03bd683e2,-13.3125
dg_p151_a1,parm_fixed,3cfb7cfec808d9591ca8dee7b9bf9dc2ff7f28c9e5c4a965af562f35ba797159,2.33203125
dg_p151_a1,midpoint,9989699332a57ee98f90b5b766d041267c2ee504f3b990b3f997320f1d692935,-10.0546875
dg_p151_a1,disagreement_gate,b57e00cf3f51567b2f0f82af03bc0282d5468a730c4adf140b4b23d03bd683e2,-13.3125
dg_p151_a2,base,b57e00cf3f51567b2f0f82af03bc0282d5468a730c4adf140b4b23d03bd683e2,-13.3125
dg_p151_a2,parm_fixed,8f1fc91e6b6bc72feaadd1225d4875d6e61fbbeb60c21cff0626dbdb756a5cd3,-6.65625
dg_p151_a2,midpoint,9989699332a57ee98f90b5b766d041267c2ee504f3b990b3f997320f1d692935,-10.0546875
dg_p151_a2,disagreement_gate,b57e00cf3f51567b2f0f82af03bc0282d5468a730c4adf140b4b23d03bd683e2,-13.3125
dg_p151_a3,base,b57e00cf3f51567b2f0f82af03bc0282d5468a730c4adf140b4b23d03bd683e2,-13.3125
dg_p151_a3,parm_fixed,dcc6ec71bd8a010dd2c9b4ed08302ce25df023212701b6f5087849c0c0d05e04,-6.921875
dg_p151_a3,midpoint,df46bd623a7ca964accaea396d70b75db969d4b41a541a0a2b14a7449af4f64f,-13.828125
dg_p151_a3,disagreement_gate,b57e00cf3f51567b2f0f82af03bc0282d5468a730c4adf140b4b23d03bd683e2,-13.3125
dg_p151_a4,base,b57e00cf3f51567b2f0f82af03bc0282d5468a730c4adf140b4b23d03bd683e2,-13.3125
dg_p151_a4,parm_fixed,a6f805e6aa82ca81d58e4ae871a6b689fa05f1b4318ae55813e97fef3531b7fd,-13.671875
dg_p151_a4,midpoint,81b4c45bf91964a314db889c5fb47318f19e8896e9c6d3f985774f324b956d70,-14.765625
dg_p151_a4,disagreement_gate,b57e00cf3f51567b2f0f82af03bc0282d5468a730c4adf140b4b23d03bd683e2,-13.3125
dg_p152_a0,base,533393f9bc6a96d7a2a16c4cf34dab1752b31d7280f9d1f5f873a534312cb02a,0.309326171875
dg_p152_a0,parm_fixed,f1ffeecf1f6da5b9a2b1e800679b953743ca30cd39c7096153e89c8b013f88e8,-5.20703125
dg_p152_a0,midpoint,944c97fa8de279e9965157f1744e3ad67973a165d16d1d5e9fa1f8a0faf8c850,-1.181640625
dg_p152_a0,disagreement_gate,533393f9bc6a96d7a2a16c4cf34dab1752b31d7280f9d1f5f873a534312cb02a,0.309326171875
dg_p152_a1,base,533393f9bc6a96d7a2a16c4cf34dab1752b31d7280f9d1f5f873a534312cb02a,0.309326171875
dg_p152_a1,parm_fixed,f1ffeecf1f6da5b9a2b1e800679b953743ca30cd39c7096153e89c8b013f88e8,-5.20703125
dg_p152_a1,midpoint,944c97fa8de279e9965157f1744e3ad67973a165d16d1d5e9fa1f8a0faf8c850,-1.181640625
dg_p152_a1,disagreement_gate,533393f9bc6a96d7a2a16c4cf34dab1752b31d7280f9d1f5f873a534312cb02a,0.309326171875
dg_p152_a2,base,533393f9bc6a96d7a2a16c4cf34dab1752b31d7280f9d1f5f873a534312cb02a,0.309326171875
dg_p152_a2,parm_fixed,f1ffeecf1f6da5b9a2b1e800679b953743ca30cd39c7096153e89c8b013f88e8,-5.20703125
dg_p152_a2,midpoint,944c97fa8de279e9965157f1744e3ad67973a165d16d1d5e9fa1f8a0faf8c850,-1.181640625
dg_p152_a2,disagreement_gate,533393f9bc6a96d7a2a16c4cf34dab1752b31d7280f9d1f5f873a534312cb02a,0.309326171875
dg_p152_a3,base,533393f9bc6a96d7a2a16c4cf34dab1752b31d7280f9d1f5f873a534312cb02a,0.309326171875
dg_p152_a3,parm_fixed,3de8c82bc940682f742607b35ab2411e6f74f677964856f4777f1b8248c67aa7,-2.228515625
dg_p152_a3,midpoint,944c97fa8de279e9965157f1744e3ad67973a165d16d1d5e9fa1f8a0faf8c850,-1.181640625
dg_p152_a3,disagreement_gate,533393f9bc6a96d7a2a16c4cf34dab1752b31d7280f9d1f5f873a534312cb02a,0.309326171875
dg_p152_a4,base,533393f9bc6a96d7a2a16c4cf34dab1752b31d7280f9d1f5f873a534312cb02a,0.309326171875
dg_p152_a4,parm_fixed,3de8c82bc940682f742607b35ab2411e6f74f677964856f4777f1b8248c67aa7,-2.228515625
dg_p152_a4,midpoint,944c97fa8de279e9965157f1744e3ad67973a165d16d1d5e9fa1f8a0faf8c850,-1.181640625
dg_p152_a4,disagreement_gate,533393f9bc6a96d7a2a16c4cf34dab1752b31d7280f9d1f5f873a534312cb02a,0.309326171875
dg_p153_a0,base,1253c7a2306f0ea661cf1bd7eb3d5f24020db9faf10fe0b5906bb49d85545fcb,11.1484375
dg_p153_a0,parm_fixed,1d4d0a1577b3672dd4747e6892004d9155e736ee8e7e2652f7f17fa27d633514,22.390625
dg_p153_a0,midpoint,e237ce3f8101e9b6a04fa193138932b9cdd5ec032970bd50f915b45564d91728,16.71875
dg_p153_a0,disagreement_gate,1253c7a2306f0ea661cf1bd7eb3d5f24020db9faf10fe0b5906bb49d85545fcb,11.1484375
dg_p153_a1,base,1253c7a2306f0ea661cf1bd7eb3d5f24020db9faf10fe0b5906bb49d85545fcb,11.1484375
dg_p153_a1,parm_fixed,1d4d0a1577b3672dd4747e6892004d9155e736ee8e7e2652f7f17fa27d633514,22.390625
dg_p153_a1,midpoint,e237ce3f8101e9b6a04fa193138932b9cdd5ec032970bd50f915b45564d91728,16.71875
dg_p153_a1,disagreement_gate,1253c7a2306f0ea661cf1bd7eb3d5f24020db9faf10fe0b5906bb49d85545fcb,11.1484375
dg_p153_a2,base,1253c7a2306f0ea661cf1bd7eb3d5f24020db9faf10fe0b5906bb49d85545fcb,11.1484375
dg_p153_a2,parm_fixed,44b3eb54dae620c5c396af1abd6d5917a396facadb3f3385e91b7a4a2d18c19d,24.234375
dg_p153_a2,midpoint,9730fdb78514626944fa0e2bbc1c7ba016f8f6b692bf44d369e7d0ef49801de4,17.171875
dg_p153_a2,disagreement_gate,1253c7a2306f0ea661cf1bd7eb3d5f24020db9faf10fe0b5906bb49d85545fcb,11.1484375
dg_p153_a3,base,1253c7a2306f0ea661cf1bd7eb3d5f24020db9faf10fe0b5906bb49d85545fcb,11.1484375
dg_p153_a3,parm_fixed,e71c8e936ee2977dce6a39e2a98d60073817fe3134553f350bf96f6738e633a3,11.4609375
dg_p153_a3,midpoint,58effbe74a4c82dc1716fa11a1310082087eb8ec296037229094d5fbf141501b,9.0234375
dg_p153_a3,disagreement_gate,1253c7a2306f0ea661cf1bd7eb3d5f24020db9faf10fe0b5906bb49d85545fcb,11.1484375
dg_p153_a4,base,1253c7a2306f0ea661cf1bd7eb3d5f24020db9faf10fe0b5906bb49d85545fcb,11.1484375
dg_p153_a4,parm_fixed,f1d3a9c79b3af809b564c69fd81090ba6088756961c0e463e916f066eef46251,12.6328125
dg_p153_a4,midpoint,7a6b0a4c7f1bf72ce17ea790483c5a825598aaa79389e03876524a08dc38bdec,13.6875
dg_p153_a4,disagreement_gate,1253c7a2306f0ea661cf1bd7eb3d5f24020db9faf10fe0b5906bb49d85545fcb,11.1484375
dg_p154_a0,base,dc823583ac4c24ccb577da56b3f06ed9bf637f69b29734046848a683b3021ede,-8.1796875
dg_p154_a0,parm_fixed,5e3443cc844b5efd3511076c5c38a4769d40ac3dca3f0b6ae75d6f69961ebad1,-4.4609375
dg_p154_a0,midpoint,601c2fa82d5af167eec4382536baeefcaa36f793ee2e9958beea23651386a2b5,-2.53515625
dg_p154_a0,disagreement_gate,dc823583ac4c24ccb577da56b3f06ed9bf637f69b29734046848a683b3021ede,-8.1796875
dg_p154_a1,base,dc823583ac4c24ccb577da56b3f06ed9bf637f69b29734046848a683b3021ede,-8.1796875
dg_p154_a1,parm_fixed,5e3443cc844b5efd3511076c5c38a4769d40ac3dca3f0b6ae75d6f69961ebad1,-4.4609375
dg_p154_a1,midpoint,601c2fa82d5af167eec4382536baeefcaa36f793ee2e9958beea23651386a2b5,-2.53515625
dg_p154_a1,disagreement_gate,dc823583ac4c24ccb577da56b3f06ed9bf637f69b29734046848a683b3021ede,-8.1796875
dg_p154_a2,base,dc823583ac4c24ccb577da56b3f06ed9bf637f69b29734046848a683b3021ede,-8.1796875
dg_p154_a2,parm_fixed,321cce265482b05f41fc47b4cc081c48f775685caf68cb5eddf0700700dc6f50,-6.03125
dg_p154_a2,midpoint,601c2fa82d5af167eec4382536baeefcaa36f793ee2e9958beea23651386a2b5,-2.53515625
dg_p154_a2,disagreement_gate,dc823583ac4c24ccb577da56b3f06ed9bf637f69b29734046848a683b3021ede,-8.1796875
dg_p154_a3,base,dc823583ac4c24ccb577da56b3f06ed9bf637f69b29734046848a683b3021ede,-8.1796875
dg_p154_a3,parm_fixed,093ebbc5eb8f22eba65679c07bfaa210855f807c32268ced101c9d4828811206,-1.490234375
dg_p154_a3,midpoint,601c2fa82d5af167eec4382536baeefcaa36f793ee2e9958beea23651386a2b5,-2.53515625
dg_p154_a3,disagreement_gate,dc823583ac4c24ccb577da56b3f06ed9bf637f69b29734046848a683b3021ede,-8.1796875
dg_p154_a4,base,dc823583ac4c24ccb577da56b3f06ed9bf637f69b29734046848a683b3021ede,-8.1796875
dg_p154_a4,parm_fixed,093ebbc5eb8f22eba65679c07bfaa210855f807c32268ced101c9d4828811206,-1.490234375
dg_p154_a4,midpoint,601c2fa82d5af167eec4382536baeefcaa36f793ee2e9958beea23651386a2b5,-2.53515625
dg_p154_a4,disagreement_gate,dc823583ac4c24ccb577da56b3f06ed9bf637f69b29734046848a683b3021ede,-8.1796875
dg_p155_a0,base,cd3826b2cfc9d3e7c81aeaf9ef2831e2717cd1e9290fba16cc1f01ad79301a17,-3.6328125
dg_p155_a0,parm_fixed,0e0c7267c06a60d03643c5b20f2cbad2dacfc5d3bd8b0d039cf0ef701979c103,3.26953125
dg_p155_a0,midpoint,d982ecd75e812e09e0020af90a5cbbc7917d837aea9015ab64dcd713a71bbaec,0.453369140625
dg_p155_a0,disagreement_gate,cd3826b2cfc9d3e7c81aeaf9ef2831e2717cd1e9290fba16cc1f01ad79301a17,-3.6328125
dg_p155_a1,base,cd3826b2cfc9d3e7c81aeaf9ef2831e2717cd1e9290fba16cc1f01ad79301a17,-3.6328125
dg_p155_a1,parm_fixed,0e0c7267c06a60d03643c5b20f2cbad2dacfc5d3bd8b0d039cf0ef701979c103,3.26953125
dg_p155_a1,midpoint,0e0c7267c06a60d03643c5b20f2cbad2dacfc5d3bd8b0d039cf0ef701979c103,3.26953125
dg_p155_a1,disagreement_gate,cd3826b2cfc9d3e7c81aeaf9ef2831e2717cd1e9290fba16cc1f01ad79301a17,-3.6328125
dg_p155_a2,base,cd3826b2cfc9d3e7c81aeaf9ef2831e2717cd1e9290fba16cc1f01ad79301a17,-3.6328125
dg_p155_a2,parm_fixed,0e0c7267c06a60d03643c5b20f2cbad2dacfc5d3bd8b0d039cf0ef701979c103,3.26953125
dg_p155_a2,midpoint,0e0c7267c06a60d03643c5b20f2cbad2dacfc5d3bd8b0d039cf0ef701979c103,3.26953125
dg_p155_a2,disagreement_gate,cd3826b2cfc9d3e7c81aeaf9ef2831e2717cd1e9290fba16cc1f01ad79301a17,-3.6328125
dg_p155_a3,base,cd3826b2cfc9d3e7c81aeaf9ef2831e2717cd1e9290fba16cc1f01ad79301a17,-3.6328125
dg_p155_a3,parm_fixed,0e0c7267c06a60d03643c5b20f2cbad2dacfc5d3bd8b0d039cf0ef701979c103,3.26953125
dg_p155_a3,midpoint,0e0c7267c06a60d03643c5b20f2cbad2dacfc5d3bd8b0d039cf0ef701979c103,3.26953125
dg_p155_a3,disagreement_gate,cd3826b2cfc9d3e7c81aeaf9ef2831e2717cd1e9290fba16cc1f01ad79301a17,-3.6328125
dg_p155_a4,base,cd3826b2cfc9d3e7c81aeaf9ef2831e2717cd1e9290fba16cc1f01ad79301a17,-3.6328125
dg_p155_a4,parm_fixed,0e0c7267c06a60d03643c5b20f2cbad2dacfc5d3bd8b0d039cf0ef701979c103,3.26953125
dg_p155_a4,midpoint,0e0c7267c06a60d03643c5b20f2cbad2dacfc5d3bd8b0d039cf0ef701979c103,3.26953125
dg_p155_a4,disagreement_gate,cd3826b2cfc9d3e7c81aeaf9ef2831e2717cd1e9290fba16cc1f01ad79301a17,-3.6328125
dg_p156_a0,base,b728119f8459ebd4a5916d50bddf12b15071638f222c444f56c7d1bbbf2261a7,11.8671875
dg_p156_a0,parm_fixed,6e580a2f064dbabef00839654a78bbf07ff9e5c9742581160fa9ac2d2b059102,13.5859375
dg_p156_a0,midpoint,5d1c28e36bae57094e89e07a788847349d7f0592711adbf3c1dc1c896b13d56c,23.578125
dg_p156_a0,disagreement_gate,b728119f8459ebd4a5916d50bddf12b15071638f222c444f56c7d1bbbf2261a7,11.8671875
dg_p156_a1,base,b728119f8459ebd4a5916d50bddf12b15071638f222c444f56c7d1bbbf2261a7,11.8671875
dg_p156_a1,parm_fixed,6e580a2f064dbabef00839654a78bbf07ff9e5c9742581160fa9ac2d2b059102,13.5859375
dg_p156_a1,midpoint,c2fdb40baf3a1328be174cc42daac25846b52a203d42f9414d2ce6f9076ef13e,6.3984375
dg_p156_a1,disagreement_gate,b728119f8459ebd4a5916d50bddf12b15071638f222c444f56c7d1bbbf2261a7,11.8671875
dg_p156_a2,base,b728119f8459ebd4a5916d50bddf12b15071638f222c444f56c7d1bbbf2261a7,11.8671875
dg_p156_a2,parm_fixed,7e35e62a68746f15ba5ad00ff9cc8dd498413f77403e3618a844ce0258d7f94c,14.2109375
dg_p156_a2,midpoint,586caf7550b73bb1af3db8a1e182e1542370f5ec630dfca073fb9a8f7f9f9bcc,11.1328125
dg_p156_a2,disagreement_gate,b728119f8459ebd4a5916d50bddf12b15071638f222c444f56c7d1bbbf2261a7,11.8671875
dg_p156_a3,base,b728119f8459ebd4a5916d50bddf12b15071638f222c444f56c7d1bbbf2261a7,11.8671875
dg_p156_a3,parm_fixed,5c98521273fa1ab612b159df7c0be248ca6d9450e060273b7eb0135fda634f4f,-7.921875
dg_p156_a3,midpoint,ad98dcab14abc91475c1c7a581cdffae1676e389f2f23eda48f12297db9cad2e,-9.0390625
dg_p156_a3,disagreement_gate,b728119f8459ebd4a5916d50bddf12b15071638f222c444f56c7d1bbbf2261a7,11.8671875
dg_p156_a4,base,b728119f8459ebd4a5916d50bddf12b15071638f222c444f56c7d1bbbf2261a7,11.8671875
dg_p156_a4,parm_fixed,50c566d0f91a47cd2902fea338c73d3b0a073a7859ee08a943dc9306a3db2c27,17.25
dg_p156_a4,midpoint,ad98dcab14abc91475c1c7a581cdffae1676e389f2f23eda48f12297db9cad2e,-9.0390625
dg_p156_a4,disagreement_gate,b728119f8459ebd4a5916d50bddf12b15071638f222c444f56c7d1bbbf2261a7,11.8671875
dg_p157_a0,base,cb9169611e58f9d1c57ff1f910e7967885a4f9aaf8ba4522c03631b46452d368,16.828125
dg_p157_a0,parm_fixed,a6a2fe2a6a7c1cf9baa14cd0527e7c95e04a8a5b9b3d8318568627485b5ff0b3,14.671875
dg_p157_a0,midpoint,3f113bc4002d2ce598902f2f41e344ad6352f9ec4b5af226d57f4ea2bbe9ec94,6.39453125
dg_p157_a0,disagreement_gate,cb9169611e58f9d1c57ff1f910e7967885a4f9aaf8ba4522c03631b46452d368,16.828125
dg_p157_a1,base,cb9169611e58f9d1c57ff1f910e7967885a4f9aaf8ba4522c03631b46452d368,16.828125
dg_p157_a1,parm_fixed,a6a2fe2a6a7c1cf9baa14cd0527e7c95e04a8a5b9b3d8318568627485b5ff0b3,14.671875
dg_p157_a1,midpoint,3c7e77aa4aa6cf338b5e1b5ade06fa71b7360550ea29d113d54cab8c445541ce,12.1171875
dg_p157_a1,disagreement_gate,cb9169611e58f9d1c57ff1f910e7967885a4f9aaf8ba4522c03631b46452d368,16.828125
dg_p157_a2,base,cb9169611e58f9d1c57ff1f910e7967885a4f9aaf8ba4522c03631b46452d368,16.828125
dg_p157_a2,parm_fixed,a6a2fe2a6a7c1cf9baa14cd0527e7c95e04a8a5b9b3d8318568627485b5ff0b3,14.671875
dg_p157_a2,midpoint,3c7e77aa4aa6cf338b5e1b5ade06fa71b7360550ea29d113d54cab8c445541ce,12.1171875
dg_p157_a2,disagreement_gate,cb9169611e58f9d1c57ff1f910e7967885a4f9aaf8ba4522c03631b46452d368,16.828125
dg_p157_a3,base,cb9169611e58f9d1c57ff1f910e7967885a4f9aaf8ba4522c03631b46452d368,16.828125
dg_p157_a3,parm_fixed,5e3dce0def023d94b7712aa77b94308b0846dd4025cd46140f2ad3929f607606,9.3359375
dg_p157_a3,midpoint,3c7e77aa4aa6cf338b5e1b5ade06fa71b7360550ea29d113d54cab8c445541ce,12.1171875
dg_p157_a3,disagreement_gate,cb9169611e58f9d1c57ff1f910e7967885a4f9aaf8ba4522c03631b46452d368,16.828125
dg_p157_a4,base,cb9169611e58f9d1c57ff1f910e7967885a4f9aaf8ba4522c03631b46452d368,16.828125
dg_p157_a4,parm_fixed,5e3dce0def023d94b7712aa77b94308b0846dd4025cd46140f2ad3929f607606,9.3359375
dg_p157_a4,midpoint,3c7e77aa4aa6cf338b5e1b5ade06fa71b7360550ea29d113d54cab8c445541ce,12.1171875
dg_p157_a4,disagreement_gate,cb9169611e58f9d1c57ff1f910e7967885a4f9aaf8ba4522c03631b46452d368,16.828125
dg_p158_a0,base,e7a3268cc9f5b0c70c730cdd0208090081f1ddf2d8253dce50eda8ba5f62c2e7,21.875
dg_p158_a0,parm_fixed,9b423c11932b069ae4108932fd2350e7ea771f8dfa67a0e897c8f2efc9c38557,22.625
dg_p158_a0,midpoint,0c4a6e37f3db2fa912942d901e530dcee0d7e410ef19d6540bfcab4ae23bd06d,-0.09161376953125
dg_p158_a0,disagreement_gate,e7a3268cc9f5b0c70c730cdd0208090081f1ddf2d8253dce50eda8ba5f62c2e7,21.875
dg_p158_a1,base,e7a3268cc9f5b0c70c730cdd0208090081f1ddf2d8253dce50eda8ba5f62c2e7,21.875
dg_p158_a1,parm_fixed,03d41dc1b060d2e427003202f62278c85a6b7043a816ea940b9b2fd8f6ecebf8,22.296875
dg_p158_a1,midpoint,87376270851d057a45487b0aa33ea0f70c750b5c7276be89fda3b500f393f92b,23.046875
dg_p158_a1,disagreement_gate,e7a3268cc9f5b0c70c730cdd0208090081f1ddf2d8253dce50eda8ba5f62c2e7,21.875
dg_p158_a2,base,e7a3268cc9f5b0c70c730cdd0208090081f1ddf2d8253dce50eda8ba5f62c2e7,21.875
dg_p158_a2,parm_fixed,03d41dc1b060d2e427003202f62278c85a6b7043a816ea940b9b2fd8f6ecebf8,22.296875
dg_p158_a2,midpoint,555a705151519d3f2d220b4af1aca834c5fecd5930bc752b1b9c3a8f1ec7ba7c,20.390625
dg_p158_a2,disagreement_gate,e7a3268cc9f5b0c70c730cdd0208090081f1ddf2d8253dce50eda8ba5f62c2e7,21.875
dg_p158_a3,base,e7a3268cc9f5b0c70c730cdd0208090081f1ddf2d8253dce50eda8ba5f62c2e7,21.875
dg_p158_a3,parm_fixed,cdcc2a1b389a9ab19d49cb3f17d4d83ee060ed34825ca2323e28e75b60679818,8.4453125
dg_p158_a3,midpoint,48bd742d662415141aa5ade22ca4a4a2dbb1731dd8a1fe7a18fecdfa3802e044,11.03125
dg_p158_a3,disagreement_gate,e7a3268cc9f5b0c70c730cdd0208090081f1ddf2d8253dce50eda8ba5f62c2e7,21.875
dg_p158_a4,base,e7a3268cc9f5b0c70c730cdd0208090081f1ddf2d8253dce50eda8ba5f62c2e7,21.875
dg_p158_a4,parm_fixed,28c16c6350475c5b82cef37ffa3d03d8d42a8342f56a52c61f49f867e6310824,15.625
dg_p158_a4,midpoint,f0b7acc1fdf76121d9cba49bff16cb28463943b322bf054fb7e9c811632c9964,9.1796875
dg_p158_a4,disagreement_gate,e7a3268cc9f5b0c70c730cdd0208090081f1ddf2d8253dce50eda8ba5f62c2e7,21.875
dg_p159_a0,base,dd6c51ca2b0a2bbb85994dae65a7a9f6725d0793ea825b02aed870fc3e8e52d0,-2.234375
dg_p159_a0,parm_fixed,568f8c629530819dff3d874f5a3addd6616e3eb14d420d5fb8e50aceef1e7844,20.734375
dg_p159_a0,midpoint,a71499166414388073f9bdf8ec03a3025092b5ff77a7bd292a80f68b82fbcdb2,21.09375
dg_p159_a0,disagreement_gate,dd6c51ca2b0a2bbb85994dae65a7a9f6725d0793ea825b02aed870fc3e8e52d0,-2.234375
dg_p159_a1,base,dd6c51ca2b0a2bbb85994dae65a7a9f6725d0793ea825b02aed870fc3e8e52d0,-2.234375
dg_p159_a1,parm_fixed,f7658cda76744f1558e8127d23a6746eb57576dd9c7fba69e916e311b965759b,11.2421875
dg_p159_a1,midpoint,6efa2a7e826e9b1bb980c346552233e4cabeaec6507f71b1b9b1e0c798701be7,11.1484375
dg_p159_a1,disagreement_gate,dd6c51ca2b0a2bbb85994dae65a7a9f6725d0793ea825b02aed870fc3e8e52d0,-2.234375
dg_p159_a2,base,dd6c51ca2b0a2bbb85994dae65a7a9f6725d0793ea825b02aed870fc3e8e52d0,-2.234375
dg_p159_a2,parm_fixed,9b78790b124ea12641ec19c7ca2796d11025157b650b481a160afc789713e734,9.046875
dg_p159_a2,midpoint,6efa2a7e826e9b1bb980c346552233e4cabeaec6507f71b1b9b1e0c798701be7,11.1484375
dg_p159_a2,disagreement_gate,dd6c51ca2b0a2bbb85994dae65a7a9f6725d0793ea825b02aed870fc3e8e52d0,-2.234375
dg_p159_a3,base,dd6c51ca2b0a2bbb85994dae65a7a9f6725d0793ea825b02aed870fc3e8e52d0,-2.234375
dg_p159_a3,parm_fixed,191d6f1ebf3fa834bad71465987a2c9afd913ab677255c6ebd8823ab80a3ebfd,9.2890625
dg_p159_a3,midpoint,8bd61080be4ec680d662b2786a5e7fa21d378ba47281dfd261a645e938a43f7a,16.65625
dg_p159_a3,disagreement_gate,dd6c51ca2b0a2bbb85994dae65a7a9f6725d0793ea825b02aed870fc3e8e52d0,-2.234375
dg_p159_a4,base,dd6c51ca2b0a2bbb85994dae65a7a9f6725d0793ea825b02aed870fc3e8e52d0,-2.234375
dg_p159_a4,parm_fixed,c9a141a41c0d0418645bee6d9da0016191c6f59c6d0a92828dddf7ee992e77b7,10.71875
dg_p159_a4,midpoint,cc98a11994163c45d98223f9c37758102dc019522feabbd6eff1f4a8cb40ca9d,10.7265625
dg_p159_a4,disagreement_gate,dd6c51ca2b0a2bbb85994dae65a7a9f6725d0793ea825b02aed870fc3e8e52d0,-2.234375
dg_p160_a0,base,147c344f5844ebbc717b816b9098d2f9be5cbdc5d64f6137335f092f3e8854f7,-9.1640625
dg_p160_a0,parm_fixed,e3231d717ec814b9c8d57ed2a2f783afac151f5d0df195ce5fb56827fec15f25,4.0078125
dg_p160_a0,midpoint,d33377326378e7cf87b3799c36b9e1779d64b2c579b72134d3952bd856257103,12.578125
dg_p160_a0,disagreement_gate,147c344f5844ebbc717b816b9098d2f9be5cbdc5d64f6137335f092f3e8854f7,-9.1640625
dg_p160_a1,base,147c344f5844ebbc717b816b9098d2f9be5cbdc5d64f6137335f092f3e8854f7,-9.1640625
dg_p160_a1,parm_fixed,914363765964f4ef1cbdf06e24b893fea76a277713229a54a191e739cd2d4228,9.2109375
dg_p160_a1,midpoint,d33377326378e7cf87b3799c36b9e1779d64b2c579b72134d3952bd856257103,12.578125
dg_p160_a1,disagreement_gate,147c344f5844ebbc717b816b9098d2f9be5cbdc5d64f6137335f092f3e8854f7,-9.1640625
dg_p160_a2,base,147c344f5844ebbc717b816b9098d2f9be5cbdc5d64f6137335f092f3e8854f7,-9.1640625
dg_p160_a2,parm_fixed,914363765964f4ef1cbdf06e24b893fea76a277713229a54a191e739cd2d4228,9.2109375
dg_p160_a2,midpoint,e8accec8d463027f3cd5798a165dc316b9efe41a9f3e7979004aa7755438a75b,10.7109375
dg_p160_a2,disagreement_gate,147c344f5844ebbc717b816b9098d2f9be5cbdc5d64f6137335f092f3e8854f7,-9.1640625
dg_p160_a3,base,147c344f5844ebbc717b816b9098d2f9be5cbdc5d64f6137335f092f3e8854f7,-9.1640625
dg_p160_a3,parm_fixed,73c3e823c44a47832c1ce1f5c87eaab024a108ca94ff33f78a25a6b223d42b93,8.0390625
dg_p160_a3,midpoint,e8accec8d463027f3cd5798a165dc316b9efe41a9f3e7979004aa7755438a75b,10.7109375
dg_p160_a3,disagreement_gate,147c344f5844ebbc717b816b9098d2f9be5cbdc5d64f6137335f092f3e8854f7,-9.1640625
dg_p160_a4,base,147c344f5844ebbc717b816b9098d2f9be5cbdc5d64f6137335f092f3e8854f7,-9.1640625
dg_p160_a4,parm_fixed,ed14ff3abca2d6adf6b446382cdb77d9ffffb13a735e843cab00edcb9c5b0021,5.359375
dg_p160_a4,midpoint,f8235cec77636a6d3bbb767c5e897c889a1541636024c84e4b19b80eb4f7a2d6,7.12890625
dg_p160_a4,disagreement_gate,147c344f5844ebbc717b816b9098d2f9be5cbdc5d64f6137335f092f3e8854f7,-9.1640625
dg_p161_a0,base,0aef71844d02b975ce9511ff854fab4238860ec7dfdbde8723d2ff041f6dab47,11.84375
dg_p161_a0,parm_fixed,39a96851d760e5af02276669356be7d4704b5f4533466a690180106129bade39,3.64453125
dg_p161_a0,midpoint,aa0ecfa1810b6a20c95d3446f7924ce6221515a4298fc8eac14244cde2dab95e,22.875
dg_p161_a0,disagreement_gate,0aef71844d02b975ce9511ff854fab4238860ec7dfdbde8723d2ff041f6dab47,11.84375
dg_p161_a1,base,0aef71844d02b975ce9511ff854fab4238860ec7dfdbde8723d2ff041f6dab47,11.84375
dg_p161_a1,parm_fixed,a91ced3112990d52e0cc66f0fb01d24d043c7e310d2a444e3b78dbd48fd1dce1,-9.921875
dg_p161_a1,midpoint,4b4040f7155c18f0eb59601f846a76f8fa9075286aef6a6430c7b60e257550a1,31.125
dg_p161_a1,disagreement_gate,0aef71844d02b975ce9511ff854fab4238860ec7dfdbde8723d2ff041f6dab47,11.84375
dg_p161_a2,base,0aef71844d02b975ce9511ff854fab4238860ec7dfdbde8723d2ff041f6dab47,11.84375
dg_p161_a2,parm_fixed,9aa27a16192849f0986c7e68c0cd3fa035777f6f61daa95305b959dadf54835c,-18.875
dg_p161_a2,midpoint,d8f0d21476ae1fe7cd9745b25ecddcbb55e9b7dc91353b2f70c75fa56f2c1118,13.171875
dg_p161_a2,disagreement_gate,0aef71844d02b975ce9511ff854fab4238860ec7dfdbde8723d2ff041f6dab47,11.84375
dg_p161_a3,base,0aef71844d02b975ce9511ff854fab4238860ec7dfdbde8723d2ff041f6dab47,11.84375
dg_p161_a3,parm_fixed,760376aa79d2a4ad6ff29adb71cc51ba35990b71b89d4611c8d585bbad37327f,4.734375
dg_p161_a3,midpoint,5a2541810878f90af53a59b1f8dcef0f992e9c53baa15bec24f757580a9fad5a,2.142578125
dg_p161_a3,disagreement_gate,0aef71844d02b975ce9511ff854fab4238860ec7dfdbde8723d2ff041f6dab47,11.84375
dg_p161_a4,base,0aef71844d02b975ce9511ff854fab4238860ec7dfdbde8723d2ff041f6dab47,11.84375
dg_p161_a4,parm_fixed,4e0b93dd8beea7514f191af378b6509701690fb8b1168431f01f022e6186ddd6,-0.399658203125
dg_p161_a4,midpoint,5a2541810878f90af53a59b1f8dcef0f992e9c53baa15bec24f757580a9fad5a,2.142578125
dg_p161_a4,disagreement_gate,0aef71844d02b975ce9511ff854fab4238860ec7dfdbde8723d2ff041f6dab47,11.84375
dg_p162_a0,base,4fb24eadb30db5d4e537105c1fa03573d25f0617d5d2cb7a590def0113486c20,20.765625
dg_p162_a0,parm_fixed,961d8573524951da82a80b6ffda3231f7216da19645c9ef6c33d8d3e7f016e89,20.875
dg_p162_a0,midpoint,5e5494bb9302b7443bd0ea818dd0dc93067834fa0d8bbe71a092d6b0884c9187,15.3984375
dg_p162_a0,disagreement_gate,4fb24eadb30db5d4e537105c1fa03573d25f0617d5d2cb7a590def0113486c20,20.765625
dg_p162_a1,base,4fb24eadb30db5d4e537105c1fa03573d25f0617d5d2cb7a590def0113486c20,20.765625
dg_p162_a1,parm_fixed,b7adf5fc7f408ffcf317da56f19ac38dc9bc117bf53aff2cc33886888fdbc573,6.7421875
dg_p162_a1,midpoint,061127a316eeeed3766ff85099a32d673babef7f600d4098690642b19cd8acf7,24.5
dg_p162_a1,disagreement_gate,4fb24eadb30db5d4e537105c1fa03573d25f0617d5d2cb7a590def0113486c20,20.765625
dg_p162_a2,base,4fb24eadb30db5d4e537105c1fa03573d25f0617d5d2cb7a590def0113486c20,20.765625
dg_p162_a2,parm_fixed,f1036b797507ee47754f7770e3ea9c2161321ab5c4bfc53af87997477533476a,13.78125
dg_p162_a2,midpoint,061127a316eeeed3766ff85099a32d673babef7f600d4098690642b19cd8acf7,24.5
dg_p162_a2,disagreement_gate,4fb24eadb30db5d4e537105c1fa03573d25f0617d5d2cb7a590def0113486c20,20.765625
dg_p162_a3,base,4fb24eadb30db5d4e537105c1fa03573d25f0617d5d2cb7a590def0113486c20,20.765625
dg_p162_a3,parm_fixed,c7c9a5dd8751416828ea1e18095086a0c13e169b0dd4b9a692f24149a364f9e1,6.15234375
dg_p162_a3,midpoint,f47d477e0b9afffe33737367c59afec99bb4339c21227956c1297be54ae13d3f,9.1953125
dg_p162_a3,disagreement_gate,4fb24eadb30db5d4e537105c1fa03573d25f0617d5d2cb7a590def0113486c20,20.765625
dg_p162_a4,base,4fb24eadb30db5d4e537105c1fa03573d25f0617d5d2cb7a590def0113486c20,20.765625
dg_p162_a4,parm_fixed,de17192f5f7d48ece67062ca3dab82cc22d4ef28c047c96839cab688d206d484,6.734375
dg_p162_a4,midpoint,c66efddf14c0f3b3d6f0d501e3fde0eb96e659449c8f45e82d29fb7e6eafe0bf,11.015625
dg_p162_a4,disagreement_gate,4fb24eadb30db5d4e537105c1fa03573d25f0617d5d2cb7a590def0113486c20,20.765625
dg_p163_a0,base,1decdfe57eeb8fea2b013c7d074ea5ad6fcef12d509e96f00559ced2eada1f05,-2.2578125
dg_p163_a0,parm_fixed,c8430ca2cf1fdaca3142d72d01ff68a1a5779647e890ffbddc111b1e56440b4e,2.48828125
dg_p163_a0,midpoint,aacf8b99e0df89129cf61f8b5ead6adf4cdf13102484d75c91bdd90e9b456e87,-6.87109375
dg_p163_a0,disagreement_gate,1decdfe57eeb8fea2b013c7d074ea5ad6fcef12d509e96f00559ced2eada1f05,-2.2578125
dg_p163_a1,base,1decdfe57eeb8fea2b013c7d074ea5ad6fcef12d509e96f00559ced2eada1f05,-2.2578125
dg_p163_a1,parm_fixed,67dfe303ed4318f072014ec675d5d84233401b171c202bcb9c9aabbd093d72d8,3.849609375
dg_p163_a1,midpoint,6e0f957e5085845a002ec58ffa553131d5c7f34080f5d81037b00a697f9f68df,-6.34765625
dg_p163_a1,disagreement_gate,1decdfe57eeb8fea2b013c7d074ea5ad6fcef12d509e96f00559ced2eada1f05,-2.2578125
dg_p163_a2,base,1decdfe57eeb8fea2b013c7d074ea5ad6fcef12d509e96f00559ced2eada1f05,-2.2578125
dg_p163_a2,parm_fixed,c74afa23a97b4f41157f731155a04d1cf00d87c7bd4e7ce9328c46bf3dad0f79,3.294921875
dg_p163_a2,midpoint,6e0f957e5085845a002ec58ffa553131d5c7f34080f5d81037b00a697f9f68df,-6.34765625
dg_p163_a2,disagreement_gate,1decdfe57eeb8fea2b013c7d074ea5ad6fcef12d509e96f00559ced2eada1f05,-2.2578125
dg_p163_a3,base,1decdfe57eeb8fea2b013c7d074ea5ad6fcef12d509e96f00559ced2eada1f05,-2.2578125
dg_p163_a3,parm_fixed,c74afa23a97b4f41157f731155a04d1cf00d87c7bd4e7ce9328c46bf3dad0f79,3.294921875
dg_p163_a3,midpoint,6e0f957e5085845a002ec58ffa553131d5c7f34080f5d81037b00a697f9f68df,-6.34765625
dg_p163_a3,disagreement_gate,1decdfe57eeb8fea2b013c7d074ea5ad6fcef12d509e96f00559ced2eada1f05,-2.2578125
dg_p163_a4,base,1decdfe57eeb8fea2b013c7d074ea5ad6fcef12d509e96f00559ced2eada1f05,-2.2578125
dg_p163_a4,parm_fixed,c74afa23a97b4f41157f731155a04d1cf00d87c7bd4e7ce9328c46bf3dad0f79,3.294921875
dg_p163_a4,midpoint,6e0f957e5085845a002ec58ffa553131d5c7f34080f5d81037b00a697f9f68df,-6.34765625
dg_p163_a4,disagreement_gate,1decdfe57eeb8fea2b013c7d074ea5ad6fcef12d509e96f00559ced2eada1f05,-2.2578125
dg_p164_a0,base,865b5c419e23c59571fdd0822a753d3161648fed4da3aeac173519adaeebe790,-0.390380859375
dg_p164_a0,parm_fixed,d130872f33fe3e62b9460a831746ebd4d4a882333f38bff8f02327ab4f5f14ed,-6.734375
dg_p164_a0,midpoint,fd974fef7fea5cf928ffafe78676e185c34b0d760aa221a8dbe072276c172d26,-0.0732421875
dg_p164_a0,disagreement_gate,865b5c419e23c59571fdd0822a753d3161648fed4da3aeac173519adaeebe790,-0.390380859375
dg_p164_a1,base,865b5c419e23c59571fdd0822a753d3161648fed4da3aeac173519adaeebe790,-0.390380859375
dg_p164_a1,parm_fixed,1bb10fab97c960d0d902a2d49f293a270d04475121bc26b76fd01fbd4fcf40ce,-4.16796875
dg_p164_a1,midpoint,d712b342e271392678a76dd09faac55f2999c596a4f229fad5d59cd4e3760962,0.2464599609375
dg_p164_a1,disagreement_gate,865b5c419e23c59571fdd0822a753d3161648fed4da3aeac173519adaeebe790,-0.390380859375
dg_p164_a2,base,865b5c419e23c59571fdd0822a753d3161648fed4da3aeac173519adaeebe790,-0.390380859375
dg_p164_a2,parm_fixed,3aa6f4a4054653020e0f9b0156a961fa2383af5e8fbc00922e197fd56a702c80,-4.1015625
dg_p164_a2,midpoint,f9c7e372156a3d4864415bb5b68870fac9a39bbc80ccb55bd56b360571ec8d3a,-11.3671875
dg_p164_a2,disagreement_gate,865b5c419e23c59571fdd0822a753d3161648fed4da3aeac173519adaeebe790,-0.390380859375
dg_p164_a3,base,865b5c419e23c59571fdd0822a753d3161648fed4da3aeac173519adaeebe790,-0.390380859375
dg_p164_a3,parm_fixed,415f546525e7931c56493ef300db53fed2da044818043aec7474666dc507704a,-7.9296875
dg_p164_a3,midpoint,3bafa70191ad03863efd40a426dee0a04b241832d4ab041c93a86b5918f0a751,3.498046875
dg_p164_a3,disagreement_gate,865b5c419e23c59571fdd0822a753d3161648fed4da3aeac173519adaeebe790,-0.390380859375
dg_p164_a4,base,865b5c419e23c59571fdd0822a753d3161648fed4da3aeac173519adaeebe790,-0.390380859375
dg_p164_a4,parm_fixed,d9d5fc44b742f0a5f2763436308d8d09be89b5c38fdea916715cb4f0ef6eb0f2,0.9013671875
dg_p164_a4,midpoint,b448e5edec1b011f6e7ff192c7059a4f84bec9bce61571144b1eb7a3b8f39a31,-7.26953125
dg_p164_a4,disagreement_gate,865b5c419e23c59571fdd0822a753d3161648fed4da3aeac173519adaeebe790,-0.390380859375
dg_p165_a0,base,37956fa898a9aaa22b0551e40f0d7865de4a7a44473cd97960bb89b15baf7aea,-6.59375
dg_p165_a0,parm_fixed,7d9b7a32094963e9ff10200d43530ff7a178452e39429b2d9481f70146502efa,1.875
dg_p165_a0,midpoint,7c8a0111a6a66e6433827259c5c33965b2896fad6190ffc3473a0530d8d5afd0,13.296875
dg_p165_a0,disagreement_gate,37956fa898a9aaa22b0551e40f0d7865de4a7a44473cd97960bb89b15baf7aea,-6.59375
dg_p165_a1,base,37956fa898a9aaa22b0551e40f0d7865de4a7a44473cd97960bb89b15baf7aea,-6.59375
dg_p165_a1,parm_fixed,182e0f343f81b2b55b07fc1fab467a1ed3923434146a2c1353466df3b684835b,10.296875
dg_p165_a1,midpoint,014be99aaac34b3e6db857429cf67d42af27c7b3445763c1a7892467190739b1,11.1875
dg_p165_a1,disagreement_gate,37956fa898a9aaa22b0551e40f0d7865de4a7a44473cd97960bb89b15baf7aea,-6.59375
dg_p165_a2,base,37956fa898a9aaa22b0551e40f0d7865de4a7a44473cd97960bb89b15baf7aea,-6.59375
dg_p165_a2,parm_fixed,c264d1cf142185aa706e955eff6ba0c95d7c2249ad205b5bc252401684271597,-0.350341796875
dg_p165_a2,midpoint,86bdbfe2fd6e270c15169f002a5a68e877273ae3de58cdc4f0b469534432f5d6,4.703125
dg_p165_a2,disagreement_gate,37956fa898a9aaa22b0551e40f0d7865de4a7a44473cd97960bb89b15baf7aea,-6.59375
dg_p165_a3,base,37956fa898a9aaa22b0551e40f0d7865de4a7a44473cd97960bb89b15baf7aea,-6.59375
dg_p165_a3,parm_fixed,10affb24f82f530b9ef177eb3da8ed6a4345b0dfed2aa8cef3a33544ebbb9c01,10.09375
dg_p165_a3,midpoint,8a1d6fc8a01fd1321d61e5b6d1f9dd9381856fc0abe3673b6659b3474c1311e5,4.015625
dg_p165_a3,disagreement_gate,37956fa898a9aaa22b0551e40f0d7865de4a7a44473cd97960bb89b15baf7aea,-6.59375
dg_p165_a4,base,37956fa898a9aaa22b0551e40f0d7865de4a7a44473cd97960bb89b15baf7aea,-6.59375
dg_p165_a4,parm_fixed,1a6da92a29bb07ea74dbeb43503da3bd56a25fd44440863f75edc9361caeea50,-2.49609375
dg_p165_a4,midpoint,59132c98a9bae2f64954055a42a82cdf6838ac67fcc6d2f01b714a4aa226fff2,-3.931640625
dg_p165_a4,disagreement_gate,37956fa898a9aaa22b0551e40f0d7865de4a7a44473cd97960bb89b15baf7aea,-6.59375
dg_p166_a0,base,70573a61fe6694c402f8cae2e6f8bf26048de2477850fa7b7a869d3de12458d6,22.203125
dg_p166_a0,parm_fixed,7dcb6e367841978bde8462d9a42d8560ee7b3f353bf03e3aa63df221ed97c726,25.53125
dg_p166_a0,midpoint,7d43f83f0cf50c3df7ea7ffc9cfbb935b54a3b3aaba83acd561b888276bc49ff,18.515625
dg_p166_a0,disagreement_gate,70573a61fe6694c402f8cae2e6f8bf26048de2477850fa7b7a869d3de12458d6,22.203125
dg_p166_a1,base,70573a61fe6694c402f8cae2e6f8bf26048de2477850fa7b7a869d3de12458d6,22.203125
dg_p166_a1,parm_fixed,3c006b831e3762926a8089a3c1211e58b06b6e8e6d9c2ebcbb9f0b2afcabbfaa,8.828125
dg_p166_a1,midpoint,8d29c52dc207dd48f3cd31e0d70bea151468ceccef32fbadd2ea5a4cec40ae0e,33.53125
dg_p166_a1,disagreement_gate,70573a61fe6694c402f8cae2e6f8bf26048de2477850fa7b7a869d3de12458d6,22.203125
dg_p166_a2,base,70573a61fe6694c402f8cae2e6f8bf26048de2477850fa7b7a869d3de12458d6,22.203125
dg_p166_a2,parm_fixed,b3de38b87cb8d3a80c78e7e4acbcc80fd8abeadf92666f35b40a5723ece848aa,23.390625
dg_p166_a2,midpoint,8d29c52dc207dd48f3cd31e0d70bea151468ceccef32fbadd2ea5a4cec40ae0e,33.53125
dg_p166_a2,disagreement_gate,70573a61fe6694c402f8cae2e6f8bf26048de2477850fa7b7a869d3de12458d6,22.203125
dg_p166_a3,base,70573a61fe6694c402f8cae2e6f8bf26048de2477850fa7b7a869d3de12458d6,22.203125
dg_p166_a3,parm_fixed,387780fab595c962bf2ab8742cb49046e07a8e1683bae9e0321ca7d7184fe59f,-4.921875
dg_p166_a3,midpoint,58dc796fea10a5b74252ca0535e26bb23fedc76fee76194d548223038776b775,25.15625
dg_p166_a3,disagreement_gate,70573a61fe6694c402f8cae2e6f8bf26048de2477850fa7b7a869d3de12458d6,22.203125
dg_p166_a4,base,70573a61fe6694c402f8cae2e6f8bf26048de2477850fa7b7a869d3de12458d6,22.203125
dg_p166_a4,parm_fixed,f57be866ea3d0848fcae3ce3ef9b2893e9abf33880f19ada56f205bbb0aefab4,-15.0546875
dg_p166_a4,midpoint,e3660d8f6737d9cde7fdf88a13ce28d1eca9216820c95b6496ce0369d1f19c04,-10.796875
dg_p166_a4,disagreement_gate,70573a61fe6694c402f8cae2e6f8bf26048de2477850fa7b7a869d3de12458d6,22.203125
dg_p167_a0,base,80183312b65c9d42b0869e69fceff1199f76e3be0df336643e7630b3d2cef746,-8.0703125
dg_p167_a0,parm_fixed,17fb5584606ad06fc9ce71fd807f4dc90fc1fcab5cd98db5eb154eaa8c0670b1,-12.3125
dg_p167_a0,midpoint,f33a003e3582569fbd9f338be1cdaec1ab44a6fe08959b25f6fb5ce649bd3159,-17.03125
dg_p167_a0,disagreement_gate,80183312b65c9d42b0869e69fceff1199f76e3be0df336643e7630b3d2cef746,-8.0703125
dg_p167_a1,base,80183312b65c9d42b0869e69fceff1199f76e3be0df336643e7630b3d2cef746,-8.0703125
dg_p167_a1,parm_fixed,6b157521afe3a7699e6be95d48921a2c611b53abbfc287c14deca79221554a3d,-10.9375
dg_p167_a1,midpoint,f33a003e3582569fbd9f338be1cdaec1ab44a6fe08959b25f6fb5ce649bd3159,-17.03125
dg_p167_a1,disagreement_gate,80183312b65c9d42b0869e69fceff1199f76e3be0df336643e7630b3d2cef746,-8.0703125
dg_p167_a2,base,80183312b65c9d42b0869e69fceff1199f76e3be0df336643e7630b3d2cef746,-8.0703125
dg_p167_a2,parm_fixed,6b157521afe3a7699e6be95d48921a2c611b53abbfc287c14deca79221554a3d,-10.9375
dg_p167_a2,midpoint,f33a003e3582569fbd9f338be1cdaec1ab44a6fe08959b25f6fb5ce649bd3159,-17.03125
dg_p167_a2,disagreement_gate,80183312b65c9d42b0869e69fceff1199f76e3be0df336643e7630b3d2cef746,-8.0703125
dg_p167_a3,base,80183312b65c9d42b0869e69fceff1199f76e3be0df336643e7630b3d2cef746,-8.0703125
dg_p167_a3,parm_fixed,d5ba1e351513e934c4984efa391f2f98c0f92910ce9f4fda4b1920e1e7b3c3bd,-11.671875
dg_p167_a3,midpoint,f33a003e3582569fbd9f338be1cdaec1ab44a6fe08959b25f6fb5ce649bd3159,-17.03125
dg_p167_a3,disagreement_gate,80183312b65c9d42b0869e69fceff1199f76e3be0df336643e7630b3d2cef746,-8.0703125
dg_p167_a4,base,80183312b65c9d42b0869e69fceff1199f76e3be0df336643e7630b3d2cef746,-8.0703125
dg_p167_a4,parm_fixed,d5ba1e351513e934c4984efa391f2f98c0f92910ce9f4fda4b1920e1e7b3c3bd,-11.671875
dg_p167_a4,midpoint,18e2a3af029ad9a73b1d457975fb41be5bc3b566b365bfa21a3cdbd7e9e4b3eb,-12.5625
dg_p167_a4,disagreement_gate,80183312b65c9d42b0869e69fceff1199f76e3be0df336643e7630b3d2cef746,-8.0703125
dg_p168_a0,base,058d27d996cf69bb151331bc6f9186fa4678fee78e3dc55ba50b9baaef885095,3.833984375
dg_p168_a0,parm_fixed,f0674a4c7da24b6104696c06ba2b2708c351a135f70ad0ae467de5d0d7b4c7d5,9.046875
dg_p168_a0,midpoint,51f713373c2579e56cafc9e4c12ad19527d35950a53bd16486baad68d2a5c1a9,4.89453125
dg_p168_a0,disagreement_gate,058d27d996cf69bb151331bc6f9186fa4678fee78e3dc55ba50b9baaef885095,3.833984375
dg_p168_a1,base,058d27d996cf69bb151331bc6f9186fa4678fee78e3dc55ba50b9baaef885095,3.833984375
dg_p168_a1,parm_fixed,1bc90e04b7277d8ac36ad7a4bf5c38903c25ef7da452296fb87bc51ce27a9180,10.0625
dg_p168_a1,midpoint,8084e3cd16c9065173c4bf36306a9e15d9a5c4cde8b6281066db79b654a42707,4.90625
dg_p168_a1,disagreement_gate,058d27d996cf69bb151331bc6f9186fa4678fee78e3dc55ba50b9baaef885095,3.833984375
dg_p168_a2,base,058d27d996cf69bb151331bc6f9186fa4678fee78e3dc55ba50b9baaef885095,3.833984375
dg_p168_a2,parm_fixed,1bc90e04b7277d8ac36ad7a4bf5c38903c25ef7da452296fb87bc51ce27a9180,10.0625
dg_p168_a2,midpoint,1714da76916c6ebefb81dd1e020b0a0a7393cc8b0f276c38f82bb460766eb0c2,5.2421875
dg_p168_a2,disagreement_gate,058d27d996cf69bb151331bc6f9186fa4678fee78e3dc55ba50b9baaef885095,3.833984375
dg_p168_a3,base,058d27d996cf69bb151331bc6f9186fa4678fee78e3dc55ba50b9baaef885095,3.833984375
dg_p168_a3,parm_fixed,ab25208b015a757d40fa2ff94ad0266b07610e632acac952f89ab461bbde8509,5.1484375
dg_p168_a3,midpoint,736266b04b0b3a98715e87d39b24ee3c1bfc20f9e6b9c29e9c186fb69174d97b,3.21484375
dg_p168_a3,disagreement_gate,058d27d996cf69bb151331bc6f9186fa4678fee78e3dc55ba50b9baaef885095,3.833984375
dg_p168_a4,base,058d27d996cf69bb151331bc6f9186fa4678fee78e3dc55ba50b9baaef885095,3.833984375
dg_p168_a4,parm_fixed,20fc0e79446049c5ba4faa1666d13d174ebe20e7af63680bfd23284edfc02447,-3.447265625
dg_p168_a4,midpoint,50b385f1a05e9a0a59deff7e7b5a4d6a118252b21935fcadefd1e46744811ae0,7.859375
dg_p168_a4,disagreement_gate,058d27d996cf69bb151331bc6f9186fa4678fee78e3dc55ba50b9baaef885095,3.833984375
dg_p169_a0,base,a475d88f45237df421389f9c7ef0e85262ac2f732cd502e8bb603bf64808d288,2.306640625
dg_p169_a0,parm_fixed,9733d3887eca476460646f6e2efa4fe25929ccbbbff20e57f5d2a3804a67aeb7,11.609375
dg_p169_a0,midpoint,1421d1c5cd06c6134c165108c114ae60efd5015aedf4435810615fd0f2af5ec2,11.609375
dg_p169_a0,disagreement_gate,a475d88f45237df421389f9c7ef0e85262ac2f732cd502e8bb603bf64808d288,2.306640625
dg_p169_a1,base,a475d88f45237df421389f9c7ef0e85262ac2f732cd502e8bb603bf64808d288,2.306640625
dg_p169_a1,parm_fixed,034e6049c1944ef4c18d5d51fccc1440ca6965db5e579f24e0b64c5ee968a9d6,14.765625
dg_p169_a1,midpoint,1fa91f9ec9efc495ffe80ef6061d30450104c96c71e40e6223c0d20f2ceb328c,11.734375
dg_p169_a1,disagreement_gate,a475d88f45237df421389f9c7ef0e85262ac2f732cd502e8bb603bf64808d288,2.306640625
dg_p169_a2,base,a475d88f45237df421389f9c7ef0e85262ac2f732cd502e8bb603bf64808d288,2.306640625
dg_p169_a2,parm_fixed,955ed294919e199867a22f83fea9d8462ebc59a2986066cccc088c79f5eab43c,8.4453125
dg_p169_a2,midpoint,1fa91f9ec9efc495ffe80ef6061d30450104c96c71e40e6223c0d20f2ceb328c,11.734375
dg_p169_a2,disagreement_gate,a475d88f45237df421389f9c7ef0e85262ac2f732cd502e8bb603bf64808d288,2.306640625
dg_p169_a3,base,a475d88f45237df421389f9c7ef0e85262ac2f732cd502e8bb603bf64808d288,2.306640625
dg_p169_a3,parm_fixed,46a33b0f46a5990419d0a2633e3f7599022bbcb5d75e77c2af599c7cb3a54fa5,8.078125
dg_p169_a3,midpoint,3020b1c7d3f226ee26037668ec5425d02d391113aaf7f686335eeefb74a6265f,4.7734375
dg_p169_a3,disagreement_gate,a475d88f45237df421389f9c7ef0e85262ac2f732cd502e8bb603bf64808d288,2.306640625
dg_p169_a4,base,a475d88f45237df421389f9c7ef0e85262ac2f732cd502e8bb603bf64808d288,2.306640625
dg_p169_a4,parm_fixed,840401db1dc1e4ac845ec034afff923a0813735c99096a4bc72b191cd90d349b,-10.21875
dg_p169_a4,midpoint,db834aeb065720b7188cf5bf0dee834bbb7f92b5b1a592553c095c45ad383ac4,3.71484375
dg_p169_a4,disagreement_gate,a475d88f45237df421389f9c7ef0e85262ac2f732cd502e8bb603bf64808d288,2.306640625
dg_p170_a0,base,3414532725171261bbde62a0e1d9a7effb663b770aa8b87bdd3841d3374e26cd,-13.0703125
dg_p170_a0,parm_fixed,c9aab59c8cc9463a73fe60f871526aff982d733b490347ea347a492f4e274340,4.83203125
dg_p170_a0,midpoint,b358c2115192438cf2ee585b998d783761d81051af250db69c25e776285f73de,4.28515625
dg_p170_a0,disagreement_gate,3414532725171261bbde62a0e1d9a7effb663b770aa8b87bdd3841d3374e26cd,-13.0703125
dg_p170_a1,base,3414532725171261bbde62a0e1d9a7effb663b770aa8b87bdd3841d3374e26cd,-13.0703125
dg_p170_a1,parm_fixed,793aa64a4558781e2484c5dda176f6e884f7cc13da82b667ff9284f1bb8ffbdf,5.8515625
dg_p170_a1,midpoint,a9e1b83e90ac5321aff940b1d2079b9991551524380b825e657c4e036f933600,-1.6748046875
dg_p170_a1,disagreement_gate,3414532725171261bbde62a0e1d9a7effb663b770aa8b87bdd3841d3374e26cd,-13.0703125
dg_p170_a2,base,3414532725171261bbde62a0e1d9a7effb663b770aa8b87bdd3841d3374e26cd,-13.0703125
dg_p170_a2,parm_fixed,6c399d2e5d84bbca7245363a59a4f16cd86cec10e185f0be9ba77f953dbad7fd,7.9453125
dg_p170_a2,midpoint,219105835c3a8a41e03cb8480f3990c64e6a0d8de527d9174c8513a79d695179,2.171875
dg_p170_a2,disagreement_gate,3414532725171261bbde62a0e1d9a7effb663b770aa8b87bdd3841d3374e26cd,-13.0703125
dg_p170_a3,base,3414532725171261bbde62a0e1d9a7effb663b770aa8b87bdd3841d3374e26cd,-13.0703125
dg_p170_a3,parm_fixed,1eb716ba2a522e3203333edea96db5d01860e6123e4197b1715f5ccc76ea3048,0.93603515625
dg_p170_a3,midpoint,219105835c3a8a41e03cb8480f3990c64e6a0d8de527d9174c8513a79d695179,2.171875
dg_p170_a3,disagreement_gate,3414532725171261bbde62a0e1d9a7effb663b770aa8b87bdd3841d3374e26cd,-13.0703125
dg_p170_a4,base,3414532725171261bbde62a0e1d9a7effb663b770aa8b87bdd3841d3374e26cd,-13.0703125
dg_p170_a4,parm_fixed,cadb3b17e1c815816c10d7a8bdd1d44e5a730b251888aeeeb231e87c5a5a1036,-0.9970703125
dg_p170_a4,midpoint,219105835c3a8a41e03cb8480f3990c64e6a0d8de527d9174c8513a79d695179,2.171875
dg_p170_a4,disagreement_gate,3414532725171261bbde62a0e1d9a7effb663b770aa8b87bdd3841d3374e26cd,-13.0703125
dg_p171_a0,base,d80253715d59bd6fcede24259403a064986641ed46d7550d7711ae044c5ef60a,4.7890625
dg_p171_a0,parm_fixed,60682d3d9175f16282f5bff16bc7ff4dc040005fa525cf280d34efa483eaa734,-3.6328125
dg_p171_a0,midpoint,60682d3d9175f16282f5bff16bc7ff4dc040005fa525cf280d34efa483eaa734,-3.6328125
dg_p171_a0,disagreement_gate,d80253715d59bd6fcede24259403a064986641ed46d7550d7711ae044c5ef60a,4.7890625
dg_p171_a1,base,d80253715d59bd6fcede24259403a064986641ed46d7550d7711ae044c5ef60a,4.7890625
dg_p171_a1,parm_fixed,60682d3d9175f16282f5bff16bc7ff4dc040005fa525cf280d34efa483eaa734,-3.6328125
dg_p171_a1,midpoint,60682d3d9175f16282f5bff16bc7ff4dc040005fa525cf280d34efa483eaa734,-3.6328125
dg_p171_a1,disagreement_gate,d80253715d59bd6fcede24259403a064986641ed46d7550d7711ae044c5ef60a,4.7890625
dg_p171_a2,base,d80253715d59bd6fcede24259403a064986641ed46d7550d7711ae044c5ef60a,4.7890625
dg_p171_a2,parm_fixed,60682d3d9175f16282f5bff16bc7ff4dc040005fa525cf280d34efa483eaa734,-3.6328125
dg_p171_a2,midpoint,60682d3d9175f16282f5bff16bc7ff4dc040005fa525cf280d34efa483eaa734,-3.6328125
dg_p171_a2,disagreement_gate,d80253715d59bd6fcede24259403a064986641ed46d7550d7711ae044c5ef60a,4.7890625
dg_p171_a3,base,d80253715d59bd6fcede24259403a064986641ed46d7550d7711ae044c5ef60a,4.7890625
dg_p171_a3,parm_fixed,d64f7701f8a6385619dd4a005a2a93d539ed08f1f74da090d6431bc751a559b7,7.609375
dg_p171_a3,midpoint,ee8b1b979e6cae9e642807153cb427328d9bfbc3f1545300ff55dbbf6303c65f,10.484375
dg_p171_a3,disagreement_gate,d80253715d59bd6fcede24259403a064986641ed46d7550d7711ae044c5ef60a,4.7890625
dg_p171_a4,base,d80253715d59bd6fcede24259403a064986641ed46d7550d7711ae044c5ef60a,4.7890625
dg_p171_a4,parm_fixed,b2f4a4cb71b94516daa5ec685424e410a92d2f4f29a749dea003c1274b49cac2,9.828125
dg_p171_a4,midpoint,d2801606377a7a5db8c963895d8f9e2ad8d168d3c71c3053df8d5a07e7b1ebe3,15.0859375
dg_p171_a4,disagreement_gate,d80253715d59bd6fcede24259403a064986641ed46d7550d7711ae044c5ef60a,4.7890625
dg_p172_a0,base,2ae0f685fd737b9d274306b7225d1fb1fb107b7264a9b6ccd3f635574455505f,17.125
dg_p172_a0,parm_fixed,d09b5e3b48c2b6791e273a76eddc5b0a4c60919d98f60266e6c74df03b415f33,16.0
dg_p172_a0,midpoint,be5eb9c5613fe597d117b7cc3799f8905a57d5d18329c9c9e8f1100d9435c4f0,14.28125
dg_p172_a0,disagreement_gate,2ae0f685fd737b9d274306b7225d1fb1fb107b7264a9b6ccd3f635574455505f,17.125
dg_p172_a1,base,2ae0f685fd737b9d274306b7225d1fb1fb107b7264a9b6ccd3f635574455505f,17.125
dg_p172_a1,parm_fixed,bd2028364514e4c34aece3bf3cd53e1213b290dd0002ed62986d114d24b128e7,13.7578125
dg_p172_a1,midpoint,468d4143bd5dd453f333bd34f16ccd2e1b2ee2504e5f6bc7d33e8bb36614baf1,-4.72265625
dg_p172_a1,disagreement_gate,2ae0f685fd737b9d274306b7225d1fb1fb107b7264a9b6ccd3f635574455505f,17.125
dg_p172_a2,base,2ae0f685fd737b9d274306b7225d1fb1fb107b7264a9b6ccd3f635574455505f,17.125
dg_p172_a2,parm_fixed,05355b44779cbdcef4f39078495b99ba0d9681938332314751321815e8878aaa,18.296875
dg_p172_a2,midpoint,783cf64ae8dee5420de7649befcca425e3183c67988e1cc8cc43a78d639b9da3,13.40625
dg_p172_a2,disagreement_gate,2ae0f685fd737b9d274306b7225d1fb1fb107b7264a9b6ccd3f635574455505f,17.125
dg_p172_a3,base,2ae0f685fd737b9d274306b7225d1fb1fb107b7264a9b6ccd3f635574455505f,17.125
dg_p172_a3,parm_fixed,08ee304544d31be0875f176f8155496e5d1295017fc04f41b9e77d66a078ebf9,22.5625
dg_p172_a3,midpoint,a55936d8e8f2c8bdeef0054f27961e1dc4e886691bae6e3b2171a53daa43ec09,15.671875
dg_p172_a3,disagreement_gate,2ae0f685fd737b9d274306b7225d1fb1fb107b7264a9b6ccd3f635574455505f,17.125
dg_p172_a4,base,2ae0f685fd737b9d274306b7225d1fb1fb107b7264a9b6ccd3f635574455505f,17.125
dg_p172_a4,parm_fixed,08ee304544d31be0875f176f8155496e5d1295017fc04f41b9e77d66a078ebf9,22.5625
dg_p172_a4,midpoint,a55936d8e8f2c8bdeef0054f27961e1dc4e886691bae6e3b2171a53daa43ec09,15.671875
dg_p172_a4,disagreement_gate,2ae0f685fd737b9d274306b7225d1fb1fb107b7264a9b6ccd3f635574455505f,17.125
dg_p173_a0,base,671c8624a7e48211e3c95b48bd5445a4b7f00b796871cbf66d7a123dc6794a45,8.453125
dg_p173_a0,parm_fixed,9d661b055a305c47a5f3cad9c591bcb67c83091cd969dac87d31c2e9e983bc0e,8.875
dg_p173_a0,midpoint,342c6af35c563d53d377b820c4ccbeb5c74d2b7b77718cf2843e5e1f2c9dfc85,3.9921875
dg_p173_a0,disagreement_gate,671c8624a7e48211e3c95b48bd5445a4b7f00b796871cbf66d7a123dc6794a45,8.453125
dg_p173_a1,base,671c8624a7e48211e3c95b48bd5445a4b7f00b796871cbf66d7a123dc6794a45,8.453125
dg_p173_a1,parm_fixed,3961012af4b990d75043ae5482eaf9c5a089764134a97d5f4538d460d1c67cc6,7.8984375
dg_p173_a1,midpoint,ca73faefc3c7ce081ebbf3cf7853c9951737f35cdbeb2d8ac4881fde15e12222,3.158203125
dg_p173_a1,disagreement_gate,671c8624a7e48211e3c95b48bd5445a4b7f00b796871cbf66d7a123dc6794a45,8.453125
dg_p173_a2,base,671c8624a7e48211e3c95b48bd5445a4b7f00b796871cbf66d7a123dc6794a45,8.453125
dg_p173_a2,parm_fixed,8127785975a181d2b2c7053198eeb54c7beece696e4ae4a70af8c7546165198f,6.6875
dg_p173_a2,midpoint,f47a57f9ff9676a5e9c2ee57abdee569eacace71c41e737aedf68639069e0480,6.15625
dg_p173_a2,disagreement_gate,671c8624a7e48211e3c95b48bd5445a4b7f00b796871cbf66d7a123dc6794a45,8.453125
dg_p173_a3,base,671c8624a7e48211e3c95b48bd5445a4b7f00b796871cbf66d7a123dc6794a45,8.453125
dg_p173_a3,parm_fixed,28f8b74275a6e2b2b0731b260e1264516f72c147fcaca2984d7bb1283190bf63,4.73046875
dg_p173_a3,midpoint,f47a57f9ff9676a5e9c2ee57abdee569eacace71c41e737aedf68639069e0480,6.15625
dg_p173_a3,disagreement_gate,671c8624a7e48211e3c95b48bd5445a4b7f00b796871cbf66d7a123dc6794a45,8.453125
dg_p173_a4,base,671c8624a7e48211e3c95b48bd5445a4b7f00b796871cbf66d7a123dc6794a45,8.453125
dg_p173_a4,parm_fixed,28f8b74275a6e2b2b0731b260e1264516f72c147fcaca2984d7bb1283190bf63,4.73046875
dg_p173_a4,midpoint,f47a57f9ff9676a5e9c2ee57abdee569eacace71c41e737aedf68639069e0480,6.15625
dg_p173_a4,disagreement_gate,671c8624a7e48211e3c95b48bd5445a4b7f00b796871cbf66d7a123dc6794a45,8.453125
dg_p174_a0,base,09db9a02946c1b05717f6822b1797a76ab63d40c4bfd4a27592e579b0097e44e,-8.75
dg_p174_a0,parm_fixed,98a6a62731d55f22a8e1a65cda055a7bbe41e7d347325d772a880590694ac267,-17.25
dg_p174_a0,midpoint,98a6a62731d55f22a8e1a65cda055a7bbe41e7d347325d772a880590694ac267,-17.25
dg_p174_a0,disagreement_gate,09db9a02946c1b05717f6822b1797a76ab63d40c4bfd4a27592e579b0097e44e,-8.75
dg_p174_a1,base,09db9a02946c1b05717f6822b1797a76ab63d40c4bfd4a27592e579b0097e44e,-8.75
dg_p174_a1,parm_fixed,98a6a62731d55f22a8e1a65cda055a7bbe41e7d347325d772a880590694ac267,-17.25
dg_p174_a1,midpoint,98a6a62731d55f22a8e1a65cda055a7bbe41e7d347325d772a880590694ac267,-17.25
dg_p174_a1,disagreement_gate,09db9a02946c1b05717f6822b1797a76ab63d40c4bfd4a27592e579b0097e44e,-8.75
dg_p174_a2,base,09db9a02946c1b05717f6822b1797a76ab63d40c4bfd4a27592e579b0097e44e,-8.75
dg_p174_a2,parm_fixed,4494bd2c1e13f822c36e7cf63be2662bb010f206e9d69901d49b9eacf5cb0172,-18.921875
dg_p174_a2,midpoint,98a6a62731d55f22a8e1a65cda055a7bbe41e7d347325d772a880590694ac267,-17.25
dg_p174_a2,disagreement_gate,09db9a02946c1b05717f6822b1797a76ab63d40c4bfd4a27592e579b0097e44e,-8.75
dg_p174_a3,base,09db9a02946c1b05717f6822b1797a76ab63d40c4bfd4a27592e579b0097e44e,-8.75
dg_p174_a3,parm_fixed,4494bd2c1e13f822c36e7cf63be2662bb010f206e9d69901d49b9eacf5cb0172,-18.921875
dg_p174_a3,midpoint,98a6a62731d55f22a8e1a65cda055a7bbe41e7d347325d772a880590694ac267,-17.25
dg_p174_a3,disagreement_gate,09db9a02946c1b05717f6822b1797a76ab63d40c4bfd4a27592e579b0097e44e,-8.75
dg_p174_a4,base,09db9a02946c1b05717f6822b1797a76ab63d40c4bfd4a27592e579b0097e44e,-8.75
dg_p174_a4,parm_fixed,a936b6e29a312069b6111d01d0998b72df8581882af9acc4378edeffa9ed7487,-17.0625
dg_p174_a4,midpoint,98a6a62731d55f22a8e1a65cda055a7bbe41e7d347325d772a880590694ac267,-17.25
dg_p174_a4,disagreement_gate,09db9a02946c1b05717f6822b1797a76ab63d40c4bfd4a27592e579b0097e44e,-8.75
dg_p175_a0,base,f6f6f6a1359458ae725a1e0a34ad3ea7bf8b45baa23de8ad0acc5fbd06c3ea7b,4.9765625
dg_p175_a0,parm_fixed,400aa9608c0edab13919033c423079e210f68f0479f570f1ba10546e32b0db9a,7.3515625
dg_p175_a0,midpoint,d297f7d1e779345a072fcc099a4e6c2fe734bb04e6a9fc500b62616d60971566,8.2109375
dg_p175_a0,disagreement_gate,f6f6f6a1359458ae725a1e0a34ad3ea7bf8b45baa23de8ad0acc5fbd06c3ea7b,4.9765625
dg_p175_a1,base,f6f6f6a1359458ae725a1e0a34ad3ea7bf8b45baa23de8ad0acc5fbd06c3ea7b,4.9765625
dg_p175_a1,parm_fixed,400aa9608c0edab13919033c423079e210f68f0479f570f1ba10546e32b0db9a,7.3515625
dg_p175_a1,midpoint,d297f7d1e779345a072fcc099a4e6c2fe734bb04e6a9fc500b62616d60971566,8.2109375
dg_p175_a1,disagreement_gate,f6f6f6a1359458ae725a1e0a34ad3ea7bf8b45baa23de8ad0acc5fbd06c3ea7b,4.9765625
dg_p175_a2,base,f6f6f6a1359458ae725a1e0a34ad3ea7bf8b45baa23de8ad0acc5fbd06c3ea7b,4.9765625
dg_p175_a2,parm_fixed,400aa9608c0edab13919033c423079e210f68f0479f570f1ba10546e32b0db9a,7.3515625
dg_p175_a2,midpoint,36e04b8a09d06a8838d7685c484c81f5b38277a370b550dc1486db787a8a419c,14.890625
dg_p175_a2,disagreement_gate,f6f6f6a1359458ae725a1e0a34ad3ea7bf8b45baa23de8ad0acc5fbd06c3ea7b,4.9765625
dg_p175_a3,base,f6f6f6a1359458ae725a1e0a34ad3ea7bf8b45baa23de8ad0acc5fbd06c3ea7b,4.9765625
dg_p175_a3,parm_fixed,2a5ebd12915f84137af867934c1c99d9fdaad8115f624709fcaa462149b117c7,7.4765625
dg_p175_a3,midpoint,46347b6a79d24e7b6c08eab4ad513ca8d917dfc988170c1394957f6ff1b0d231,15.078125
dg_p175_a3,disagreement_gate,f6f6f6a1359458ae725a1e0a34ad3ea7bf8b45baa23de8ad0acc5fbd06c3ea7b,4.9765625
dg_p175_a4,base,f6f6f6a1359458ae725a1e0a34ad3ea7bf8b45baa23de8ad0acc5fbd06c3ea7b,4.9765625
dg_p175_a4,parm_fixed,132193978947385c38c4844c8ed1ce3669504c594509551eea1c790f67d3fbc9,-14.5703125
dg_p175_a4,midpoint,397b150a661a9b8ce673924a8366453115f4afe9ab2f3cf69e0ea9594dbd5f96,-14.390625
dg_p175_a4,disagreement_gate,f6f6f6a1359458ae725a1e0a34ad3ea7bf8b45baa23de8ad0acc5fbd06c3ea7b,4.9765625
dg_p176_a0,base,533393f9bc6a96d7a2a16c4cf34dab1752b31d7280f9d1f5f873a534312cb02a,0.309326171875
dg_p176_a0,parm_fixed,f1ffeecf1f6da5b9a2b1e800679b953743ca30cd39c7096153e89c8b013f88e8,-5.20703125
dg_p176_a0,midpoint,944c97fa8de279e9965157f1744e3ad67973a165d16d1d5e9fa1f8a0faf8c850,-1.181640625
dg_p176_a0,disagreement_gate,533393f9bc6a96d7a2a16c4cf34dab1752b31d7280f9d1f5f873a534312cb02a,0.309326171875
dg_p176_a1,base,533393f9bc6a96d7a2a16c4cf34dab1752b31d7280f9d1f5f873a534312cb02a,0.309326171875
dg_p176_a1,parm_fixed,f1ffeecf1f6da5b9a2b1e800679b953743ca30cd39c7096153e89c8b013f88e8,-5.20703125
dg_p176_a1,midpoint,944c97fa8de279e9965157f1744e3ad67973a165d16d1d5e9fa1f8a0faf8c850,-1.181640625
dg_p176_a1,disagreement_gate,533393f9bc6a96d7a2a16c4cf34dab1752b31d7280f9d1f5f873a534312cb02a,0.309326171875
dg_p176_a2,base,533393f9bc6a96d7a2a16c4cf34dab1752b31d7280f9d1f5f873a534312cb02a,0.309326171875
dg_p176_a2,parm_fixed,f1ffeecf1f6da5b9a2b1e800679b953743ca30cd39c7096153e89c8b013f88e8,-5.20703125
dg_p176_a2,midpoint,944c97fa8de279e9965157f1744e3ad67973a165d16d1d5e9fa1f8a0faf8c850,-1.181640625
dg_p176_a2,disagreement_gate,533393f9bc6a96d7a2a16c4cf34dab1752b31d7280f9d1f5f873a534312cb02a,0.309326171875
dg_p176_a3,base,533393f9bc6a96d7a2a16c4cf34dab1752b31d7280f9d1f5f873a534312cb02a,0.309326171875
dg_p176_a3,parm_fixed,3de8c82bc940682f742607b35ab2411e6f74f677964856f4777f1b8248c67aa7,-2.228515625
dg_p176_a3,midpoint,944c97fa8de279e9965157f1744e3ad67973a165d16d1d5e9fa1f8a0faf8c850,-1.181640625
dg_p176_a3,disagreement_gate,533393f9bc6a96d7a2a16c4cf34dab1752b31d7280f9d1f5f873a534312cb02a,0.309326171875
dg_p176_a4,base,533393f9bc6a96d7a2a16c4cf34dab1752b31d7280f9d1f5f873a534312cb02a,0.309326171875
dg_p176_a4,parm_fixed,3de8c82bc940682f742607b35ab2411e6f74f677964856f4777f1b8248c67aa7,-2.228515625
dg_p176_a4,midpoint,944c97fa8de279e9965157f1744e3ad67973a165d16d1d5e9fa1f8a0faf8c850,-1.181640625
dg_p176_a4,disagreement_gate,533393f9bc6a96d7a2a16c4cf34dab1752b31d7280f9d1f5f873a534312cb02a,0.309326171875
dg_p177_a0,base,a475d88f45237df421389f9c7ef0e85262ac2f732cd502e8bb603bf64808d288,2.306640625
dg_p177_a0,parm_fixed,9733d3887eca476460646f6e2efa4fe25929ccbbbff20e57f5d2a3804a67aeb7,11.609375
dg_p177_a0,midpoint,1421d1c5cd06c6134c165108c114ae60efd5015aedf4435810615fd0f2af5ec2,11.609375
dg_p177_a0,disagreement_gate,a475d88f45237df421389f9c7ef0e85262ac2f732cd502e8bb603bf64808d288,2.306640625
dg_p177_a1,base,a475d88f45237df421389f9c7ef0e85262ac2f732cd502e8bb603bf64808d288,2.306640625
dg_p177_a1,parm_fixed,034e6049c1944ef4c18d5d51fccc1440ca6965db5e579f24e0b64c5ee968a9d6,14.765625
dg_p177_a1,midpoint,1fa91f9ec9efc495ffe80ef6061d30450104c96c71e40e6223c0d20f2ceb328c,11.734375
dg_p177_a1,disagreement_gate,a475d88f45237df421389f9c7ef0e85262ac2f732cd502e8bb603bf64808d288,2.306640625
dg_p177_a2,base,a475d88f45237df421389f9c7ef0e85262ac2f732cd502e8bb603bf64808d288,2.306640625
dg_p177_a2,parm_fixed,955ed294919e199867a22f83fea9d8462ebc59a2986066cccc088c79f5eab43c,8.4453125
dg_p177_a2,midpoint,1fa91f9ec9efc495ffe80ef6061d30450104c96c71e40e6223c0d20f2ceb328c,11.734375
dg_p177_a2,disagreement_gate,a475d88f45237df421389f9c7ef0e85262ac2f732cd502e8bb603bf64808d288,2.306640625
dg_p177_a3,base,a475d88f45237df421389f9c7ef0e85262ac2f732cd502e8bb603bf64808d288,2.306640625
dg_p177_a3,parm_fixed,46a33b0f46a5990419d0a2633e3f7599022bbcb5d75e77c2af599c7cb3a54fa5,8.078125
dg_p177_a3,midpoint,3020b1c7d3f226ee26037668ec5425d02d391113aaf7f686335eeefb74a6265f,4.7734375
dg_p177_a3,disagreement_gate,a475d88f45237df421389f9c7ef0e85262ac2f732cd502e8bb603bf64808d288,2.306640625
dg_p177_a4,base,a475d88f45237df421389f9c7ef0e85262ac2f732cd502e8bb603bf64808d288,2.306640625
dg_p177_a4,parm_fixed,840401db1dc1e4ac845ec034afff923a0813735c99096a4bc72b191cd90d349b,-10.21875
dg_p177_a4,midpoint,db834aeb065720b7188cf5bf0dee834bbb7f92b5b1a592553c095c45ad383ac4,3.71484375
dg_p177_a4,disagreement_gate,a475d88f45237df421389f9c7ef0e85262ac2f732cd502e8bb603bf64808d288,2.306640625
dg_p178_a0,base,a44dc90020914cb666ca8306fc37c5e6494c6c391406013c708b5f291120e36b,17.46875
dg_p178_a0,parm_fixed,52b169332520a9b712fc2e9bd89ea831678aee0eb57ced176e74eac7014998fb,2.3125
dg_p178_a0,midpoint,728db6dbc6b2098084fc5cdfe257e88bc7a760d046bc71e660d3763e092c31cd,3.974609375
dg_p178_a0,disagreement_gate,a44dc90020914cb666ca8306fc37c5e6494c6c391406013c708b5f291120e36b,17.46875
dg_p178_a1,base,a44dc90020914cb666ca8306fc37c5e6494c6c391406013c708b5f291120e36b,17.46875
dg_p178_a1,parm_fixed,1163ae1c405a351a8bfbfceffb9d0e20008564d7e64fdd7a2045737b8a888277,3.271484375
dg_p178_a1,midpoint,728db6dbc6b2098084fc5cdfe257e88bc7a760d046bc71e660d3763e092c31cd,3.974609375
dg_p178_a1,disagreement_gate,a44dc90020914cb666ca8306fc37c5e6494c6c391406013c708b5f291120e36b,17.46875
dg_p178_a2,base,a44dc90020914cb666ca8306fc37c5e6494c6c391406013c708b5f291120e36b,17.46875
dg_p178_a2,parm_fixed,cdf041bea733b5a7329d8a9ae53ec9f03176a3c442848f2b7038883065ab3689,-0.201904296875
dg_p178_a2,midpoint,f0073752be2ede532d9c76464bfd48fe74e8b8c479122327fd4b5bcc4a867e93,10.046875
dg_p178_a2,disagreement_gate,a44dc90020914cb666ca8306fc37c5e6494c6c391406013c708b5f291120e36b,17.46875
dg_p178_a3,base,a44dc90020914cb666ca8306fc37c5e6494c6c391406013c708b5f291120e36b,17.46875
dg_p178_a3,parm_fixed,6b7be66db7ce5fe98a1f3740f07ab2f8ab3d92bc82fa2512a8dd3de9f1873197,10.8515625
dg_p178_a3,midpoint,2421ddc54bc0143f273c74f1a72cac1ba785d2f3b489d27df7eeff50a11ee54f,3.072265625
dg_p178_a3,disagreement_gate,a44dc90020914cb666ca8306fc37c5e6494c6c391406013c708b5f291120e36b,17.46875
dg_p178_a4,base,a44dc90020914cb666ca8306fc37c5e6494c6c391406013c708b5f291120e36b,17.46875
dg_p178_a4,parm_fixed,5adee51aba438d2708e0d4afd7e704659685e0ae79233f8132844f57be8d2a18,12.8125
dg_p178_a4,midpoint,755c382aeb0ed096865f14f84d6bef2498075200e2c6035e68ca146c85403ac6,-4.7421875
dg_p178_a4,disagreement_gate,a44dc90020914cb666ca8306fc37c5e6494c6c391406013c708b5f291120e36b,17.46875
dg_p179_a0,base,ba62cddc0da18586674c166bbcc3f4256b91f8897fac6c5282168c0571b0935c,-12.375
dg_p179_a0,parm_fixed,f4babf1b8c70d7e6dc846ea1420ab0319d87f8e3e951ec1a570822c008769687,-2.845703125
dg_p179_a0,midpoint,af8d86a3c4686c4b8c5972a681a33cec7f4305c3287581d39511c8b21e998a34,-1.2421875
dg_p179_a0,disagreement_gate,ba62cddc0da18586674c166bbcc3f4256b91f8897fac6c5282168c0571b0935c,-12.375
dg_p179_a1,base,ba62cddc0da18586674c166bbcc3f4256b91f8897fac6c5282168c0571b0935c,-12.375
dg_p179_a1,parm_fixed,f4babf1b8c70d7e6dc846ea1420ab0319d87f8e3e951ec1a570822c008769687,-2.845703125
dg_p179_a1,midpoint,af8d86a3c4686c4b8c5972a681a33cec7f4305c3287581d39511c8b21e998a34,-1.2421875
dg_p179_a1,disagreement_gate,ba62cddc0da18586674c166bbcc3f4256b91f8897fac6c5282168c0571b0935c,-12.375
dg_p179_a2,base,ba62cddc0da18586674c166bbcc3f4256b91f8897fac6c5282168c0571b0935c,-12.375
dg_p179_a2,parm_fixed,6e4005cf649d9a6a8358aac5096734b43dc06ce49247eb73a4b3b59edb42b288,-0.1832275390625
dg_p179_a2,midpoint,af8d86a3c4686c4b8c5972a681a33cec7f4305c3287581d39511c8b21e998a34,-1.2421875
dg_p179_a2,disagreement_gate,ba62cddc0da18586674c166bbcc3f4256b91f8897fac6c5282168c0571b0935c,-12.375
dg_p179_a3,base,ba62cddc0da18586674c166bbcc3f4256b91f8897fac6c5282168c0571b0935c,-12.375
dg_p179_a3,parm_fixed,fa64e008a24b236f9eaae09fcef6378e8a46c8bea174769b590242ceda641105,-11.8203125
dg_p179_a3,midpoint,af8d86a3c4686c4b8c5972a681a33cec7f4305c3287581d39511c8b21e998a34,-1.2421875
dg_p179_a3,disagreement_gate,ba62cddc0da18586674c166bbcc3f4256b91f8897fac6c5282168c0571b0935c,-12.375
dg_p179_a4,base,ba62cddc0da18586674c166bbcc3f4256b91f8897fac6c5282168c0571b0935c,-12.375
dg_p179_a4,parm_fixed,20c69c3de588c6ca3f8791ff867a8225e51a42cb5656dd757f0bf5dc4ebf58bc,-0.76806640625
dg_p179_a4,midpoint,af8d86a3c4686c4b8c5972a681a33cec7f4305c3287581d39511c8b21e998a34,-1.2421875
dg_p179_a4,disagreement_gate,ba62cddc0da18586674c166bbcc3f4256b91f8897fac6c5282168c0571b0935c,-12.375
dg_p180_a0,base,431882cad1748695e93191913eb247cc7618de50fb350d512aac8a906b7abab6,-10.28125
dg_p180_a0,parm_fixed,e6b472484349f509a2a1cfa42a3dcd1dfa301276d5e22795bc3702e412d39257,-6.84375
dg_p180_a0,midpoint,1d3dd72b8b27b531528ed6d3eb2cb326fb47186f00af179680ec22b63478736d,0.0880126953125
dg_p180_a0,disagreement_gate,431882cad1748695e93191913eb247cc7618de50fb350d512aac8a906b7abab6,-10.28125
dg_p180_a1,base,431882cad1748695e93191913eb247cc7618de50fb350d512aac8a906b7abab6,-10.28125
dg_p180_a1,parm_fixed,e6b472484349f509a2a1cfa42a3dcd1dfa301276d5e22795bc3702e412d39257,-6.84375
dg_p180_a1,midpoint,1d3dd72b8b27b531528ed6d3eb2cb326fb47186f00af179680ec22b63478736d,0.0880126953125
dg_p180_a1,disagreement_gate,431882cad1748695e93191913eb247cc7618de50fb350d512aac8a906b7abab6,-10.28125
dg_p180_a2,base,431882cad1748695e93191913eb247cc7618de50fb350d512aac8a906b7abab6,-10.28125
dg_p180_a2,parm_fixed,ea1c1cd96550d74fcbb9db0a1c3f150b4cfac8c19cfa862bf51e813de7ff1759,-8.4609375
dg_p180_a2,midpoint,e84f90a042aaa264ba676d9543bb91bea95adf53e0bb583dd370f74d3f6d2b9d,-4.46484375
dg_p180_a2,disagreement_gate,431882cad1748695e93191913eb247cc7618de50fb350d512aac8a906b7abab6,-10.28125
dg_p180_a3,base,431882cad1748695e93191913eb247cc7618de50fb350d512aac8a906b7abab6,-10.28125
dg_p180_a3,parm_fixed,2da136eef5496946a2ea91cb67f2accba5ed7b9c89cb5688a24154b0e7b1a71b,-2.7265625
dg_p180_a3,midpoint,e84f90a042aaa264ba676d9543bb91bea95adf53e0bb583dd370f74d3f6d2b9d,-4.46484375
dg_p180_a3,disagreement_gate,431882cad1748695e93191913eb247cc7618de50fb350d512aac8a906b7abab6,-10.28125
dg_p180_a4,base,431882cad1748695e93191913eb247cc7618de50fb350d512aac8a906b7abab6,-10.28125
dg_p180_a4,parm_fixed,2da136eef5496946a2ea91cb67f2accba5ed7b9c89cb5688a24154b0e7b1a71b,-2.7265625
dg_p180_a4,midpoint,e84f90a042aaa264ba676d9543bb91bea95adf53e0bb583dd370f74d3f6d2b9d,-4.46484375
dg_p180_a4,disagreement_gate,431882cad1748695e93191913eb247cc7618de50fb350d512aac8a906b7abab6,-10.28125
dg_p181_a0,base,da9f208365b030091ae5ed74e2f87b65c578b7ed70eba661ea2ba1a6d804e476,-9.8515625
dg_p181_a0,parm_fixed,d7856747a677fad3429b5461b15c91954ddd181c405925492325af9db8fd9fbc,5.8046875
dg_p181_a0,midpoint,e8ecd7fb9e2b26123984d8d6629e24cfccbaa2799d855c57904b4e0b6720a73e,10.4921875
dg_p181_a0,disagreement_gate,da9f208365b030091ae5ed74e2f87b65c578b7ed70eba661ea2ba1a6d804e476,-9.8515625
dg_p181_a1,base,da9f208365b030091ae5ed74e2f87b65c578b7ed70eba661ea2ba1a6d804e476,-9.8515625
dg_p181_a1,parm_fixed,d881b3021fe724301634e07eab8d8c2ae64a65a5a6b17e8d2e90dffaf186c202,4.91015625
dg_p181_a1,midpoint,e8ecd7fb9e2b26123984d8d6629e24cfccbaa2799d855c57904b4e0b6720a73e,10.4921875
dg_p181_a1,disagreement_gate,da9f208365b030091ae5ed74e2f87b65c578b7ed70eba661ea2ba1a6d804e476,-9.8515625
dg_p181_a2,base,da9f208365b030091ae5ed74e2f87b65c578b7ed70eba661ea2ba1a6d804e476,-9.8515625
dg_p181_a2,parm_fixed,d881b3021fe724301634e07eab8d8c2ae64a65a5a6b17e8d2e90dffaf186c202,4.91015625
dg_p181_a2,midpoint,640ae62b6b19d32b0a6798d88861a2e38b5e47468c14f2a9d62b5469795dab7d,-1.9560546875
dg_p181_a2,disagreement_gate,da9f208365b030091ae5ed74e2f87b65c578b7ed70eba661ea2ba1a6d804e476,-9.8515625
dg_p181_a3,base,da9f208365b030091ae5ed74e2f87b65c578b7ed70eba661ea2ba1a6d804e476,-9.8515625
dg_p181_a3,parm_fixed,d881b3021fe724301634e07eab8d8c2ae64a65a5a6b17e8d2e90dffaf186c202,4.91015625
dg_p181_a3,midpoint,640ae62b6b19d32b0a6798d88861a2e38b5e47468c14f2a9d62b5469795dab7d,-1.9560546875
dg_p181_a3,disagreement_gate,da9f208365b030091ae5ed74e2f87b65c578b7ed70eba661ea2ba1a6d804e476,-9.8515625
dg_p181_a4,base,da9f208365b030091ae5ed74e2f87b65c578b7ed70eba661ea2ba1a6d804e476,-9.8515625
dg_p181_a4,parm_fixed,bf8566ee488e630d249f184e3cd63439a9c9d6f316a0fc16902408886334a9a6,1.0029296875
dg_p181_a4,midpoint,640ae62b6b19d32b0a6798d88861a2e38b5e47468c14f2a9d62b5469795dab7d,-1.9560546875
dg_p181_a4,disagreement_gate,da9f208365b030091ae5ed74e2f87b65c578b7ed70eba661ea2ba1a6d804e476,-9.8515625
dg_p182_a0,base,967ad3c4f7607f71497db0a7377c5827bbb4979b9982ba0b48b89cb119d07a4f,-2.0859375
dg_p182_a0,parm_fixed,a62f05776dba42f155d6189f32e3430e276db262ee62c8d5fe7cb92d0cea3abc,22.53125
dg_p182_a0,midpoint,a807b02f782e491dbbb3c205f9dc0305405b8dc2b78ca2436083736893b666de,27.90625
dg_p182_a0,disagreement_gate,967ad3c4f7607f71497db0a7377c5827bbb4979b9982ba0b48b89cb119d07a4f,-2.0859375
dg_p182_a1,base,967ad3c4f7607f71497db0a7377c5827bbb4979b9982ba0b48b89cb119d07a4f,-2.0859375
dg_p182_a1,parm_fixed,a62f05776dba42f155d6189f32e3430e276db262ee62c8d5fe7cb92d0cea3abc,22.53125
dg_p182_a1,midpoint,a807b02f782e491dbbb3c205f9dc0305405b8dc2b78ca2436083736893b666de,27.90625
dg_p182_a1,disagreement_gate,967ad3c4f7607f71497db0a7377c5827bbb4979b9982ba0b48b89cb119d07a4f,-2.0859375
dg_p182_a2,base,967ad3c4f7607f71497db0a7377c5827bbb4979b9982ba0b48b89cb119d07a4f,-2.0859375
dg_p182_a2,parm_fixed,a62f05776dba42f155d6189f32e3430e276db262ee62c8d5fe7cb92d0cea3abc,22.53125
dg_p182_a2,midpoint,a807b02f782e491dbbb3c205f9dc0305405b8dc2b78ca2436083736893b666de,27.90625
dg_p182_a2,disagreement_gate,967ad3c4f7607f71497db0a7377c5827bbb4979b9982ba0b48b89cb119d07a4f,-2.0859375
dg_p182_a3,base,967ad3c4f7607f71497db0a7377c5827bbb4979b9982ba0b48b89cb119d07a4f,-2.0859375
dg_p182_a3,parm_fixed,a807b02f782e491dbbb3c205f9dc0305405b8dc2b78ca2436083736893b666de,27.90625
dg_p182_a3,midpoint,a807b02f782e491dbbb3c205f9dc0305405b8dc2b78ca2436083736893b666de,27.90625
dg_p182_a3,disagreement_gate,967ad3c4f7607f71497db0a7377c5827bbb4979b9982ba0b48b89cb119d07a4f,-2.0859375
dg_p182_a4,base,967ad3c4f7607f71497db0a7377c5827bbb4979b9982ba0b48b89cb119d07a4f,-2.0859375
dg_p182_a4,parm_fixed,a807b02f782e491dbbb3c205f9dc0305405b8dc2b78ca2436083736893b666de,27.90625
dg_p182_a4,midpoint,a807b02f782e491dbbb3c205f9dc0305405b8dc2b78ca2436083736893b666de,27.90625
dg_p182_a4,disagreement_gate,967ad3c4f7607f71497db0a7377c5827bbb4979b9982ba0b48b89cb119d07a4f,-2.0859375
dg_p183_a0,base,e5943b1c97798f8e0fc591909952893a81368dd9901b8401b38f2c3cc0fcc17e,-6.06640625
dg_p183_a0,parm_fixed,cef53153c494200f22897f9358fbe9d841bb9971e2dfca861ee0e7a47b2cfbd5,9.9921875
dg_p183_a0,midpoint,814fe48c8321e5dc9b9d5a087bb3f5133f60af2fd4a4043de9b0e4d4b9a3b71c,5.40234375
dg_p183_a0,disagreement_gate,e5943b1c97798f8e0fc591909952893a81368dd9901b8401b38f2c3cc0fcc17e,-6.06640625
dg_p183_a1,base,e5943b1c97798f8e0fc591909952893a81368dd9901b8401b38f2c3cc0fcc17e,-6.06640625
dg_p183_a1,parm_fixed,cef53153c494200f22897f9358fbe9d841bb9971e2dfca861ee0e7a47b2cfbd5,9.9921875
dg_p183_a1,midpoint,7e6f76c96629a1ce8b8c5079e1fd2f29a890eb6eb2cb3ef49dd07bcdd1fd438f,2.65234375
dg_p183_a1,disagreement_gate,e5943b1c97798f8e0fc591909952893a81368dd9901b8401b38f2c3cc0fcc17e,-6.06640625
dg_p183_a2,base,e5943b1c97798f8e0fc591909952893a81368dd9901b8401b38f2c3cc0fcc17e,-6.06640625
dg_p183_a2,parm_fixed,2d0460099f424b6a5cb090373d6b96b3d0b7a873fe6e5ea2af42f4698a4c54eb,1.638671875
dg_p183_a2,midpoint,7e6f76c96629a1ce8b8c5079e1fd2f29a890eb6eb2cb3ef49dd07bcdd1fd438f,2.65234375
dg_p183_a2,disagreement_gate,e5943b1c97798f8e0fc591909952893a81368dd9901b8401b38f2c3cc0fcc17e,-6.06640625
dg_p183_a3,base,e5943b1c97798f8e0fc591909952893a81368dd9901b8401b38f2c3cc0fcc17e,-6.06640625
dg_p183_a3,parm_fixed,c340d9c4e87c7f0999ee3d8fbbade1a826274b82789d9e2d73c363be85fa5846,-5.359375
dg_p183_a3,midpoint,7e6f76c96629a1ce8b8c5079e1fd2f29a890eb6eb2cb3ef49dd07bcdd1fd438f,2.65234375
dg_p183_a3,disagreement_gate,e5943b1c97798f8e0fc591909952893a81368dd9901b8401b38f2c3cc0fcc17e,-6.06640625
dg_p183_a4,base,e5943b1c97798f8e0fc591909952893a81368dd9901b8401b38f2c3cc0fcc17e,-6.06640625
dg_p183_a4,parm_fixed,68b6d61a409578e551645760eef82db296ff4dc0eeef35453f2c04e44cf22f9e,3.84375
dg_p183_a4,midpoint,34afee539420422f2a3d74284668e01a601becc483c8a355f2140ae1aeaf1fd4,9.3828125
dg_p183_a4,disagreement_gate,e5943b1c97798f8e0fc591909952893a81368dd9901b8401b38f2c3cc0fcc17e,-6.06640625
dg_p184_a0,base,fe7c210093059d14f632951b67754bedfeceafcf7f604bcb6cbebe21fa4538e7,-6.12109375
dg_p184_a0,parm_fixed,13f99d6e6d42f4202083a3ff66780cb36305f5c5d44dc41fde14631b3f6e3477,15.1640625
dg_p184_a0,midpoint,8fe3b0ce301a075817b19976541869e6200036ec4c175e89b54d337cc255e898,12.046875
dg_p184_a0,disagreement_gate,fe7c210093059d14f632951b67754bedfeceafcf7f604bcb6cbebe21fa4538e7,-6.12109375
dg_p184_a1,base,fe7c210093059d14f632951b67754bedfeceafcf7f604bcb6cbebe21fa4538e7,-6.12109375
dg_p184_a1,parm_fixed,950a66d3bfedd35b9e1b47889c7cd31b918250fec037d1836b70101d48290f67,15.0625
dg_p184_a1,midpoint,5c0cd18156cd7702a859de25f6001ea5164753e3ce4c6b8c30a05b67ef145fb9,13.2734375
dg_p184_a1,disagreement_gate,fe7c210093059d14f632951b67754bedfeceafcf7f604bcb6cbebe21fa4538e7,-6.12109375
dg_p184_a2,base,fe7c210093059d14f632951b67754bedfeceafcf7f604bcb6cbebe21fa4538e7,-6.12109375
dg_p184_a2,parm_fixed,fef04f2ab55e12fb08d764e21e5a119dbe97c6fae320831bd1fe0c33b460f1d7,11.859375
dg_p184_a2,midpoint,c5e0bab5cd3f9085c252f1270b7936f450c8a73806f8923a394af0e8001f72ec,13.9296875
dg_p184_a2,disagreement_gate,fe7c210093059d14f632951b67754bedfeceafcf7f604bcb6cbebe21fa4538e7,-6.12109375
dg_p184_a3,base,fe7c210093059d14f632951b67754bedfeceafcf7f604bcb6cbebe21fa4538e7,-6.12109375
dg_p184_a3,parm_fixed,781d4e86a9b376e855d2c132e0271c851720d00eb3641741c582af44711d45a7,14.7109375
dg_p184_a3,midpoint,c5e0bab5cd3f9085c252f1270b7936f450c8a73806f8923a394af0e8001f72ec,13.9296875
dg_p184_a3,disagreement_gate,fe7c210093059d14f632951b67754bedfeceafcf7f604bcb6cbebe21fa4538e7,-6.12109375
dg_p184_a4,base,fe7c210093059d14f632951b67754bedfeceafcf7f604bcb6cbebe21fa4538e7,-6.12109375
dg_p184_a4,parm_fixed,9e94464728fb374f920b840722d9f92b0e48f89e452ec6e69f1ad49e5afc1af8,16.546875
dg_p184_a4,midpoint,c1c6936c269226ef2f9b825c5f77d9c5aa804e9e3139f64ad8288cff51fdeb35,3.46875
dg_p184_a4,disagreement_gate,fe7c210093059d14f632951b67754bedfeceafcf7f604bcb6cbebe21fa4538e7,-6.12109375
dg_p185_a0,base,0266f89fb33c167493d526bcb2cc3fd3684e9597dee97b01a74e3b5b23fa345a,-1.3212890625
dg_p185_a0,parm_fixed,c2492d7ff2c3b52e2a8148ff1c6d5e501ff28725adf8b632532793d238b0e26b,-2.400390625
dg_p185_a0,midpoint,4310b049fa003e0259a0019c6a254233b3dad748a489b9a5773c4da421324b87,5.2734375
dg_p185_a0,disagreement_gate,0266f89fb33c167493d526bcb2cc3fd3684e9597dee97b01a74e3b5b23fa345a,-1.3212890625
dg_p185_a1,base,0266f89fb33c167493d526bcb2cc3fd3684e9597dee97b01a74e3b5b23fa345a,-1.3212890625
dg_p185_a1,parm_fixed,7c263c58c278b06f1d59b6d752d25f25130243cd5c75efd17358d0396013a21c,-1.7255859375
dg_p185_a1,midpoint,4310b049fa003e0259a0019c6a254233b3dad748a489b9a5773c4da421324b87,5.2734375
dg_p185_a1,disagreement_gate,0266f89fb33c167493d526bcb2cc3fd3684e9597dee97b01a74e3b5b23fa345a,-1.3212890625
dg_p185_a2,base,0266f89fb33c167493d526bcb2cc3fd3684e9597dee97b01a74e3b5b23fa345a,-1.3212890625
dg_p185_a2,parm_fixed,f19bb87314fd8dd3894dbe1c09b904f755f47b34e95fcc0e730fa737469144f5,-0.89208984375
dg_p185_a2,midpoint,4310b049fa003e0259a0019c6a254233b3dad748a489b9a5773c4da421324b87,5.2734375
dg_p185_a2,disagreement_gate,0266f89fb33c167493d526bcb2cc3fd3684e9597dee97b01a74e3b5b23fa345a,-1.3212890625
dg_p185_a3,base,0266f89fb33c167493d526bcb2cc3fd3684e9597dee97b01a74e3b5b23fa345a,-1.3212890625
dg_p185_a3,parm_fixed,f19bb87314fd8dd3894dbe1c09b904f755f47b34e95fcc0e730fa737469144f5,-0.89208984375
dg_p185_a3,midpoint,4310b049fa003e0259a0019c6a254233b3dad748a489b9a5773c4da421324b87,5.2734375
dg_p185_a3,disagreement_gate,0266f89fb33c167493d526bcb2cc3fd3684e9597dee97b01a74e3b5b23fa345a,-1.3212890625
dg_p185_a4,base,0266f89fb33c167493d526bcb2cc3fd3684e9597dee97b01a74e3b5b23fa345a,-1.3212890625
dg_p185_a4,parm_fixed,f19bb87314fd8dd3894dbe1c09b904f755f47b34e95fcc0e730fa737469144f5,-0.89208984375
dg_p185_a4,midpoint,4310b049fa003e0259a0019c6a254233b3dad748a489b9a5773c4da421324b87,5.2734375
dg_p185_a4,disagreement_gate,0266f89fb33c167493d526bcb2cc3fd3684e9597dee97b01a74e3b5b23fa345a,-1.3212890625
dg_p186_a0,base,3d7e3756c8e1d3aa1a0d845a48bc6f1d9f854174edfe21dbef22007c41cda932,15.09375
dg_p186_a0,parm_fixed,3d16e9b5a94e74813c2361a8c012c60f9fb1fb2f6c8d98f3645aa4bfc71282c9,3.865234375
dg_p186_a0,midpoint,6558a965746db2e5b3c706786731aef3db14208ad7dc2cb08092b351c17a53e4,10.5546875
dg_p186_a0,disagreement_gate,3d7e3756c8e1d3aa1a0d845a48bc6f1d9f854174edfe21dbef22007c41cda932,15.09375
dg_p186_a1,base,3d7e3756c8e1d3aa1a0d845a48bc6f1d9f854174edfe21dbef22007c41cda932,15.09375
dg_p186_a1,parm_fixed,3d16e9b5a94e74813c2361a8c012c60f9fb1fb2f6c8d98f3645aa4bfc71282c9,3.865234375
dg_p186_a1,midpoint,e5f957172cc460a5bf4988fbfa6cee8e5bb3540613beae6bf8bc48edfa4d81e4,16.84375
dg_p186_a1,disagreement_gate,3d7e3756c8e1d3aa1a0d845a48bc6f1d9f854174edfe21dbef22007c41cda932,15.09375
dg_p186_a2,base,3d7e3756c8e1d3aa1a0d845a48bc6f1d9f854174edfe21dbef22007c41cda932,15.09375
dg_p186_a2,parm_fixed,9d0f97d03f6547cefe8bafa0c24135f214dec9cda11406893a4156f6c4b5524b,4.10546875
dg_p186_a2,midpoint,e5f957172cc460a5bf4988fbfa6cee8e5bb3540613beae6bf8bc48edfa4d81e4,16.84375
dg_p186_a2,disagreement_gate,3d7e3756c8e1d3aa1a0d845a48bc6f1d9f854174edfe21dbef22007c41cda932,15.09375
dg_p186_a3,base,3d7e3756c8e1d3aa1a0d845a48bc6f1d9f854174edfe21dbef22007c41cda932,15.09375
dg_p186_a3,parm_fixed,ae95a5c8da3a81c821eabda633b79a9783193ca25f706d6d1c7567b0d07c89e5,12.125
dg_p186_a3,midpoint,e5f957172cc460a5bf4988fbfa6cee8e5bb3540613beae6bf8bc48edfa4d81e4,16.84375
dg_p186_a3,disagreement_gate,3d7e3756c8e1d3aa1a0d845a48bc6f1d9f854174edfe21dbef22007c41cda932,15.09375
dg_p186_a4,base,3d7e3756c8e1d3aa1a0d845a48bc6f1d9f854174edfe21dbef22007c41cda932,15.09375
dg_p186_a4,parm_fixed,d99bf2f5842061afa70266b8abb8827b149a3b2446ddac5530500bf40c00d562,11.2890625
dg_p186_a4,midpoint,b34b9a944e876c8c340cfb261dcc53c9be108cdd5aa9cb4107bb342cb432f83d,16.96875
dg_p186_a4,disagreement_gate,3d7e3756c8e1d3aa1a0d845a48bc6f1d9f854174edfe21dbef22007c41cda932,15.09375
dg_p187_a0,base,1b295611a2545fdff8c49ccd01b8a3770c2c32c10a5156f397b8839746bde7f6,-5.3203125
dg_p187_a0,parm_fixed,4fa1c1537384383fb94495e0c85e6a6edb91a9f08f2422f0d6efe0978fc8a976,8.0703125
dg_p187_a0,midpoint,6f22a1771fb1351003d92ce0c3fe5f5f93fc3fce60fb08d8ceb1907ca04d657e,2.451171875
dg_p187_a0,disagreement_gate,1b295611a2545fdff8c49ccd01b8a3770c2c32c10a5156f397b8839746bde7f6,-5.3203125
dg_p187_a1,base,1b295611a2545fdff8c49ccd01b8a3770c2c32c10a5156f397b8839746bde7f6,-5.3203125
dg_p187_a1,parm_fixed,d0559c6c39cd147b97674fbdc186e239461a6be905b71977b2a7f7d132cb8dd6,-0.7294921875
dg_p187_a1,midpoint,6f22a1771fb1351003d92ce0c3fe5f5f93fc3fce60fb08d8ceb1907ca04d657e,2.451171875
dg_p187_a1,disagreement_gate,1b295611a2545fdff8c49ccd01b8a3770c2c32c10a5156f397b8839746bde7f6,-5.3203125
dg_p187_a2,base,1b295611a2545fdff8c49ccd01b8a3770c2c32c10a5156f397b8839746bde7f6,-5.3203125
dg_p187_a2,parm_fixed,a00ca6eeb58c93127915dd50964987123e40121d1489fe27ac24d1928249d459,-0.1392822265625
dg_p187_a2,midpoint,6f22a1771fb1351003d92ce0c3fe5f5f93fc3fce60fb08d8ceb1907ca04d657e,2.451171875
dg_p187_a2,disagreement_gate,1b295611a2545fdff8c49ccd01b8a3770c2c32c10a5156f397b8839746bde7f6,-5.3203125
dg_p187_a3,base,1b295611a2545fdff8c49ccd01b8a3770c2c32c10a5156f397b8839746bde7f6,-5.3203125
dg_p187_a3,parm_fixed,ac5083c651a6fb33f4bb78fc20b88748904e6cc8ba2925b88fb0bf0b2cc4b86a,2.1015625
dg_p187_a3,midpoint,6f22a1771fb1351003d92ce0c3fe5f5f93fc3fce60fb08d8ceb1907ca04d657e,2.451171875
dg_p187_a3,disagreement_gate,1b295611a2545fdff8c49ccd01b8a3770c2c32c10a5156f397b8839746bde7f6,-5.3203125
dg_p187_a4,base,1b295611a2545fdff8c49ccd01b8a3770c2c32c10a5156f397b8839746bde7f6,-5.3203125
dg_p187_a4,parm_fixed,00d9ca6c8661dfba9fcc0e099f76d00ec4d88a74946aa566df5ac30a49c82de3,-9.5703125
dg_p187_a4,midpoint,6f22a1771fb1351003d92ce0c3fe5f5f93fc3fce60fb08d8ceb1907ca04d657e,2.451171875
dg_p187_a4,disagreement_gate,1b295611a2545fdff8c49ccd01b8a3770c2c32c10a5156f397b8839746bde7f6,-5.3203125
dg_p188_a0,base,d933ecc036656226b4b48b336a156c329348dc8a583983a337eb0b5179c55760,-2.0703125
dg_p188_a0,parm_fixed,c9545b4fe35fb59769cf2336e67e0095b121cb3612e30084f4aea59f9176f87c,5.67578125
dg_p188_a0,midpoint,487a0ea8db7920ba3160abd25e267e0162efcb393582dd7744704ef8aa54f5fb,1.2412109375
dg_p188_a0,disagreement_gate,d933ecc036656226b4b48b336a156c329348dc8a583983a337eb0b5179c55760,-2.0703125
dg_p188_a1,base,d933ecc036656226b4b48b336a156c329348dc8a583983a337eb0b5179c55760,-2.0703125
dg_p188_a1,parm_fixed,c9545b4fe35fb59769cf2336e67e0095b121cb3612e30084f4aea59f9176f87c,5.67578125
dg_p188_a1,midpoint,ba58656c2e103a6642e006fdcd8595501b3fc1b9aa679aa5c590ae95a1da25a5,3.921875
dg_p188_a1,disagreement_gate,d933ecc036656226b4b48b336a156c329348dc8a583983a337eb0b5179c55760,-2.0703125
dg_p188_a2,base,d933ecc036656226b4b48b336a156c329348dc8a583983a337eb0b5179c55760,-2.0703125
dg_p188_a2,parm_fixed,c9545b4fe35fb59769cf2336e67e0095b121cb3612e30084f4aea59f9176f87c,5.67578125
dg_p188_a2,midpoint,c9545b4fe35fb59769cf2336e67e0095b121cb3612e30084f4aea59f9176f87c,5.67578125
dg_p188_a2,disagreement_gate,d933ecc036656226b4b48b336a156c329348dc8a583983a337eb0b5179c55760,-2.0703125
dg_p188_a3,base,d933ecc036656226b4b48b336a156c329348dc8a583983a337eb0b5179c55760,-2.0703125
dg_p188_a3,parm_fixed,c9545b4fe35fb59769cf2336e67e0095b121cb3612e30084f4aea59f9176f87c,5.67578125
dg_p188_a3,midpoint,c9545b4fe35fb59769cf2336e67e0095b121cb3612e30084f4aea59f9176f87c,5.67578125
dg_p188_a3,disagreement_gate,d933ecc036656226b4b48b336a156c329348dc8a583983a337eb0b5179c55760,-2.0703125
dg_p188_a4,base,d933ecc036656226b4b48b336a156c329348dc8a583983a337eb0b5179c55760,-2.0703125
dg_p188_a4,parm_fixed,c9545b4fe35fb59769cf2336e67e0095b121cb3612e30084f4aea59f9176f87c,5.67578125
dg_p188_a4,midpoint,c9545b4fe35fb59769cf2336e67e0095b121cb3612e30084f4aea59f9176f87c,5.67578125
dg_p188_a4,disagreement_gate,d933ecc036656226b4b48b336a156c329348dc8a583983a337eb0b5179c55760,-2.0703125
dg_p189_a0,base,f08c3b50809464a65f13d2c33ab1cd8bbc4462e3fb78ba95c41dcc929ff21d69,5.3828125
dg_p189_a0,parm_fixed,aa7f70ea98376da3697d5627a56d953608e8e5013956408513721f8fbaaff9cc,4.8046875
dg_p189_a0,midpoint,6897d77b981b33e23bd078f7e38565ec4eee15ffda90f82a4e69ef3619276962,16.25
dg_p189_a0,disagreement_gate,f08c3b50809464a65f13d2c33ab1cd8bbc4462e3fb78ba95c41dcc929ff21d69,5.3828125
dg_p189_a1,base,f08c3b50809464a65f13d2c33ab1cd8bbc4462e3fb78ba95c41dcc929ff21d69,5.3828125
dg_p189_a1,parm_fixed,aa7f70ea98376da3697d5627a56d953608e8e5013956408513721f8fbaaff9cc,4.8046875
dg_p189_a1,midpoint,6897d77b981b33e23bd078f7e38565ec4eee15ffda90f82a4e69ef3619276962,16.25
dg_p189_a1,disagreement_gate,f08c3b50809464a65f13d2c33ab1cd8bbc4462e3fb78ba95c41dcc929ff21d69,5.3828125
dg_p189_a2,base,f08c3b50809464a65f13d2c33ab1cd8bbc4462e3fb78ba95c41dcc929ff21d69,5.3828125
dg_p189_a2,parm_fixed,e4d78b0db4afa9e3f5fda1f812118d4a6733d9a912315918f2b6090bfd849286,2.05859375
dg_p189_a2,midpoint,f1ec88b57aa7a3b2ce467ca2fb6894c8b9b1cebdb304b8123adb8b6eabc2539d,22.109375
dg_p189_a2,disagreement_gate,f08c3b50809464a65f13d2c33ab1cd8bbc4462e3fb78ba95c41dcc929ff21d69,5.3828125
dg_p189_a3,base,f08c3b50809464a65f13d2c33ab1cd8bbc4462e3fb78ba95c41dcc929ff21d69,5.3828125
dg_p189_a3,parm_fixed,e4d78b0db4afa9e3f5fda1f812118d4a6733d9a912315918f2b6090bfd849286,2.05859375
dg_p189_a3,midpoint,216a700b24e0bfc1007f54fb26c5d4a7132f0580eaecbd093f82e02998b90df1,17.328125
dg_p189_a3,disagreement_gate,f08c3b50809464a65f13d2c33ab1cd8bbc4462e3fb78ba95c41dcc929ff21d69,5.3828125
dg_p189_a4,base,f08c3b50809464a65f13d2c33ab1cd8bbc4462e3fb78ba95c41dcc929ff21d69,5.3828125
dg_p189_a4,parm_fixed,509782946a3545c63dab85e3e51ae89dad50685ace6e284841437bd9d714cacd,9.8359375
dg_p189_a4,midpoint,28c278f7558012c8056533c5082a789b9b82da8e4362a106d9ea422fb65062ce,16.359375
dg_p189_a4,disagreement_gate,f08c3b50809464a65f13d2c33ab1cd8bbc4462e3fb78ba95c41dcc929ff21d69,5.3828125
dg_p190_a0,base,d85fe3cc4b6b5303244636b022a7daff09fbdbee451d9f13ce93f899f1e7bb9c,-14.046875
dg_p190_a0,parm_fixed,a2764585ce01bff4239325db582af7693fe5ff081244b44322740d33c53b6c2b,-8.5234375
dg_p190_a0,midpoint,a2764585ce01bff4239325db582af7693fe5ff081244b44322740d33c53b6c2b,-8.5234375
dg_p190_a0,disagreement_gate,d85fe3cc4b6b5303244636b022a7daff09fbdbee451d9f13ce93f899f1e7bb9c,-14.046875
dg_p190_a1,base,d85fe3cc4b6b5303244636b022a7daff09fbdbee451d9f13ce93f899f1e7bb9c,-14.046875
dg_p190_a1,parm_fixed,a2764585ce01bff4239325db582af7693fe5ff081244b44322740d33c53b6c2b,-8.5234375
dg_p190_a1,midpoint,a2764585ce01bff4239325db582af7693fe5ff081244b44322740d33c53b6c2b,-8.5234375
dg_p190_a1,disagreement_gate,d85fe3cc4b6b5303244636b022a7daff09fbdbee451d9f13ce93f899f1e7bb9c,-14.046875
dg_p190_a2,base,d85fe3cc4b6b5303244636b022a7daff09fbdbee451d9f13ce93f899f1e7bb9c,-14.046875
dg_p190_a2,parm_fixed,a2764585ce01bff4239325db582af7693fe5ff081244b44322740d33c53b6c2b,-8.5234375
dg_p190_a2,midpoint,a2764585ce01bff4239325db582af7693fe5ff081244b44322740d33c53b6c2b,-8.5234375
dg_p190_a2,disagreement_gate,d85fe3cc4b6b5303244636b022a7daff09fbdbee451d9f13ce93f899f1e7bb9c,-14.046875
dg_p190_a3,base,d85fe3cc4b6b5303244636b022a7daff09fbdbee451d9f13ce93f899f1e7bb9c,-14.046875
dg_p190_a3,parm_fixed,a2764585ce01bff4239325db582af7693fe5ff081244b44322740d33c53b6c2b,-8.5234375
dg_p190_a3,midpoint,a2764585ce01bff4239325db582af7693fe5ff081244b44322740d33c53b6c2b,-8.5234375
dg_p190_a3,disagreement_gate,d85fe3cc4b6b5303244636b022a7daff09fbdbee451d9f13ce93f899f1e7bb9c,-14.046875
dg_p190_a4,base,d85fe3cc4b6b5303244636b022a7daff09fbdbee451d9f13ce93f899f1e7bb9c,-14.046875
dg_p190_a4,parm_fixed,a2764585ce01bff4239325db582af7693fe5ff081244b44322740d33c53b6c2b,-8.5234375
dg_p190_a4,midpoint,a2764585ce01bff4239325db582af7693fe5ff081244b44322740d33c53b6c2b,-8.5234375
dg_p190_a4,disagreement_gate,d85fe3cc4b6b5303244636b022a7daff09fbdbee451d9f13ce93f899f1e7bb9c,-14.046875
dg_p191_a0,base,4e3cd7985cccf46e660244c739c37b83d886d3feb07b6bb1160727374aa01140,14.3359375
dg_p191_a0,parm_fixed,d259db466f383976158dd1c5b80655802d41f220925171c8c66d2201355fdb54,13.4296875
dg_p191_a0,midpoint,73fbd7c2112871f8235ab1e4029af48099ec85d17795c56a5dfb7843f45edbfb,25.421875
dg_p191_a0,disagreement_gate,4e3cd7985cccf46e660244c739c37b83d886d3feb07b6bb1160727374aa01140,14.3359375
dg_p191_a1,base,4e3cd7985cccf46e660244c739c37b83d886d3feb07b6bb1160727374aa01140,14.3359375
dg_p191_a1,parm_fixed,baca61d67053b4031618c70468c1aa381026cfe7feee00ef5190c3ef7ad0c082,10.328125
dg_p191_a1,midpoint,cd366aab6700ac11a2262269ab0acfdf6d16e5963c912d978d02702407f675c5,20.9375
dg_p191_a1,disagreement_gate,4e3cd7985cccf46e660244c739c37b83d886d3feb07b6bb1160727374aa01140,14.3359375
dg_p191_a2,base,4e3cd7985cccf46e660244c739c37b83d886d3feb07b6bb1160727374aa01140,14.3359375
dg_p191_a2,parm_fixed,c37b9df5d629ef73512a581a68d63cddf2cd37e15a115e4ab36e577467f9eb2c,-8.6015625
dg_p191_a2,midpoint,cd366aab6700ac11a2262269ab0acfdf6d16e5963c912d978d02702407f675c5,20.9375
dg_p191_a2,disagreement_gate,4e3cd7985cccf46e660244c739c37b83d886d3feb07b6bb1160727374aa01140,14.3359375
dg_p191_a3,base,4e3cd7985cccf46e660244c739c37b83d886d3feb07b6bb1160727374aa01140,14.3359375
dg_p191_a3,parm_fixed,98f0e45c4168bae1e344ba7c2af5ae578a846a586304b1b969721d570c601507,-13.15625
dg_p191_a3,midpoint,df6646665b8d556ee6cbad4cf40af6efec3e9f17f0c035921b68c0ac5179f914,-3.5390625
dg_p191_a3,disagreement_gate,4e3cd7985cccf46e660244c739c37b83d886d3feb07b6bb1160727374aa01140,14.3359375
dg_p191_a4,base,4e3cd7985cccf46e660244c739c37b83d886d3feb07b6bb1160727374aa01140,14.3359375
dg_p191_a4,parm_fixed,979d0465799be2314cef20014c9c20d09d542dcfe76bd0d5b72362f4bfa6eba0,-11.3125
dg_p191_a4,midpoint,36ed50afb01ba3ce87a3cd97587de643c65db5504a9d6dd9400ee0b1006caf99,-9.2109375
dg_p191_a4,disagreement_gate,4e3cd7985cccf46e660244c739c37b83d886d3feb07b6bb1160727374aa01140,14.3359375
dg_p192_a0,base,0d1581523907f9124e90909428045f57e8b82237273aa050d58cfb2c51876777,-9.71875
dg_p192_a0,parm_fixed,af36558a1abf07cf0c1ea8157cc24b79d0ed47a635c89e95b39fdc1a808cb4e1,-14.609375
dg_p192_a0,midpoint,98ed8c3926edffa2f6564608d2c56515cd3c6c35ecf272340d5b7aae8ab809c1,-15.3203125
dg_p192_a0,disagreement_gate,0d1581523907f9124e90909428045f57e8b82237273aa050d58cfb2c51876777,-9.71875
dg_p192_a1,base,0d1581523907f9124e90909428045f57e8b82237273aa050d58cfb2c51876777,-9.71875
dg_p192_a1,parm_fixed,af36558a1abf07cf0c1ea8157cc24b79d0ed47a635c89e95b39fdc1a808cb4e1,-14.609375
dg_p192_a1,midpoint,98ed8c3926edffa2f6564608d2c56515cd3c6c35ecf272340d5b7aae8ab809c1,-15.3203125
dg_p192_a1,disagreement_gate,0d1581523907f9124e90909428045f57e8b82237273aa050d58cfb2c51876777,-9.71875
dg_p192_a2,base,0d1581523907f9124e90909428045f57e8b82237273aa050d58cfb2c51876777,-9.71875
dg_p192_a2,parm_fixed,af36558a1abf07cf0c1ea8157cc24b79d0ed47a635c89e95b39fdc1a808cb4e1,-14.609375
dg_p192_a2,midpoint,9d1b0dcf5550341b657a023b63e420410ca719580680949a189dc329a04416e9,-8.859375
dg_p192_a2,disagreement_gate,0d1581523907f9124e90909428045f57e8b82237273aa050d58cfb2c51876777,-9.71875
dg_p192_a3,base,0d1581523907f9124e90909428045f57e8b82237273aa050d58cfb2c51876777,-9.71875
dg_p192_a3,parm_fixed,af36558a1abf07cf0c1ea8157cc24b79d0ed47a635c89e95b39fdc1a808cb4e1,-14.609375
dg_p192_a3,midpoint,9d1b0dcf5550341b657a023b63e420410ca719580680949a189dc329a04416e9,-8.859375
dg_p192_a3,disagreement_gate,0d1581523907f9124e90909428045f57e8b82237273aa050d58cfb2c51876777,-9.71875
dg_p192_a4,base,0d1581523907f9124e90909428045f57e8b82237273aa050d58cfb2c51876777,-9.71875
dg_p192_a4,parm_fixed,af36558a1abf07cf0c1ea8157cc24b79d0ed47a635c89e95b39fdc1a808cb4e1,-14.609375
dg_p192_a4,midpoint,90eaea562adcef50920fb786a394958465ba6bfb269b603bc0a9fb03feff2056,-11.3671875
dg_p192_a4,disagreement_gate,0d1581523907f9124e90909428045f57e8b82237273aa050d58cfb2c51876777,-9.71875
dg_p193_a0,base,09b1bece6501e79d39e1795f0a7a1e51605f6b298b05c6eeda360fbfe224b3d3,-0.385009765625
dg_p193_a0,parm_fixed,59166709e3547eb51b92383dc32910a8dbc63d3ffd2ce3acb330aae1264fd85e,5.13671875
dg_p193_a0,midpoint,597ddb8118f48fc3bce30deef18f548c49575b6c3631df7c13429135a9b77b5a,5.05078125
dg_p193_a0,disagreement_gate,09b1bece6501e79d39e1795f0a7a1e51605f6b298b05c6eeda360fbfe224b3d3,-0.385009765625
dg_p193_a1,base,09b1bece6501e79d39e1795f0a7a1e51605f6b298b05c6eeda360fbfe224b3d3,-0.385009765625
dg_p193_a1,parm_fixed,6880ca61755a49e4e58210701ae645030838bc3e26ca16d8229c3b1d5323e5ba,7.07421875
dg_p193_a1,midpoint,597ddb8118f48fc3bce30deef18f548c49575b6c3631df7c13429135a9b77b5a,5.05078125
dg_p193_a1,disagreement_gate,09b1bece6501e79d39e1795f0a7a1e51605f6b298b05c6eeda360fbfe224b3d3,-0.385009765625
dg_p193_a2,base,09b1bece6501e79d39e1795f0a7a1e51605f6b298b05c6eeda360fbfe224b3d3,-0.385009765625
dg_p193_a2,parm_fixed,6880ca61755a49e4e58210701ae645030838bc3e26ca16d8229c3b1d5323e5ba,7.07421875
dg_p193_a2,midpoint,597ddb8118f48fc3bce30deef18f548c49575b6c3631df7c13429135a9b77b5a,5.05078125
dg_p193_a2,disagreement_gate,09b1bece6501e79d39e1795f0a7a1e51605f6b298b05c6eeda360fbfe224b3d3,-0.385009765625
dg_p193_a3,base,09b1bece6501e79d39e1795f0a7a1e51605f6b298b05c6eeda360fbfe224b3d3,-0.385009765625
dg_p193_a3,parm_fixed,27346462bf7e9a69358e0c0fab53987a4e526eb2383150d0a2e29a5477165f61,5.47265625
dg_p193_a3,midpoint,158ce6d15aa581c86f034e270e744646c9421338be28a6cfd7d2d7119a1809dc,1.1826171875
dg_p193_a3,disagreement_gate,09b1bece6501e79d39e1795f0a7a1e51605f6b298b05c6eeda360fbfe224b3d3,-0.385009765625
dg_p193_a4,base,09b1bece6501e79d39e1795f0a7a1e51605f6b298b05c6eeda360fbfe224b3d3,-0.385009765625
dg_p193_a4,parm_fixed,38c68d03626605de1820ac8038bb1e45e1f348e450c5c7846b551c29c0bc55d8,-0.05352783203125
dg_p193_a4,midpoint,158ce6d15aa581c86f034e270e744646c9421338be28a6cfd7d2d7119a1809dc,1.1826171875
dg_p193_a4,disagreement_gate,09b1bece6501e79d39e1795f0a7a1e51605f6b298b05c6eeda360fbfe224b3d3,-0.385009765625
dg_p194_a0,base,147c344f5844ebbc717b816b9098d2f9be5cbdc5d64f6137335f092f3e8854f7,-9.1640625
dg_p194_a0,parm_fixed,e3231d717ec814b9c8d57ed2a2f783afac151f5d0df195ce5fb56827fec15f25,4.0078125
dg_p194_a0,midpoint,d33377326378e7cf87b3799c36b9e1779d64b2c579b72134d3952bd856257103,12.578125
dg_p194_a0,disagreement_gate,147c344f5844ebbc717b816b9098d2f9be5cbdc5d64f6137335f092f3e8854f7,-9.1640625
dg_p194_a1,base,147c344f5844ebbc717b816b9098d2f9be5cbdc5d64f6137335f092f3e8854f7,-9.1640625
dg_p194_a1,parm_fixed,914363765964f4ef1cbdf06e24b893fea76a277713229a54a191e739cd2d4228,9.2109375
dg_p194_a1,midpoint,d33377326378e7cf87b3799c36b9e1779d64b2c579b72134d3952bd856257103,12.578125
dg_p194_a1,disagreement_gate,147c344f5844ebbc717b816b9098d2f9be5cbdc5d64f6137335f092f3e8854f7,-9.1640625
dg_p194_a2,base,147c344f5844ebbc717b816b9098d2f9be5cbdc5d64f6137335f092f3e8854f7,-9.1640625
dg_p194_a2,parm_fixed,914363765964f4ef1cbdf06e24b893fea76a277713229a54a191e739cd2d4228,9.2109375
dg_p194_a2,midpoint,e8accec8d463027f3cd5798a165dc316b9efe41a9f3e7979004aa7755438a75b,10.7109375
dg_p194_a2,disagreement_gate,147c344f5844ebbc717b816b9098d2f9be5cbdc5d64f6137335f092f3e8854f7,-9.1640625
dg_p194_a3,base,147c344f5844ebbc717b816b9098d2f9be5cbdc5d64f6137335f092f3e8854f7,-9.1640625
dg_p194_a3,parm_fixed,73c3e823c44a47832c1ce1f5c87eaab024a108ca94ff33f78a25a6b223d42b93,8.0390625
dg_p194_a3,midpoint,e8accec8d463027f3cd5798a165dc316b9efe41a9f3e7979004aa7755438a75b,10.7109375
dg_p194_a3,disagreement_gate,147c344f5844ebbc717b816b9098d2f9be5cbdc5d64f6137335f092f3e8854f7,-9.1640625
dg_p194_a4,base,147c344f5844ebbc717b816b9098d2f9be5cbdc5d64f6137335f092f3e8854f7,-9.1640625
dg_p194_a4,parm_fixed,ed14ff3abca2d6adf6b446382cdb77d9ffffb13a735e843cab00edcb9c5b0021,5.359375
dg_p194_a4,midpoint,f8235cec77636a6d3bbb767c5e897c889a1541636024c84e4b19b80eb4f7a2d6,7.12890625
dg_p194_a4,disagreement_gate,147c344f5844ebbc717b816b9098d2f9be5cbdc5d64f6137335f092f3e8854f7,-9.1640625
dg_p195_a0,base,d24e1c1036a3dddc9029189d166342c3fdecc081aa91de71bcda5da202091c74,2.453125
dg_p195_a0,parm_fixed,d3e0eda84c110b1b76a8191a09b53ba4399053f1c16cabb56e2a26f78d60c7e0,16.140625
dg_p195_a0,midpoint,450191ad8f62f4f239f7ecc46fb3d93cfbf6a2f6f497e50b0f1670bbb9b07a72,20.65625
dg_p195_a0,disagreement_gate,d24e1c1036a3dddc9029189d166342c3fdecc081aa91de71bcda5da202091c74,2.453125
dg_p195_a1,base,d24e1c1036a3dddc9029189d166342c3fdecc081aa91de71bcda5da202091c74,2.453125
dg_p195_a1,parm_fixed,b58ae871ec7daa7e664a96b0bec906c7fd8bb32c5f53418290d353dde0199c80,14.9375
dg_p195_a1,midpoint,e6b90e85287a1ce72da0ff8b4f20c108c7c20ca5042834701ac45037af48c4e4,10.953125
dg_p195_a1,disagreement_gate,d24e1c1036a3dddc9029189d166342c3fdecc081aa91de71bcda5da202091c74,2.453125
dg_p195_a2,base,d24e1c1036a3dddc9029189d166342c3fdecc081aa91de71bcda5da202091c74,2.453125
dg_p195_a2,parm_fixed,b98d4d87a1deadb84d3d5082fbb5397a99d2c1330f14d157fc1e71fe536a514e,5.23046875
dg_p195_a2,midpoint,e6b90e85287a1ce72da0ff8b4f20c108c7c20ca5042834701ac45037af48c4e4,10.953125
dg_p195_a2,disagreement_gate,d24e1c1036a3dddc9029189d166342c3fdecc081aa91de71bcda5da202091c74,2.453125
dg_p195_a3,base,d24e1c1036a3dddc9029189d166342c3fdecc081aa91de71bcda5da202091c74,2.453125
dg_p195_a3,parm_fixed,cd9057788dd20906413d666f9dde25279ca36a47d3a4f0e0d157e54f8948997a,2.533203125
dg_p195_a3,midpoint,e1010387629b3c1e8bd405624c873906accab07bcc4cf041ea304d7fceff7e3c,6.78125
dg_p195_a3,disagreement_gate,d24e1c1036a3dddc9029189d166342c3fdecc081aa91de71bcda5da202091c74,2.453125
dg_p195_a4,base,d24e1c1036a3dddc9029189d166342c3fdecc081aa91de71bcda5da202091c74,2.453125
dg_p195_a4,parm_fixed,f5459f883244ddad452df5445a4362134d068bf97f14efb28db64b458321ccc7,12.2421875
dg_p195_a4,midpoint,fe0562aeae4513c793ca78c50b92e932bd9f7b285222769547d4f643f00a63d9,7.00390625
dg_p195_a4,disagreement_gate,d24e1c1036a3dddc9029189d166342c3fdecc081aa91de71bcda5da202091c74,2.453125
dg_p196_a0,base,8e3f53188ff55afe65ee4c6a2bcfc33756c56a6986fcb13ddba9fe020a16eaf9,-4.5
dg_p196_a0,parm_fixed,81ba18058aca6946f97b5cf0eec711f7a559ea2f0a32ec93ef79ee2cf7cef351,-4.85546875
dg_p196_a0,midpoint,8e3f53188ff55afe65ee4c6a2bcfc33756c56a6986fcb13ddba9fe020a16eaf9,-4.5
dg_p196_a0,disagreement_gate,8e3f53188ff55afe65ee4c6a2bcfc33756c56a6986fcb13ddba9fe020a16eaf9,-4.5
dg_p196_a1,base,8e3f53188ff55afe65ee4c6a2bcfc33756c56a6986fcb13ddba9fe020a16eaf9,-4.5
dg_p196_a1,parm_fixed,c53626a35c89f5afeb781c6e90c1dc8d88a159b809be1db093a908c704ab0ce8,-4.98828125
dg_p196_a1,midpoint,8e3f53188ff55afe65ee4c6a2bcfc33756c56a6986fcb13ddba9fe020a16eaf9,-4.5
dg_p196_a1,disagreement_gate,8e3f53188ff55afe65ee4c6a2bcfc33756c56a6986fcb13ddba9fe020a16eaf9,-4.5
dg_p196_a2,base,8e3f53188ff55afe65ee4c6a2bcfc33756c56a6986fcb13ddba9fe020a16eaf9,-4.5
dg_p196_a2,parm_fixed,a120ced3aaa70bfb0df79ae72592a54bd46ef5ad90e4c894c744f91c27766da5,-4.9453125
dg_p196_a2,midpoint,181af350bc15942db9a738bb3cb2559d9d39273a2d3e0629c2b23a693caa1894,-4.609375
dg_p196_a2,disagreement_gate,8e3f53188ff55afe65ee4c6a2bcfc33756c56a6986fcb13ddba9fe020a16eaf9,-4.5
dg_p196_a3,base,8e3f53188ff55afe65ee4c6a2bcfc33756c56a6986fcb13ddba9fe020a16eaf9,-4.5
dg_p196_a3,parm_fixed,a120ced3aaa70bfb0df79ae72592a54bd46ef5ad90e4c894c744f91c27766da5,-4.9453125
dg_p196_a3,midpoint,181af350bc15942db9a738bb3cb2559d9d39273a2d3e0629c2b23a693caa1894,-4.609375
dg_p196_a3,disagreement_gate,8e3f53188ff55afe65ee4c6a2bcfc33756c56a6986fcb13ddba9fe020a16eaf9,-4.5
dg_p196_a4,base,8e3f53188ff55afe65ee4c6a2bcfc33756c56a6986fcb13ddba9fe020a16eaf9,-4.5
dg_p196_a4,parm_fixed,a120ced3aaa70bfb0df79ae72592a54bd46ef5ad90e4c894c744f91c27766da5,-4.9453125
dg_p196_a4,midpoint,181af350bc15942db9a738bb3cb2559d9d39273a2d3e0629c2b23a693caa1894,-4.609375
dg_p196_a4,disagreement_gate,8e3f53188ff55afe65ee4c6a2bcfc33756c56a6986fcb13ddba9fe020a16eaf9,-4.5
dg_p197_a0,base,d376131f8e9c4b66da9e2b788d96915fd9237d559c34a73108667b6832369664,-3.1171875
dg_p197_a0,parm_fixed,32afcd494ace9caf5976e25556e9cc9a6751ed8672d10366d6c856f74de28277,9.6484375
dg_p197_a0,midpoint,2b4176ad1e5de5d70815f6f94c6c686498f377e83fa5eeb7c792051d48520fc6,15.4921875
dg_p197_a0,disagreement_gate,d376131f8e9c4b66da9e2b788d96915fd9237d559c34a73108667b6832369664,-3.1171875
dg_p197_a1,base,d376131f8e9c4b66da9e2b788d96915fd9237d559c34a73108667b6832369664,-3.1171875
dg_p197_a1,parm_fixed,32afcd494ace9caf5976e25556e9cc9a6751ed8672d10366d6c856f74de28277,9.6484375
dg_p197_a1,midpoint,2b4176ad1e5de5d70815f6f94c6c686498f377e83fa5eeb7c792051d48520fc6,15.4921875
dg_p197_a1,disagreement_gate,d376131f8e9c4b66da9e2b788d96915fd9237d559c34a73108667b6832369664,-3.1171875
dg_p197_a2,base,d376131f8e9c4b66da9e2b788d96915fd9237d559c34a73108667b6832369664,-3.1171875
dg_p197_a2,parm_fixed,4c9b649bc781d9d6e1720e920ea3e7ca7f1bfc7524ddc1b72610f08519cf358b,13.765625
dg_p197_a2,midpoint,2b4176ad1e5de5d70815f6f94c6c686498f377e83fa5eeb7c792051d48520fc6,15.4921875
dg_p197_a2,disagreement_gate,d376131f8e9c4b66da9e2b788d96915fd9237d559c34a73108667b6832369664,-3.1171875
dg_p197_a3,base,d376131f8e9c4b66da9e2b788d96915fd9237d559c34a73108667b6832369664,-3.1171875
dg_p197_a3,parm_fixed,38cdd1c3b61c5bcf84307231368bf303b5c01d0a0a772cda733e98c8ce914e3a,8.1953125
dg_p197_a3,midpoint,3e07e509286e87bcf5e3028e2a2a7e6f8d478169b728282ce626c752d5df0a7e,16.390625
dg_p197_a3,disagreement_gate,d376131f8e9c4b66da9e2b788d96915fd9237d559c34a73108667b6832369664,-3.1171875
dg_p197_a4,base,d376131f8e9c4b66da9e2b788d96915fd9237d559c34a73108667b6832369664,-3.1171875
dg_p197_a4,parm_fixed,19fb90aa91f94a4399a92dd5973ba61c8e837e5e1d63c76e2db03b680f025f5a,6.76171875
dg_p197_a4,midpoint,3e07e509286e87bcf5e3028e2a2a7e6f8d478169b728282ce626c752d5df0a7e,16.390625
dg_p197_a4,disagreement_gate,d376131f8e9c4b66da9e2b788d96915fd9237d559c34a73108667b6832369664,-3.1171875
dg_p198_a0,base,6812811eb21a73dd66c08042c9f4e04748d7942b383c6eb44b61ac5446deaf95,4.16015625
dg_p198_a0,parm_fixed,aa7dc75df82a04fc26997cdc5f713b426c515043b40fec1e41468ccb3a4a49e3,11.8984375
dg_p198_a0,midpoint,7fa079c3f74228d1465f6c95092c1cec288b6c1c63d64e4eaeb919ebc1fb8c9f,8.046875
dg_p198_a0,disagreement_gate,6812811eb21a73dd66c08042c9f4e04748d7942b383c6eb44b61ac5446deaf95,4.16015625
dg_p198_a1,base,6812811eb21a73dd66c08042c9f4e04748d7942b383c6eb44b61ac5446deaf95,4.16015625
dg_p198_a1,parm_fixed,e9ff256e56b81c3c350d94e5215c40f43e198965c16665234893f57c09b6f8f3,6.02734375
dg_p198_a1,midpoint,7fa079c3f74228d1465f6c95092c1cec288b6c1c63d64e4eaeb919ebc1fb8c9f,8.046875
dg_p198_a1,disagreement_gate,6812811eb21a73dd66c08042c9f4e04748d7942b383c6eb44b61ac5446deaf95,4.16015625
dg_p198_a2,base,6812811eb21a73dd66c08042c9f4e04748d7942b383c6eb44b61ac5446deaf95,4.16015625
dg_p198_a2,parm_fixed,4f5e9c410e55575b936b9278e723595f96cf43827ce5467514947574e990f440,2.734375
dg_p198_a2,midpoint,7fa079c3f74228d1465f6c95092c1cec288b6c1c63d64e4eaeb919ebc1fb8c9f,8.046875
dg_p198_a2,disagreement_gate,6812811eb21a73dd66c08042c9f4e04748d7942b383c6eb44b61ac5446deaf95,4.16015625
dg_p198_a3,base,6812811eb21a73dd66c08042c9f4e04748d7942b383c6eb44b61ac5446deaf95,4.16015625
dg_p198_a3,parm_fixed,a202520c44a5ea9687ed21d365a055730d6d43ffc2a9e84a708645bcfa1c2403,6.359375
dg_p198_a3,midpoint,50a11b729f7f1fd4e9ff880872bd640294da2e05d23dee2cf5e87ed1eb175a8d,7.5546875
dg_p198_a3,disagreement_gate,6812811eb21a73dd66c08042c9f4e04748d7942b383c6eb44b61ac5446deaf95,4.16015625
dg_p198_a4,base,6812811eb21a73dd66c08042c9f4e04748d7942b383c6eb44b61ac5446deaf95,4.16015625
dg_p198_a4,parm_fixed,a202520c44a5ea9687ed21d365a055730d6d43ffc2a9e84a708645bcfa1c2403,6.359375
dg_p198_a4,midpoint,d20a06a6a0e9423bcfd06d60227470c0f1c79e1d0f4f5dda2aa14e0f8e8dc20c,17.078125
dg_p198_a4,disagreement_gate,6812811eb21a73dd66c08042c9f4e04748d7942b383c6eb44b61ac5446deaf95,4.16015625
dg_p199_a0,base,f5ecd3c3a75897d10e74b9f54b35de18ee9771a07a6efb126a180fca6cea7116,10.2734375
dg_p199_a0,parm_fixed,8f4c86ddb33f9963fbd3792a7864a1352e00189d0d91a0ea3e972ef450fe51d6,5.859375
dg_p199_a0,midpoint,8a0cf5bc679c1507ed10b7303e87b05428af3efa4d47e3aab62a2b7c602406de,5.65625
dg_p199_a0,disagreement_gate,f5ecd3c3a75897d10e74b9f54b35de18ee9771a07a6efb126a180fca6cea7116,10.2734375
dg_p199_a1,base,f5ecd3c3a75897d10e74b9f54b35de18ee9771a07a6efb126a180fca6cea7116,10.2734375
dg_p199_a1,parm_fixed,8f4c86ddb33f9963fbd3792a7864a1352e00189d0d91a0ea3e972ef450fe51d6,5.859375
dg_p199_a1,midpoint,8a0cf5bc679c1507ed10b7303e87b05428af3efa4d47e3aab62a2b7c602406de,5.65625
dg_p199_a1,disagreement_gate,f5ecd3c3a75897d10e74b9f54b35de18ee9771a07a6efb126a180fca6cea7116,10.2734375
dg_p199_a2,base,f5ecd3c3a75897d10e74b9f54b35de18ee9771a07a6efb126a180fca6cea7116,10.2734375
dg_p199_a2,parm_fixed,f35f53b743896f85d951cda8ab444968bed4ba20f171f5bac76a3eeb2ccf87be,8.703125
dg_p199_a2,midpoint,8a0cf5bc679c1507ed10b7303e87b05428af3efa4d47e3aab62a2b7c602406de,5.65625
dg_p199_a2,disagreement_gate,f5ecd3c3a75897d10e74b9f54b35de18ee9771a07a6efb126a180fca6cea7116,10.2734375
dg_p199_a3,base,f5ecd3c3a75897d10e74b9f54b35de18ee9771a07a6efb126a180fca6cea7116,10.2734375
dg_p199_a3,parm_fixed,f35f53b743896f85d951cda8ab444968bed4ba20f171f5bac76a3eeb2ccf87be,8.703125
dg_p199_a3,midpoint,f80cbab3b26d37e69155f375d6104a6e6eb75de6e12cf626602354890f7205a7,3.81640625
dg_p199_a3,disagreement_gate,f5ecd3c3a75897d10e74b9f54b35de18ee9771a07a6efb126a180fca6cea7116,10.2734375
dg_p199_a4,base,f5ecd3c3a75897d10e74b9f54b35de18ee9771a07a6efb126a180fca6cea7116,10.2734375
dg_p199_a4,parm_fixed,f35f53b743896f85d951cda8ab444968bed4ba20f171f5bac76a3eeb2ccf87be,8.703125
dg_p199_a4,midpoint,f80cbab3b26d37e69155f375d6104a6e6eb75de6e12cf626602354890f7205a7,3.81640625
dg_p199_a4,disagreement_gate,f5ecd3c3a75897d10e74b9f54b35de18ee9771a07a6efb126a180fca6cea7116,10.2734375
