prompt_id,state_id,held_out_prompt,delta,delta_training_prompts,actionable_probability,predicted_max_advantage,predicted_candidate_weight,predicted_candidate_true_utility,selected_weight,intervened,selected_utility,fixed_w1_utility,true_advantage,beneficial_intervention,harmful_intervention,oracle_set_membership,generic_weight,generic_utility,oracle_utility
pku_round0_00058,f60_a0_p00_s00,pku_round0_00058,0.001,"[""pku_round0_00094"", ""pku_round0_00115"", ""pku_round0_00123"", ""pku_round0_00126"", ""pku_round0_00146"", ""pku_round0_00198"", ""pku_round0_00203"", ""pku_round0_00209"", ""pku_round0_00217""]",0.997455717518031,0.01375117215384836,0.0,0.3971706674156818,0.0,True,0.3971706674156818,0.5466586003500206,-0.14948793293433876,False,True,False,0.0,0.3971706674156818,0.5466586003500206
pku_round0_00058,f60_a0_p00_s01,pku_round0_00058,0.001,"[""pku_round0_00094"", ""pku_round0_00115"", ""pku_round0_00123"", ""pku_round0_00126"", ""pku_round0_00146"", ""pku_round0_00198"", ""pku_round0_00203"", ""pku_round0_00209"", ""pku_round0_00217""]",0.0024928556260490706,0.045681389695014146,0.0,0.3639511267636065,1.0,False,0.3639511267636065,0.3639511267636065,0.0,False,False,True,0.75,0.3639511267636065,0.3639511267636065
pku_round0_00058,f60_a0_p00_s02,pku_round0_00058,0.001,"[""pku_round0_00094"", ""pku_round0_00115"", ""pku_round0_00123"", ""pku_round0_00126"", ""pku_round0_00146"", ""pku_round0_00198"", ""pku_round0_00203"", ""pku_round0_00209"", ""pku_round0_00217""]",0.9357297315669123,0.0,1.0,0.7016831233930386,1.0,False,0.7016831233930386,0.7016831233930386,0.0,False,False,True,0.5,0.7016831233930386,0.7016831233930386
pku_round0_00058,f60_a0_p00_s03,pku_round0_00058,0.001,"[""pku_round0_00094"", ""pku_round0_00115"", ""pku_round0_00123"", ""pku_round0_00126"", ""pku_round0_00146"", ""pku_round0_00198"", ""pku_round0_00203"", ""pku_round0_00209"", ""pku_round0_00217""]",0.009654814806300366,0.0,1.0,0.7045189378389475,1.0,False,0.7045189378389475,0.7045189378389475,0.0,False,False,True,0.75,0.7045189378389475,0.7045189378389475
pku_round0_00058,f60_a0_p00_s04,pku_round0_00058,0.001,"[""pku_round0_00094"", ""pku_round0_00115"", ""pku_round0_00123"", ""pku_round0_00126"", ""pku_round0_00146"", ""pku_round0_00198"", ""pku_round0_00203"", ""pku_round0_00209"", ""pku_round0_00217""]",0.0024107366143388304,0.015442992065540687,0.0,0.7478663872264115,1.0,False,0.7478663872264115,0.7478663872264115,0.0,False,False,True,1.0,0.7478663872264115,0.7478663872264115
pku_round0_00058,f60_a1_p00_s00,pku_round0_00058,0.001,"[""pku_round0_00094"", ""pku_round0_00115"", ""pku_round0_00123"", ""pku_round0_00126"", ""pku_round0_00146"", ""pku_round0_00198"", ""pku_round0_00203"", ""pku_round0_00209"", ""pku_round0_00217""]",0.9979750249160786,0.020394382191240186,0.0,0.49118746357989457,0.0,True,0.49118746357989457,0.6149859197138573,-0.12379845613396273,False,True,False,0.0,0.49118746357989457,0.6149859197138573
pku_round0_00058,f60_a1_p00_s01,pku_round0_00058,0.001,"[""pku_round0_00094"", ""pku_round0_00115"", ""pku_round0_00123"", ""pku_round0_00126"", ""pku_round0_00146"", ""pku_round0_00198"", ""pku_round0_00203"", ""pku_round0_00209"", ""pku_round0_00217""]",0.0026102107224480436,0.059113795049004894,0.0,0.4748389354621051,1.0,False,0.4748389354621051,0.4748389354621051,0.0,False,False,True,1.0,0.4748389354621051,0.4748389354621051
pku_round0_00058,f60_a1_p00_s02,pku_round0_00058,0.001,"[""pku_round0_00094"", ""pku_round0_00115"", ""pku_round0_00123"", ""pku_round0_00126"", ""pku_round0_00146"", ""pku_round0_00198"", ""pku_round0_00203"", ""pku_round0_00209"", ""pku_round0_00217""]",0.9424996322652347,0.0,1.0,0.726305689968113,1.0,False,0.726305689968113,0.726305689968113,0.0,False,False,True,0.25,0.726305689968113,0.726305689968113
pku_round0_00058,f60_a1_p00_s03,pku_round0_00058,0.001,"[""pku_round0_00094"", ""pku_round0_00115"", ""pku_round0_00123"", ""pku_round0_00126"", ""pku_round0_00146"", ""pku_round0_00198"", ""pku_round0_00203"", ""pku_round0_00209"", ""pku_round0_00217""]",0.011272076181449571,0.0,1.0,0.7246114629075004,1.0,False,0.7246114629075004,0.7246114629075004,0.0,False,False,True,0.75,0.7246114629075004,0.7246114629075004
pku_round0_00058,f60_a1_p00_s04,pku_round0_00058,0.001,"[""pku_round0_00094"", ""pku_round0_00115"", ""pku_round0_00123"", ""pku_round0_00126"", ""pku_round0_00146"", ""pku_round0_00198"", ""pku_round0_00203"", ""pku_round0_00209"", ""pku_round0_00217""]",0.0024612356922845188,0.023059709722530533,0.0,0.7554307487486527,1.0,False,0.7554307487486527,0.7554307487486527,0.0,False,False,True,1.0,0.7554307487486527,0.7554307487486527
pku_round0_00058,f60_a2_p00_s00,pku_round0_00058,0.001,"[""pku_round0_00094"", ""pku_round0_00115"", ""pku_round0_00123"", ""pku_round0_00126"", ""pku_round0_00146"", ""pku_round0_00198"", ""pku_round0_00203"", ""pku_round0_00209"", ""pku_round0_00217""]",0.998218472338762,0.032568306690498525,0.0,0.5769201566627665,0.0,True,0.5769201566627665,0.6101651983405186,-0.03324504167775211,False,True,False,0.0,0.5769201566627665,0.6101651983405186
pku_round0_00058,f60_a2_p00_s01,pku_round0_00058,0.001,"[""pku_round0_00094"", ""pku_round0_00115"", ""pku_round0_00123"", ""pku_round0_00126"", ""pku_round0_00146"", ""pku_round0_00198"", ""pku_round0_00203"", ""pku_round0_00209"", ""pku_round0_00217""]",0.002761866057278459,0.07221676768531249,0.0,0.646733812159396,1.0,False,0.646733812159396,0.646733812159396,0.0,False,False,True,1.0,0.646733812159396,0.646733812159396
pku_round0_00058,f60_a2_p00_s02,pku_round0_00058,0.001,"[""pku_round0_00094"", ""pku_round0_00115"", ""pku_round0_00123"", ""pku_round0_00126"", ""pku_round0_00146"", ""pku_round0_00198"", ""pku_round0_00203"", ""pku_round0_00209"", ""pku_round0_00217""]",0.013435074879212458,0.022078862261908985,0.0,0.6547047929859349,1.0,False,0.6547047929859349,0.6547047929859349,0.0,False,False,True,0.0,0.6547047929859349,0.6547047929859349
pku_round0_00058,f60_a2_p00_s03,pku_round0_00058,0.001,"[""pku_round0_00094"", ""pku_round0_00115"", ""pku_round0_00123"", ""pku_round0_00126"", ""pku_round0_00146"", ""pku_round0_00198"", ""pku_round0_00203"", ""pku_round0_00209"", ""pku_round0_00217""]",0.002208415642603632,0.0,1.0,0.6956410152658906,1.0,False,0.6956410152658906,0.6956410152658906,0.0,False,False,True,0.25,0.6956410152658906,0.6956410152658906
pku_round0_00058,f60_a2_p00_s04,pku_round0_00058,0.001,"[""pku_round0_00094"", ""pku_round0_00115"", ""pku_round0_00123"", ""pku_round0_00126"", ""pku_round0_00146"", ""pku_round0_00198"", ""pku_round0_00203"", ""pku_round0_00209"", ""pku_round0_00217""]",0.0018943904281682382,0.009663250032452286,0.0,0.5488495940987534,1.0,False,0.5488495940987534,0.5488495940987534,0.0,False,False,True,0.25,0.5488495940987534,0.5488495940987534
pku_round0_00058,f60_a3_p00_s00,pku_round0_00058,0.001,"[""pku_round0_00094"", ""pku_round0_00115"", ""pku_round0_00123"", ""pku_round0_00126"", ""pku_round0_00146"", ""pku_round0_00198"", ""pku_round0_00203"", ""pku_round0_00209"", ""pku_round0_00217""]",0.9984232835679654,0.04450498206096899,0.0,0.6761125773228667,0.0,True,0.6761125773228667,0.6749607583793846,0.0011518189434820414,True,False,True,0.0,0.6761125773228667,0.6761125773228667
pku_round0_00058,f60_a3_p00_s01,pku_round0_00058,0.001,"[""pku_round0_00094"", ""pku_round0_00115"", ""pku_round0_00123"", ""pku_round0_00126"", ""pku_round0_00146"", ""pku_round0_00198"", ""pku_round0_00203"", ""pku_round0_00209"", ""pku_round0_00217""]",0.9912067349131366,0.05375102749817154,0.0,0.7173243910283359,0.0,True,0.7173243910283359,0.701951697395813,0.015372693632522916,True,False,True,0.0,0.7173243910283359,0.7173243910283359
pku_round0_00058,f60_a3_p00_s02,pku_round0_00058,0.001,"[""pku_round0_00094"", ""pku_round0_00115"", ""pku_round0_00123"", ""pku_round0_00126"", ""pku_round0_00146"", ""pku_round0_00198"", ""pku_round0_00203"", ""pku_round0_00209"", ""pku_round0_00217""]",0.01929740622948777,0.0,1.0,0.6859520067335756,1.0,False,0.6859520067335756,0.6859520067335756,0.0,False,False,True,0.0,0.6859520067335756,0.6859520067335756
pku_round0_00058,f60_a3_p00_s03,pku_round0_00058,0.001,"[""pku_round0_00094"", ""pku_round0_00115"", ""pku_round0_00123"", ""pku_round0_00126"", ""pku_round0_00146"", ""pku_round0_00198"", ""pku_round0_00203"", ""pku_round0_00209"", ""pku_round0_00217""]",0.0027629523657900193,0.08928916344060804,0.0,0.6913456270670186,1.0,False,0.6913456270670186,0.6913456270670186,0.0,False,False,True,1.0,0.6913456270670186,0.6913456270670186
pku_round0_00058,f60_a3_p00_s04,pku_round0_00058,0.001,"[""pku_round0_00094"", ""pku_round0_00115"", ""pku_round0_00123"", ""pku_round0_00126"", ""pku_round0_00146"", ""pku_round0_00198"", ""pku_round0_00203"", ""pku_round0_00209"", ""pku_round0_00217""]",0.9917735475242202,0.01172012774611288,0.75,0.690823568177268,0.75,True,0.690823568177268,0.690823568177268,0.0,False,False,False,1.0,0.690823568177268,0.7045580997720772
pku_round0_00058,f60_a4_p00_s00,pku_round0_00058,0.001,"[""pku_round0_00094"", ""pku_round0_00115"", ""pku_round0_00123"", ""pku_round0_00126"", ""pku_round0_00146"", ""pku_round0_00198"", ""pku_round0_00203"", ""pku_round0_00209"", ""pku_round0_00217""]",0.9986023351235415,0.05638046389216701,0.0,0.7753049979829667,0.0,True,0.7753049979829667,0.7405080418239994,0.034796956158967274,True,False,True,0.0,0.7753049979829667,0.7753049979829667
pku_round0_00058,f60_a4_p00_s01,pku_round0_00058,0.001,"[""pku_round0_00094"", ""pku_round0_00115"", ""pku_round0_00123"", ""pku_round0_00126"", ""pku_round0_00146"", ""pku_round0_00198"", ""pku_round0_00203"", ""pku_round0_00209"", ""pku_round0_00217""]",0.0048468969849943125,0.03649458517133104,0.0,0.754289014560224,1.0,False,0.754289014560224,0.754289014560224,0.0,False,False,True,1.0,0.754289014560224,0.754289014560224
pku_round0_00058,f60_a4_p00_s02,pku_round0_00058,0.001,"[""pku_round0_00094"", ""pku_round0_00115"", ""pku_round0_00123"", ""pku_round0_00126"", ""pku_round0_00146"", ""pku_round0_00198"", ""pku_round0_00203"", ""pku_round0_00209"", ""pku_round0_00217""]",0.02140802030338152,0.0,1.0,0.7421367022382805,1.0,False,0.7421367022382805,0.7421367022382805,0.0,False,False,True,0.0,0.7421367022382805,0.7421367022382805
pku_round0_00058,f60_a4_p00_s03,pku_round0_00058,0.001,"[""pku_round0_00094"", ""pku_round0_00115"", ""pku_round0_00123"", ""pku_round0_00126"", ""pku_round0_00146"", ""pku_round0_00198"", ""pku_round0_00203"", ""pku_round0_00209"", ""pku_round0_00217""]",0.0036157855571265457,0.0488541826796368,0.0,0.7355594197959915,1.0,False,0.7355594197959915,0.7355594197959915,0.0,False,False,True,0.0,0.7355594197959915,0.7355594197959915
pku_round0_00058,f60_a4_p00_s04,pku_round0_00058,0.001,"[""pku_round0_00094"", ""pku_round0_00115"", ""pku_round0_00123"", ""pku_round0_00126"", ""pku_round0_00146"", ""pku_round0_00198"", ""pku_round0_00203"", ""pku_round0_00209"", ""pku_round0_00217""]",0.020463932080835277,0.0,1.0,0.7486826642879872,1.0,False,0.7486826642879872,0.7486826642879872,0.0,False,False,True,1.0,0.7486826642879872,0.7486826642879872
pku_round0_00094,f60_a0_p01_s00,pku_round0_00094,0.05,"[""pku_round0_00058"", ""pku_round0_00115"", ""pku_round0_00123"", ""pku_round0_00126"", ""pku_round0_00146"", ""pku_round0_00198"", ""pku_round0_00203"", ""pku_round0_00209"", ""pku_round0_00217""]",0.9974589106489703,0.05144173692721466,0.0,0.2826577793142191,0.0,True,0.2826577793142191,0.5654289912062745,-0.28277121189205545,False,True,False,0.0,0.2826577793142191,0.5654289912062745
pku_round0_00094,f60_a0_p01_s01,pku_round0_00094,0.05,"[""pku_round0_00058"", ""pku_round0_00115"", ""pku_round0_00123"", ""pku_round0_00126"", ""pku_round0_00146"", ""pku_round0_00198"", ""pku_round0_00203"", ""pku_round0_00209"", ""pku_round0_00217""]",0.002057745739438491,0.0009239494849218528,0.0,0.6003365166475813,1.0,False,0.6003365166475813,0.6003365166475813,0.0,False,False,True,0.0,0.6003365166475813,0.6003365166475813
pku_round0_00094,f60_a0_p01_s02,pku_round0_00094,0.05,"[""pku_round0_00058"", ""pku_round0_00115"", ""pku_round0_00123"", ""pku_round0_00126"", ""pku_round0_00146"", ""pku_round0_00198"", ""pku_round0_00203"", ""pku_round0_00209"", ""pku_round0_00217""]",0.008592640912030505,0.010212147267245952,0.0,0.5299137912408445,1.0,False,0.5299137912408445,0.5299137912408445,0.0,False,False,True,0.0,0.5299137912408445,0.5299137912408445
pku_round0_00094,f60_a0_p01_s03,pku_round0_00094,0.05,"[""pku_round0_00058"", ""pku_round0_00115"", ""pku_round0_00123"", ""pku_round0_00126"", ""pku_round0_00146"", ""pku_round0_00198"", ""pku_round0_00203"", ""pku_round0_00209"", ""pku_round0_00217""]",0.0008364121547780083,0.0,1.0,0.5283270855389669,1.0,False,0.5283270855389669,0.5283270855389669,0.0,False,False,True,0.0,0.5283270855389669,0.5283270855389669
pku_round0_00094,f60_a0_p01_s04,pku_round0_00094,0.05,"[""pku_round0_00058"", ""pku_round0_00115"", ""pku_round0_00123"", ""pku_round0_00126"", ""pku_round0_00146"", ""pku_round0_00198"", ""pku_round0_00203"", ""pku_round0_00209"", ""pku_round0_00217""]",0.0018676950751849778,0.0,1.0,0.39467244992761924,1.0,False,0.39467244992761924,0.39467244992761924,0.0,False,False,True,1.0,0.39467244992761924,0.39467244992761924
pku_round0_00094,f60_a1_p01_s00,pku_round0_00094,0.05,"[""pku_round0_00058"", ""pku_round0_00115"", ""pku_round0_00123"", ""pku_round0_00126"", ""pku_round0_00146"", ""pku_round0_00198"", ""pku_round0_00203"", ""pku_round0_00209"", ""pku_round0_00217""]",0.9976966330592326,0.04706275921353361,0.0,0.3347763032912496,1.0,False,0.5779488321616872,0.5779488321616872,0.0,False,False,True,0.0,0.3347763032912496,0.5779488321616872
pku_round0_00094,f60_a1_p01_s01,pku_round0_00094,0.05,"[""pku_round0_00058"", ""pku_round0_00115"", ""pku_round0_00123"", ""pku_round0_00126"", ""pku_round0_00146"", ""pku_round0_00198"", ""pku_round0_00203"", ""pku_round0_00209"", ""pku_round0_00217""]",0.0022111469709640095,0.0,1.0,0.5955633488714004,1.0,False,0.5955633488714004,0.5955633488714004,0.0,False,False,True,0.0,0.5955633488714004,0.5955633488714004
pku_round0_00094,f60_a1_p01_s02,pku_round0_00094,0.05,"[""pku_round0_00058"", ""pku_round0_00115"", ""pku_round0_00123"", ""pku_round0_00126"", ""pku_round0_00146"", ""pku_round0_00198"", ""pku_round0_00203"", ""pku_round0_00209"", ""pku_round0_00217""]",0.007364122589705586,0.006862774984701357,0.0,0.5459723052523276,1.0,False,0.5459723052523276,0.5459723052523276,0.0,False,False,True,0.0,0.5459723052523276,0.5459723052523276
pku_round0_00094,f60_a1_p01_s03,pku_round0_00094,0.05,"[""pku_round0_00058"", ""pku_round0_00115"", ""pku_round0_00123"", ""pku_round0_00126"", ""pku_round0_00146"", ""pku_round0_00198"", ""pku_round0_00203"", ""pku_round0_00209"", ""pku_round0_00217""]",0.0008564950743491598,0.0,1.0,0.557044209671901,1.0,False,0.557044209671901,0.557044209671901,0.0,False,False,True,0.0,0.557044209671901,0.557044209671901
pku_round0_00094,f60_a1_p01_s04,pku_round0_00094,0.05,"[""pku_round0_00058"", ""pku_round0_00115"", ""pku_round0_00123"", ""pku_round0_00126"", ""pku_round0_00146"", ""pku_round0_00198"", ""pku_round0_00203"", ""pku_round0_00209"", ""pku_round0_00217""]",0.0020166916695348804,0.0,1.0,0.4442750759304589,1.0,False,0.4442750759304589,0.4442750759304589,0.0,False,False,True,1.0,0.4442750759304589,0.4442750759304589
pku_round0_00094,f60_a2_p01_s00,pku_round0_00094,0.05,"[""pku_round0_00058"", ""pku_round0_00115"", ""pku_round0_00123"", ""pku_round0_00126"", ""pku_round0_00146"", ""pku_round0_00198"", ""pku_round0_00203"", ""pku_round0_00209"", ""pku_round0_00217""]",0.997676441196473,0.04413132594347701,0.0,0.6650752948953398,1.0,False,0.5904686731170998,0.5904686731170998,0.0,False,False,False,0.0,0.6650752948953398,0.6650752948953398
pku_round0_00094,f60_a2_p01_s01,pku_round0_00094,0.05,"[""pku_round0_00058"", ""pku_round0_00115"", ""pku_round0_00123"", ""pku_round0_00126"", ""pku_round0_00146"", ""pku_round0_00198"", ""pku_round0_00203"", ""pku_round0_00209"", ""pku_round0_00217""]",0.0024843156923621073,0.0,1.0,0.5907901810952194,1.0,False,0.5907901810952194,0.5907901810952194,0.0,False,False,True,1.0,0.5907901810952194,0.5907901810952194
pku_round0_00094,f60_a2_p01_s02,pku_round0_00094,0.05,"[""pku_round0_00058"", ""pku_round0_00115"", ""pku_round0_00123"", ""pku_round0_00126"", ""pku_round0_00146"", ""pku_round0_00198"", ""pku_round0_00203"", ""pku_round0_00209"", ""pku_round0_00217""]",0.007238918371481943,0.0026378896658362863,0.0,0.5620308192638108,1.0,False,0.5620308192638108,0.5620308192638108,0.0,False,False,True,0.0,0.5620308192638108,0.5620308192638108
pku_round0_00094,f60_a2_p01_s03,pku_round0_00094,0.05,"[""pku_round0_00058"", ""pku_round0_00115"", ""pku_round0_00123"", ""pku_round0_00126"", ""pku_round0_00146"", ""pku_round0_00198"", ""pku_round0_00203"", ""pku_round0_00209"", ""pku_round0_00217""]",0.0008974404268468255,0.0,1.0,0.5857613338048353,1.0,False,0.5857613338048353,0.5857613338048353,0.0,False,False,True,0.0,0.5857613338048353,0.5857613338048353
pku_round0_00094,f60_a2_p01_s04,pku_round0_00094,0.05,"[""pku_round0_00058"", ""pku_round0_00115"", ""pku_round0_00123"", ""pku_round0_00126"", ""pku_round0_00146"", ""pku_round0_00198"", ""pku_round0_00203"", ""pku_round0_00209"", ""pku_round0_00217""]",0.002196516429300091,0.0,1.0,0.4938777019332985,1.0,False,0.4938777019332985,0.4938777019332985,0.0,False,False,True,1.0,0.4938777019332985,0.4938777019332985
pku_round0_00094,f60_a3_p01_s00,pku_round0_00094,0.05,"[""pku_round0_00058"", ""pku_round0_00115"", ""pku_round0_00123"", ""pku_round0_00126"", ""pku_round0_00146"", ""pku_round0_00198"", ""pku_round0_00203"", ""pku_round0_00209"", ""pku_round0_00217""]",0.9974402106940896,0.04271423428609845,0.0,0.7497367896994674,1.0,False,0.08343752583932387,0.08343752583932387,0.0,False,False,False,0.0,0.7497367896994674,0.7497367896994674
pku_round0_00094,f60_a3_p01_s01,pku_round0_00094,0.05,"[""pku_round0_00058"", ""pku_round0_00115"", ""pku_round0_00123"", ""pku_round0_00126"", ""pku_round0_00146"", ""pku_round0_00198"", ""pku_round0_00203"", ""pku_round0_00209"", ""pku_round0_00217""]",0.9541708015453676,0.055994319008655556,0.0,0.5847543887188408,0.0,True,0.5847543887188408,0.6005907465692503,-0.015836357850409488,False,True,False,1.0,0.6005907465692503,0.6005907465692503
pku_round0_00094,f60_a3_p01_s02,pku_round0_00094,0.05,"[""pku_round0_00058"", ""pku_round0_00115"", ""pku_round0_00123"", ""pku_round0_00126"", ""pku_round0_00146"", ""pku_round0_00198"", ""pku_round0_00203"", ""pku_round0_00209"", ""pku_round0_00217""]",0.9670806897997637,0.02826706616456323,0.0,0.7621451955082998,1.0,False,0.7570929576120328,0.7570929576120328,0.0,False,False,False,0.0,0.7621451955082998,0.7621451955082998
pku_round0_00094,f60_a3_p01_s03,pku_round0_00094,0.05,"[""pku_round0_00058"", ""pku_round0_00115"", ""pku_round0_00123"", ""pku_round0_00126"", ""pku_round0_00146"", ""pku_round0_00198"", ""pku_round0_00203"", ""pku_round0_00209"", ""pku_round0_00217""]",0.008380374332755102,0.0024635765654074937,0.0,0.7811206570545497,1.0,False,0.7811206570545497,0.7811206570545497,0.0,False,False,True,0.0,0.7811206570545497,0.7811206570545497
pku_round0_00094,f60_a3_p01_s04,pku_round0_00094,0.05,"[""pku_round0_00058"", ""pku_round0_00115"", ""pku_round0_00123"", ""pku_round0_00126"", ""pku_round0_00146"", ""pku_round0_00198"", ""pku_round0_00203"", ""pku_round0_00209"", ""pku_round0_00217""]",0.001560569217110049,0.0,1.0,0.7406427663712221,1.0,False,0.7406427663712221,0.7406427663712221,0.0,False,False,True,0.0,0.7406427663712221,0.7406427663712221
pku_round0_00094,f60_a4_p01_s00,pku_round0_00094,0.05,"[""pku_round0_00058"", ""pku_round0_00115"", ""pku_round0_00123"", ""pku_round0_00126"", ""pku_round0_00146"", ""pku_round0_00198"", ""pku_round0_00203"", ""pku_round0_00209"", ""pku_round0_00217""]",0.9974889038824061,0.03955450325194967,0.0,0.8798524684227802,1.0,False,0.11125003445243184,0.11125003445243184,0.0,False,False,False,0.0,0.8798524684227802,0.8798524684227802
pku_round0_00094,f60_a4_p01_s01,pku_round0_00094,0.05,"[""pku_round0_00058"", ""pku_round0_00115"", ""pku_round0_00123"", ""pku_round0_00126"", ""pku_round0_00146"", ""pku_round0_00198"", ""pku_round0_00203"", ""pku_round0_00209"", ""pku_round0_00217""]",0.9557028275839469,0.05516343600165053,0.0,0.6402827855605473,0.0,True,0.6402827855605473,0.6764108584042635,-0.03612807284371622,False,True,False,0.75,0.6764108584042635,0.6764108584042635
pku_round0_00094,f60_a4_p01_s02,pku_round0_00094,0.05,"[""pku_round0_00058"", ""pku_round0_00115"", ""pku_round0_00123"", ""pku_round0_00126"", ""pku_round0_00146"", ""pku_round0_00198"", ""pku_round0_00203"", ""pku_round0_00209"", ""pku_round0_00217""]",0.9733934450976072,0.026348196140952764,0.0,0.8515388335283549,1.0,False,0.842017434183327,0.842017434183327,0.0,False,False,False,0.0,0.8515388335283549,0.8515388335283549
pku_round0_00094,f60_a4_p01_s03,pku_round0_00094,0.05,"[""pku_round0_00058"", ""pku_round0_00115"", ""pku_round0_00123"", ""pku_round0_00126"", ""pku_round0_00146"", ""pku_round0_00198"", ""pku_round0_00203"", ""pku_round0_00209"", ""pku_round0_00217""]",0.009854810233632971,0.001666572562115588,0.0,0.8322454716976404,1.0,False,0.8322454716976404,0.8322454716976404,0.0,False,False,True,0.75,0.8322454716976404,0.8322454716976404
pku_round0_00094,f60_a4_p01_s04,pku_round0_00094,0.05,"[""pku_round0_00058"", ""pku_round0_00115"", ""pku_round0_00123"", ""pku_round0_00126"", ""pku_round0_00146"", ""pku_round0_00198"", ""pku_round0_00203"", ""pku_round0_00209"", ""pku_round0_00217""]",0.0013489544332461285,0.0,1.0,0.7828845329878903,1.0,False,0.7828845329878903,0.7828845329878903,0.0,False,False,True,0.0,0.7828845329878903,0.7828845329878903
pku_round0_00115,f60_a0_p02_s00,pku_round0_00115,0.02,"[""pku_round0_00058"", ""pku_round0_00094"", ""pku_round0_00123"", ""pku_round0_00126"", ""pku_round0_00146"", ""pku_round0_00198"", ""pku_round0_00203"", ""pku_round0_00209"", ""pku_round0_00217""]",0.9948741819837684,0.041664142458404316,0.0,0.5296437136745674,0.0,True,0.5296437136745674,0.5845369790203747,-0.054893265345807296,False,True,False,0.0,0.5296437136745674,0.5845369790203747
pku_round0_00115,f60_a0_p02_s01,pku_round0_00115,0.02,"[""pku_round0_00058"", ""pku_round0_00094"", ""pku_round0_00123"", ""pku_round0_00126"", ""pku_round0_00146"", ""pku_round0_00198"", ""pku_round0_00203"", ""pku_round0_00209"", ""pku_round0_00217""]",0.00957128584237943,0.0,1.0,0.556178834561286,1.0,False,0.556178834561286,0.556178834561286,0.0,False,False,True,1.0,0.556178834561286,0.556178834561286
pku_round0_00115,f60_a0_p02_s02,pku_round0_00115,0.02,"[""pku_round0_00058"", ""pku_round0_00094"", ""pku_round0_00123"", ""pku_round0_00126"", ""pku_round0_00146"", ""pku_round0_00198"", ""pku_round0_00203"", ""pku_round0_00209"", ""pku_round0_00217""]",0.001498312973882472,0.0413550342641354,0.0,0.5056405699716959,1.0,False,0.5056405699716959,0.5056405699716959,0.0,False,False,True,0.5,0.5056405699716959,0.5056405699716959
pku_round0_00115,f60_a0_p02_s03,pku_round0_00115,0.02,"[""pku_round0_00058"", ""pku_round0_00094"", ""pku_round0_00123"", ""pku_round0_00126"", ""pku_round0_00146"", ""pku_round0_00198"", ""pku_round0_00203"", ""pku_round0_00209"", ""pku_round0_00217""]",0.005288053788629924,0.0,1.0,0.49924310762050866,1.0,False,0.49924310762050866,0.49924310762050866,0.0,False,False,True,0.25,0.49924310762050866,0.49924310762050866
pku_round0_00115,f60_a0_p02_s04,pku_round0_00115,0.02,"[""pku_round0_00058"", ""pku_round0_00094"", ""pku_round0_00123"", ""pku_round0_00126"", ""pku_round0_00146"", ""pku_round0_00198"", ""pku_round0_00203"", ""pku_round0_00209"", ""pku_round0_00217""]",0.0024777119481333722,0.0,1.0,0.5293061167167211,1.0,False,0.5293061167167211,0.5293061167167211,0.0,False,False,True,0.75,0.5293061167167211,0.5293061167167211
pku_round0_00115,f60_a1_p02_s00,pku_round0_00115,0.02,"[""pku_round0_00058"", ""pku_round0_00094"", ""pku_round0_00123"", ""pku_round0_00126"", ""pku_round0_00146"", ""pku_round0_00198"", ""pku_round0_00203"", ""pku_round0_00209"", ""pku_round0_00217""]",0.996678995086009,0.04870605803132406,0.0,0.6067662116317051,0.0,True,0.6067662116317051,0.5943888243794926,0.01237738725221249,True,False,True,0.0,0.6067662116317051,0.6067662116317051
pku_round0_00115,f60_a1_p02_s01,pku_round0_00115,0.02,"[""pku_round0_00058"", ""pku_round0_00094"", ""pku_round0_00123"", ""pku_round0_00126"", ""pku_round0_00146"", ""pku_round0_00198"", ""pku_round0_00203"", ""pku_round0_00209"", ""pku_round0_00217""]",0.01126384749810623,0.00030268223719960964,0.0,0.6181553109239726,1.0,False,0.6181553109239726,0.6181553109239726,0.0,False,False,True,1.0,0.6181553109239726,0.6181553109239726
pku_round0_00115,f60_a1_p02_s02,pku_round0_00115,0.02,"[""pku_round0_00058"", ""pku_round0_00094"", ""pku_round0_00123"", ""pku_round0_00126"", ""pku_round0_00146"", ""pku_round0_00198"", ""pku_round0_00203"", ""pku_round0_00209"", ""pku_round0_00217""]",0.0014170271609331862,0.03736152873921206,0.0,0.5758202171132316,1.0,False,0.5758202171132316,0.5758202171132316,0.0,False,False,True,0.0,0.5758202171132316,0.5758202171132316
pku_round0_00115,f60_a1_p02_s03,pku_round0_00115,0.02,"[""pku_round0_00058"", ""pku_round0_00094"", ""pku_round0_00123"", ""pku_round0_00126"", ""pku_round0_00146"", ""pku_round0_00198"", ""pku_round0_00203"", ""pku_round0_00209"", ""pku_round0_00217""]",0.0016291150492028926,0.06184220110031446,0.0,0.5367000642831294,1.0,False,0.5367000642831294,0.5367000642831294,0.0,False,False,True,0.25,0.5367000642831294,0.5367000642831294
pku_round0_00115,f60_a1_p02_s04,pku_round0_00115,0.02,"[""pku_round0_00058"", ""pku_round0_00094"", ""pku_round0_00123"", ""pku_round0_00126"", ""pku_round0_00146"", ""pku_round0_00198"", ""pku_round0_00203"", ""pku_round0_00209"", ""pku_round0_00217""]",0.0016955777071889905,0.09393790709223876,0.0,0.5783821156240401,1.0,False,0.5783821156240401,0.5783821156240401,0.0,False,False,True,1.0,0.5783821156240401,0.5783821156240401
pku_round0_00115,f60_a2_p02_s00,pku_round0_00115,0.02,"[""pku_round0_00058"", ""pku_round0_00094"", ""pku_round0_00123"", ""pku_round0_00126"", ""pku_round0_00146"", ""pku_round0_00198"", ""pku_round0_00203"", ""pku_round0_00209"", ""pku_round0_00217""]",0.9976639890952259,0.05373636350778349,0.0,0.6805635813419608,0.0,True,0.6805635813419608,0.647248479504507,0.03331510183745379,True,False,True,0.0,0.6805635813419608,0.6805635813419608
pku_round0_00115,f60_a2_p02_s01,pku_round0_00115,0.02,"[""pku_round0_00058"", ""pku_round0_00094"", ""pku_round0_00123"", ""pku_round0_00126"", ""pku_round0_00146"", ""pku_round0_00198"", ""pku_round0_00203"", ""pku_round0_00209"", ""pku_round0_00217""]",0.025130222275597566,0.0,1.0,0.5727449626444286,1.0,False,0.5727449626444286,0.5727449626444286,0.0,False,False,True,1.0,0.5727449626444286,0.5727449626444286
pku_round0_00115,f60_a2_p02_s02,pku_round0_00115,0.02,"[""pku_round0_00058"", ""pku_round0_00094"", ""pku_round0_00123"", ""pku_round0_00126"", ""pku_round0_00146"", ""pku_round0_00198"", ""pku_round0_00203"", ""pku_round0_00209"", ""pku_round0_00217""]",0.029934267130429588,0.0,1.0,0.46493745414263254,1.0,False,0.46493745414263254,0.46493745414263254,0.0,False,False,True,1.0,0.46493745414263254,0.46493745414263254
pku_round0_00115,f60_a2_p02_s03,pku_round0_00115,0.02,"[""pku_round0_00058"", ""pku_round0_00094"", ""pku_round0_00123"", ""pku_round0_00126"", ""pku_round0_00146"", ""pku_round0_00198"", ""pku_round0_00203"", ""pku_round0_00209"", ""pku_round0_00217""]",0.01969232825067677,0.0,1.0,0.6467360277237568,1.0,False,0.6467360277237568,0.6467360277237568,0.0,False,False,True,0.75,0.6467360277237568,0.6467360277237568
pku_round0_00115,f60_a2_p02_s04,pku_round0_00115,0.02,"[""pku_round0_00058"", ""pku_round0_00094"", ""pku_round0_00123"", ""pku_round0_00126"", ""pku_round0_00146"", ""pku_round0_00198"", ""pku_round0_00203"", ""pku_round0_00209"", ""pku_round0_00217""]",0.0035264609839904715,0.03638532777140661,0.0,0.6102591662431194,1.0,False,0.6102591662431194,0.6102591662431194,0.0,False,False,True,0.5,0.6102591662431194,0.6102591662431194
pku_round0_00115,f60_a3_p02_s00,pku_round0_00115,0.02,"[""pku_round0_00058"", ""pku_round0_00094"", ""pku_round0_00123"", ""pku_round0_00126"", ""pku_round0_00146"", ""pku_round0_00198"", ""pku_round0_00203"", ""pku_round0_00209"", ""pku_round0_00217""]",0.9981577505913537,0.06885757506015726,0.0,0.7482925448409774,0.0,True,0.7482925448409774,0.6744517871650638,0.07384075767591358,True,False,True,0.0,0.7482925448409774,0.7482925448409774
pku_round0_00115,f60_a3_p02_s01,pku_round0_00115,0.02,"[""pku_round0_00058"", ""pku_round0_00094"", ""pku_round0_00123"", ""pku_round0_00126"", ""pku_round0_00146"", ""pku_round0_00198"", ""pku_round0_00203"", ""pku_round0_00209"", ""pku_round0_00217""]",0.0254927756351275,0.0,1.0,0.6267233574162356,1.0,False,0.6267233574162356,0.6267233574162356,0.0,False,False,True,1.0,0.6267233574162356,0.6267233574162356
pku_round0_00115,f60_a3_p02_s02,pku_round0_00115,0.02,"[""pku_round0_00058"", ""pku_round0_00094"", ""pku_round0_00123"", ""pku_round0_00126"", ""pku_round0_00146"", ""pku_round0_00198"", ""pku_round0_00203"", ""pku_round0_00209"", ""pku_round0_00217""]",0.031059641763342822,0.0,1.0,0.6268912191245659,1.0,False,0.6268912191245659,0.6268912191245659,0.0,False,False,True,0.0,0.6268912191245659,0.6268912191245659
pku_round0_00115,f60_a3_p02_s03,pku_round0_00115,0.02,"[""pku_round0_00058"", ""pku_round0_00094"", ""pku_round0_00123"", ""pku_round0_00126"", ""pku_round0_00146"", ""pku_round0_00198"", ""pku_round0_00203"", ""pku_round0_00209"", ""pku_round0_00217""]",0.021249983977672436,0.0,1.0,0.6205066685356644,1.0,False,0.6205066685356644,0.6205066685356644,0.0,False,False,True,1.0,0.6205066685356644,0.6205066685356644
pku_round0_00115,f60_a3_p02_s04,pku_round0_00115,0.02,"[""pku_round0_00058"", ""pku_round0_00094"", ""pku_round0_00123"", ""pku_round0_00126"", ""pku_round0_00146"", ""pku_round0_00198"", ""pku_round0_00203"", ""pku_round0_00209"", ""pku_round0_00217""]",0.01520675298508788,0.0,1.0,0.6705710600984317,1.0,False,0.6705710600984317,0.6705710600984317,0.0,False,False,True,1.0,0.6705710600984317,0.6705710600984317
pku_round0_00115,f60_a4_p02_s00,pku_round0_00115,0.02,"[""pku_round0_00058"", ""pku_round0_00094"", ""pku_round0_00123"", ""pku_round0_00126"", ""pku_round0_00146"", ""pku_round0_00198"", ""pku_round0_00203"", ""pku_round0_00209"", ""pku_round0_00217""]",0.9985630278808545,0.08833437483979162,0.0,0.85792819361515,0.0,True,0.85792819361515,0.6994626673448575,0.15846552627029253,True,False,True,0.0,0.85792819361515,0.85792819361515
pku_round0_00115,f60_a4_p02_s01,pku_round0_00115,0.02,"[""pku_round0_00058"", ""pku_round0_00094"", ""pku_round0_00123"", ""pku_round0_00126"", ""pku_round0_00146"", ""pku_round0_00198"", ""pku_round0_00203"", ""pku_round0_00209"", ""pku_round0_00217""]",0.003408624650036435,0.07338618216497107,0.0,0.7156709705062126,1.0,False,0.7156709705062126,0.7156709705062126,0.0,False,False,True,0.0,0.7156709705062126,0.7156709705062126
pku_round0_00115,f60_a4_p02_s02,pku_round0_00115,0.02,"[""pku_round0_00058"", ""pku_round0_00094"", ""pku_round0_00123"", ""pku_round0_00126"", ""pku_round0_00146"", ""pku_round0_00198"", ""pku_round0_00203"", ""pku_round0_00209"", ""pku_round0_00217""]",0.0018199989042673957,0.12607283790522983,0.0,0.7115523388816365,1.0,False,0.7115523388816365,0.7115523388816365,0.0,False,False,True,0.0,0.7115523388816365,0.7115523388816365
pku_round0_00115,f60_a4_p02_s03,pku_round0_00115,0.02,"[""pku_round0_00058"", ""pku_round0_00094"", ""pku_round0_00123"", ""pku_round0_00126"", ""pku_round0_00146"", ""pku_round0_00198"", ""pku_round0_00203"", ""pku_round0_00209"", ""pku_round0_00217""]",0.0024744251241376795,0.11139936569279765,0.0,0.729984389916337,1.0,False,0.729984389916337,0.729984389916337,0.0,False,False,True,0.0,0.729984389916337,0.729984389916337
pku_round0_00115,f60_a4_p02_s04,pku_round0_00115,0.02,"[""pku_round0_00058"", ""pku_round0_00094"", ""pku_round0_00123"", ""pku_round0_00126"", ""pku_round0_00146"", ""pku_round0_00198"", ""pku_round0_00203"", ""pku_round0_00209"", ""pku_round0_00217""]",0.0026045178987024035,0.11382605982771235,0.0,0.7243936998403913,1.0,False,0.7243936998403913,0.7243936998403913,0.0,False,False,True,0.0,0.7243936998403913,0.7243936998403913
pku_round0_00123,f60_a0_p03_s00,pku_round0_00123,0.02,"[""pku_round0_00058"", ""pku_round0_00094"", ""pku_round0_00115"", ""pku_round0_00126"", ""pku_round0_00146"", ""pku_round0_00198"", ""pku_round0_00203"", ""pku_round0_00209"", ""pku_round0_00217""]",0.9968381231820876,0.0,1.0,0.4331585031220967,1.0,False,0.4331585031220967,0.4331585031220967,0.0,False,False,False,0.0,0.4892333578203661,0.4892333578203661
pku_round0_00123,f60_a0_p03_s01,pku_round0_00123,0.02,"[""pku_round0_00058"", ""pku_round0_00094"", ""pku_round0_00115"", ""pku_round0_00126"", ""pku_round0_00146"", ""pku_round0_00198"", ""pku_round0_00203"", ""pku_round0_00209"", ""pku_round0_00217""]",0.04750922769749324,0.0,1.0,0.338496316141996,1.0,False,0.338496316141996,0.338496316141996,0.0,False,False,True,1.0,0.338496316141996,0.338496316141996
pku_round0_00123,f60_a0_p03_s02,pku_round0_00123,0.02,"[""pku_round0_00058"", ""pku_round0_00094"", ""pku_round0_00115"", ""pku_round0_00126"", ""pku_round0_00146"", ""pku_round0_00198"", ""pku_round0_00203"", ""pku_round0_00209"", ""pku_round0_00217""]",0.029550990889920456,0.0,1.0,0.6333534991249488,1.0,False,0.6333534991249488,0.6333534991249488,0.0,False,False,True,1.0,0.6333534991249488,0.6333534991249488
pku_round0_00123,f60_a0_p03_s03,pku_round0_00123,0.02,"[""pku_round0_00058"", ""pku_round0_00094"", ""pku_round0_00115"", ""pku_round0_00126"", ""pku_round0_00146"", ""pku_round0_00198"", ""pku_round0_00203"", ""pku_round0_00209"", ""pku_round0_00217""]",0.006844933837234742,0.0,1.0,0.7114059157790118,1.0,False,0.7114059157790118,0.7114059157790118,0.0,False,False,True,1.0,0.7114059157790118,0.7114059157790118
pku_round0_00123,f60_a0_p03_s04,pku_round0_00123,0.02,"[""pku_round0_00058"", ""pku_round0_00094"", ""pku_round0_00115"", ""pku_round0_00126"", ""pku_round0_00146"", ""pku_round0_00198"", ""pku_round0_00203"", ""pku_round0_00209"", ""pku_round0_00217""]",0.0014259972852919912,0.008234887554311862,0.0,0.774063911155284,1.0,False,0.774063911155284,0.774063911155284,0.0,False,False,True,0.75,0.774063911155284,0.774063911155284
pku_round0_00123,f60_a1_p03_s00,pku_round0_00123,0.02,"[""pku_round0_00058"", ""pku_round0_00094"", ""pku_round0_00115"", ""pku_round0_00126"", ""pku_round0_00146"", ""pku_round0_00198"", ""pku_round0_00203"", ""pku_round0_00209"", ""pku_round0_00217""]",0.9970018682649171,0.0,1.0,0.550980792731089,1.0,False,0.550980792731089,0.550980792731089,0.0,False,False,True,0.0,0.5036072115945573,0.550980792731089
pku_round0_00123,f60_a1_p03_s01,pku_round0_00123,0.02,"[""pku_round0_00058"", ""pku_round0_00094"", ""pku_round0_00115"", ""pku_round0_00126"", ""pku_round0_00146"", ""pku_round0_00198"", ""pku_round0_00203"", ""pku_round0_00209"", ""pku_round0_00217""]",0.04604825922722719,0.0,1.0,0.6100273810221079,1.0,False,0.6100273810221079,0.6100273810221079,0.0,False,False,True,1.0,0.6100273810221079,0.6100273810221079
pku_round0_00123,f60_a1_p03_s02,pku_round0_00123,0.02,"[""pku_round0_00058"", ""pku_round0_00094"", ""pku_round0_00115"", ""pku_round0_00126"", ""pku_round0_00146"", ""pku_round0_00198"", ""pku_round0_00203"", ""pku_round0_00209"", ""pku_round0_00217""]",0.030948208119429638,0.0,1.0,0.610225259121625,1.0,False,0.610225259121625,0.610225259121625,0.0,False,False,True,1.0,0.610225259121625,0.610225259121625
pku_round0_00123,f60_a1_p03_s03,pku_round0_00123,0.02,"[""pku_round0_00058"", ""pku_round0_00094"", ""pku_round0_00115"", ""pku_round0_00126"", ""pku_round0_00146"", ""pku_round0_00198"", ""pku_round0_00203"", ""pku_round0_00209"", ""pku_round0_00217""]",0.006081043335855181,0.0,1.0,0.6764693881874251,1.0,False,0.6764693881874251,0.6764693881874251,0.0,False,False,True,0.75,0.6764693881874251,0.6764693881874251
pku_round0_00123,f60_a1_p03_s04,pku_round0_00123,0.02,"[""pku_round0_00058"", ""pku_round0_00094"", ""pku_round0_00115"", ""pku_round0_00126"", ""pku_round0_00146"", ""pku_round0_00198"", ""pku_round0_00203"", ""pku_round0_00209"", ""pku_round0_00217""]",0.0014466369139526946,0.023534541233849078,0.0,0.7059234648735251,1.0,False,0.7059234648735251,0.7059234648735251,0.0,False,False,True,1.0,0.7059234648735251,0.7059234648735251
pku_round0_00123,f60_a2_p03_s00,pku_round0_00123,0.02,"[""pku_round0_00058"", ""pku_round0_00094"", ""pku_round0_00115"", ""pku_round0_00126"", ""pku_round0_00146"", ""pku_round0_00198"", ""pku_round0_00203"", ""pku_round0_00209"", ""pku_round0_00217""]",0.9970946205971858,0.008728501476863373,0.0,0.5179810653687487,1.0,False,0.5599618231304362,0.5599618231304362,0.0,False,False,True,0.0,0.5179810653687487,0.5599618231304362
pku_round0_00123,f60_a2_p03_s01,pku_round0_00123,0.02,"[""pku_round0_00058"", ""pku_round0_00094"", ""pku_round0_00115"", ""pku_round0_00126"", ""pku_round0_00146"", ""pku_round0_00198"", ""pku_round0_00203"", ""pku_round0_00209"", ""pku_round0_00217""]",0.04114734477789018,0.0,1.0,0.5943984735581624,1.0,False,0.5943984735581624,0.5943984735581624,0.0,False,False,True,1.0,0.5943984735581624,0.5943984735581624
pku_round0_00123,f60_a2_p03_s02,pku_round0_00123,0.02,"[""pku_round0_00058"", ""pku_round0_00094"", ""pku_round0_00115"", ""pku_round0_00126"", ""pku_round0_00146"", ""pku_round0_00198"", ""pku_round0_00203"", ""pku_round0_00209"", ""pku_round0_00217""]",0.006643914456468064,0.0,1.0,0.5754214530724123,1.0,False,0.5754214530724123,0.5754214530724123,0.0,False,False,True,0.5,0.5754214530724123,0.5754214530724123
pku_round0_00123,f60_a2_p03_s03,pku_round0_00123,0.02,"[""pku_round0_00058"", ""pku_round0_00094"", ""pku_round0_00115"", ""pku_round0_00126"", ""pku_round0_00146"", ""pku_round0_00198"", ""pku_round0_00203"", ""pku_round0_00209"", ""pku_round0_00217""]",0.021910502435040828,0.0,1.0,0.517037071312909,1.0,False,0.517037071312909,0.517037071312909,0.0,False,False,True,0.75,0.517037071312909,0.517037071312909
pku_round0_00123,f60_a2_p03_s04,pku_round0_00123,0.02,"[""pku_round0_00058"", ""pku_round0_00094"", ""pku_round0_00115"", ""pku_round0_00126"", ""pku_round0_00146"", ""pku_round0_00198"", ""pku_round0_00203"", ""pku_round0_00209"", ""pku_round0_00217""]",0.9820073534033761,0.0,1.0,0.6119184180589297,1.0,False,0.6119184180589297,0.6119184180589297,0.0,False,False,True,1.0,0.6119184180589297,0.6119184180589297
pku_round0_00123,f60_a3_p03_s00,pku_round0_00123,0.02,"[""pku_round0_00058"", ""pku_round0_00094"", ""pku_round0_00115"", ""pku_round0_00126"", ""pku_round0_00146"", ""pku_round0_00198"", ""pku_round0_00203"", ""pku_round0_00209"", ""pku_round0_00217""]",0.9971067167913457,0.022430321002413333,0.0,0.5887735821318804,0.0,True,0.5887735821318804,0.6104229105368992,-0.021649328405018875,False,True,False,0.0,0.5887735821318804,0.6104229105368992
pku_round0_00123,f60_a3_p03_s01,pku_round0_00123,0.02,"[""pku_round0_00058"", ""pku_round0_00094"", ""pku_round0_00115"", ""pku_round0_00126"", ""pku_round0_00146"", ""pku_round0_00198"", ""pku_round0_00203"", ""pku_round0_00209"", ""pku_round0_00217""]",0.9846032802946189,0.0,1.0,0.5514562147337377,1.0,False,0.5514562147337377,0.5514562147337377,0.0,False,False,False,1.0,0.5514562147337377,0.5787695660942169
pku_round0_00123,f60_a3_p03_s02,pku_round0_00123,0.02,"[""pku_round0_00058"", ""pku_round0_00094"", ""pku_round0_00115"", ""pku_round0_00126"", ""pku_round0_00146"", ""pku_round0_00198"", ""pku_round0_00203"", ""pku_round0_00209"", ""pku_round0_00217""]",0.009885861034222137,0.007588167006024097,0.0,0.5527244969871433,1.0,False,0.5527244969871433,0.5527244969871433,0.0,False,False,True,1.0,0.5527244969871433,0.5527244969871433
pku_round0_00123,f60_a3_p03_s03,pku_round0_00123,0.02,"[""pku_round0_00058"", ""pku_round0_00094"", ""pku_round0_00115"", ""pku_round0_00126"", ""pku_round0_00146"", ""pku_round0_00198"", ""pku_round0_00203"", ""pku_round0_00209"", ""pku_round0_00217""]",0.0015048990024114739,0.05880616114968014,0.0,0.48610172345076796,1.0,False,0.48610172345076796,0.48610172345076796,0.0,False,False,True,0.0,0.48610172345076796,0.48610172345076796
pku_round0_00123,f60_a3_p03_s04,pku_round0_00123,0.02,"[""pku_round0_00058"", ""pku_round0_00094"", ""pku_round0_00115"", ""pku_round0_00126"", ""pku_round0_00146"", ""pku_round0_00198"", ""pku_round0_00203"", ""pku_round0_00209"", ""pku_round0_00217""]",0.0030742874015795246,0.04739345447774439,0.0,0.5518367956661,1.0,False,0.5518367956661,0.5518367956661,0.0,False,False,True,1.0,0.5518367956661,0.5518367956661
pku_round0_00123,f60_a4_p03_s00,pku_round0_00123,0.02,"[""pku_round0_00058"", ""pku_round0_00094"", ""pku_round0_00115"", ""pku_round0_00126"", ""pku_round0_00146"", ""pku_round0_00198"", ""pku_round0_00203"", ""pku_round0_00209"", ""pku_round0_00217""]",0.9972199804654835,0.039076630144676536,0.0,0.6204569770559332,0.0,True,0.6204569770559332,0.582434020460986,0.038022956594947144,True,False,True,0.0,0.6204569770559332,0.6204569770559332
pku_round0_00123,f60_a4_p03_s01,pku_round0_00123,0.02,"[""pku_round0_00058"", ""pku_round0_00094"", ""pku_round0_00115"", ""pku_round0_00126"", ""pku_round0_00146"", ""pku_round0_00198"", ""pku_round0_00203"", ""pku_round0_00209"", ""pku_round0_00217""]",0.9869966283915589,0.0,1.0,0.5409658206819827,1.0,False,0.5409658206819827,0.5409658206819827,0.0,False,False,False,1.0,0.5409658206819827,0.5631406586302715
pku_round0_00123,f60_a4_p03_s02,pku_round0_00123,0.02,"[""pku_round0_00058"", ""pku_round0_00094"", ""pku_round0_00115"", ""pku_round0_00126"", ""pku_round0_00146"", ""pku_round0_00198"", ""pku_round0_00203"", ""pku_round0_00209"", ""pku_round0_00217""]",0.011686153005199209,0.0,1.0,0.5871320793483353,1.0,False,0.5871320793483353,0.5871320793483353,0.0,False,False,True,1.0,0.5871320793483353,0.5871320793483353
pku_round0_00123,f60_a4_p03_s03,pku_round0_00123,0.02,"[""pku_round0_00058"", ""pku_round0_00094"", ""pku_round0_00115"", ""pku_round0_00126"", ""pku_round0_00146"", ""pku_round0_00198"", ""pku_round0_00203"", ""pku_round0_00209"", ""pku_round0_00217""]",0.975810368039808,0.0,1.0,0.5554984828401833,1.0,False,0.5554984828401833,0.5554984828401833,0.0,False,False,False,1.0,0.5554984828401833,0.5722235724791469
pku_round0_00123,f60_a4_p03_s04,pku_round0_00123,0.02,"[""pku_round0_00058"", ""pku_round0_00094"", ""pku_round0_00115"", ""pku_round0_00126"", ""pku_round0_00146"", ""pku_round0_00198"", ""pku_round0_00203"", ""pku_round0_00209"", ""pku_round0_00217""]",0.0025024913748561695,0.07954912642180731,0.0,0.4481321770679602,1.0,False,0.4481321770679602,0.4481321770679602,0.0,False,False,True,1.0,0.4481321770679602,0.4481321770679602
pku_round0_00126,f60_a0_p04_s00,pku_round0_00126,0.01,"[""pku_round0_00058"", ""pku_round0_00094"", ""pku_round0_00115"", ""pku_round0_00123"", ""pku_round0_00146"", ""pku_round0_00198"", ""pku_round0_00203"", ""pku_round0_00209"", ""pku_round0_00217""]",0.9963265614482989,0.013861739937820227,0.0,0.43771606205302166,0.0,True,0.43771606205302166,0.5686699220015989,-0.13095385994857728,False,True,False,0.0,0.43771606205302166,0.5686699220015989
pku_round0_00126,f60_a0_p04_s01,pku_round0_00126,0.01,"[""pku_round0_00058"", ""pku_round0_00094"", ""pku_round0_00115"", ""pku_round0_00123"", ""pku_round0_00146"", ""pku_round0_00198"", ""pku_round0_00203"", ""pku_round0_00209"", ""pku_round0_00217""]",0.011844752144691603,0.0,1.0,0.5760295356826481,1.0,False,0.5760295356826481,0.5760295356826481,0.0,False,False,True,1.0,0.5760295356826481,0.5760295356826481
pku_round0_00126,f60_a0_p04_s02,pku_round0_00126,0.01,"[""pku_round0_00058"", ""pku_round0_00094"", ""pku_round0_00115"", ""pku_round0_00123"", ""pku_round0_00146"", ""pku_round0_00198"", ""pku_round0_00203"", ""pku_round0_00209"", ""pku_round0_00217""]",0.019630011933913286,0.0,1.0,0.7154570792731674,1.0,False,0.7154570792731674,0.7154570792731674,0.0,False,False,True,0.75,0.7154570792731674,0.7154570792731674
pku_round0_00126,f60_a0_p04_s03,pku_round0_00126,0.01,"[""pku_round0_00058"", ""pku_round0_00094"", ""pku_round0_00115"", ""pku_round0_00123"", ""pku_round0_00146"", ""pku_round0_00198"", ""pku_round0_00203"", ""pku_round0_00209"", ""pku_round0_00217""]",0.013799362460236761,0.0,1.0,0.5265715813581662,1.0,False,0.5265715813581662,0.5265715813581662,0.0,False,False,True,0.75,0.5265715813581662,0.5265715813581662
pku_round0_00126,f60_a0_p04_s04,pku_round0_00126,0.01,"[""pku_round0_00058"", ""pku_round0_00094"", ""pku_round0_00115"", ""pku_round0_00123"", ""pku_round0_00146"", ""pku_round0_00198"", ""pku_round0_00203"", ""pku_round0_00209"", ""pku_round0_00217""]",0.016511270771103512,0.0,1.0,0.728420802454465,1.0,False,0.728420802454465,0.728420802454465,0.0,False,False,True,0.75,0.728420802454465,0.728420802454465
pku_round0_00126,f60_a1_p04_s00,pku_round0_00126,0.01,"[""pku_round0_00058"", ""pku_round0_00094"", ""pku_round0_00115"", ""pku_round0_00123"", ""pku_round0_00146"", ""pku_round0_00198"", ""pku_round0_00203"", ""pku_round0_00209"", ""pku_round0_00217""]",0.9966204020966508,0.02306009693437998,0.0,0.5469866229214122,0.0,True,0.5469866229214122,0.6156413372307021,-0.06865471430928993,False,True,False,0.0,0.5469866229214122,0.6156413372307021
pku_round0_00126,f60_a1_p04_s01,pku_round0_00126,0.01,"[""pku_round0_00058"", ""pku_round0_00094"", ""pku_round0_00115"", ""pku_round0_00123"", ""pku_round0_00146"", ""pku_round0_00198"", ""pku_round0_00203"", ""pku_round0_00209"", ""pku_round0_00217""]",0.026183674363435834,0.0,1.0,0.5868772123419465,1.0,False,0.5868772123419465,0.5868772123419465,0.0,False,False,True,1.0,0.5868772123419465,0.5868772123419465
pku_round0_00126,f60_a1_p04_s02,pku_round0_00126,0.01,"[""pku_round0_00058"", ""pku_round0_00094"", ""pku_round0_00115"", ""pku_round0_00123"", ""pku_round0_00146"", ""pku_round0_00198"", ""pku_round0_00203"", ""pku_round0_00209"", ""pku_round0_00217""]",0.005109666242398854,0.0,1.0,0.5203722665946435,1.0,False,0.5203722665946435,0.5203722665946435,0.0,False,False,True,1.0,0.5203722665946435,0.5203722665946435
pku_round0_00126,f60_a1_p04_s03,pku_round0_00126,0.01,"[""pku_round0_00058"", ""pku_round0_00094"", ""pku_round0_00115"", ""pku_round0_00123"", ""pku_round0_00146"", ""pku_round0_00198"", ""pku_round0_00203"", ""pku_round0_00209"", ""pku_round0_00217""]",0.9598621961075723,0.0053431483963782365,0.0,0.598822574440742,1.0,False,0.5900355876073697,0.5900355876073697,0.0,False,False,False,0.5,0.5900355876073697,0.598822574440742
pku_round0_00126,f60_a1_p04_s04,pku_round0_00126,0.01,"[""pku_round0_00058"", ""pku_round0_00094"", ""pku_round0_00115"", ""pku_round0_00123"", ""pku_round0_00146"", ""pku_round0_00198"", ""pku_round0_00203"", ""pku_round0_00209"", ""pku_round0_00217""]",0.0011983940615172385,0.014094172374295224,0.0,0.6124621831402908,1.0,False,0.6124621831402908,0.6124621831402908,0.0,False,False,True,0.5,0.6124621831402908,0.6124621831402908
pku_round0_00126,f60_a2_p04_s00,pku_round0_00126,0.01,"[""pku_round0_00058"", ""pku_round0_00094"", ""pku_round0_00115"", ""pku_round0_00123"", ""pku_round0_00146"", ""pku_round0_00198"", ""pku_round0_00203"", ""pku_round0_00209"", ""pku_round0_00217""]",0.9968840767431563,0.03215002675174067,0.0,0.5847879078137422,0.0,True,0.5847879078137422,0.6158893334938782,-0.031101425680135963,False,True,False,0.0,0.5847879078137422,0.6158893334938782
pku_round0_00126,f60_a2_p04_s01,pku_round0_00126,0.01,"[""pku_round0_00058"", ""pku_round0_00094"", ""pku_round0_00115"", ""pku_round0_00123"", ""pku_round0_00146"", ""pku_round0_00198"", ""pku_round0_00203"", ""pku_round0_00209"", ""pku_round0_00217""]",0.028201530336752035,0.0,1.0,0.5655181392227083,1.0,False,0.5655181392227083,0.5655181392227083,0.0,False,False,True,1.0,0.5655181392227083,0.5655181392227083
pku_round0_00126,f60_a2_p04_s02,pku_round0_00126,0.01,"[""pku_round0_00058"", ""pku_round0_00094"", ""pku_round0_00115"", ""pku_round0_00123"", ""pku_round0_00146"", ""pku_round0_00198"", ""pku_round0_00203"", ""pku_round0_00209"", ""pku_round0_00217""]",0.005189492800612804,0.0,1.0,0.5295336134131274,1.0,False,0.5295336134131274,0.5295336134131274,0.0,False,False,True,1.0,0.5295336134131274,0.5295336134131274
pku_round0_00126,f60_a2_p04_s03,pku_round0_00126,0.01,"[""pku_round0_00058"", ""pku_round0_00094"", ""pku_round0_00115"", ""pku_round0_00123"", ""pku_round0_00146"", ""pku_round0_00198"", ""pku_round0_00203"", ""pku_round0_00209"", ""pku_round0_00217""]",0.9612796521638657,0.013990858272430478,0.0,0.5926497942156239,0.0,True,0.5926497942156239,0.5901326448688241,0.0025171493467998074,True,False,True,0.5,0.5901326448688241,0.5926497942156239
pku_round0_00126,f60_a2_p04_s04,pku_round0_00126,0.01,"[""pku_round0_00058"", ""pku_round0_00094"", ""pku_round0_00115"", ""pku_round0_00123"", ""pku_round0_00146"", ""pku_round0_00198"", ""pku_round0_00203"", ""pku_round0_00209"", ""pku_round0_00217""]",0.0013390393304543665,0.024913708674393617,0.0,0.5826583074684908,1.0,False,0.5826583074684908,0.5826583074684908,0.0,False,False,True,0.0,0.5826583074684908,0.5826583074684908
pku_round0_00126,f60_a3_p04_s00,pku_round0_00126,0.01,"[""pku_round0_00058"", ""pku_round0_00094"", ""pku_round0_00115"", ""pku_round0_00123"", ""pku_round0_00146"", ""pku_round0_00198"", ""pku_round0_00203"", ""pku_round0_00209"", ""pku_round0_00217""]",0.9971455983082215,0.04024916564779303,0.0,0.7999787635604795,0.0,True,0.7999787635604795,0.5813568002373677,0.2186219633231118,True,False,True,0.0,0.7999787635604795,0.7999787635604795
pku_round0_00126,f60_a3_p04_s01,pku_round0_00126,0.01,"[""pku_round0_00058"", ""pku_round0_00094"", ""pku_round0_00115"", ""pku_round0_00123"", ""pku_round0_00146"", ""pku_round0_00198"", ""pku_round0_00203"", ""pku_round0_00209"", ""pku_round0_00217""]",0.029813416259444635,0.0,1.0,0.5616879541520502,1.0,False,0.5616879541520502,0.5616879541520502,0.0,False,False,True,1.0,0.5616879541520502,0.5616879541520502
pku_round0_00126,f60_a3_p04_s02,pku_round0_00126,0.01,"[""pku_round0_00058"", ""pku_round0_00094"", ""pku_round0_00115"", ""pku_round0_00123"", ""pku_round0_00146"", ""pku_round0_00198"", ""pku_round0_00203"", ""pku_round0_00209"", ""pku_round0_00217""]",0.0015093099476075358,0.047188654841833544,0.0,0.5929462950294759,1.0,False,0.5929462950294759,0.5929462950294759,0.0,False,False,True,0.0,0.5929462950294759,0.5929462950294759
pku_round0_00126,f60_a3_p04_s03,pku_round0_00126,0.01,"[""pku_round0_00058"", ""pku_round0_00094"", ""pku_round0_00115"", ""pku_round0_00123"", ""pku_round0_00146"", ""pku_round0_00198"", ""pku_round0_00203"", ""pku_round0_00209"", ""pku_round0_00217""]",0.04272183209344203,0.027246345263704706,0.0,0.5342012365298245,1.0,False,0.5342012365298245,0.5342012365298245,0.0,False,False,True,0.0,0.5342012365298245,0.5342012365298245
pku_round0_00126,f60_a3_p04_s04,pku_round0_00126,0.01,"[""pku_round0_00058"", ""pku_round0_00094"", ""pku_round0_00115"", ""pku_round0_00123"", ""pku_round0_00146"", ""pku_round0_00198"", ""pku_round0_00203"", ""pku_round0_00209"", ""pku_round0_00217""]",0.002989349191412124,0.015501213305423837,0.0,0.5740423446041174,1.0,False,0.5740423446041174,0.5740423446041174,0.0,False,False,True,0.0,0.5740423446041174,0.5740423446041174
pku_round0_00126,f60_a4_p04_s00,pku_round0_00126,0.01,"[""pku_round0_00058"", ""pku_round0_00094"", ""pku_round0_00115"", ""pku_round0_00123"", ""pku_round0_00146"", ""pku_round0_00198"", ""pku_round0_00203"", ""pku_round0_00209"", ""pku_round0_00217""]",0.9974614195490057,0.051622142610850116,0.0,0.8763445844535593,0.0,True,0.8763445844535593,0.6013515375807126,0.27499304687284676,True,False,True,0.0,0.8763445844535593,0.8763445844535593
pku_round0_00126,f60_a4_p04_s01,pku_round0_00126,0.01,"[""pku_round0_00058"", ""pku_round0_00094"", ""pku_round0_00115"", ""pku_round0_00123"", ""pku_round0_00146"", ""pku_round0_00198"", ""pku_round0_00203"", ""pku_round0_00209"", ""pku_round0_00217""]",0.03146431436066657,0.006195151550051696,0.0,0.5330730817512359,1.0,False,0.5330730817512359,0.5330730817512359,0.0,False,False,True,0.0,0.5330730817512359,0.5330730817512359
pku_round0_00126,f60_a4_p04_s02,pku_round0_00126,0.01,"[""pku_round0_00058"", ""pku_round0_00094"", ""pku_round0_00115"", ""pku_round0_00123"", ""pku_round0_00146"", ""pku_round0_00198"", ""pku_round0_00203"", ""pku_round0_00209"", ""pku_round0_00217""]",0.001582731364158549,0.05512543476209346,0.0,0.6096201212224475,1.0,False,0.6096201212224475,0.6096201212224475,0.0,False,False,True,0.0,0.6096201212224475,0.6096201212224475
pku_round0_00126,f60_a4_p04_s03,pku_round0_00126,0.01,"[""pku_round0_00058"", ""pku_round0_00094"", ""pku_round0_00115"", ""pku_round0_00123"", ""pku_round0_00146"", ""pku_round0_00198"", ""pku_round0_00203"", ""pku_round0_00209"", ""pku_round0_00217""]",0.06443154559337312,0.04176295278154567,0.0,0.5190415458743526,1.0,False,0.5190415458743526,0.5190415458743526,0.0,False,False,True,0.0,0.5190415458743526,0.5190415458743526
pku_round0_00126,f60_a4_p04_s04,pku_round0_00126,0.01,"[""pku_round0_00058"", ""pku_round0_00094"", ""pku_round0_00115"", ""pku_round0_00123"", ""pku_round0_00146"", ""pku_round0_00198"", ""pku_round0_00203"", ""pku_round0_00209"", ""pku_round0_00217""]",0.0045606549120453,0.001859804735910796,0.0,0.5134038752095333,1.0,False,0.5134038752095333,0.5134038752095333,0.0,False,False,True,1.0,0.5134038752095333,0.5134038752095333
pku_round0_00146,f60_a0_p05_s00,pku_round0_00146,0.02,"[""pku_round0_00058"", ""pku_round0_00094"", ""pku_round0_00115"", ""pku_round0_00123"", ""pku_round0_00126"", ""pku_round0_00198"", ""pku_round0_00203"", ""pku_round0_00209"", ""pku_round0_00217""]",0.9951021466151508,0.0,1.0,0.5291035585420133,1.0,False,0.5291035585420133,0.5291035585420133,0.0,False,False,False,0.0,0.5750842642006785,0.5750842642006785
pku_round0_00146,f60_a0_p05_s01,pku_round0_00146,0.02,"[""pku_round0_00058"", ""pku_round0_00094"", ""pku_round0_00115"", ""pku_round0_00123"", ""pku_round0_00126"", ""pku_round0_00198"", ""pku_round0_00203"", ""pku_round0_00209"", ""pku_round0_00217""]",0.007001935744621781,0.03618165977008361,0.0,0.6140429531361408,1.0,False,0.6140429531361408,0.6140429531361408,0.0,False,False,True,1.0,0.6140429531361408,0.6140429531361408
pku_round0_00146,f60_a0_p05_s02,pku_round0_00146,0.02,"[""pku_round0_00058"", ""pku_round0_00094"", ""pku_round0_00115"", ""pku_round0_00123"", ""pku_round0_00126"", ""pku_round0_00198"", ""pku_round0_00203"", ""pku_round0_00209"", ""pku_round0_00217""]",0.010685531414856385,0.0,1.0,0.6480727264870472,1.0,False,0.6480727264870472,0.6480727264870472,0.0,False,False,True,0.75,0.6480727264870472,0.6480727264870472
pku_round0_00146,f60_a0_p05_s03,pku_round0_00146,0.02,"[""pku_round0_00058"", ""pku_round0_00094"", ""pku_round0_00115"", ""pku_round0_00123"", ""pku_round0_00126"", ""pku_round0_00198"", ""pku_round0_00203"", ""pku_round0_00209"", ""pku_round0_00217""]",0.006708085594774722,0.00681059712920071,0.0,0.5433501501631269,1.0,False,0.5433501501631269,0.5433501501631269,0.0,False,False,True,0.5,0.5433501501631269,0.5433501501631269
pku_round0_00146,f60_a0_p05_s04,pku_round0_00146,0.02,"[""pku_round0_00058"", ""pku_round0_00094"", ""pku_round0_00115"", ""pku_round0_00123"", ""pku_round0_00126"", ""pku_round0_00198"", ""pku_round0_00203"", ""pku_round0_00209"", ""pku_round0_00217""]",0.9822280157133039,0.006661775269699371,0.75,0.6564451310416353,1.0,False,0.6564451310416353,0.6564451310416353,0.0,False,False,False,0.0,0.6881792450791868,0.6881792450791868
pku_round0_00146,f60_a1_p05_s00,pku_round0_00146,0.02,"[""pku_round0_00058"", ""pku_round0_00094"", ""pku_round0_00115"", ""pku_round0_00123"", ""pku_round0_00126"", ""pku_round0_00198"", ""pku_round0_00203"", ""pku_round0_00209"", ""pku_round0_00217""]",0.9953564802373916,0.0,1.0,0.4917930317048619,1.0,False,0.4917930317048619,0.4917930317048619,0.0,False,False,False,0.0,0.5549046324141407,0.5549046324141407
pku_round0_00146,f60_a1_p05_s01,pku_round0_00146,0.02,"[""pku_round0_00058"", ""pku_round0_00094"", ""pku_round0_00115"", ""pku_round0_00123"", ""pku_round0_00126"", ""pku_round0_00198"", ""pku_round0_00203"", ""pku_round0_00209"", ""pku_round0_00217""]",0.0050346879328357,0.09779449451267844,0.0,0.30834949788812144,1.0,False,0.30834949788812144,0.30834949788812144,0.0,False,False,True,0.25,0.30834949788812144,0.30834949788812144
pku_round0_00146,f60_a1_p05_s02,pku_round0_00146,0.02,"[""pku_round0_00058"", ""pku_round0_00094"", ""pku_round0_00115"", ""pku_round0_00123"", ""pku_round0_00126"", ""pku_round0_00198"", ""pku_round0_00203"", ""pku_round0_00209"", ""pku_round0_00217""]",0.015105631345232568,0.0,1.0,0.48310568275355315,1.0,False,0.48310568275355315,0.48310568275355315,0.0,False,False,True,1.0,0.48310568275355315,0.48310568275355315
pku_round0_00146,f60_a1_p05_s03,pku_round0_00146,0.02,"[""pku_round0_00058"", ""pku_round0_00094"", ""pku_round0_00115"", ""pku_round0_00123"", ""pku_round0_00126"", ""pku_round0_00198"", ""pku_round0_00203"", ""pku_round0_00209"", ""pku_round0_00217""]",0.012233874258916248,0.0,1.0,0.4905615512738314,1.0,False,0.4905615512738314,0.4905615512738314,0.0,False,False,True,0.75,0.4905615512738314,0.4905615512738314
pku_round0_00146,f60_a1_p05_s04,pku_round0_00146,0.02,"[""pku_round0_00058"", ""pku_round0_00094"", ""pku_round0_00115"", ""pku_round0_00123"", ""pku_round0_00126"", ""pku_round0_00198"", ""pku_round0_00203"", ""pku_round0_00209"", ""pku_round0_00217""]",0.0011641579745966207,0.11632256771029799,0.0,0.48903166798413783,1.0,False,0.48903166798413783,0.48903166798413783,0.0,False,False,True,0.5,0.48903166798413783,0.48903166798413783
pku_round0_00146,f60_a2_p05_s00,pku_round0_00146,0.02,"[""pku_round0_00058"", ""pku_round0_00094"", ""pku_round0_00115"", ""pku_round0_00123"", ""pku_round0_00126"", ""pku_round0_00198"", ""pku_round0_00203"", ""pku_round0_00209"", ""pku_round0_00217""]",0.9957177544971708,0.011131427760617502,0.0,0.5474186462426236,1.0,False,0.43244260786968536,0.43244260786968536,0.0,False,False,False,0.0,0.5474186462426236,0.5474186462426236
pku_round0_00146,f60_a2_p05_s01,pku_round0_00146,0.02,"[""pku_round0_00058"", ""pku_round0_00094"", ""pku_round0_00115"", ""pku_round0_00123"", ""pku_round0_00126"", ""pku_round0_00198"", ""pku_round0_00203"", ""pku_round0_00209"", ""pku_round0_00217""]",0.005390002130741923,0.10935125311319108,0.0,0.5078735774762014,1.0,False,0.5078735774762014,0.5078735774762014,0.0,False,False,True,0.0,0.5078735774762014,0.5078735774762014
pku_round0_00146,f60_a2_p05_s02,pku_round0_00146,0.02,"[""pku_round0_00058"", ""pku_round0_00094"", ""pku_round0_00115"", ""pku_round0_00123"", ""pku_round0_00126"", ""pku_round0_00198"", ""pku_round0_00203"", ""pku_round0_00209"", ""pku_round0_00217""]",0.018531055879255475,0.0,1.0,0.39661556034757667,1.0,False,0.39661556034757667,0.39661556034757667,0.0,False,False,True,1.0,0.39661556034757667,0.39661556034757667
pku_round0_00146,f60_a2_p05_s03,pku_round0_00146,0.02,"[""pku_round0_00058"", ""pku_round0_00094"", ""pku_round0_00115"", ""pku_round0_00123"", ""pku_round0_00126"", ""pku_round0_00198"", ""pku_round0_00203"", ""pku_round0_00209"", ""pku_round0_00217""]",0.9746572884297279,0.015575525885530815,0.75,0.5423660308240694,1.0,False,0.5423660308240694,0.5423660308240694,0.0,False,False,True,1.0,0.5423660308240694,0.5423660308240694
pku_round0_00146,f60_a2_p05_s04,pku_round0_00146,0.02,"[""pku_round0_00058"", ""pku_round0_00094"", ""pku_round0_00115"", ""pku_round0_00123"", ""pku_round0_00126"", ""pku_round0_00198"", ""pku_round0_00203"", ""pku_round0_00209"", ""pku_round0_00217""]",0.002754751745742032,0.11142439523872712,0.0,0.4036291632003544,1.0,False,0.4036291632003544,0.4036291632003544,0.0,False,False,True,0.5,0.4036291632003544,0.4036291632003544
pku_round0_00146,f60_a3_p05_s00,pku_round0_00146,0.02,"[""pku_round0_00058"", ""pku_round0_00094"", ""pku_round0_00115"", ""pku_round0_00123"", ""pku_round0_00126"", ""pku_round0_00198"", ""pku_round0_00203"", ""pku_round0_00209"", ""pku_round0_00217""]",0.9961651229451064,0.0370605792015667,0.0,0.5386142324529605,0.0,True,0.5386142324529605,0.5853421521778646,-0.04672791972490409,False,True,False,0.0,0.5386142324529605,0.5853421521778646
pku_round0_00146,f60_a3_p05_s01,pku_round0_00146,0.02,"[""pku_round0_00058"", ""pku_round0_00094"", ""pku_round0_00115"", ""pku_round0_00123"", ""pku_round0_00126"", ""pku_round0_00198"", ""pku_round0_00203"", ""pku_round0_00209"", ""pku_round0_00217""]",0.005847142404767035,0.12682814983112917,0.0,0.5636570730974353,1.0,False,0.5636570730974353,0.5636570730974353,0.0,False,False,True,0.0,0.5636570730974353,0.5636570730974353
pku_round0_00146,f60_a3_p05_s02,pku_round0_00146,0.02,"[""pku_round0_00058"", ""pku_round0_00094"", ""pku_round0_00115"", ""pku_round0_00123"", ""pku_round0_00126"", ""pku_round0_00198"", ""pku_round0_00203"", ""pku_round0_00209"", ""pku_round0_00217""]",0.001892412147211901,0.13267064390184813,0.0,0.6029843335820468,1.0,False,0.6029843335820468,0.6029843335820468,0.0,False,False,True,0.0,0.6029843335820468,0.6029843335820468
pku_round0_00146,f60_a3_p05_s03,pku_round0_00146,0.02,"[""pku_round0_00058"", ""pku_round0_00094"", ""pku_round0_00115"", ""pku_round0_00123"", ""pku_round0_00126"", ""pku_round0_00198"", ""pku_round0_00203"", ""pku_round0_00209"", ""pku_round0_00217""]",0.9596822714088614,0.05513750905210268,0.0,0.44870461819410723,0.0,True,0.44870461819410723,0.6258659803787413,-0.17716136218463407,False,True,False,0.0,0.44870461819410723,0.6258659803787413
pku_round0_00146,f60_a3_p05_s04,pku_round0_00146,0.02,"[""pku_round0_00058"", ""pku_round0_00094"", ""pku_round0_00115"", ""pku_round0_00123"", ""pku_round0_00126"", ""pku_round0_00198"", ""pku_round0_00203"", ""pku_round0_00209"", ""pku_round0_00217""]",0.010912539385439742,0.03143819378400653,0.0,0.428113611152065,1.0,False,0.428113611152065,0.428113611152065,0.0,False,False,True,1.0,0.428113611152065,0.428113611152065
pku_round0_00146,f60_a4_p05_s00,pku_round0_00146,0.02,"[""pku_round0_00058"", ""pku_round0_00094"", ""pku_round0_00115"", ""pku_round0_00123"", ""pku_round0_00126"", ""pku_round0_00198"", ""pku_round0_00203"", ""pku_round0_00209"", ""pku_round0_00217""]",0.9966132522058537,0.06190443179958141,0.0,0.4294652230888923,0.0,True,0.4294652230888923,0.7307987201234775,-0.3013334970345852,False,True,False,0.0,0.4294652230888923,0.7307987201234775
pku_round0_00146,f60_a4_p05_s01,pku_round0_00146,0.02,"[""pku_round0_00058"", ""pku_round0_00094"", ""pku_round0_00115"", ""pku_round0_00123"", ""pku_round0_00126"", ""pku_round0_00198"", ""pku_round0_00203"", ""pku_round0_00209"", ""pku_round0_00217""]",0.025799146119566182,0.06150578837565479,0.0,0.706501925577736,1.0,False,0.706501925577736,0.706501925577736,0.0,False,False,True,0.0,0.706501925577736,0.706501925577736
pku_round0_00146,f60_a4_p05_s02,pku_round0_00146,0.02,"[""pku_round0_00058"", ""pku_round0_00094"", ""pku_round0_00115"", ""pku_round0_00123"", ""pku_round0_00126"", ""pku_round0_00198"", ""pku_round0_00203"", ""pku_round0_00209"", ""pku_round0_00217""]",0.015490322633624503,0.0521893826687858,0.0,0.6918557269964244,1.0,False,0.6918557269964244,0.6918557269964244,0.0,False,False,True,1.0,0.6918557269964244,0.6918557269964244
pku_round0_00146,f60_a4_p05_s03,pku_round0_00146,0.02,"[""pku_round0_00058"", ""pku_round0_00094"", ""pku_round0_00115"", ""pku_round0_00123"", ""pku_round0_00126"", ""pku_round0_00198"", ""pku_round0_00203"", ""pku_round0_00209"", ""pku_round0_00217""]",0.002942150649141078,0.16941630854331247,0.0,0.6819937183820637,1.0,False,0.6819937183820637,0.6819937183820637,0.0,False,False,True,0.0,0.6819937183820637,0.6819937183820637
pku_round0_00146,f60_a4_p05_s04,pku_round0_00146,0.02,"[""pku_round0_00058"", ""pku_round0_00094"", ""pku_round0_00115"", ""pku_round0_00123"", ""pku_round0_00126"", ""pku_round0_00198"", ""pku_round0_00203"", ""pku_round0_00209"", ""pku_round0_00217""]",0.0027400394335808168,0.21148732229955064,0.0,0.6573523995179165,1.0,False,0.6573523995179165,0.6573523995179165,0.0,False,False,True,0.0,0.6573523995179165,0.6573523995179165
pku_round0_00198,f60_a0_p06_s00,pku_round0_00198,0.02,"[""pku_round0_00058"", ""pku_round0_00094"", ""pku_round0_00115"", ""pku_round0_00123"", ""pku_round0_00126"", ""pku_round0_00146"", ""pku_round0_00203"", ""pku_round0_00209"", ""pku_round0_00217""]",0.03242361984533074,0.003814849343518467,0.5,0.6369995462696887,1.0,False,0.6369995462696887,0.6369995462696887,0.0,False,False,True,0.0,0.6369995462696887,0.6369995462696887
pku_round0_00198,f60_a0_p06_s01,pku_round0_00198,0.02,"[""pku_round0_00058"", ""pku_round0_00094"", ""pku_round0_00115"", ""pku_round0_00123"", ""pku_round0_00126"", ""pku_round0_00146"", ""pku_round0_00203"", ""pku_round0_00209"", ""pku_round0_00217""]",0.0014864621257801426,0.11650887308647892,0.0,0.3312717412440853,1.0,False,0.3312717412440853,0.3312717412440853,0.0,False,False,True,0.0,0.3312717412440853,0.3312717412440853
pku_round0_00198,f60_a0_p06_s02,pku_round0_00198,0.02,"[""pku_round0_00058"", ""pku_round0_00094"", ""pku_round0_00115"", ""pku_round0_00123"", ""pku_round0_00126"", ""pku_round0_00146"", ""pku_round0_00203"", ""pku_round0_00209"", ""pku_round0_00217""]",0.0037719851975597063,0.018299635278723317,0.0,0.557461703001102,1.0,False,0.557461703001102,0.557461703001102,0.0,False,False,True,0.5,0.557461703001102,0.557461703001102
pku_round0_00198,f60_a0_p06_s03,pku_round0_00198,0.02,"[""pku_round0_00058"", ""pku_round0_00094"", ""pku_round0_00115"", ""pku_round0_00123"", ""pku_round0_00126"", ""pku_round0_00146"", ""pku_round0_00203"", ""pku_round0_00209"", ""pku_round0_00217""]",0.010450504399098486,0.004370275071073197,0.0,0.5997288421234579,1.0,False,0.5997288421234579,0.5997288421234579,0.0,False,False,True,0.25,0.5997288421234579,0.5997288421234579
pku_round0_00198,f60_a0_p06_s04,pku_round0_00198,0.02,"[""pku_round0_00058"", ""pku_round0_00094"", ""pku_round0_00115"", ""pku_round0_00123"", ""pku_round0_00126"", ""pku_round0_00146"", ""pku_round0_00203"", ""pku_round0_00209"", ""pku_round0_00217""]",0.0010227548919563457,0.05475011522372818,0.0,0.6446967569085842,1.0,False,0.6446967569085842,0.6446967569085842,0.0,False,False,True,0.5,0.6446967569085842,0.6446967569085842
pku_round0_00198,f60_a1_p06_s00,pku_round0_00198,0.02,"[""pku_round0_00058"", ""pku_round0_00094"", ""pku_round0_00115"", ""pku_round0_00123"", ""pku_round0_00126"", ""pku_round0_00146"", ""pku_round0_00203"", ""pku_round0_00209"", ""pku_round0_00217""]",0.03245496310021175,0.014780329838080673,0.0,0.6373505502036684,1.0,False,0.6373505502036684,0.6373505502036684,0.0,False,False,True,0.0,0.6373505502036684,0.6373505502036684
pku_round0_00198,f60_a1_p06_s01,pku_round0_00198,0.02,"[""pku_round0_00058"", ""pku_round0_00094"", ""pku_round0_00115"", ""pku_round0_00123"", ""pku_round0_00126"", ""pku_round0_00146"", ""pku_round0_00203"", ""pku_round0_00209"", ""pku_round0_00217""]",0.0014447631853164512,0.12900982376857556,0.0,0.38510467876976445,1.0,False,0.38510467876976445,0.38510467876976445,0.0,False,False,True,0.0,0.38510467876976445,0.38510467876976445
pku_round0_00198,f60_a1_p06_s02,pku_round0_00198,0.02,"[""pku_round0_00058"", ""pku_round0_00094"", ""pku_round0_00115"", ""pku_round0_00123"", ""pku_round0_00126"", ""pku_round0_00146"", ""pku_round0_00203"", ""pku_round0_00209"", ""pku_round0_00217""]",0.003973796822359255,0.032925129460263824,0.0,0.5687473655718279,1.0,False,0.5687473655718279,0.5687473655718279,0.0,False,False,True,0.0,0.5687473655718279,0.5687473655718279
pku_round0_00198,f60_a1_p06_s03,pku_round0_00198,0.02,"[""pku_round0_00058"", ""pku_round0_00094"", ""pku_round0_00115"", ""pku_round0_00123"", ""pku_round0_00126"", ""pku_round0_00146"", ""pku_round0_00203"", ""pku_round0_00209"", ""pku_round0_00217""]",0.010606293382696006,0.022101921178847003,0.0,0.5863535432515469,1.0,False,0.5863535432515469,0.5863535432515469,0.0,False,False,True,0.0,0.5863535432515469,0.5863535432515469
pku_round0_00198,f60_a1_p06_s04,pku_round0_00198,0.02,"[""pku_round0_00058"", ""pku_round0_00094"", ""pku_round0_00115"", ""pku_round0_00123"", ""pku_round0_00126"", ""pku_round0_00146"", ""pku_round0_00203"", ""pku_round0_00209"", ""pku_round0_00217""]",0.0010568701071419322,0.07106959183027024,0.0,0.44669488789519773,1.0,False,0.44669488789519773,0.44669488789519773,0.0,False,False,True,0.0,0.44669488789519773,0.44669488789519773
pku_round0_00198,f60_a2_p06_s00,pku_round0_00198,0.02,"[""pku_round0_00058"", ""pku_round0_00094"", ""pku_round0_00115"", ""pku_round0_00123"", ""pku_round0_00126"", ""pku_round0_00146"", ""pku_round0_00203"", ""pku_round0_00209"", ""pku_round0_00217""]",0.03371826517967289,0.03061470027716993,0.0,0.6178784217018383,1.0,False,0.6178784217018383,0.6178784217018383,0.0,False,False,True,0.0,0.6178784217018383,0.6178784217018383
pku_round0_00198,f60_a2_p06_s01,pku_round0_00198,0.02,"[""pku_round0_00058"", ""pku_round0_00094"", ""pku_round0_00115"", ""pku_round0_00123"", ""pku_round0_00126"", ""pku_round0_00146"", ""pku_round0_00203"", ""pku_round0_00209"", ""pku_round0_00217""]",0.0012429387374810323,0.13932033978680702,0.0,0.5912224047798502,1.0,False,0.5912224047798502,0.5912224047798502,0.0,False,False,True,0.0,0.5912224047798502,0.5912224047798502
pku_round0_00198,f60_a2_p06_s02,pku_round0_00198,0.02,"[""pku_round0_00058"", ""pku_round0_00094"", ""pku_round0_00115"", ""pku_round0_00123"", ""pku_round0_00126"", ""pku_round0_00146"", ""pku_round0_00203"", ""pku_round0_00209"", ""pku_round0_00217""]",0.004108062931180535,0.03845622544093862,0.0,0.5235189394169381,1.0,False,0.5235189394169381,0.5235189394169381,0.0,False,False,True,0.0,0.5235189394169381,0.5235189394169381
pku_round0_00198,f60_a2_p06_s03,pku_round0_00198,0.02,"[""pku_round0_00058"", ""pku_round0_00094"", ""pku_round0_00115"", ""pku_round0_00123"", ""pku_round0_00126"", ""pku_round0_00146"", ""pku_round0_00203"", ""pku_round0_00209"", ""pku_round0_00217""]",0.02977789714489656,0.0,1.0,0.5961244115604047,1.0,False,0.5961244115604047,0.5961244115604047,0.0,False,False,True,0.25,0.5961244115604047,0.5961244115604047
pku_round0_00198,f60_a2_p06_s04,pku_round0_00198,0.02,"[""pku_round0_00058"", ""pku_round0_00094"", ""pku_round0_00115"", ""pku_round0_00123"", ""pku_round0_00126"", ""pku_round0_00146"", ""pku_round0_00203"", ""pku_round0_00209"", ""pku_round0_00217""]",0.004170620163778157,0.07433955342751061,0.0,0.6083383020560476,1.0,False,0.6083383020560476,0.6083383020560476,0.0,False,False,True,0.0,0.6083383020560476,0.6083383020560476
pku_round0_00198,f60_a3_p06_s00,pku_round0_00198,0.02,"[""pku_round0_00058"", ""pku_round0_00094"", ""pku_round0_00115"", ""pku_round0_00123"", ""pku_round0_00126"", ""pku_round0_00146"", ""pku_round0_00203"", ""pku_round0_00209"", ""pku_round0_00217""]",0.035095193402989076,0.04656759860376572,0.0,0.7544584906134074,1.0,False,0.7544584906134074,0.7544584906134074,0.0,False,False,True,0.0,0.7544584906134074,0.7544584906134074
pku_round0_00198,f60_a3_p06_s01,pku_round0_00198,0.02,"[""pku_round0_00058"", ""pku_round0_00094"", ""pku_round0_00115"", ""pku_round0_00123"", ""pku_round0_00126"", ""pku_round0_00146"", ""pku_round0_00203"", ""pku_round0_00209"", ""pku_round0_00217""]",0.9798271508325506,0.040751268082398706,0.0,0.7628094453757907,0.0,True,0.7628094453757907,0.7822806897406189,-0.019471244364828277,False,True,False,0.0,0.7628094453757907,0.7822806897406189
pku_round0_00198,f60_a3_p06_s02,pku_round0_00198,0.02,"[""pku_round0_00058"", ""pku_round0_00094"", ""pku_round0_00115"", ""pku_round0_00123"", ""pku_round0_00126"", ""pku_round0_00146"", ""pku_round0_00203"", ""pku_round0_00209"", ""pku_round0_00217""]",0.9738599678074037,0.02836493340936189,0.0,0.7878638186279755,0.0,True,0.7878638186279755,0.8061665385884956,-0.01830271996052013,False,True,False,0.0,0.7878638186279755,0.8061665385884956
pku_round0_00198,f60_a3_p06_s03,pku_round0_00198,0.02,"[""pku_round0_00058"", ""pku_round0_00094"", ""pku_round0_00115"", ""pku_round0_00123"", ""pku_round0_00126"", ""pku_round0_00146"", ""pku_round0_00203"", ""pku_round0_00209"", ""pku_round0_00217""]",0.041560041607921074,0.014042791630995956,0.0,0.8098729857464118,1.0,False,0.8098729857464118,0.8098729857464118,0.0,False,False,True,0.0,0.8098729857464118,0.8098729857464118
pku_round0_00198,f60_a3_p06_s04,pku_round0_00198,0.02,"[""pku_round0_00058"", ""pku_round0_00094"", ""pku_round0_00115"", ""pku_round0_00123"", ""pku_round0_00126"", ""pku_round0_00146"", ""pku_round0_00203"", ""pku_round0_00209"", ""pku_round0_00217""]",0.002175064862315247,0.09251955912428063,0.0,0.7974845671119503,1.0,False,0.7974845671119503,0.7974845671119503,0.0,False,False,True,0.0,0.7974845671119503,0.7974845671119503
pku_round0_00198,f60_a4_p06_s00,pku_round0_00198,0.02,"[""pku_round0_00058"", ""pku_round0_00094"", ""pku_round0_00115"", ""pku_round0_00123"", ""pku_round0_00126"", ""pku_round0_00146"", ""pku_round0_00203"", ""pku_round0_00209"", ""pku_round0_00217""]",0.03791191599992479,0.06568496942051279,0.0,0.8792260605711336,1.0,False,0.8792260605711336,0.8792260605711336,0.0,False,False,True,0.0,0.8792260605711336,0.8792260605711336
pku_round0_00198,f60_a4_p06_s01,pku_round0_00198,0.02,"[""pku_round0_00058"", ""pku_round0_00094"", ""pku_round0_00115"", ""pku_round0_00123"", ""pku_round0_00126"", ""pku_round0_00146"", ""pku_round0_00203"", ""pku_round0_00209"", ""pku_round0_00217""]",0.9826470853607552,0.06836945961050823,0.0,0.8616866407250294,0.0,True,0.8616866407250294,0.8476551048481462,0.014031535876883217,True,False,True,0.0,0.8616866407250294,0.8616866407250294
pku_round0_00198,f60_a4_p06_s02,pku_round0_00198,0.02,"[""pku_round0_00058"", ""pku_round0_00094"", ""pku_round0_00115"", ""pku_round0_00123"", ""pku_round0_00126"", ""pku_round0_00146"", ""pku_round0_00203"", ""pku_round0_00209"", ""pku_round0_00217""]",0.9739248953373122,0.04509826296315929,0.0,0.8537939017942826,0.0,True,0.8537939017942826,0.8802283131337681,-0.026434411339485542,False,True,False,0.0,0.8537939017942826,0.8802283131337681
pku_round0_00198,f60_a4_p06_s03,pku_round0_00198,0.02,"[""pku_round0_00058"", ""pku_round0_00094"", ""pku_round0_00115"", ""pku_round0_00123"", ""pku_round0_00126"", ""pku_round0_00146"", ""pku_round0_00203"", ""pku_round0_00209"", ""pku_round0_00217""]",0.039174233934235456,0.028317773648065692,0.0,0.8605591065920656,1.0,False,0.8605591065920656,0.8605591065920656,0.0,False,False,True,0.0,0.8605591065920656,0.8605591065920656
pku_round0_00198,f60_a4_p06_s04,pku_round0_00198,0.02,"[""pku_round0_00058"", ""pku_round0_00094"", ""pku_round0_00115"", ""pku_round0_00123"", ""pku_round0_00126"", ""pku_round0_00146"", ""pku_round0_00203"", ""pku_round0_00209"", ""pku_round0_00217""]",0.0016159243050405613,0.09638940918705516,0.0,0.7684145116148543,1.0,False,0.7684145116148543,0.7684145116148543,0.0,False,False,True,0.0,0.7684145116148543,0.7684145116148543
pku_round0_00203,f60_a0_p07_s00,pku_round0_00203,0.02,"[""pku_round0_00058"", ""pku_round0_00094"", ""pku_round0_00115"", ""pku_round0_00123"", ""pku_round0_00126"", ""pku_round0_00146"", ""pku_round0_00198"", ""pku_round0_00209"", ""pku_round0_00217""]",0.0026830788662053013,0.03924259689114089,0.0,0.47536656277682954,1.0,False,0.47536656277682954,0.47536656277682954,0.0,False,False,True,0.0,0.47536656277682954,0.47536656277682954
pku_round0_00203,f60_a0_p07_s01,pku_round0_00203,0.02,"[""pku_round0_00058"", ""pku_round0_00094"", ""pku_round0_00115"", ""pku_round0_00123"", ""pku_round0_00126"", ""pku_round0_00146"", ""pku_round0_00198"", ""pku_round0_00209"", ""pku_round0_00217""]",0.0072391098850796715,0.002356697044309972,0.0,0.6183641941965733,1.0,False,0.6183641941965733,0.6183641941965733,0.0,False,False,True,0.5,0.6183641941965733,0.6183641941965733
pku_round0_00203,f60_a0_p07_s02,pku_round0_00203,0.02,"[""pku_round0_00058"", ""pku_round0_00094"", ""pku_round0_00115"", ""pku_round0_00123"", ""pku_round0_00126"", ""pku_round0_00146"", ""pku_round0_00198"", ""pku_round0_00209"", ""pku_round0_00217""]",0.0012064029737857212,0.05130809881730504,0.0,0.6386200116673509,1.0,False,0.6386200116673509,0.6386200116673509,0.0,False,False,True,0.0,0.6386200116673509,0.6386200116673509
pku_round0_00203,f60_a0_p07_s03,pku_round0_00203,0.02,"[""pku_round0_00058"", ""pku_round0_00094"", ""pku_round0_00115"", ""pku_round0_00123"", ""pku_round0_00126"", ""pku_round0_00146"", ""pku_round0_00198"", ""pku_round0_00209"", ""pku_round0_00217""]",0.0011128322179406003,0.02917530314463848,0.0,0.700737851911069,1.0,False,0.700737851911069,0.700737851911069,0.0,False,False,True,0.0,0.700737851911069,0.700737851911069
pku_round0_00203,f60_a0_p07_s04,pku_round0_00203,0.02,"[""pku_round0_00058"", ""pku_round0_00094"", ""pku_round0_00115"", ""pku_round0_00123"", ""pku_round0_00126"", ""pku_round0_00146"", ""pku_round0_00198"", ""pku_round0_00209"", ""pku_round0_00217""]",0.002237901805068364,0.0,1.0,0.3819112849210294,1.0,False,0.3819112849210294,0.3819112849210294,0.0,False,False,True,1.0,0.3819112849210294,0.3819112849210294
pku_round0_00203,f60_a1_p07_s00,pku_round0_00203,0.02,"[""pku_round0_00058"", ""pku_round0_00094"", ""pku_round0_00115"", ""pku_round0_00123"", ""pku_round0_00126"", ""pku_round0_00146"", ""pku_round0_00198"", ""pku_round0_00209"", ""pku_round0_00217""]",0.0029104536491918447,0.05374183531844942,0.0,0.48154180645477607,1.0,False,0.48154180645477607,0.48154180645477607,0.0,False,False,True,0.0,0.48154180645477607,0.48154180645477607
pku_round0_00203,f60_a1_p07_s01,pku_round0_00203,0.02,"[""pku_round0_00058"", ""pku_round0_00094"", ""pku_round0_00115"", ""pku_round0_00123"", ""pku_round0_00126"", ""pku_round0_00146"", ""pku_round0_00198"", ""pku_round0_00209"", ""pku_round0_00217""]",0.00124983652190546,0.08180376788849994,0.0,0.5939099593938874,1.0,False,0.5939099593938874,0.5939099593938874,0.0,False,False,True,0.0,0.5939099593938874,0.5939099593938874
pku_round0_00203,f60_a1_p07_s02,pku_round0_00203,0.02,"[""pku_round0_00058"", ""pku_round0_00094"", ""pku_round0_00115"", ""pku_round0_00123"", ""pku_round0_00126"", ""pku_round0_00146"", ""pku_round0_00198"", ""pku_round0_00209"", ""pku_round0_00217""]",0.013859087900647,0.0,1.0,0.6222765999231059,1.0,False,0.6222765999231059,0.6222765999231059,0.0,False,False,True,0.75,0.6222765999231059,0.6222765999231059
pku_round0_00203,f60_a1_p07_s03,pku_round0_00203,0.02,"[""pku_round0_00058"", ""pku_round0_00094"", ""pku_round0_00115"", ""pku_round0_00123"", ""pku_round0_00126"", ""pku_round0_00146"", ""pku_round0_00198"", ""pku_round0_00209"", ""pku_round0_00217""]",0.003176376621179048,0.02638695276815358,0.0,0.5750735283600982,1.0,False,0.5750735283600982,0.5750735283600982,0.0,False,False,True,0.0,0.5750735283600982,0.5750735283600982
pku_round0_00203,f60_a1_p07_s04,pku_round0_00203,0.02,"[""pku_round0_00058"", ""pku_round0_00094"", ""pku_round0_00115"", ""pku_round0_00123"", ""pku_round0_00126"", ""pku_round0_00146"", ""pku_round0_00198"", ""pku_round0_00209"", ""pku_round0_00217""]",0.0047586603615466195,0.0,1.0,0.5416163126859344,1.0,False,0.5416163126859344,0.5416163126859344,0.0,False,False,True,0.25,0.5416163126859344,0.5416163126859344
pku_round0_00203,f60_a2_p07_s00,pku_round0_00203,0.02,"[""pku_round0_00058"", ""pku_round0_00094"", ""pku_round0_00115"", ""pku_round0_00123"", ""pku_round0_00126"", ""pku_round0_00146"", ""pku_round0_00198"", ""pku_round0_00209"", ""pku_round0_00217""]",0.0032487059311794185,0.07188146239011102,0.0,0.4454887514916857,1.0,False,0.4454887514916857,0.4454887514916857,0.0,False,False,True,0.0,0.4454887514916857,0.4454887514916857
pku_round0_00203,f60_a2_p07_s01,pku_round0_00203,0.02,"[""pku_round0_00058"", ""pku_round0_00094"", ""pku_round0_00115"", ""pku_round0_00123"", ""pku_round0_00126"", ""pku_round0_00146"", ""pku_round0_00198"", ""pku_round0_00209"", ""pku_round0_00217""]",0.0164977528144738,0.0,1.0,0.4629651921106197,1.0,False,0.4629651921106197,0.4629651921106197,0.0,False,False,True,0.0,0.4629651921106197,0.4629651921106197
pku_round0_00203,f60_a2_p07_s02,pku_round0_00203,0.02,"[""pku_round0_00058"", ""pku_round0_00094"", ""pku_round0_00115"", ""pku_round0_00123"", ""pku_round0_00126"", ""pku_round0_00146"", ""pku_round0_00198"", ""pku_round0_00209"", ""pku_round0_00217""]",0.020198555148656438,0.0,1.0,0.528730993164034,1.0,False,0.528730993164034,0.528730993164034,0.0,False,False,True,1.0,0.528730993164034,0.528730993164034
pku_round0_00203,f60_a2_p07_s03,pku_round0_00203,0.02,"[""pku_round0_00058"", ""pku_round0_00094"", ""pku_round0_00115"", ""pku_round0_00123"", ""pku_round0_00126"", ""pku_round0_00146"", ""pku_round0_00198"", ""pku_round0_00209"", ""pku_round0_00217""]",0.9772074935269605,0.0,1.0,0.5594242358769026,1.0,False,0.5594242358769026,0.5594242358769026,0.0,False,False,False,0.0,0.6215978529872415,0.6215978529872415
pku_round0_00203,f60_a2_p07_s04,pku_round0_00203,0.02,"[""pku_round0_00058"", ""pku_round0_00094"", ""pku_round0_00115"", ""pku_round0_00123"", ""pku_round0_00126"", ""pku_round0_00146"", ""pku_round0_00198"", ""pku_round0_00209"", ""pku_round0_00217""]",0.0013875410632269696,0.04028041282980632,0.0,0.5654693531586623,1.0,False,0.5654693531586623,0.5654693531586623,0.0,False,False,True,0.0,0.5654693531586623,0.5654693531586623
pku_round0_00203,f60_a3_p07_s00,pku_round0_00203,0.02,"[""pku_round0_00058"", ""pku_round0_00094"", ""pku_round0_00115"", ""pku_round0_00123"", ""pku_round0_00126"", ""pku_round0_00146"", ""pku_round0_00198"", ""pku_round0_00209"", ""pku_round0_00217""]",0.0035384149721763855,0.08610821446035419,0.0,0.49949136460329996,1.0,False,0.49949136460329996,0.49949136460329996,0.0,False,False,True,0.0,0.49949136460329996,0.49949136460329996
pku_round0_00203,f60_a3_p07_s01,pku_round0_00203,0.02,"[""pku_round0_00058"", ""pku_round0_00094"", ""pku_round0_00115"", ""pku_round0_00123"", ""pku_round0_00126"", ""pku_round0_00146"", ""pku_round0_00198"", ""pku_round0_00209"", ""pku_round0_00217""]",0.017722752345490277,0.0015756492747542924,0.0,0.5409071934214333,1.0,False,0.5409071934214333,0.5409071934214333,0.0,False,False,True,0.0,0.5409071934214333,0.5409071934214333
pku_round0_00203,f60_a3_p07_s02,pku_round0_00203,0.02,"[""pku_round0_00058"", ""pku_round0_00094"", ""pku_round0_00115"", ""pku_round0_00123"", ""pku_round0_00126"", ""pku_round0_00146"", ""pku_round0_00198"", ""pku_round0_00209"", ""pku_round0_00217""]",0.021003640931487252,0.0,1.0,0.5040923835141835,1.0,False,0.5040923835141835,0.5040923835141835,0.0,False,False,True,1.0,0.5040923835141835,0.5040923835141835
pku_round0_00203,f60_a3_p07_s03,pku_round0_00203,0.02,"[""pku_round0_00058"", ""pku_round0_00094"", ""pku_round0_00115"", ""pku_round0_00123"", ""pku_round0_00126"", ""pku_round0_00146"", ""pku_round0_00198"", ""pku_round0_00209"", ""pku_round0_00217""]",0.0069397856272474506,0.0018673476401467066,0.0,0.4967097437227778,1.0,False,0.4967097437227778,0.4967097437227778,0.0,False,False,True,0.0,0.4967097437227778,0.4967097437227778
pku_round0_00203,f60_a3_p07_s04,pku_round0_00203,0.02,"[""pku_round0_00058"", ""pku_round0_00094"", ""pku_round0_00115"", ""pku_round0_00123"", ""pku_round0_00126"", ""pku_round0_00146"", ""pku_round0_00198"", ""pku_round0_00209"", ""pku_round0_00217""]",0.0064222925447064635,0.0,1.0,0.5052527042270032,1.0,False,0.5052527042270032,0.5052527042270032,0.0,False,False,True,0.0,0.5052527042270032,0.5052527042270032
pku_round0_00203,f60_a4_p07_s00,pku_round0_00203,0.02,"[""pku_round0_00058"", ""pku_round0_00094"", ""pku_round0_00115"", ""pku_round0_00123"", ""pku_round0_00126"", ""pku_round0_00146"", ""pku_round0_00198"", ""pku_round0_00209"", ""pku_round0_00217""]",0.00383500351814515,0.1007495698617276,0.0,0.5556237644105126,1.0,False,0.5556237644105126,0.5556237644105126,0.0,False,False,True,0.0,0.5556237644105126,0.5556237644105126
pku_round0_00203,f60_a4_p07_s01,pku_round0_00203,0.02,"[""pku_round0_00058"", ""pku_round0_00094"", ""pku_round0_00115"", ""pku_round0_00123"", ""pku_round0_00126"", ""pku_round0_00146"", ""pku_round0_00198"", ""pku_round0_00209"", ""pku_round0_00217""]",0.022936122611875557,0.005100238791867829,0.0,0.39814483050656346,1.0,False,0.39814483050656346,0.39814483050656346,0.0,False,False,True,0.0,0.39814483050656346,0.39814483050656346
pku_round0_00203,f60_a4_p07_s02,pku_round0_00203,0.02,"[""pku_round0_00058"", ""pku_round0_00094"", ""pku_round0_00115"", ""pku_round0_00123"", ""pku_round0_00126"", ""pku_round0_00146"", ""pku_round0_00198"", ""pku_round0_00209"", ""pku_round0_00217""]",0.024471959898857018,0.01689466114912383,0.0,0.5140302830611799,1.0,False,0.5140302830611799,0.5140302830611799,0.0,False,False,True,1.0,0.5140302830611799,0.5140302830611799
pku_round0_00203,f60_a4_p07_s03,pku_round0_00203,0.02,"[""pku_round0_00058"", ""pku_round0_00094"", ""pku_round0_00115"", ""pku_round0_00123"", ""pku_round0_00126"", ""pku_round0_00146"", ""pku_round0_00198"", ""pku_round0_00209"", ""pku_round0_00217""]",0.9828212119895825,0.011654192518018396,0.0,0.44825745863828953,1.0,False,0.43911190400424954,0.43911190400424954,0.0,False,False,False,0.0,0.44825745863828953,0.44825745863828953
pku_round0_00203,f60_a4_p07_s04,pku_round0_00203,0.02,"[""pku_round0_00058"", ""pku_round0_00094"", ""pku_round0_00115"", ""pku_round0_00123"", ""pku_round0_00126"", ""pku_round0_00146"", ""pku_round0_00198"", ""pku_round0_00209"", ""pku_round0_00217""]",0.0015831808713043863,0.07634471585089524,0.0,0.5002493103249553,1.0,False,0.5002493103249553,0.5002493103249553,0.0,False,False,True,0.0,0.5002493103249553,0.5002493103249553
pku_round0_00209,f60_a0_p08_s00,pku_round0_00209,0.05,"[""pku_round0_00058"", ""pku_round0_00094"", ""pku_round0_00115"", ""pku_round0_00123"", ""pku_round0_00126"", ""pku_round0_00146"", ""pku_round0_00198"", ""pku_round0_00203"", ""pku_round0_00217""]",0.013843792348290477,0.0,1.0,0.41408427500378114,1.0,False,0.41408427500378114,0.41408427500378114,0.0,False,False,True,1.0,0.41408427500378114,0.41408427500378114
pku_round0_00209,f60_a0_p08_s01,pku_round0_00209,0.05,"[""pku_round0_00058"", ""pku_round0_00094"", ""pku_round0_00115"", ""pku_round0_00123"", ""pku_round0_00126"", ""pku_round0_00146"", ""pku_round0_00198"", ""pku_round0_00203"", ""pku_round0_00217""]",0.9502389180334563,0.0,1.0,0.5794730246526804,1.0,False,0.5794730246526804,0.5794730246526804,0.0,False,False,False,1.0,0.5794730246526804,0.6637372253311152
pku_round0_00209,f60_a0_p08_s02,pku_round0_00209,0.05,"[""pku_round0_00058"", ""pku_round0_00094"", ""pku_round0_00115"", ""pku_round0_00123"", ""pku_round0_00126"", ""pku_round0_00146"", ""pku_round0_00198"", ""pku_round0_00203"", ""pku_round0_00217""]",0.015772813039018594,0.0,1.0,0.6688686990903788,1.0,False,0.6688686990903788,0.6688686990903788,0.0,False,False,True,1.0,0.6688686990903788,0.6688686990903788
pku_round0_00209,f60_a0_p08_s03,pku_round0_00209,0.05,"[""pku_round0_00058"", ""pku_round0_00094"", ""pku_round0_00115"", ""pku_round0_00123"", ""pku_round0_00126"", ""pku_round0_00146"", ""pku_round0_00198"", ""pku_round0_00203"", ""pku_round0_00217""]",0.024434979739834415,0.0,1.0,0.7616403431065403,1.0,False,0.7616403431065403,0.7616403431065403,0.0,False,False,True,1.0,0.7616403431065403,0.7616403431065403
pku_round0_00209,f60_a0_p08_s04,pku_round0_00209,0.05,"[""pku_round0_00058"", ""pku_round0_00094"", ""pku_round0_00115"", ""pku_round0_00123"", ""pku_round0_00126"", ""pku_round0_00146"", ""pku_round0_00198"", ""pku_round0_00203"", ""pku_round0_00217""]",0.016819676970779737,0.0,1.0,0.7195082427673228,1.0,False,0.7195082427673228,0.7195082427673228,0.0,False,False,True,0.75,0.7195082427673228,0.7195082427673228
pku_round0_00209,f60_a1_p08_s00,pku_round0_00209,0.05,"[""pku_round0_00058"", ""pku_round0_00094"", ""pku_round0_00115"", ""pku_round0_00123"", ""pku_round0_00126"", ""pku_round0_00146"", ""pku_round0_00198"", ""pku_round0_00203"", ""pku_round0_00217""]",0.014607935735231786,0.0,1.0,0.4132028803976724,1.0,False,0.4132028803976724,0.4132028803976724,0.0,False,False,True,1.0,0.4132028803976724,0.4132028803976724
pku_round0_00209,f60_a1_p08_s01,pku_round0_00209,0.05,"[""pku_round0_00058"", ""pku_round0_00094"", ""pku_round0_00115"", ""pku_round0_00123"", ""pku_round0_00126"", ""pku_round0_00146"", ""pku_round0_00198"", ""pku_round0_00203"", ""pku_round0_00217""]",0.9531155787682591,0.0,1.0,0.6456884461083313,1.0,False,0.6456884461083313,0.6456884461083313,0.0,False,False,True,1.0,0.6456884461083313,0.6456884461083313
pku_round0_00209,f60_a1_p08_s02,pku_round0_00209,0.05,"[""pku_round0_00058"", ""pku_round0_00094"", ""pku_round0_00115"", ""pku_round0_00123"", ""pku_round0_00126"", ""pku_round0_00146"", ""pku_round0_00198"", ""pku_round0_00203"", ""pku_round0_00217""]",0.008111258525134496,0.0,1.0,0.5633886558357731,1.0,False,0.5633886558357731,0.5633886558357731,0.0,False,False,True,1.0,0.5633886558357731,0.5633886558357731
pku_round0_00209,f60_a1_p08_s03,pku_round0_00209,0.05,"[""pku_round0_00058"", ""pku_round0_00094"", ""pku_round0_00115"", ""pku_round0_00123"", ""pku_round0_00126"", ""pku_round0_00146"", ""pku_round0_00198"", ""pku_round0_00203"", ""pku_round0_00217""]",0.0014966293332450034,0.06616733275573461,0.0,0.6393874835037002,1.0,False,0.6393874835037002,0.6393874835037002,0.0,False,False,True,0.75,0.6393874835037002,0.6393874835037002
pku_round0_00209,f60_a1_p08_s04,pku_round0_00209,0.05,"[""pku_round0_00058"", ""pku_round0_00094"", ""pku_round0_00115"", ""pku_round0_00123"", ""pku_round0_00126"", ""pku_round0_00146"", ""pku_round0_00198"", ""pku_round0_00203"", ""pku_round0_00217""]",0.9930694956220547,0.014557144344663011,0.75,0.5133389434892017,1.0,False,0.5133389434892017,0.5133389434892017,0.0,False,False,False,1.0,0.5133389434892017,0.55184722866918
pku_round0_00209,f60_a2_p08_s00,pku_round0_00209,0.05,"[""pku_round0_00058"", ""pku_round0_00094"", ""pku_round0_00115"", ""pku_round0_00123"", ""pku_round0_00126"", ""pku_round0_00146"", ""pku_round0_00198"", ""pku_round0_00203"", ""pku_round0_00217""]",0.015852804551470156,0.0,1.0,0.5441549159095275,1.0,False,0.5441549159095275,0.5441549159095275,0.0,False,False,True,1.0,0.5441549159095275,0.5441549159095275
pku_round0_00209,f60_a2_p08_s01,pku_round0_00209,0.05,"[""pku_round0_00058"", ""pku_round0_00094"", ""pku_round0_00115"", ""pku_round0_00123"", ""pku_round0_00126"", ""pku_round0_00146"", ""pku_round0_00198"", ""pku_round0_00203"", ""pku_round0_00217""]",0.0015084331496851712,0.06780482045047974,0.0,0.15488148890120465,1.0,False,0.15488148890120465,0.15488148890120465,0.0,False,False,True,0.0,0.15488148890120465,0.15488148890120465
pku_round0_00209,f60_a2_p08_s02,pku_round0_00209,0.05,"[""pku_round0_00058"", ""pku_round0_00094"", ""pku_round0_00115"", ""pku_round0_00123"", ""pku_round0_00126"", ""pku_round0_00146"", ""pku_round0_00198"", ""pku_round0_00203"", ""pku_round0_00217""]",0.9644167668065783,0.00045356513667853563,0.75,0.5596317065942065,1.0,False,0.5596317065942065,0.5596317065942065,0.0,False,False,False,1.0,0.5596317065942065,0.6015254567878403
pku_round0_00209,f60_a2_p08_s03,pku_round0_00209,0.05,"[""pku_round0_00058"", ""pku_round0_00094"", ""pku_round0_00115"", ""pku_round0_00123"", ""pku_round0_00126"", ""pku_round0_00146"", ""pku_round0_00198"", ""pku_round0_00203"", ""pku_round0_00217""]",0.056032344244792406,0.024795127378145432,0.0,0.604973344319693,1.0,False,0.604973344319693,0.604973344319693,0.0,False,False,True,0.0,0.604973344319693,0.604973344319693
pku_round0_00209,f60_a2_p08_s04,pku_round0_00209,0.05,"[""pku_round0_00058"", ""pku_round0_00094"", ""pku_round0_00115"", ""pku_round0_00123"", ""pku_round0_00126"", ""pku_round0_00146"", ""pku_round0_00198"", ""pku_round0_00203"", ""pku_round0_00217""]",0.00443686466438856,0.01624392125946321,0.0,0.5917605237620633,1.0,False,0.5917605237620633,0.5917605237620633,0.0,False,False,True,1.0,0.5917605237620633,0.5917605237620633
pku_round0_00209,f60_a3_p08_s00,pku_round0_00209,0.05,"[""pku_round0_00058"", ""pku_round0_00094"", ""pku_round0_00115"", ""pku_round0_00123"", ""pku_round0_00126"", ""pku_round0_00146"", ""pku_round0_00198"", ""pku_round0_00203"", ""pku_round0_00217""]",0.017229712105049394,0.003989600115070704,0.0,0.6150946171336074,1.0,False,0.6150946171336074,0.6150946171336074,0.0,False,False,True,1.0,0.6150946171336074,0.6150946171336074
pku_round0_00209,f60_a3_p08_s01,pku_round0_00209,0.05,"[""pku_round0_00058"", ""pku_round0_00094"", ""pku_round0_00115"", ""pku_round0_00123"", ""pku_round0_00126"", ""pku_round0_00146"", ""pku_round0_00198"", ""pku_round0_00203"", ""pku_round0_00217""]",0.0022023680851569723,0.08973833444530249,0.0,0.5023186894924592,1.0,False,0.5023186894924592,0.5023186894924592,0.0,False,False,True,0.0,0.5023186894924592,0.5023186894924592
pku_round0_00209,f60_a3_p08_s02,pku_round0_00209,0.05,"[""pku_round0_00058"", ""pku_round0_00094"", ""pku_round0_00115"", ""pku_round0_00123"", ""pku_round0_00126"", ""pku_round0_00146"", ""pku_round0_00198"", ""pku_round0_00203"", ""pku_round0_00217""]",0.9724090086378189,0.0,1.0,0.5912748377734771,1.0,False,0.5912748377734771,0.5912748377734771,0.0,False,False,False,1.0,0.5912748377734771,0.6683549483994944
pku_round0_00209,f60_a3_p08_s03,pku_round0_00209,0.05,"[""pku_round0_00058"", ""pku_round0_00094"", ""pku_round0_00115"", ""pku_round0_00123"", ""pku_round0_00126"", ""pku_round0_00146"", ""pku_round0_00198"", ""pku_round0_00203"", ""pku_round0_00217""]",0.012422099482036155,0.0,1.0,0.6229659629514774,1.0,False,0.6229659629514774,0.6229659629514774,0.0,False,False,True,0.5,0.6229659629514774,0.6229659629514774
pku_round0_00209,f60_a3_p08_s04,pku_round0_00209,0.05,"[""pku_round0_00058"", ""pku_round0_00094"", ""pku_round0_00115"", ""pku_round0_00123"", ""pku_round0_00126"", ""pku_round0_00146"", ""pku_round0_00198"", ""pku_round0_00203"", ""pku_round0_00217""]",0.004204101708984881,0.05195315662730866,0.0,0.6149466300465734,1.0,False,0.6149466300465734,0.6149466300465734,0.0,False,False,True,1.0,0.6149466300465734,0.6149466300465734
pku_round0_00209,f60_a4_p08_s00,pku_round0_00209,0.05,"[""pku_round0_00058"", ""pku_round0_00094"", ""pku_round0_00115"", ""pku_round0_00123"", ""pku_round0_00126"", ""pku_round0_00146"", ""pku_round0_00198"", ""pku_round0_00203"", ""pku_round0_00217""]",0.01871336687064868,0.020602149934367438,0.0,0.6521532143492499,1.0,False,0.6521532143492499,0.6521532143492499,0.0,False,False,True,1.0,0.6521532143492499,0.6521532143492499
pku_round0_00209,f60_a4_p08_s01,pku_round0_00209,0.05,"[""pku_round0_00058"", ""pku_round0_00094"", ""pku_round0_00115"", ""pku_round0_00123"", ""pku_round0_00126"", ""pku_round0_00146"", ""pku_round0_00198"", ""pku_round0_00203"", ""pku_round0_00217""]",0.0024042490348931173,0.10636757157987368,0.0,0.555373201269854,1.0,False,0.555373201269854,0.555373201269854,0.0,False,False,True,0.0,0.555373201269854,0.555373201269854
pku_round0_00209,f60_a4_p08_s02,pku_round0_00209,0.05,"[""pku_round0_00058"", ""pku_round0_00094"", ""pku_round0_00115"", ""pku_round0_00123"", ""pku_round0_00126"", ""pku_round0_00146"", ""pku_round0_00198"", ""pku_round0_00203"", ""pku_round0_00217""]",0.975373882316351,0.0,1.0,0.6548467681113301,1.0,False,0.6548467681113301,0.6548467681113301,0.0,False,False,False,1.0,0.6548467681113301,0.6608916038797197
pku_round0_00209,f60_a4_p08_s03,pku_round0_00209,0.05,"[""pku_round0_00058"", ""pku_round0_00094"", ""pku_round0_00115"", ""pku_round0_00123"", ""pku_round0_00126"", ""pku_round0_00146"", ""pku_round0_00198"", ""pku_round0_00203"", ""pku_round0_00217""]",0.013560711993599386,0.0016902767355383079,0.0,0.5837494769494438,1.0,False,0.5837494769494438,0.5837494769494438,0.0,False,False,True,0.0,0.5837494769494438,0.5837494769494438
pku_round0_00209,f60_a4_p08_s04,pku_round0_00209,0.05,"[""pku_round0_00058"", ""pku_round0_00094"", ""pku_round0_00115"", ""pku_round0_00123"", ""pku_round0_00126"", ""pku_round0_00146"", ""pku_round0_00198"", ""pku_round0_00203"", ""pku_round0_00217""]",0.004066400793385466,0.04743168411284787,0.0,0.6520592531715029,1.0,False,0.6520592531715029,0.6520592531715029,0.0,False,False,True,1.0,0.6520592531715029,0.6520592531715029
pku_round0_00217,f60_a0_p09_s00,pku_round0_00217,0.005,"[""pku_round0_00058"", ""pku_round0_00094"", ""pku_round0_00115"", ""pku_round0_00123"", ""pku_round0_00126"", ""pku_round0_00146"", ""pku_round0_00198"", ""pku_round0_00203"", ""pku_round0_00209""]",0.9971469703914747,0.0,1.0,0.22621156796231878,1.0,False,0.22621156796231878,0.22621156796231878,0.0,False,False,False,0.0,0.5098605319447747,0.5098605319447747
pku_round0_00217,f60_a0_p09_s01,pku_round0_00217,0.005,"[""pku_round0_00058"", ""pku_round0_00094"", ""pku_round0_00115"", ""pku_round0_00123"", ""pku_round0_00126"", ""pku_round0_00146"", ""pku_round0_00198"", ""pku_round0_00203"", ""pku_round0_00209""]",0.022798147020527765,0.0,1.0,0.5197183631138864,1.0,False,0.5197183631138864,0.5197183631138864,0.0,False,False,True,1.0,0.5197183631138864,0.5197183631138864
pku_round0_00217,f60_a0_p09_s02,pku_round0_00217,0.005,"[""pku_round0_00058"", ""pku_round0_00094"", ""pku_round0_00115"", ""pku_round0_00123"", ""pku_round0_00126"", ""pku_round0_00146"", ""pku_round0_00198"", ""pku_round0_00203"", ""pku_round0_00209""]",0.05763555201711675,0.0,1.0,0.5837267463215436,1.0,False,0.5837267463215436,0.5837267463215436,0.0,False,False,True,1.0,0.5837267463215436,0.5837267463215436
pku_round0_00217,f60_a0_p09_s03,pku_round0_00217,0.005,"[""pku_round0_00058"", ""pku_round0_00094"", ""pku_round0_00115"", ""pku_round0_00123"", ""pku_round0_00126"", ""pku_round0_00146"", ""pku_round0_00198"", ""pku_round0_00203"", ""pku_round0_00209""]",0.004159341014241459,0.09397560674362088,0.0,0.6000664390813042,1.0,False,0.6000664390813042,0.6000664390813042,0.0,False,False,True,1.0,0.6000664390813042,0.6000664390813042
pku_round0_00217,f60_a0_p09_s04,pku_round0_00217,0.005,"[""pku_round0_00058"", ""pku_round0_00094"", ""pku_round0_00115"", ""pku_round0_00123"", ""pku_round0_00126"", ""pku_round0_00146"", ""pku_round0_00198"", ""pku_round0_00203"", ""pku_round0_00209""]",0.004475525758195733,0.0,1.0,0.6646824968130848,1.0,False,0.6646824968130848,0.6646824968130848,0.0,False,False,True,1.0,0.6646824968130848,0.6646824968130848
pku_round0_00217,f60_a1_p09_s00,pku_round0_00217,0.005,"[""pku_round0_00058"", ""pku_round0_00094"", ""pku_round0_00115"", ""pku_round0_00123"", ""pku_round0_00126"", ""pku_round0_00146"", ""pku_round0_00198"", ""pku_round0_00203"", ""pku_round0_00209""]",0.9975404131160288,0.0,1.0,0.401993348147454,1.0,False,0.401993348147454,0.401993348147454,0.0,False,False,False,0.0,0.5884317774728649,0.5884317774728649
pku_round0_00217,f60_a1_p09_s01,pku_round0_00217,0.005,"[""pku_round0_00058"", ""pku_round0_00094"", ""pku_round0_00115"", ""pku_round0_00123"", ""pku_round0_00126"", ""pku_round0_00146"", ""pku_round0_00198"", ""pku_round0_00203"", ""pku_round0_00209""]",0.02497716416874679,0.0,1.0,0.633774630551756,1.0,False,0.633774630551756,0.633774630551756,0.0,False,False,True,1.0,0.633774630551756,0.633774630551756
pku_round0_00217,f60_a1_p09_s02,pku_round0_00217,0.005,"[""pku_round0_00058"", ""pku_round0_00094"", ""pku_round0_00115"", ""pku_round0_00123"", ""pku_round0_00126"", ""pku_round0_00146"", ""pku_round0_00198"", ""pku_round0_00203"", ""pku_round0_00209""]",0.08317345167155767,0.0,1.0,0.6808413061800291,1.0,False,0.6808413061800291,0.6808413061800291,0.0,False,False,True,1.0,0.6808413061800291,0.6808413061800291
pku_round0_00217,f60_a1_p09_s03,pku_round0_00217,0.005,"[""pku_round0_00058"", ""pku_round0_00094"", ""pku_round0_00115"", ""pku_round0_00123"", ""pku_round0_00126"", ""pku_round0_00146"", ""pku_round0_00198"", ""pku_round0_00203"", ""pku_round0_00209""]",0.004504545747150665,0.11991885216110668,0.0,0.6958522702970944,1.0,False,0.6958522702970944,0.6958522702970944,0.0,False,False,True,1.0,0.6958522702970944,0.6958522702970944
pku_round0_00217,f60_a1_p09_s04,pku_round0_00217,0.005,"[""pku_round0_00058"", ""pku_round0_00094"", ""pku_round0_00115"", ""pku_round0_00123"", ""pku_round0_00126"", ""pku_round0_00146"", ""pku_round0_00198"", ""pku_round0_00203"", ""pku_round0_00209""]",0.004784464893752568,0.0,1.0,0.7400547402047332,1.0,False,0.7400547402047332,0.7400547402047332,0.0,False,False,True,1.0,0.7400547402047332,0.7400547402047332
pku_round0_00217,f60_a2_p09_s00,pku_round0_00217,0.005,"[""pku_round0_00058"", ""pku_round0_00094"", ""pku_round0_00115"", ""pku_round0_00123"", ""pku_round0_00126"", ""pku_round0_00146"", ""pku_round0_00198"", ""pku_round0_00203"", ""pku_round0_00209""]",0.9978365507467392,0.012313132103459006,0.0,0.5055271011929996,0.0,True,0.5055271011929996,0.5777751283325891,-0.07224802713958955,False,True,False,0.0,0.5055271011929996,0.5777751283325891
pku_round0_00217,f60_a2_p09_s01,pku_round0_00217,0.005,"[""pku_round0_00058"", ""pku_round0_00094"", ""pku_round0_00115"", ""pku_round0_00123"", ""pku_round0_00126"", ""pku_round0_00146"", ""pku_round0_00198"", ""pku_round0_00203"", ""pku_round0_00209""]",0.027069519856933087,0.019036372770929556,0.0,0.7478308979896257,1.0,False,0.7478308979896257,0.7478308979896257,0.0,False,False,True,1.0,0.7478308979896257,0.7478308979896257
pku_round0_00217,f60_a2_p09_s02,pku_round0_00217,0.005,"[""pku_round0_00058"", ""pku_round0_00094"", ""pku_round0_00115"", ""pku_round0_00123"", ""pku_round0_00126"", ""pku_round0_00146"", ""pku_round0_00198"", ""pku_round0_00203"", ""pku_round0_00209""]",0.09821215522956984,0.007245547620816185,0.0,0.7540565302217358,1.0,False,0.7540565302217358,0.7540565302217358,0.0,False,False,True,0.0,0.7540565302217358,0.7540565302217358
pku_round0_00217,f60_a2_p09_s03,pku_round0_00217,0.005,"[""pku_round0_00058"", ""pku_round0_00094"", ""pku_round0_00115"", ""pku_round0_00123"", ""pku_round0_00126"", ""pku_round0_00146"", ""pku_round0_00198"", ""pku_round0_00203"", ""pku_round0_00209""]",0.004879988649489706,0.145829811422461,0.0,0.8070553601398887,1.0,False,0.8070553601398887,0.8070553601398887,0.0,False,False,True,1.0,0.8070553601398887,0.8070553601398887
pku_round0_00217,f60_a2_p09_s04,pku_round0_00217,0.005,"[""pku_round0_00058"", ""pku_round0_00094"", ""pku_round0_00115"", ""pku_round0_00123"", ""pku_round0_00126"", ""pku_round0_00146"", ""pku_round0_00198"", ""pku_round0_00203"", ""pku_round0_00209""]",0.004838993039717586,0.13460666738864963,0.0,0.8460031137020186,1.0,False,0.8460031137020186,0.8460031137020186,0.0,False,False,True,1.0,0.8460031137020186,0.8460031137020186
pku_round0_00217,f60_a3_p09_s00,pku_round0_00217,0.005,"[""pku_round0_00058"", ""pku_round0_00094"", ""pku_round0_00115"", ""pku_round0_00123"", ""pku_round0_00126"", ""pku_round0_00146"", ""pku_round0_00198"", ""pku_round0_00203"", ""pku_round0_00209""]",0.9980968043513735,0.04070691386635892,0.0,0.6116952495899877,0.0,True,0.6116952495899877,0.7535569085177244,-0.14186165892773672,False,True,False,0.0,0.6116952495899877,0.7535569085177244
pku_round0_00217,f60_a3_p09_s01,pku_round0_00217,0.005,"[""pku_round0_00058"", ""pku_round0_00094"", ""pku_round0_00115"", ""pku_round0_00123"", ""pku_round0_00126"", ""pku_round0_00146"", ""pku_round0_00198"", ""pku_round0_00203"", ""pku_round0_00209""]",0.029956884706050572,0.04175155823398119,0.0,0.8618871654274953,1.0,False,0.8618871654274953,0.8618871654274953,0.0,False,False,True,0.0,0.8618871654274953,0.8618871654274953
pku_round0_00217,f60_a3_p09_s02,pku_round0_00217,0.005,"[""pku_round0_00058"", ""pku_round0_00094"", ""pku_round0_00115"", ""pku_round0_00123"", ""pku_round0_00126"", ""pku_round0_00146"", ""pku_round0_00198"", ""pku_round0_00203"", ""pku_round0_00209""]",0.11451980958192132,0.033220259670580836,0.0,0.8765258860138473,1.0,False,0.8765258860138473,0.8765258860138473,0.0,False,False,True,0.0,0.8765258860138473,0.8765258860138473
pku_round0_00217,f60_a3_p09_s03,pku_round0_00217,0.005,"[""pku_round0_00058"", ""pku_round0_00094"", ""pku_round0_00115"", ""pku_round0_00123"", ""pku_round0_00126"", ""pku_round0_00146"", ""pku_round0_00198"", ""pku_round0_00203"", ""pku_round0_00209""]",0.005293935576861689,0.17164959055483528,0.0,0.8857364442674783,1.0,False,0.8857364442674783,0.8857364442674783,0.0,False,False,True,1.0,0.8857364442674783,0.8857364442674783
pku_round0_00217,f60_a3_p09_s04,pku_round0_00217,0.005,"[""pku_round0_00058"", ""pku_round0_00094"", ""pku_round0_00115"", ""pku_round0_00123"", ""pku_round0_00126"", ""pku_round0_00146"", ""pku_round0_00198"", ""pku_round0_00203"", ""pku_round0_00209""]",0.005231608191282296,0.16044324638760407,0.0,0.917487914940816,1.0,False,0.917487914940816,0.917487914940816,0.0,False,False,True,1.0,0.917487914940816,0.917487914940816
pku_round0_00217,f60_a4_p09_s00,pku_round0_00217,0.005,"[""pku_round0_00058"", ""pku_round0_00094"", ""pku_round0_00115"", ""pku_round0_00123"", ""pku_round0_00126"", ""pku_round0_00146"", ""pku_round0_00198"", ""pku_round0_00203"", ""pku_round0_00209""]",0.9983043078579661,0.06821918128334853,0.0,0.8031801473812393,0.0,True,0.8031801473812393,0.9285869992808837,-0.1254068518996444,False,True,False,0.0,0.8031801473812393,0.9285869992808837
pku_round0_00217,f60_a4_p09_s01,pku_round0_00217,0.005,"[""pku_round0_00058"", ""pku_round0_00094"", ""pku_round0_00115"", ""pku_round0_00123"", ""pku_round0_00126"", ""pku_round0_00146"", ""pku_round0_00198"", ""pku_round0_00203"", ""pku_round0_00209""]",0.21154141727803358,0.05991143504671855,0.0,0.9581534498786021,1.0,False,0.9581534498786021,0.9581534498786021,0.0,False,False,True,0.0,0.9581534498786021,0.9581534498786021
pku_round0_00217,f60_a4_p09_s02,pku_round0_00217,0.005,"[""pku_round0_00058"", ""pku_round0_00094"", ""pku_round0_00115"", ""pku_round0_00123"", ""pku_round0_00126"", ""pku_round0_00146"", ""pku_round0_00198"", ""pku_round0_00203"", ""pku_round0_00209""]",0.0022975494830673768,0.20229978465205342,0.0,0.9691782280675818,1.0,False,0.9691782280675818,0.9691782280675818,0.0,False,False,True,0.0,0.9691782280675818,0.9691782280675818
pku_round0_00217,f60_a4_p09_s03,pku_round0_00217,0.005,"[""pku_round0_00058"", ""pku_round0_00094"", ""pku_round0_00115"", ""pku_round0_00123"", ""pku_round0_00126"", ""pku_round0_00146"", ""pku_round0_00198"", ""pku_round0_00203"", ""pku_round0_00209""]",0.003933264484817726,0.20500694333245165,0.0,0.9417415641654618,1.0,False,0.9417415641654618,0.9417415641654618,0.0,False,False,True,0.0,0.9417415641654618,0.9417415641654618
pku_round0_00217,f60_a4_p09_s04,pku_round0_00217,0.005,"[""pku_round0_00058"", ""pku_round0_00094"", ""pku_round0_00115"", ""pku_round0_00123"", ""pku_round0_00126"", ""pku_round0_00146"", ""pku_round0_00198"", ""pku_round0_00203"", ""pku_round0_00209""]",0.007793101932251477,0.07319769369596685,0.0,0.9671737229423127,1.0,False,0.9671737229423127,0.9671737229423127,0.0,False,False,True,0.0,0.9671737229423127,0.9671737229423127
