state_id,prompt_id,epsilon,max_utility,oracle_set,oracle_set_size,unique_oracle,w1_in_oracle_set,w0_in_oracle_set,is_actionable
f60_a0_p00_s00,pku_round0_00058,1e-08,0.5466586003500206,"[0.5, 0.75, 1.0]",3,False,True,False,True
f60_a0_p00_s00,pku_round0_00058,1e-06,0.5466586003500206,"[0.5, 0.75, 1.0]",3,False,True,False,True
f60_a0_p00_s00,pku_round0_00058,0.0001,0.5466586003500206,"[0.5, 0.75, 1.0]",3,False,True,False,True
f60_a0_p00_s00,pku_round0_00058,0.001,0.5466586003500206,"[0.5, 0.75, 1.0]",3,False,True,False,True
f60_a0_p00_s01,pku_round0_00058,1e-08,0.3639511267636065,"[0.0, 0.25, 0.5, 0.75, 1.0]",5,False,True,True,False
f60_a0_p00_s01,pku_round0_00058,1e-06,0.3639511267636065,"[0.0, 0.25, 0.5, 0.75, 1.0]",5,False,True,True,False
f60_a0_p00_s01,pku_round0_00058,0.0001,0.3639511267636065,"[0.0, 0.25, 0.5, 0.75, 1.0]",5,False,True,True,False
f60_a0_p00_s01,pku_round0_00058,0.001,0.3639511267636065,"[0.0, 0.25, 0.5, 0.75, 1.0]",5,False,True,True,False
f60_a0_p00_s02,pku_round0_00058,1e-08,0.7016831233930386,"[0.25, 0.5, 0.75, 1.0]",4,False,True,False,True
f60_a0_p00_s02,pku_round0_00058,1e-06,0.7016831233930386,"[0.25, 0.5, 0.75, 1.0]",4,False,True,False,True
f60_a0_p00_s02,pku_round0_00058,0.0001,0.7016831233930386,"[0.25, 0.5, 0.75, 1.0]",4,False,True,False,True
f60_a0_p00_s02,pku_round0_00058,0.001,0.7016831233930386,"[0.25, 0.5, 0.75, 1.0]",4,False,True,False,True
f60_a0_p00_s03,pku_round0_00058,1e-08,0.7045189378389475,"[0.0, 0.25, 0.5, 0.75, 1.0]",5,False,True,True,False
f60_a0_p00_s03,pku_round0_00058,1e-06,0.7045189378389475,"[0.0, 0.25, 0.5, 0.75, 1.0]",5,False,True,True,False
f60_a0_p00_s03,pku_round0_00058,0.0001,0.7045189378389475,"[0.0, 0.25, 0.5, 0.75, 1.0]",5,False,True,True,False
f60_a0_p00_s03,pku_round0_00058,0.001,0.7045189378389475,"[0.0, 0.25, 0.5, 0.75, 1.0]",5,False,True,True,False
f60_a0_p00_s04,pku_round0_00058,1e-08,0.7478663872264115,"[0.0, 0.25, 0.5, 0.75, 1.0]",5,False,True,True,False
f60_a0_p00_s04,pku_round0_00058,1e-06,0.7478663872264115,"[0.0, 0.25, 0.5, 0.75, 1.0]",5,False,True,True,False
f60_a0_p00_s04,pku_round0_00058,0.0001,0.7478663872264115,"[0.0, 0.25, 0.5, 0.75, 1.0]",5,False,True,True,False
f60_a0_p00_s04,pku_round0_00058,0.001,0.7478663872264115,"[0.0, 0.25, 0.5, 0.75, 1.0]",5,False,True,True,False
f60_a0_p01_s00,pku_round0_00094,1e-08,0.5654289912062745,"[0.25, 0.5, 0.75, 1.0]",4,False,True,False,True
f60_a0_p01_s00,pku_round0_00094,1e-06,0.5654289912062745,"[0.25, 0.5, 0.75, 1.0]",4,False,True,False,True
f60_a0_p01_s00,pku_round0_00094,0.0001,0.5654289912062745,"[0.25, 0.5, 0.75, 1.0]",4,False,True,False,True
f60_a0_p01_s00,pku_round0_00094,0.001,0.5654289912062745,"[0.25, 0.5, 0.75, 1.0]",4,False,True,False,True
f60_a0_p01_s01,pku_round0_00094,1e-08,0.6003365166475813,"[0.0, 0.25, 0.5, 0.75, 1.0]",5,False,True,True,False
f60_a0_p01_s01,pku_round0_00094,1e-06,0.6003365166475813,"[0.0, 0.25, 0.5, 0.75, 1.0]",5,False,True,True,False
f60_a0_p01_s01,pku_round0_00094,0.0001,0.6003365166475813,"[0.0, 0.25, 0.5, 0.75, 1.0]",5,False,True,True,False
f60_a0_p01_s01,pku_round0_00094,0.001,0.6003365166475813,"[0.0, 0.25, 0.5, 0.75, 1.0]",5,False,True,True,False
f60_a0_p01_s02,pku_round0_00094,1e-08,0.5299137912408445,"[0.0, 0.25, 0.5, 0.75, 1.0]",5,False,True,True,False
f60_a0_p01_s02,pku_round0_00094,1e-06,0.5299137912408445,"[0.0, 0.25, 0.5, 0.75, 1.0]",5,False,True,True,False
f60_a0_p01_s02,pku_round0_00094,0.0001,0.5299137912408445,"[0.0, 0.25, 0.5, 0.75, 1.0]",5,False,True,True,False
f60_a0_p01_s02,pku_round0_00094,0.001,0.5299137912408445,"[0.0, 0.25, 0.5, 0.75, 1.0]",5,False,True,True,False
f60_a0_p01_s03,pku_round0_00094,1e-08,0.5283270855389669,"[0.0, 0.25, 0.5, 0.75, 1.0]",5,False,True,True,False
f60_a0_p01_s03,pku_round0_00094,1e-06,0.5283270855389669,"[0.0, 0.25, 0.5, 0.75, 1.0]",5,False,True,True,False
f60_a0_p01_s03,pku_round0_00094,0.0001,0.5283270855389669,"[0.0, 0.25, 0.5, 0.75, 1.0]",5,False,True,True,False
f60_a0_p01_s03,pku_round0_00094,0.001,0.5283270855389669,"[0.0, 0.25, 0.5, 0.75, 1.0]",5,False,True,True,False
f60_a0_p01_s04,pku_round0_00094,1e-08,0.39467244992761924,"[0.0, 0.25, 0.5, 0.75, 1.0]",5,False,True,True,False
f60_a0_p01_s04,pku_round0_00094,1e-06,0.39467244992761924,"[0.0, 0.25, 0.5, 0.75, 1.0]",5,False,True,True,False
f60_a0_p01_s04,pku_round0_00094,0.0001,0.39467244992761924,"[0.0, 0.25, 0.5, 0.75, 1.0]",5,False,True,True,False
f60_a0_p01_s04,pku_round0_00094,0.001,0.39467244992761924,"[0.0, 0.25, 0.5, 0.75, 1.0]",5,False,True,True,False
f60_a0_p02_s00,pku_round0_00115,1e-08,0.5845369790203747,"[0.5, 0.75, 1.0]",3,False,True,False,True
f60_a0_p02_s00,pku_round0_00115,1e-06,0.5845369790203747,"[0.5, 0.75, 1.0]",3,False,True,False,True
f60_a0_p02_s00,pku_round0_00115,0.0001,0.5845369790203747,"[0.5, 0.75, 1.0]",3,False,True,False,True
f60_a0_p02_s00,pku_round0_00115,0.001,0.5845369790203747,"[0.5, 0.75, 1.0]",3,False,True,False,True
f60_a0_p02_s01,pku_round0_00115,1e-08,0.556178834561286,"[0.0, 0.25, 0.5, 0.75, 1.0]",5,False,True,True,False
f60_a0_p02_s01,pku_round0_00115,1e-06,0.556178834561286,"[0.0, 0.25, 0.5, 0.75, 1.0]",5,False,True,True,False
f60_a0_p02_s01,pku_round0_00115,0.0001,0.556178834561286,"[0.0, 0.25, 0.5, 0.75, 1.0]",5,False,True,True,False
f60_a0_p02_s01,pku_round0_00115,0.001,0.556178834561286,"[0.0, 0.25, 0.5, 0.75, 1.0]",5,False,True,True,False
f60_a0_p02_s02,pku_round0_00115,1e-08,0.5056405699716959,"[0.0, 0.25, 0.5, 0.75, 1.0]",5,False,True,True,False
f60_a0_p02_s02,pku_round0_00115,1e-06,0.5056405699716959,"[0.0, 0.25, 0.5, 0.75, 1.0]",5,False,True,True,False
f60_a0_p02_s02,pku_round0_00115,0.0001,0.5056405699716959,"[0.0, 0.25, 0.5, 0.75, 1.0]",5,False,True,True,False
f60_a0_p02_s02,pku_round0_00115,0.001,0.5056405699716959,"[0.0, 0.25, 0.5, 0.75, 1.0]",5,False,True,True,False
f60_a0_p02_s03,pku_round0_00115,1e-08,0.49924310762050866,"[0.0, 0.25, 0.5, 0.75, 1.0]",5,False,True,True,False
f60_a0_p02_s03,pku_round0_00115,1e-06,0.49924310762050866,"[0.0, 0.25, 0.5, 0.75, 1.0]",5,False,True,True,False
f60_a0_p02_s03,pku_round0_00115,0.0001,0.49924310762050866,"[0.0, 0.25, 0.5, 0.75, 1.0]",5,False,True,True,False
f60_a0_p02_s03,pku_round0_00115,0.001,0.49924310762050866,"[0.0, 0.25, 0.5, 0.75, 1.0]",5,False,True,True,False
f60_a0_p02_s04,pku_round0_00115,1e-08,0.5293061167167211,"[0.0, 0.25, 0.5, 0.75, 1.0]",5,False,True,True,False
f60_a0_p02_s04,pku_round0_00115,1e-06,0.5293061167167211,"[0.0, 0.25, 0.5, 0.75, 1.0]",5,False,True,True,False
f60_a0_p02_s04,pku_round0_00115,0.0001,0.5293061167167211,"[0.0, 0.25, 0.5, 0.75, 1.0]",5,False,True,True,False
f60_a0_p02_s04,pku_round0_00115,0.001,0.5293061167167211,"[0.0, 0.25, 0.5, 0.75, 1.0]",5,False,True,True,False
f60_a0_p03_s00,pku_round0_00123,1e-08,0.4892333578203661,[0.0],1,True,False,True,True
f60_a0_p03_s00,pku_round0_00123,1e-06,0.4892333578203661,[0.0],1,True,False,True,True
f60_a0_p03_s00,pku_round0_00123,0.0001,0.4892333578203661,[0.0],1,True,False,True,True
f60_a0_p03_s00,pku_round0_00123,0.001,0.4892333578203661,[0.0],1,True,False,True,True
f60_a0_p03_s01,pku_round0_00123,1e-08,0.338496316141996,"[0.0, 0.25, 0.5, 0.75, 1.0]",5,False,True,True,False
f60_a0_p03_s01,pku_round0_00123,1e-06,0.338496316141996,"[0.0, 0.25, 0.5, 0.75, 1.0]",5,False,True,True,False
f60_a0_p03_s01,pku_round0_00123,0.0001,0.338496316141996,"[0.0, 0.25, 0.5, 0.75, 1.0]",5,False,True,True,False
f60_a0_p03_s01,pku_round0_00123,0.001,0.338496316141996,"[0.0, 0.25, 0.5, 0.75, 1.0]",5,False,True,True,False
f60_a0_p03_s02,pku_round0_00123,1e-08,0.6333534991249488,"[0.0, 0.25, 0.5, 0.75, 1.0]",5,False,True,True,False
f60_a0_p03_s02,pku_round0_00123,1e-06,0.6333534991249488,"[0.0, 0.25, 0.5, 0.75, 1.0]",5,False,True,True,False
f60_a0_p03_s02,pku_round0_00123,0.0001,0.6333534991249488,"[0.0, 0.25, 0.5, 0.75, 1.0]",5,False,True,True,False
f60_a0_p03_s02,pku_round0_00123,0.001,0.6333534991249488,"[0.0, 0.25, 0.5, 0.75, 1.0]",5,False,True,True,False
f60_a0_p03_s03,pku_round0_00123,1e-08,0.7114059157790118,"[0.0, 0.25, 0.5, 0.75, 1.0]",5,False,True,True,False
f60_a0_p03_s03,pku_round0_00123,1e-06,0.7114059157790118,"[0.0, 0.25, 0.5, 0.75, 1.0]",5,False,True,True,False
f60_a0_p03_s03,pku_round0_00123,0.0001,0.7114059157790118,"[0.0, 0.25, 0.5, 0.75, 1.0]",5,False,True,True,False
f60_a0_p03_s03,pku_round0_00123,0.001,0.7114059157790118,"[0.0, 0.25, 0.5, 0.75, 1.0]",5,False,True,True,False
f60_a0_p03_s04,pku_round0_00123,1e-08,0.774063911155284,"[0.0, 0.25, 0.5, 0.75, 1.0]",5,False,True,True,False
f60_a0_p03_s04,pku_round0_00123,1e-06,0.774063911155284,"[0.0, 0.25, 0.5, 0.75, 1.0]",5,False,True,True,False
f60_a0_p03_s04,pku_round0_00123,0.0001,0.774063911155284,"[0.0, 0.25, 0.5, 0.75, 1.0]",5,False,True,True,False
f60_a0_p03_s04,pku_round0_00123,0.001,0.774063911155284,"[0.0, 0.25, 0.5, 0.75, 1.0]",5,False,True,True,False
f60_a0_p04_s00,pku_round0_00126,1e-08,0.5686699220015989,"[0.25, 0.5, 0.75, 1.0]",4,False,True,False,True
f60_a0_p04_s00,pku_round0_00126,1e-06,0.5686699220015989,"[0.25, 0.5, 0.75, 1.0]",4,False,True,False,True
f60_a0_p04_s00,pku_round0_00126,0.0001,0.5686699220015989,"[0.25, 0.5, 0.75, 1.0]",4,False,True,False,True
f60_a0_p04_s00,pku_round0_00126,0.001,0.5686699220015989,"[0.25, 0.5, 0.75, 1.0]",4,False,True,False,True
f60_a0_p04_s01,pku_round0_00126,1e-08,0.5760295356826481,"[0.0, 0.25, 0.5, 0.75, 1.0]",5,False,True,True,False
f60_a0_p04_s01,pku_round0_00126,1e-06,0.5760295356826481,"[0.0, 0.25, 0.5, 0.75, 1.0]",5,False,True,True,False
f60_a0_p04_s01,pku_round0_00126,0.0001,0.5760295356826481,"[0.0, 0.25, 0.5, 0.75, 1.0]",5,False,True,True,False
f60_a0_p04_s01,pku_round0_00126,0.001,0.5760295356826481,"[0.0, 0.25, 0.5, 0.75, 1.0]",5,False,True,True,False
f60_a0_p04_s02,pku_round0_00126,1e-08,0.7154570792731674,"[0.0, 0.25, 0.5, 0.75, 1.0]",5,False,True,True,False
f60_a0_p04_s02,pku_round0_00126,1e-06,0.7154570792731674,"[0.0, 0.25, 0.5, 0.75, 1.0]",5,False,True,True,False
f60_a0_p04_s02,pku_round0_00126,0.0001,0.7154570792731674,"[0.0, 0.25, 0.5, 0.75, 1.0]",5,False,True,True,False
f60_a0_p04_s02,pku_round0_00126,0.001,0.7154570792731674,"[0.0, 0.25, 0.5, 0.75, 1.0]",5,False,True,True,False
f60_a0_p04_s03,pku_round0_00126,1e-08,0.5265715813581662,"[0.0, 0.25, 0.5, 0.75, 1.0]",5,False,True,True,False
f60_a0_p04_s03,pku_round0_00126,1e-06,0.5265715813581662,"[0.0, 0.25, 0.5, 0.75, 1.0]",5,False,True,True,False
f60_a0_p04_s03,pku_round0_00126,0.0001,0.5265715813581662,"[0.0, 0.25, 0.5, 0.75, 1.0]",5,False,True,True,False
f60_a0_p04_s03,pku_round0_00126,0.001,0.5265715813581662,"[0.0, 0.25, 0.5, 0.75, 1.0]",5,False,True,True,False
f60_a0_p04_s04,pku_round0_00126,1e-08,0.728420802454465,"[0.0, 0.25, 0.5, 0.75, 1.0]",5,False,True,True,False
f60_a0_p04_s04,pku_round0_00126,1e-06,0.728420802454465,"[0.0, 0.25, 0.5, 0.75, 1.0]",5,False,True,True,False
f60_a0_p04_s04,pku_round0_00126,0.0001,0.728420802454465,"[0.0, 0.25, 0.5, 0.75, 1.0]",5,False,True,True,False
f60_a0_p04_s04,pku_round0_00126,0.001,0.728420802454465,"[0.0, 0.25, 0.5, 0.75, 1.0]",5,False,True,True,False
f60_a0_p05_s00,pku_round0_00146,1e-08,0.5750842642006785,[0.0],1,True,False,True,True
f60_a0_p05_s00,pku_round0_00146,1e-06,0.5750842642006785,[0.0],1,True,False,True,True
f60_a0_p05_s00,pku_round0_00146,0.0001,0.5750842642006785,[0.0],1,True,False,True,True
f60_a0_p05_s00,pku_round0_00146,0.001,0.5750842642006785,[0.0],1,True,False,True,True
f60_a0_p05_s01,pku_round0_00146,1e-08,0.6140429531361408,"[0.0, 0.25, 0.5, 0.75, 1.0]",5,False,True,True,False
f60_a0_p05_s01,pku_round0_00146,1e-06,0.6140429531361408,"[0.0, 0.25, 0.5, 0.75, 1.0]",5,False,True,True,False
f60_a0_p05_s01,pku_round0_00146,0.0001,0.6140429531361408,"[0.0, 0.25, 0.5, 0.75, 1.0]",5,False,True,True,False
f60_a0_p05_s01,pku_round0_00146,0.001,0.6140429531361408,"[0.0, 0.25, 0.5, 0.75, 1.0]",5,False,True,True,False
f60_a0_p05_s02,pku_round0_00146,1e-08,0.6480727264870472,"[0.0, 0.25, 0.5, 0.75, 1.0]",5,False,True,True,False
f60_a0_p05_s02,pku_round0_00146,1e-06,0.6480727264870472,"[0.0, 0.25, 0.5, 0.75, 1.0]",5,False,True,True,False
f60_a0_p05_s02,pku_round0_00146,0.0001,0.6480727264870472,"[0.0, 0.25, 0.5, 0.75, 1.0]",5,False,True,True,False
f60_a0_p05_s02,pku_round0_00146,0.001,0.6480727264870472,"[0.0, 0.25, 0.5, 0.75, 1.0]",5,False,True,True,False
f60_a0_p05_s03,pku_round0_00146,1e-08,0.5433501501631269,"[0.0, 0.25, 0.5, 0.75, 1.0]",5,False,True,True,False
f60_a0_p05_s03,pku_round0_00146,1e-06,0.5433501501631269,"[0.0, 0.25, 0.5, 0.75, 1.0]",5,False,True,True,False
f60_a0_p05_s03,pku_round0_00146,0.0001,0.5433501501631269,"[0.0, 0.25, 0.5, 0.75, 1.0]",5,False,True,True,False
f60_a0_p05_s03,pku_round0_00146,0.001,0.5433501501631269,"[0.0, 0.25, 0.5, 0.75, 1.0]",5,False,True,True,False
f60_a0_p05_s04,pku_round0_00146,1e-08,0.6881792450791868,"[0.0, 0.25]",2,False,False,True,True
f60_a0_p05_s04,pku_round0_00146,1e-06,0.6881792450791868,"[0.0, 0.25]",2,False,False,True,True
f60_a0_p05_s04,pku_round0_00146,0.0001,0.6881792450791868,"[0.0, 0.25]",2,False,False,True,True
f60_a0_p05_s04,pku_round0_00146,0.001,0.6881792450791868,"[0.0, 0.25]",2,False,False,True,True
f60_a0_p06_s00,pku_round0_00198,1e-08,0.6369995462696887,"[0.0, 0.25, 0.5, 0.75, 1.0]",5,False,True,True,False
f60_a0_p06_s00,pku_round0_00198,1e-06,0.6369995462696887,"[0.0, 0.25, 0.5, 0.75, 1.0]",5,False,True,True,False
f60_a0_p06_s00,pku_round0_00198,0.0001,0.6369995462696887,"[0.0, 0.25, 0.5, 0.75, 1.0]",5,False,True,True,False
f60_a0_p06_s00,pku_round0_00198,0.001,0.6369995462696887,"[0.0, 0.25, 0.5, 0.75, 1.0]",5,False,True,True,False
f60_a0_p06_s01,pku_round0_00198,1e-08,0.3312717412440853,"[0.0, 0.25, 0.5, 0.75, 1.0]",5,False,True,True,False
f60_a0_p06_s01,pku_round0_00198,1e-06,0.3312717412440853,"[0.0, 0.25, 0.5, 0.75, 1.0]",5,False,True,True,False
f60_a0_p06_s01,pku_round0_00198,0.0001,0.3312717412440853,"[0.0, 0.25, 0.5, 0.75, 1.0]",5,False,True,True,False
f60_a0_p06_s01,pku_round0_00198,0.001,0.3312717412440853,"[0.0, 0.25, 0.5, 0.75, 1.0]",5,False,True,True,False
f60_a0_p06_s02,pku_round0_00198,1e-08,0.557461703001102,"[0.0, 0.25, 0.5, 0.75, 1.0]",5,False,True,True,False
f60_a0_p06_s02,pku_round0_00198,1e-06,0.557461703001102,"[0.0, 0.25, 0.5, 0.75, 1.0]",5,False,True,True,False
f60_a0_p06_s02,pku_round0_00198,0.0001,0.557461703001102,"[0.0, 0.25, 0.5, 0.75, 1.0]",5,False,True,True,False
f60_a0_p06_s02,pku_round0_00198,0.001,0.557461703001102,"[0.0, 0.25, 0.5, 0.75, 1.0]",5,False,True,True,False
f60_a0_p06_s03,pku_round0_00198,1e-08,0.5997288421234579,"[0.0, 0.25, 0.5, 0.75, 1.0]",5,False,True,True,False
f60_a0_p06_s03,pku_round0_00198,1e-06,0.5997288421234579,"[0.0, 0.25, 0.5, 0.75, 1.0]",5,False,True,True,False
f60_a0_p06_s03,pku_round0_00198,0.0001,0.5997288421234579,"[0.0, 0.25, 0.5, 0.75, 1.0]",5,False,True,True,False
f60_a0_p06_s03,pku_round0_00198,0.001,0.5997288421234579,"[0.0, 0.25, 0.5, 0.75, 1.0]",5,False,True,True,False
f60_a0_p06_s04,pku_round0_00198,1e-08,0.6446967569085842,"[0.0, 0.25, 0.5, 0.75, 1.0]",5,False,True,True,False
f60_a0_p06_s04,pku_round0_00198,1e-06,0.6446967569085842,"[0.0, 0.25, 0.5, 0.75, 1.0]",5,False,True,True,False
f60_a0_p06_s04,pku_round0_00198,0.0001,0.6446967569085842,"[0.0, 0.25, 0.5, 0.75, 1.0]",5,False,True,True,False
f60_a0_p06_s04,pku_round0_00198,0.001,0.6446967569085842,"[0.0, 0.25, 0.5, 0.75, 1.0]",5,False,True,True,False
f60_a0_p07_s00,pku_round0_00203,1e-08,0.47536656277682954,"[0.0, 0.25, 0.5, 0.75, 1.0]",5,False,True,True,False
f60_a0_p07_s00,pku_round0_00203,1e-06,0.47536656277682954,"[0.0, 0.25, 0.5, 0.75, 1.0]",5,False,True,True,False
f60_a0_p07_s00,pku_round0_00203,0.0001,0.47536656277682954,"[0.0, 0.25, 0.5, 0.75, 1.0]",5,False,True,True,False
f60_a0_p07_s00,pku_round0_00203,0.001,0.47536656277682954,"[0.0, 0.25, 0.5, 0.75, 1.0]",5,False,True,True,False
f60_a0_p07_s01,pku_round0_00203,1e-08,0.6183641941965733,"[0.0, 0.25, 0.5, 0.75, 1.0]",5,False,True,True,False
f60_a0_p07_s01,pku_round0_00203,1e-06,0.6183641941965733,"[0.0, 0.25, 0.5, 0.75, 1.0]",5,False,True,True,False
f60_a0_p07_s01,pku_round0_00203,0.0001,0.6183641941965733,"[0.0, 0.25, 0.5, 0.75, 1.0]",5,False,True,True,False
f60_a0_p07_s01,pku_round0_00203,0.001,0.6183641941965733,"[0.0, 0.25, 0.5, 0.75, 1.0]",5,False,True,True,False
f60_a0_p07_s02,pku_round0_00203,1e-08,0.6386200116673509,"[0.0, 0.25, 0.5, 0.75, 1.0]",5,False,True,True,False
f60_a0_p07_s02,pku_round0_00203,1e-06,0.6386200116673509,"[0.0, 0.25, 0.5, 0.75, 1.0]",5,False,True,True,False
f60_a0_p07_s02,pku_round0_00203,0.0001,0.6386200116673509,"[0.0, 0.25, 0.5, 0.75, 1.0]",5,False,True,True,False
f60_a0_p07_s02,pku_round0_00203,0.001,0.6386200116673509,"[0.0, 0.25, 0.5, 0.75, 1.0]",5,False,True,True,False
f60_a0_p07_s03,pku_round0_00203,1e-08,0.700737851911069,"[0.0, 0.25, 0.5, 0.75, 1.0]",5,False,True,True,False
f60_a0_p07_s03,pku_round0_00203,1e-06,0.700737851911069,"[0.0, 0.25, 0.5, 0.75, 1.0]",5,False,True,True,False
f60_a0_p07_s03,pku_round0_00203,0.0001,0.700737851911069,"[0.0, 0.25, 0.5, 0.75, 1.0]",5,False,True,True,False
f60_a0_p07_s03,pku_round0_00203,0.001,0.700737851911069,"[0.0, 0.25, 0.5, 0.75, 1.0]",5,False,True,True,False
f60_a0_p07_s04,pku_round0_00203,1e-08,0.3819112849210294,"[0.0, 0.25, 0.5, 0.75, 1.0]",5,False,True,True,False
f60_a0_p07_s04,pku_round0_00203,1e-06,0.3819112849210294,"[0.0, 0.25, 0.5, 0.75, 1.0]",5,False,True,True,False
f60_a0_p07_s04,pku_round0_00203,0.0001,0.3819112849210294,"[0.0, 0.25, 0.5, 0.75, 1.0]",5,False,True,True,False
f60_a0_p07_s04,pku_round0_00203,0.001,0.3819112849210294,"[0.0, 0.25, 0.5, 0.75, 1.0]",5,False,True,True,False
f60_a0_p08_s00,pku_round0_00209,1e-08,0.41408427500378114,"[0.0, 0.25, 0.5, 0.75, 1.0]",5,False,True,True,False
f60_a0_p08_s00,pku_round0_00209,1e-06,0.41408427500378114,"[0.0, 0.25, 0.5, 0.75, 1.0]",5,False,True,True,False
f60_a0_p08_s00,pku_round0_00209,0.0001,0.41408427500378114,"[0.0, 0.25, 0.5, 0.75, 1.0]",5,False,True,True,False
f60_a0_p08_s00,pku_round0_00209,0.001,0.41408427500378114,"[0.0, 0.25, 0.5, 0.75, 1.0]",5,False,True,True,False
f60_a0_p08_s01,pku_round0_00209,1e-08,0.6637372253311152,"[0.0, 0.25, 0.5]",3,False,False,True,True
f60_a0_p08_s01,pku_round0_00209,1e-06,0.6637372253311152,"[0.0, 0.25, 0.5]",3,False,False,True,True
f60_a0_p08_s01,pku_round0_00209,0.0001,0.6637372253311152,"[0.0, 0.25, 0.5]",3,False,False,True,True
f60_a0_p08_s01,pku_round0_00209,0.001,0.6637372253311152,"[0.0, 0.25, 0.5]",3,False,False,True,True
f60_a0_p08_s02,pku_round0_00209,1e-08,0.6688686990903788,"[0.0, 0.25, 0.5, 0.75, 1.0]",5,False,True,True,False
f60_a0_p08_s02,pku_round0_00209,1e-06,0.6688686990903788,"[0.0, 0.25, 0.5, 0.75, 1.0]",5,False,True,True,False
f60_a0_p08_s02,pku_round0_00209,0.0001,0.6688686990903788,"[0.0, 0.25, 0.5, 0.75, 1.0]",5,False,True,True,False
f60_a0_p08_s02,pku_round0_00209,0.001,0.6688686990903788,"[0.0, 0.25, 0.5, 0.75, 1.0]",5,False,True,True,False
f60_a0_p08_s03,pku_round0_00209,1e-08,0.7616403431065403,"[0.0, 0.25, 0.5, 0.75, 1.0]",5,False,True,True,False
f60_a0_p08_s03,pku_round0_00209,1e-06,0.7616403431065403,"[0.0, 0.25, 0.5, 0.75, 1.0]",5,False,True,True,False
f60_a0_p08_s03,pku_round0_00209,0.0001,0.7616403431065403,"[0.0, 0.25, 0.5, 0.75, 1.0]",5,False,True,True,False
f60_a0_p08_s03,pku_round0_00209,0.001,0.7616403431065403,"[0.0, 0.25, 0.5, 0.75, 1.0]",5,False,True,True,False
f60_a0_p08_s04,pku_round0_00209,1e-08,0.7195082427673228,"[0.0, 0.25, 0.5, 0.75, 1.0]",5,False,True,True,False
f60_a0_p08_s04,pku_round0_00209,1e-06,0.7195082427673228,"[0.0, 0.25, 0.5, 0.75, 1.0]",5,False,True,True,False
f60_a0_p08_s04,pku_round0_00209,0.0001,0.7195082427673228,"[0.0, 0.25, 0.5, 0.75, 1.0]",5,False,True,True,False
f60_a0_p08_s04,pku_round0_00209,0.001,0.7195082427673228,"[0.0, 0.25, 0.5, 0.75, 1.0]",5,False,True,True,False
f60_a0_p09_s00,pku_round0_00217,1e-08,0.5098605319447747,"[0.0, 0.25]",2,False,False,True,True
f60_a0_p09_s00,pku_round0_00217,1e-06,0.5098605319447747,"[0.0, 0.25]",2,False,False,True,True
f60_a0_p09_s00,pku_round0_00217,0.0001,0.5098605319447747,"[0.0, 0.25]",2,False,False,True,True
f60_a0_p09_s00,pku_round0_00217,0.001,0.5098605319447747,"[0.0, 0.25]",2,False,False,True,True
f60_a0_p09_s01,pku_round0_00217,1e-08,0.5197183631138864,"[0.0, 0.25, 0.5, 0.75, 1.0]",5,False,True,True,False
f60_a0_p09_s01,pku_round0_00217,1e-06,0.5197183631138864,"[0.0, 0.25, 0.5, 0.75, 1.0]",5,False,True,True,False
f60_a0_p09_s01,pku_round0_00217,0.0001,0.5197183631138864,"[0.0, 0.25, 0.5, 0.75, 1.0]",5,False,True,True,False
f60_a0_p09_s01,pku_round0_00217,0.001,0.5197183631138864,"[0.0, 0.25, 0.5, 0.75, 1.0]",5,False,True,True,False
f60_a0_p09_s02,pku_round0_00217,1e-08,0.5837267463215436,"[0.0, 0.25, 0.5, 0.75, 1.0]",5,False,True,True,False
f60_a0_p09_s02,pku_round0_00217,1e-06,0.5837267463215436,"[0.0, 0.25, 0.5, 0.75, 1.0]",5,False,True,True,False
f60_a0_p09_s02,pku_round0_00217,0.0001,0.5837267463215436,"[0.0, 0.25, 0.5, 0.75, 1.0]",5,False,True,True,False
f60_a0_p09_s02,pku_round0_00217,0.001,0.5837267463215436,"[0.0, 0.25, 0.5, 0.75, 1.0]",5,False,True,True,False
f60_a0_p09_s03,pku_round0_00217,1e-08,0.6000664390813042,"[0.0, 0.25, 0.5, 0.75, 1.0]",5,False,True,True,False
f60_a0_p09_s03,pku_round0_00217,1e-06,0.6000664390813042,"[0.0, 0.25, 0.5, 0.75, 1.0]",5,False,True,True,False
f60_a0_p09_s03,pku_round0_00217,0.0001,0.6000664390813042,"[0.0, 0.25, 0.5, 0.75, 1.0]",5,False,True,True,False
f60_a0_p09_s03,pku_round0_00217,0.001,0.6000664390813042,"[0.0, 0.25, 0.5, 0.75, 1.0]",5,False,True,True,False
f60_a0_p09_s04,pku_round0_00217,1e-08,0.6646824968130848,"[0.0, 0.25, 0.5, 0.75, 1.0]",5,False,True,True,False
f60_a0_p09_s04,pku_round0_00217,1e-06,0.6646824968130848,"[0.0, 0.25, 0.5, 0.75, 1.0]",5,False,True,True,False
f60_a0_p09_s04,pku_round0_00217,0.0001,0.6646824968130848,"[0.0, 0.25, 0.5, 0.75, 1.0]",5,False,True,True,False
f60_a0_p09_s04,pku_round0_00217,0.001,0.6646824968130848,"[0.0, 0.25, 0.5, 0.75, 1.0]",5,False,True,True,False
f60_a1_p00_s00,pku_round0_00058,1e-08,0.6149859197138573,"[0.5, 0.75, 1.0]",3,False,True,False,True
f60_a1_p00_s00,pku_round0_00058,1e-06,0.6149859197138573,"[0.5, 0.75, 1.0]",3,False,True,False,True
f60_a1_p00_s00,pku_round0_00058,0.0001,0.6149859197138573,"[0.5, 0.75, 1.0]",3,False,True,False,True
f60_a1_p00_s00,pku_round0_00058,0.001,0.6149859197138573,"[0.5, 0.75, 1.0]",3,False,True,False,True
f60_a1_p00_s01,pku_round0_00058,1e-08,0.4748389354621051,"[0.0, 0.25, 0.5, 0.75, 1.0]",5,False,True,True,False
f60_a1_p00_s01,pku_round0_00058,1e-06,0.4748389354621051,"[0.0, 0.25, 0.5, 0.75, 1.0]",5,False,True,True,False
f60_a1_p00_s01,pku_round0_00058,0.0001,0.4748389354621051,"[0.0, 0.25, 0.5, 0.75, 1.0]",5,False,True,True,False
f60_a1_p00_s01,pku_round0_00058,0.001,0.4748389354621051,"[0.0, 0.25, 0.5, 0.75, 1.0]",5,False,True,True,False
f60_a1_p00_s02,pku_round0_00058,1e-08,0.726305689968113,"[0.25, 0.5, 0.75, 1.0]",4,False,True,False,True
f60_a1_p00_s02,pku_round0_00058,1e-06,0.726305689968113,"[0.25, 0.5, 0.75, 1.0]",4,False,True,False,True
f60_a1_p00_s02,pku_round0_00058,0.0001,0.726305689968113,"[0.25, 0.5, 0.75, 1.0]",4,False,True,False,True
f60_a1_p00_s02,pku_round0_00058,0.001,0.726305689968113,"[0.25, 0.5, 0.75, 1.0]",4,False,True,False,True
f60_a1_p00_s03,pku_round0_00058,1e-08,0.7246114629075004,"[0.0, 0.25, 0.5, 0.75, 1.0]",5,False,True,True,False
f60_a1_p00_s03,pku_round0_00058,1e-06,0.7246114629075004,"[0.0, 0.25, 0.5, 0.75, 1.0]",5,False,True,True,False
f60_a1_p00_s03,pku_round0_00058,0.0001,0.7246114629075004,"[0.0, 0.25, 0.5, 0.75, 1.0]",5,False,True,True,False
f60_a1_p00_s03,pku_round0_00058,0.001,0.7246114629075004,"[0.0, 0.25, 0.5, 0.75, 1.0]",5,False,True,True,False
f60_a1_p00_s04,pku_round0_00058,1e-08,0.7554307487486527,"[0.0, 0.25, 0.5, 0.75, 1.0]",5,False,True,True,False
f60_a1_p00_s04,pku_round0_00058,1e-06,0.7554307487486527,"[0.0, 0.25, 0.5, 0.75, 1.0]",5,False,True,True,False
f60_a1_p00_s04,pku_round0_00058,0.0001,0.7554307487486527,"[0.0, 0.25, 0.5, 0.75, 1.0]",5,False,True,True,False
f60_a1_p00_s04,pku_round0_00058,0.001,0.7554307487486527,"[0.0, 0.25, 0.5, 0.75, 1.0]",5,False,True,True,False
f60_a1_p01_s00,pku_round0_00094,1e-08,0.5779488321616872,"[0.25, 0.5, 0.75, 1.0]",4,False,True,False,True
f60_a1_p01_s00,pku_round0_00094,1e-06,0.5779488321616872,"[0.25, 0.5, 0.75, 1.0]",4,False,True,False,True
f60_a1_p01_s00,pku_round0_00094,0.0001,0.5779488321616872,"[0.25, 0.5, 0.75, 1.0]",4,False,True,False,True
f60_a1_p01_s00,pku_round0_00094,0.001,0.5779488321616872,"[0.25, 0.5, 0.75, 1.0]",4,False,True,False,True
f60_a1_p01_s01,pku_round0_00094,1e-08,0.5955633488714004,"[0.0, 0.25, 0.5, 0.75, 1.0]",5,False,True,True,False
f60_a1_p01_s01,pku_round0_00094,1e-06,0.5955633488714004,"[0.0, 0.25, 0.5, 0.75, 1.0]",5,False,True,True,False
f60_a1_p01_s01,pku_round0_00094,0.0001,0.5955633488714004,"[0.0, 0.25, 0.5, 0.75, 1.0]",5,False,True,True,False
f60_a1_p01_s01,pku_round0_00094,0.001,0.5955633488714004,"[0.0, 0.25, 0.5, 0.75, 1.0]",5,False,True,True,False
f60_a1_p01_s02,pku_round0_00094,1e-08,0.5459723052523276,"[0.0, 0.25, 0.5, 0.75, 1.0]",5,False,True,True,False
f60_a1_p01_s02,pku_round0_00094,1e-06,0.5459723052523276,"[0.0, 0.25, 0.5, 0.75, 1.0]",5,False,True,True,False
f60_a1_p01_s02,pku_round0_00094,0.0001,0.5459723052523276,"[0.0, 0.25, 0.5, 0.75, 1.0]",5,False,True,True,False
f60_a1_p01_s02,pku_round0_00094,0.001,0.5459723052523276,"[0.0, 0.25, 0.5, 0.75, 1.0]",5,False,True,True,False
f60_a1_p01_s03,pku_round0_00094,1e-08,0.557044209671901,"[0.0, 0.25, 0.5, 0.75, 1.0]",5,False,True,True,False
f60_a1_p01_s03,pku_round0_00094,1e-06,0.557044209671901,"[0.0, 0.25, 0.5, 0.75, 1.0]",5,False,True,True,False
f60_a1_p01_s03,pku_round0_00094,0.0001,0.557044209671901,"[0.0, 0.25, 0.5, 0.75, 1.0]",5,False,True,True,False
f60_a1_p01_s03,pku_round0_00094,0.001,0.557044209671901,"[0.0, 0.25, 0.5, 0.75, 1.0]",5,False,True,True,False
f60_a1_p01_s04,pku_round0_00094,1e-08,0.4442750759304589,"[0.0, 0.25, 0.5, 0.75, 1.0]",5,False,True,True,False
f60_a1_p01_s04,pku_round0_00094,1e-06,0.4442750759304589,"[0.0, 0.25, 0.5, 0.75, 1.0]",5,False,True,True,False
f60_a1_p01_s04,pku_round0_00094,0.0001,0.4442750759304589,"[0.0, 0.25, 0.5, 0.75, 1.0]",5,False,True,True,False
f60_a1_p01_s04,pku_round0_00094,0.001,0.4442750759304589,"[0.0, 0.25, 0.5, 0.75, 1.0]",5,False,True,True,False
f60_a1_p02_s00,pku_round0_00115,1e-08,0.6067662116317051,"[0.0, 0.25]",2,False,False,True,True
f60_a1_p02_s00,pku_round0_00115,1e-06,0.6067662116317051,"[0.0, 0.25]",2,False,False,True,True
f60_a1_p02_s00,pku_round0_00115,0.0001,0.6067662116317051,"[0.0, 0.25]",2,False,False,True,True
f60_a1_p02_s00,pku_round0_00115,0.001,0.6067662116317051,"[0.0, 0.25]",2,False,False,True,True
f60_a1_p02_s01,pku_round0_00115,1e-08,0.6181553109239726,"[0.0, 0.25, 0.5, 0.75, 1.0]",5,False,True,True,False
f60_a1_p02_s01,pku_round0_00115,1e-06,0.6181553109239726,"[0.0, 0.25, 0.5, 0.75, 1.0]",5,False,True,True,False
f60_a1_p02_s01,pku_round0_00115,0.0001,0.6181553109239726,"[0.0, 0.25, 0.5, 0.75, 1.0]",5,False,True,True,False
f60_a1_p02_s01,pku_round0_00115,0.001,0.6181553109239726,"[0.0, 0.25, 0.5, 0.75, 1.0]",5,False,True,True,False
f60_a1_p02_s02,pku_round0_00115,1e-08,0.5758202171132316,"[0.0, 0.25, 0.5, 0.75, 1.0]",5,False,True,True,False
f60_a1_p02_s02,pku_round0_00115,1e-06,0.5758202171132316,"[0.0, 0.25, 0.5, 0.75, 1.0]",5,False,True,True,False
f60_a1_p02_s02,pku_round0_00115,0.0001,0.5758202171132316,"[0.0, 0.25, 0.5, 0.75, 1.0]",5,False,True,True,False
f60_a1_p02_s02,pku_round0_00115,0.001,0.5758202171132316,"[0.0, 0.25, 0.5, 0.75, 1.0]",5,False,True,True,False
f60_a1_p02_s03,pku_round0_00115,1e-08,0.5367000642831294,"[0.0, 0.25, 0.5, 0.75, 1.0]",5,False,True,True,False
f60_a1_p02_s03,pku_round0_00115,1e-06,0.5367000642831294,"[0.0, 0.25, 0.5, 0.75, 1.0]",5,False,True,True,False
f60_a1_p02_s03,pku_round0_00115,0.0001,0.5367000642831294,"[0.0, 0.25, 0.5, 0.75, 1.0]",5,False,True,True,False
f60_a1_p02_s03,pku_round0_00115,0.001,0.5367000642831294,"[0.0, 0.25, 0.5, 0.75, 1.0]",5,False,True,True,False
f60_a1_p02_s04,pku_round0_00115,1e-08,0.5783821156240401,"[0.0, 0.25, 0.5, 0.75, 1.0]",5,False,True,True,False
f60_a1_p02_s04,pku_round0_00115,1e-06,0.5783821156240401,"[0.0, 0.25, 0.5, 0.75, 1.0]",5,False,True,True,False
f60_a1_p02_s04,pku_round0_00115,0.0001,0.5783821156240401,"[0.0, 0.25, 0.5, 0.75, 1.0]",5,False,True,True,False
f60_a1_p02_s04,pku_round0_00115,0.001,0.5783821156240401,"[0.0, 0.25, 0.5, 0.75, 1.0]",5,False,True,True,False
f60_a1_p03_s00,pku_round0_00123,1e-08,0.550980792731089,"[0.25, 0.5, 0.75, 1.0]",4,False,True,False,True
f60_a1_p03_s00,pku_round0_00123,1e-06,0.550980792731089,"[0.25, 0.5, 0.75, 1.0]",4,False,True,False,True
f60_a1_p03_s00,pku_round0_00123,0.0001,0.550980792731089,"[0.25, 0.5, 0.75, 1.0]",4,False,True,False,True
f60_a1_p03_s00,pku_round0_00123,0.001,0.550980792731089,"[0.25, 0.5, 0.75, 1.0]",4,False,True,False,True
f60_a1_p03_s01,pku_round0_00123,1e-08,0.6100273810221079,"[0.0, 0.25, 0.5, 0.75, 1.0]",5,False,True,True,False
f60_a1_p03_s01,pku_round0_00123,1e-06,0.6100273810221079,"[0.0, 0.25, 0.5, 0.75, 1.0]",5,False,True,True,False
f60_a1_p03_s01,pku_round0_00123,0.0001,0.6100273810221079,"[0.0, 0.25, 0.5, 0.75, 1.0]",5,False,True,True,False
f60_a1_p03_s01,pku_round0_00123,0.001,0.6100273810221079,"[0.0, 0.25, 0.5, 0.75, 1.0]",5,False,True,True,False
f60_a1_p03_s02,pku_round0_00123,1e-08,0.610225259121625,"[0.0, 0.25, 0.5, 0.75, 1.0]",5,False,True,True,False
f60_a1_p03_s02,pku_round0_00123,1e-06,0.610225259121625,"[0.0, 0.25, 0.5, 0.75, 1.0]",5,False,True,True,False
f60_a1_p03_s02,pku_round0_00123,0.0001,0.610225259121625,"[0.0, 0.25, 0.5, 0.75, 1.0]",5,False,True,True,False
f60_a1_p03_s02,pku_round0_00123,0.001,0.610225259121625,"[0.0, 0.25, 0.5, 0.75, 1.0]",5,False,True,True,False
f60_a1_p03_s03,pku_round0_00123,1e-08,0.6764693881874251,"[0.0, 0.25, 0.5, 0.75, 1.0]",5,False,True,True,False
f60_a1_p03_s03,pku_round0_00123,1e-06,0.6764693881874251,"[0.0, 0.25, 0.5, 0.75, 1.0]",5,False,True,True,False
f60_a1_p03_s03,pku_round0_00123,0.0001,0.6764693881874251,"[0.0, 0.25, 0.5, 0.75, 1.0]",5,False,True,True,False
f60_a1_p03_s03,pku_round0_00123,0.001,0.6764693881874251,"[0.0, 0.25, 0.5, 0.75, 1.0]",5,False,True,True,False
f60_a1_p03_s04,pku_round0_00123,1e-08,0.7059234648735251,"[0.0, 0.25, 0.5, 0.75, 1.0]",5,False,True,True,False
f60_a1_p03_s04,pku_round0_00123,1e-06,0.7059234648735251,"[0.0, 0.25, 0.5, 0.75, 1.0]",5,False,True,True,False
f60_a1_p03_s04,pku_round0_00123,0.0001,0.7059234648735251,"[0.0, 0.25, 0.5, 0.75, 1.0]",5,False,True,True,False
f60_a1_p03_s04,pku_round0_00123,0.001,0.7059234648735251,"[0.0, 0.25, 0.5, 0.75, 1.0]",5,False,True,True,False
f60_a1_p04_s00,pku_round0_00126,1e-08,0.6156413372307021,"[0.25, 0.5, 0.75, 1.0]",4,False,True,False,True
f60_a1_p04_s00,pku_round0_00126,1e-06,0.6156413372307021,"[0.25, 0.5, 0.75, 1.0]",4,False,True,False,True
f60_a1_p04_s00,pku_round0_00126,0.0001,0.6156413372307021,"[0.25, 0.5, 0.75, 1.0]",4,False,True,False,True
f60_a1_p04_s00,pku_round0_00126,0.001,0.6156413372307021,"[0.25, 0.5, 0.75, 1.0]",4,False,True,False,True
f60_a1_p04_s01,pku_round0_00126,1e-08,0.5868772123419465,"[0.0, 0.25, 0.5, 0.75, 1.0]",5,False,True,True,False
f60_a1_p04_s01,pku_round0_00126,1e-06,0.5868772123419465,"[0.0, 0.25, 0.5, 0.75, 1.0]",5,False,True,True,False
f60_a1_p04_s01,pku_round0_00126,0.0001,0.5868772123419465,"[0.0, 0.25, 0.5, 0.75, 1.0]",5,False,True,True,False
f60_a1_p04_s01,pku_round0_00126,0.001,0.5868772123419465,"[0.0, 0.25, 0.5, 0.75, 1.0]",5,False,True,True,False
f60_a1_p04_s02,pku_round0_00126,1e-08,0.5203722665946435,"[0.0, 0.25, 0.5, 0.75, 1.0]",5,False,True,True,False
f60_a1_p04_s02,pku_round0_00126,1e-06,0.5203722665946435,"[0.0, 0.25, 0.5, 0.75, 1.0]",5,False,True,True,False
f60_a1_p04_s02,pku_round0_00126,0.0001,0.5203722665946435,"[0.0, 0.25, 0.5, 0.75, 1.0]",5,False,True,True,False
f60_a1_p04_s02,pku_round0_00126,0.001,0.5203722665946435,"[0.0, 0.25, 0.5, 0.75, 1.0]",5,False,True,True,False
f60_a1_p04_s03,pku_round0_00126,1e-08,0.598822574440742,[0.0],1,True,False,True,True
f60_a1_p04_s03,pku_round0_00126,1e-06,0.598822574440742,[0.0],1,True,False,True,True
f60_a1_p04_s03,pku_round0_00126,0.0001,0.598822574440742,[0.0],1,True,False,True,True
f60_a1_p04_s03,pku_round0_00126,0.001,0.598822574440742,[0.0],1,True,False,True,True
f60_a1_p04_s04,pku_round0_00126,1e-08,0.6124621831402908,"[0.0, 0.25, 0.5, 0.75, 1.0]",5,False,True,True,False
f60_a1_p04_s04,pku_round0_00126,1e-06,0.6124621831402908,"[0.0, 0.25, 0.5, 0.75, 1.0]",5,False,True,True,False
f60_a1_p04_s04,pku_round0_00126,0.0001,0.6124621831402908,"[0.0, 0.25, 0.5, 0.75, 1.0]",5,False,True,True,False
f60_a1_p04_s04,pku_round0_00126,0.001,0.6124621831402908,"[0.0, 0.25, 0.5, 0.75, 1.0]",5,False,True,True,False
f60_a1_p05_s00,pku_round0_00146,1e-08,0.5549046324141407,[0.0],1,True,False,True,True
f60_a1_p05_s00,pku_round0_00146,1e-06,0.5549046324141407,[0.0],1,True,False,True,True
f60_a1_p05_s00,pku_round0_00146,0.0001,0.5549046324141407,[0.0],1,True,False,True,True
f60_a1_p05_s00,pku_round0_00146,0.001,0.5549046324141407,[0.0],1,True,False,True,True
f60_a1_p05_s01,pku_round0_00146,1e-08,0.30834949788812144,"[0.0, 0.25, 0.5, 0.75, 1.0]",5,False,True,True,False
f60_a1_p05_s01,pku_round0_00146,1e-06,0.30834949788812144,"[0.0, 0.25, 0.5, 0.75, 1.0]",5,False,True,True,False
f60_a1_p05_s01,pku_round0_00146,0.0001,0.30834949788812144,"[0.0, 0.25, 0.5, 0.75, 1.0]",5,False,True,True,False
f60_a1_p05_s01,pku_round0_00146,0.001,0.30834949788812144,"[0.0, 0.25, 0.5, 0.75, 1.0]",5,False,True,True,False
f60_a1_p05_s02,pku_round0_00146,1e-08,0.48310568275355315,"[0.0, 0.25, 0.5, 0.75, 1.0]",5,False,True,True,False
f60_a1_p05_s02,pku_round0_00146,1e-06,0.48310568275355315,"[0.0, 0.25, 0.5, 0.75, 1.0]",5,False,True,True,False
f60_a1_p05_s02,pku_round0_00146,0.0001,0.48310568275355315,"[0.0, 0.25, 0.5, 0.75, 1.0]",5,False,True,True,False
f60_a1_p05_s02,pku_round0_00146,0.001,0.48310568275355315,"[0.0, 0.25, 0.5, 0.75, 1.0]",5,False,True,True,False
f60_a1_p05_s03,pku_round0_00146,1e-08,0.4905615512738314,"[0.0, 0.25, 0.5, 0.75, 1.0]",5,False,True,True,False
f60_a1_p05_s03,pku_round0_00146,1e-06,0.4905615512738314,"[0.0, 0.25, 0.5, 0.75, 1.0]",5,False,True,True,False
f60_a1_p05_s03,pku_round0_00146,0.0001,0.4905615512738314,"[0.0, 0.25, 0.5, 0.75, 1.0]",5,False,True,True,False
f60_a1_p05_s03,pku_round0_00146,0.001,0.4905615512738314,"[0.0, 0.25, 0.5, 0.75, 1.0]",5,False,True,True,False
f60_a1_p05_s04,pku_round0_00146,1e-08,0.48903166798413783,"[0.0, 0.25, 0.5, 0.75, 1.0]",5,False,True,True,False
f60_a1_p05_s04,pku_round0_00146,1e-06,0.48903166798413783,"[0.0, 0.25, 0.5, 0.75, 1.0]",5,False,True,True,False
f60_a1_p05_s04,pku_round0_00146,0.0001,0.48903166798413783,"[0.0, 0.25, 0.5, 0.75, 1.0]",5,False,True,True,False
f60_a1_p05_s04,pku_round0_00146,0.001,0.48903166798413783,"[0.0, 0.25, 0.5, 0.75, 1.0]",5,False,True,True,False
f60_a1_p06_s00,pku_round0_00198,1e-08,0.6373505502036684,"[0.0, 0.25, 0.5, 0.75, 1.0]",5,False,True,True,False
f60_a1_p06_s00,pku_round0_00198,1e-06,0.6373505502036684,"[0.0, 0.25, 0.5, 0.75, 1.0]",5,False,True,True,False
f60_a1_p06_s00,pku_round0_00198,0.0001,0.6373505502036684,"[0.0, 0.25, 0.5, 0.75, 1.0]",5,False,True,True,False
f60_a1_p06_s00,pku_round0_00198,0.001,0.6373505502036684,"[0.0, 0.25, 0.5, 0.75, 1.0]",5,False,True,True,False
f60_a1_p06_s01,pku_round0_00198,1e-08,0.38510467876976445,"[0.0, 0.25, 0.5, 0.75, 1.0]",5,False,True,True,False
f60_a1_p06_s01,pku_round0_00198,1e-06,0.38510467876976445,"[0.0, 0.25, 0.5, 0.75, 1.0]",5,False,True,True,False
f60_a1_p06_s01,pku_round0_00198,0.0001,0.38510467876976445,"[0.0, 0.25, 0.5, 0.75, 1.0]",5,False,True,True,False
f60_a1_p06_s01,pku_round0_00198,0.001,0.38510467876976445,"[0.0, 0.25, 0.5, 0.75, 1.0]",5,False,True,True,False
f60_a1_p06_s02,pku_round0_00198,1e-08,0.5687473655718279,"[0.0, 0.25, 0.5, 0.75, 1.0]",5,False,True,True,False
f60_a1_p06_s02,pku_round0_00198,1e-06,0.5687473655718279,"[0.0, 0.25, 0.5, 0.75, 1.0]",5,False,True,True,False
f60_a1_p06_s02,pku_round0_00198,0.0001,0.5687473655718279,"[0.0, 0.25, 0.5, 0.75, 1.0]",5,False,True,True,False
f60_a1_p06_s02,pku_round0_00198,0.001,0.5687473655718279,"[0.0, 0.25, 0.5, 0.75, 1.0]",5,False,True,True,False
f60_a1_p06_s03,pku_round0_00198,1e-08,0.5863535432515469,"[0.0, 0.25, 0.5, 0.75, 1.0]",5,False,True,True,False
f60_a1_p06_s03,pku_round0_00198,1e-06,0.5863535432515469,"[0.0, 0.25, 0.5, 0.75, 1.0]",5,False,True,True,False
f60_a1_p06_s03,pku_round0_00198,0.0001,0.5863535432515469,"[0.0, 0.25, 0.5, 0.75, 1.0]",5,False,True,True,False
f60_a1_p06_s03,pku_round0_00198,0.001,0.5863535432515469,"[0.0, 0.25, 0.5, 0.75, 1.0]",5,False,True,True,False
f60_a1_p06_s04,pku_round0_00198,1e-08,0.44669488789519773,"[0.0, 0.25, 0.5, 0.75, 1.0]",5,False,True,True,False
f60_a1_p06_s04,pku_round0_00198,1e-06,0.44669488789519773,"[0.0, 0.25, 0.5, 0.75, 1.0]",5,False,True,True,False
f60_a1_p06_s04,pku_round0_00198,0.0001,0.44669488789519773,"[0.0, 0.25, 0.5, 0.75, 1.0]",5,False,True,True,False
f60_a1_p06_s04,pku_round0_00198,0.001,0.44669488789519773,"[0.0, 0.25, 0.5, 0.75, 1.0]",5,False,True,True,False
f60_a1_p07_s00,pku_round0_00203,1e-08,0.48154180645477607,"[0.0, 0.25, 0.5, 0.75, 1.0]",5,False,True,True,False
f60_a1_p07_s00,pku_round0_00203,1e-06,0.48154180645477607,"[0.0, 0.25, 0.5, 0.75, 1.0]",5,False,True,True,False
f60_a1_p07_s00,pku_round0_00203,0.0001,0.48154180645477607,"[0.0, 0.25, 0.5, 0.75, 1.0]",5,False,True,True,False
f60_a1_p07_s00,pku_round0_00203,0.001,0.48154180645477607,"[0.0, 0.25, 0.5, 0.75, 1.0]",5,False,True,True,False
f60_a1_p07_s01,pku_round0_00203,1e-08,0.5939099593938874,"[0.0, 0.25, 0.5, 0.75, 1.0]",5,False,True,True,False
f60_a1_p07_s01,pku_round0_00203,1e-06,0.5939099593938874,"[0.0, 0.25, 0.5, 0.75, 1.0]",5,False,True,True,False
f60_a1_p07_s01,pku_round0_00203,0.0001,0.5939099593938874,"[0.0, 0.25, 0.5, 0.75, 1.0]",5,False,True,True,False
f60_a1_p07_s01,pku_round0_00203,0.001,0.5939099593938874,"[0.0, 0.25, 0.5, 0.75, 1.0]",5,False,True,True,False
f60_a1_p07_s02,pku_round0_00203,1e-08,0.6222765999231059,"[0.0, 0.25, 0.5, 0.75, 1.0]",5,False,True,True,False
f60_a1_p07_s02,pku_round0_00203,1e-06,0.6222765999231059,"[0.0, 0.25, 0.5, 0.75, 1.0]",5,False,True,True,False
f60_a1_p07_s02,pku_round0_00203,0.0001,0.6222765999231059,"[0.0, 0.25, 0.5, 0.75, 1.0]",5,False,True,True,False
f60_a1_p07_s02,pku_round0_00203,0.001,0.6222765999231059,"[0.0, 0.25, 0.5, 0.75, 1.0]",5,False,True,True,False
f60_a1_p07_s03,pku_round0_00203,1e-08,0.5750735283600982,"[0.0, 0.25, 0.5, 0.75, 1.0]",5,False,True,True,False
f60_a1_p07_s03,pku_round0_00203,1e-06,0.5750735283600982,"[0.0, 0.25, 0.5, 0.75, 1.0]",5,False,True,True,False
f60_a1_p07_s03,pku_round0_00203,0.0001,0.5750735283600982,"[0.0, 0.25, 0.5, 0.75, 1.0]",5,False,True,True,False
f60_a1_p07_s03,pku_round0_00203,0.001,0.5750735283600982,"[0.0, 0.25, 0.5, 0.75, 1.0]",5,False,True,True,False
f60_a1_p07_s04,pku_round0_00203,1e-08,0.5416163126859344,"[0.0, 0.25, 0.5, 0.75, 1.0]",5,False,True,True,False
f60_a1_p07_s04,pku_round0_00203,1e-06,0.5416163126859344,"[0.0, 0.25, 0.5, 0.75, 1.0]",5,False,True,True,False
f60_a1_p07_s04,pku_round0_00203,0.0001,0.5416163126859344,"[0.0, 0.25, 0.5, 0.75, 1.0]",5,False,True,True,False
f60_a1_p07_s04,pku_round0_00203,0.001,0.5416163126859344,"[0.0, 0.25, 0.5, 0.75, 1.0]",5,False,True,True,False
f60_a1_p08_s00,pku_round0_00209,1e-08,0.4132028803976724,"[0.0, 0.25, 0.5, 0.75, 1.0]",5,False,True,True,False
f60_a1_p08_s00,pku_round0_00209,1e-06,0.4132028803976724,"[0.0, 0.25, 0.5, 0.75, 1.0]",5,False,True,True,False
f60_a1_p08_s00,pku_round0_00209,0.0001,0.4132028803976724,"[0.0, 0.25, 0.5, 0.75, 1.0]",5,False,True,True,False
f60_a1_p08_s00,pku_round0_00209,0.001,0.4132028803976724,"[0.0, 0.25, 0.5, 0.75, 1.0]",5,False,True,True,False
f60_a1_p08_s01,pku_round0_00209,1e-08,0.6456884461083313,[1.0],1,True,True,False,True
f60_a1_p08_s01,pku_round0_00209,1e-06,0.6456884461083313,[1.0],1,True,True,False,True
f60_a1_p08_s01,pku_round0_00209,0.0001,0.6456884461083313,[1.0],1,True,True,False,True
f60_a1_p08_s01,pku_round0_00209,0.001,0.6456884461083313,"[0.0, 0.25, 0.5, 0.75, 1.0]",5,False,True,True,True
f60_a1_p08_s02,pku_round0_00209,1e-08,0.5633886558357731,"[0.0, 0.25, 0.5, 0.75, 1.0]",5,False,True,True,False
f60_a1_p08_s02,pku_round0_00209,1e-06,0.5633886558357731,"[0.0, 0.25, 0.5, 0.75, 1.0]",5,False,True,True,False
f60_a1_p08_s02,pku_round0_00209,0.0001,0.5633886558357731,"[0.0, 0.25, 0.5, 0.75, 1.0]",5,False,True,True,False
f60_a1_p08_s02,pku_round0_00209,0.001,0.5633886558357731,"[0.0, 0.25, 0.5, 0.75, 1.0]",5,False,True,True,False
f60_a1_p08_s03,pku_round0_00209,1e-08,0.6393874835037002,"[0.0, 0.25, 0.5, 0.75, 1.0]",5,False,True,True,False
f60_a1_p08_s03,pku_round0_00209,1e-06,0.6393874835037002,"[0.0, 0.25, 0.5, 0.75, 1.0]",5,False,True,True,False
f60_a1_p08_s03,pku_round0_00209,0.0001,0.6393874835037002,"[0.0, 0.25, 0.5, 0.75, 1.0]",5,False,True,True,False
f60_a1_p08_s03,pku_round0_00209,0.001,0.6393874835037002,"[0.0, 0.25, 0.5, 0.75, 1.0]",5,False,True,True,False
f60_a1_p08_s04,pku_round0_00209,1e-08,0.55184722866918,[0.0],1,True,False,True,True
f60_a1_p08_s04,pku_round0_00209,1e-06,0.55184722866918,[0.0],1,True,False,True,True
f60_a1_p08_s04,pku_round0_00209,0.0001,0.55184722866918,[0.0],1,True,False,True,True
f60_a1_p08_s04,pku_round0_00209,0.001,0.55184722866918,[0.0],1,True,False,True,True
f60_a1_p09_s00,pku_round0_00217,1e-08,0.5884317774728649,[0.0],1,True,False,True,True
f60_a1_p09_s00,pku_round0_00217,1e-06,0.5884317774728649,[0.0],1,True,False,True,True
f60_a1_p09_s00,pku_round0_00217,0.0001,0.5884317774728649,[0.0],1,True,False,True,True
f60_a1_p09_s00,pku_round0_00217,0.001,0.5884317774728649,[0.0],1,True,False,True,True
f60_a1_p09_s01,pku_round0_00217,1e-08,0.633774630551756,"[0.0, 0.25, 0.5, 0.75, 1.0]",5,False,True,True,False
f60_a1_p09_s01,pku_round0_00217,1e-06,0.633774630551756,"[0.0, 0.25, 0.5, 0.75, 1.0]",5,False,True,True,False
f60_a1_p09_s01,pku_round0_00217,0.0001,0.633774630551756,"[0.0, 0.25, 0.5, 0.75, 1.0]",5,False,True,True,False
f60_a1_p09_s01,pku_round0_00217,0.001,0.633774630551756,"[0.0, 0.25, 0.5, 0.75, 1.0]",5,False,True,True,False
f60_a1_p09_s02,pku_round0_00217,1e-08,0.6808413061800291,"[0.0, 0.25, 0.5, 0.75, 1.0]",5,False,True,True,False
f60_a1_p09_s02,pku_round0_00217,1e-06,0.6808413061800291,"[0.0, 0.25, 0.5, 0.75, 1.0]",5,False,True,True,False
f60_a1_p09_s02,pku_round0_00217,0.0001,0.6808413061800291,"[0.0, 0.25, 0.5, 0.75, 1.0]",5,False,True,True,False
f60_a1_p09_s02,pku_round0_00217,0.001,0.6808413061800291,"[0.0, 0.25, 0.5, 0.75, 1.0]",5,False,True,True,False
f60_a1_p09_s03,pku_round0_00217,1e-08,0.6958522702970944,"[0.0, 0.25, 0.5, 0.75, 1.0]",5,False,True,True,False
f60_a1_p09_s03,pku_round0_00217,1e-06,0.6958522702970944,"[0.0, 0.25, 0.5, 0.75, 1.0]",5,False,True,True,False
f60_a1_p09_s03,pku_round0_00217,0.0001,0.6958522702970944,"[0.0, 0.25, 0.5, 0.75, 1.0]",5,False,True,True,False
f60_a1_p09_s03,pku_round0_00217,0.001,0.6958522702970944,"[0.0, 0.25, 0.5, 0.75, 1.0]",5,False,True,True,False
f60_a1_p09_s04,pku_round0_00217,1e-08,0.7400547402047332,"[0.0, 0.25, 0.5, 0.75, 1.0]",5,False,True,True,False
f60_a1_p09_s04,pku_round0_00217,1e-06,0.7400547402047332,"[0.0, 0.25, 0.5, 0.75, 1.0]",5,False,True,True,False
f60_a1_p09_s04,pku_round0_00217,0.0001,0.7400547402047332,"[0.0, 0.25, 0.5, 0.75, 1.0]",5,False,True,True,False
f60_a1_p09_s04,pku_round0_00217,0.001,0.7400547402047332,"[0.0, 0.25, 0.5, 0.75, 1.0]",5,False,True,True,False
f60_a2_p00_s00,pku_round0_00058,1e-08,0.6101651983405186,"[0.5, 0.75, 1.0]",3,False,True,False,True
f60_a2_p00_s00,pku_round0_00058,1e-06,0.6101651983405186,"[0.5, 0.75, 1.0]",3,False,True,False,True
f60_a2_p00_s00,pku_round0_00058,0.0001,0.6101651983405186,"[0.5, 0.75, 1.0]",3,False,True,False,True
f60_a2_p00_s00,pku_round0_00058,0.001,0.6101651983405186,"[0.5, 0.75, 1.0]",3,False,True,False,True
f60_a2_p00_s01,pku_round0_00058,1e-08,0.646733812159396,"[0.0, 0.25, 0.5, 0.75, 1.0]",5,False,True,True,False
f60_a2_p00_s01,pku_round0_00058,1e-06,0.646733812159396,"[0.0, 0.25, 0.5, 0.75, 1.0]",5,False,True,True,False
f60_a2_p00_s01,pku_round0_00058,0.0001,0.646733812159396,"[0.0, 0.25, 0.5, 0.75, 1.0]",5,False,True,True,False
f60_a2_p00_s01,pku_round0_00058,0.001,0.646733812159396,"[0.0, 0.25, 0.5, 0.75, 1.0]",5,False,True,True,False
f60_a2_p00_s02,pku_round0_00058,1e-08,0.6547047929859349,"[0.0, 0.25, 0.5, 0.75, 1.0]",5,False,True,True,False
f60_a2_p00_s02,pku_round0_00058,1e-06,0.6547047929859349,"[0.0, 0.25, 0.5, 0.75, 1.0]",5,False,True,True,False
f60_a2_p00_s02,pku_round0_00058,0.0001,0.6547047929859349,"[0.0, 0.25, 0.5, 0.75, 1.0]",5,False,True,True,False
f60_a2_p00_s02,pku_round0_00058,0.001,0.6547047929859349,"[0.0, 0.25, 0.5, 0.75, 1.0]",5,False,True,True,False
f60_a2_p00_s03,pku_round0_00058,1e-08,0.6956410152658906,"[0.0, 0.25, 0.5, 0.75, 1.0]",5,False,True,True,False
f60_a2_p00_s03,pku_round0_00058,1e-06,0.6956410152658906,"[0.0, 0.25, 0.5, 0.75, 1.0]",5,False,True,True,False
f60_a2_p00_s03,pku_round0_00058,0.0001,0.6956410152658906,"[0.0, 0.25, 0.5, 0.75, 1.0]",5,False,True,True,False
f60_a2_p00_s03,pku_round0_00058,0.001,0.6956410152658906,"[0.0, 0.25, 0.5, 0.75, 1.0]",5,False,True,True,False
f60_a2_p00_s04,pku_round0_00058,1e-08,0.5488495940987534,"[0.0, 0.25, 0.5, 0.75, 1.0]",5,False,True,True,False
f60_a2_p00_s04,pku_round0_00058,1e-06,0.5488495940987534,"[0.0, 0.25, 0.5, 0.75, 1.0]",5,False,True,True,False
f60_a2_p00_s04,pku_round0_00058,0.0001,0.5488495940987534,"[0.0, 0.25, 0.5, 0.75, 1.0]",5,False,True,True,False
f60_a2_p00_s04,pku_round0_00058,0.001,0.5488495940987534,"[0.0, 0.25, 0.5, 0.75, 1.0]",5,False,True,True,False
f60_a2_p01_s00,pku_round0_00094,1e-08,0.6650752948953398,[0.0],1,True,False,True,True
f60_a2_p01_s00,pku_round0_00094,1e-06,0.6650752948953398,[0.0],1,True,False,True,True
f60_a2_p01_s00,pku_round0_00094,0.0001,0.6650752948953398,[0.0],1,True,False,True,True
f60_a2_p01_s00,pku_round0_00094,0.001,0.6650752948953398,[0.0],1,True,False,True,True
f60_a2_p01_s01,pku_round0_00094,1e-08,0.5907901810952194,"[0.0, 0.25, 0.5, 0.75, 1.0]",5,False,True,True,False
f60_a2_p01_s01,pku_round0_00094,1e-06,0.5907901810952194,"[0.0, 0.25, 0.5, 0.75, 1.0]",5,False,True,True,False
f60_a2_p01_s01,pku_round0_00094,0.0001,0.5907901810952194,"[0.0, 0.25, 0.5, 0.75, 1.0]",5,False,True,True,False
f60_a2_p01_s01,pku_round0_00094,0.001,0.5907901810952194,"[0.0, 0.25, 0.5, 0.75, 1.0]",5,False,True,True,False
f60_a2_p01_s02,pku_round0_00094,1e-08,0.5620308192638108,"[0.0, 0.25, 0.5, 0.75, 1.0]",5,False,True,True,False
f60_a2_p01_s02,pku_round0_00094,1e-06,0.5620308192638108,"[0.0, 0.25, 0.5, 0.75, 1.0]",5,False,True,True,False
f60_a2_p01_s02,pku_round0_00094,0.0001,0.5620308192638108,"[0.0, 0.25, 0.5, 0.75, 1.0]",5,False,True,True,False
f60_a2_p01_s02,pku_round0_00094,0.001,0.5620308192638108,"[0.0, 0.25, 0.5, 0.75, 1.0]",5,False,True,True,False
f60_a2_p01_s03,pku_round0_00094,1e-08,0.5857613338048353,"[0.0, 0.25, 0.5, 0.75, 1.0]",5,False,True,True,False
f60_a2_p01_s03,pku_round0_00094,1e-06,0.5857613338048353,"[0.0, 0.25, 0.5, 0.75, 1.0]",5,False,True,True,False
f60_a2_p01_s03,pku_round0_00094,0.0001,0.5857613338048353,"[0.0, 0.25, 0.5, 0.75, 1.0]",5,False,True,True,False
f60_a2_p01_s03,pku_round0_00094,0.001,0.5857613338048353,"[0.0, 0.25, 0.5, 0.75, 1.0]",5,False,True,True,False
f60_a2_p01_s04,pku_round0_00094,1e-08,0.4938777019332985,"[0.0, 0.25, 0.5, 0.75, 1.0]",5,False,True,True,False
f60_a2_p01_s04,pku_round0_00094,1e-06,0.4938777019332985,"[0.0, 0.25, 0.5, 0.75, 1.0]",5,False,True,True,False
f60_a2_p01_s04,pku_round0_00094,0.0001,0.4938777019332985,"[0.0, 0.25, 0.5, 0.75, 1.0]",5,False,True,True,False
f60_a2_p01_s04,pku_round0_00094,0.001,0.4938777019332985,"[0.0, 0.25, 0.5, 0.75, 1.0]",5,False,True,True,False
f60_a2_p02_s00,pku_round0_00115,1e-08,0.6805635813419608,[0.0],1,True,False,True,True
f60_a2_p02_s00,pku_round0_00115,1e-06,0.6805635813419608,[0.0],1,True,False,True,True
f60_a2_p02_s00,pku_round0_00115,0.0001,0.6805635813419608,[0.0],1,True,False,True,True
f60_a2_p02_s00,pku_round0_00115,0.001,0.6805635813419608,[0.0],1,True,False,True,True
f60_a2_p02_s01,pku_round0_00115,1e-08,0.5727449626444286,"[0.0, 0.25, 0.5, 0.75, 1.0]",5,False,True,True,False
f60_a2_p02_s01,pku_round0_00115,1e-06,0.5727449626444286,"[0.0, 0.25, 0.5, 0.75, 1.0]",5,False,True,True,False
f60_a2_p02_s01,pku_round0_00115,0.0001,0.5727449626444286,"[0.0, 0.25, 0.5, 0.75, 1.0]",5,False,True,True,False
f60_a2_p02_s01,pku_round0_00115,0.001,0.5727449626444286,"[0.0, 0.25, 0.5, 0.75, 1.0]",5,False,True,True,False
f60_a2_p02_s02,pku_round0_00115,1e-08,0.46493745414263254,"[0.0, 0.25, 0.5, 0.75, 1.0]",5,False,True,True,False
f60_a2_p02_s02,pku_round0_00115,1e-06,0.46493745414263254,"[0.0, 0.25, 0.5, 0.75, 1.0]",5,False,True,True,False
f60_a2_p02_s02,pku_round0_00115,0.0001,0.46493745414263254,"[0.0, 0.25, 0.5, 0.75, 1.0]",5,False,True,True,False
f60_a2_p02_s02,pku_round0_00115,0.001,0.46493745414263254,"[0.0, 0.25, 0.5, 0.75, 1.0]",5,False,True,True,False
f60_a2_p02_s03,pku_round0_00115,1e-08,0.6467360277237568,"[0.0, 0.25, 0.5, 0.75, 1.0]",5,False,True,True,False
f60_a2_p02_s03,pku_round0_00115,1e-06,0.6467360277237568,"[0.0, 0.25, 0.5, 0.75, 1.0]",5,False,True,True,False
f60_a2_p02_s03,pku_round0_00115,0.0001,0.6467360277237568,"[0.0, 0.25, 0.5, 0.75, 1.0]",5,False,True,True,False
f60_a2_p02_s03,pku_round0_00115,0.001,0.6467360277237568,"[0.0, 0.25, 0.5, 0.75, 1.0]",5,False,True,True,False
f60_a2_p02_s04,pku_round0_00115,1e-08,0.6102591662431194,"[0.0, 0.25, 0.5, 0.75, 1.0]",5,False,True,True,False
f60_a2_p02_s04,pku_round0_00115,1e-06,0.6102591662431194,"[0.0, 0.25, 0.5, 0.75, 1.0]",5,False,True,True,False
f60_a2_p02_s04,pku_round0_00115,0.0001,0.6102591662431194,"[0.0, 0.25, 0.5, 0.75, 1.0]",5,False,True,True,False
f60_a2_p02_s04,pku_round0_00115,0.001,0.6102591662431194,"[0.0, 0.25, 0.5, 0.75, 1.0]",5,False,True,True,False
f60_a2_p03_s00,pku_round0_00123,1e-08,0.5599618231304362,"[0.25, 0.5, 0.75, 1.0]",4,False,True,False,True
f60_a2_p03_s00,pku_round0_00123,1e-06,0.5599618231304362,"[0.25, 0.5, 0.75, 1.0]",4,False,True,False,True
f60_a2_p03_s00,pku_round0_00123,0.0001,0.5599618231304362,"[0.25, 0.5, 0.75, 1.0]",4,False,True,False,True
f60_a2_p03_s00,pku_round0_00123,0.001,0.5599618231304362,"[0.25, 0.5, 0.75, 1.0]",4,False,True,False,True
f60_a2_p03_s01,pku_round0_00123,1e-08,0.5943984735581624,"[0.0, 0.25, 0.5, 0.75, 1.0]",5,False,True,True,False
f60_a2_p03_s01,pku_round0_00123,1e-06,0.5943984735581624,"[0.0, 0.25, 0.5, 0.75, 1.0]",5,False,True,True,False
f60_a2_p03_s01,pku_round0_00123,0.0001,0.5943984735581624,"[0.0, 0.25, 0.5, 0.75, 1.0]",5,False,True,True,False
f60_a2_p03_s01,pku_round0_00123,0.001,0.5943984735581624,"[0.0, 0.25, 0.5, 0.75, 1.0]",5,False,True,True,False
f60_a2_p03_s02,pku_round0_00123,1e-08,0.5754214530724123,"[0.0, 0.25, 0.5, 0.75, 1.0]",5,False,True,True,False
f60_a2_p03_s02,pku_round0_00123,1e-06,0.5754214530724123,"[0.0, 0.25, 0.5, 0.75, 1.0]",5,False,True,True,False
f60_a2_p03_s02,pku_round0_00123,0.0001,0.5754214530724123,"[0.0, 0.25, 0.5, 0.75, 1.0]",5,False,True,True,False
f60_a2_p03_s02,pku_round0_00123,0.001,0.5754214530724123,"[0.0, 0.25, 0.5, 0.75, 1.0]",5,False,True,True,False
f60_a2_p03_s03,pku_round0_00123,1e-08,0.517037071312909,"[0.0, 0.25, 0.5, 0.75, 1.0]",5,False,True,True,False
f60_a2_p03_s03,pku_round0_00123,1e-06,0.517037071312909,"[0.0, 0.25, 0.5, 0.75, 1.0]",5,False,True,True,False
f60_a2_p03_s03,pku_round0_00123,0.0001,0.517037071312909,"[0.0, 0.25, 0.5, 0.75, 1.0]",5,False,True,True,False
f60_a2_p03_s03,pku_round0_00123,0.001,0.517037071312909,"[0.0, 0.25, 0.5, 0.75, 1.0]",5,False,True,True,False
f60_a2_p03_s04,pku_round0_00123,1e-08,0.6119184180589297,[1.0],1,True,True,False,True
f60_a2_p03_s04,pku_round0_00123,1e-06,0.6119184180589297,[1.0],1,True,True,False,True
f60_a2_p03_s04,pku_round0_00123,0.0001,0.6119184180589297,[1.0],1,True,True,False,True
f60_a2_p03_s04,pku_round0_00123,0.001,0.6119184180589297,[1.0],1,True,True,False,True
f60_a2_p04_s00,pku_round0_00126,1e-08,0.6158893334938782,"[0.25, 0.5, 0.75, 1.0]",4,False,True,False,True
f60_a2_p04_s00,pku_round0_00126,1e-06,0.6158893334938782,"[0.25, 0.5, 0.75, 1.0]",4,False,True,False,True
f60_a2_p04_s00,pku_round0_00126,0.0001,0.6158893334938782,"[0.25, 0.5, 0.75, 1.0]",4,False,True,False,True
f60_a2_p04_s00,pku_round0_00126,0.001,0.6158893334938782,"[0.25, 0.5, 0.75, 1.0]",4,False,True,False,True
f60_a2_p04_s01,pku_round0_00126,1e-08,0.5655181392227083,"[0.0, 0.25, 0.5, 0.75, 1.0]",5,False,True,True,False
f60_a2_p04_s01,pku_round0_00126,1e-06,0.5655181392227083,"[0.0, 0.25, 0.5, 0.75, 1.0]",5,False,True,True,False
f60_a2_p04_s01,pku_round0_00126,0.0001,0.5655181392227083,"[0.0, 0.25, 0.5, 0.75, 1.0]",5,False,True,True,False
f60_a2_p04_s01,pku_round0_00126,0.001,0.5655181392227083,"[0.0, 0.25, 0.5, 0.75, 1.0]",5,False,True,True,False
f60_a2_p04_s02,pku_round0_00126,1e-08,0.5295336134131274,"[0.0, 0.25, 0.5, 0.75, 1.0]",5,False,True,True,False
f60_a2_p04_s02,pku_round0_00126,1e-06,0.5295336134131274,"[0.0, 0.25, 0.5, 0.75, 1.0]",5,False,True,True,False
f60_a2_p04_s02,pku_round0_00126,0.0001,0.5295336134131274,"[0.0, 0.25, 0.5, 0.75, 1.0]",5,False,True,True,False
f60_a2_p04_s02,pku_round0_00126,0.001,0.5295336134131274,"[0.0, 0.25, 0.5, 0.75, 1.0]",5,False,True,True,False
f60_a2_p04_s03,pku_round0_00126,1e-08,0.5926497942156239,[0.0],1,True,False,True,True
f60_a2_p04_s03,pku_round0_00126,1e-06,0.5926497942156239,[0.0],1,True,False,True,True
f60_a2_p04_s03,pku_round0_00126,0.0001,0.5926497942156239,[0.0],1,True,False,True,True
f60_a2_p04_s03,pku_round0_00126,0.001,0.5926497942156239,[0.0],1,True,False,True,True
f60_a2_p04_s04,pku_round0_00126,1e-08,0.5826583074684908,"[0.0, 0.25, 0.5, 0.75, 1.0]",5,False,True,True,False
f60_a2_p04_s04,pku_round0_00126,1e-06,0.5826583074684908,"[0.0, 0.25, 0.5, 0.75, 1.0]",5,False,True,True,False
f60_a2_p04_s04,pku_round0_00126,0.0001,0.5826583074684908,"[0.0, 0.25, 0.5, 0.75, 1.0]",5,False,True,True,False
f60_a2_p04_s04,pku_round0_00126,0.001,0.5826583074684908,"[0.0, 0.25, 0.5, 0.75, 1.0]",5,False,True,True,False
f60_a2_p05_s00,pku_round0_00146,1e-08,0.5474186462426236,[0.0],1,True,False,True,True
f60_a2_p05_s00,pku_round0_00146,1e-06,0.5474186462426236,[0.0],1,True,False,True,True
f60_a2_p05_s00,pku_round0_00146,0.0001,0.5474186462426236,[0.0],1,True,False,True,True
f60_a2_p05_s00,pku_round0_00146,0.001,0.5474186462426236,[0.0],1,True,False,True,True
f60_a2_p05_s01,pku_round0_00146,1e-08,0.5078735774762014,"[0.0, 0.25, 0.5, 0.75, 1.0]",5,False,True,True,False
f60_a2_p05_s01,pku_round0_00146,1e-06,0.5078735774762014,"[0.0, 0.25, 0.5, 0.75, 1.0]",5,False,True,True,False
f60_a2_p05_s01,pku_round0_00146,0.0001,0.5078735774762014,"[0.0, 0.25, 0.5, 0.75, 1.0]",5,False,True,True,False
f60_a2_p05_s01,pku_round0_00146,0.001,0.5078735774762014,"[0.0, 0.25, 0.5, 0.75, 1.0]",5,False,True,True,False
f60_a2_p05_s02,pku_round0_00146,1e-08,0.39661556034757667,"[0.0, 0.25, 0.5, 0.75, 1.0]",5,False,True,True,False
f60_a2_p05_s02,pku_round0_00146,1e-06,0.39661556034757667,"[0.0, 0.25, 0.5, 0.75, 1.0]",5,False,True,True,False
f60_a2_p05_s02,pku_round0_00146,0.0001,0.39661556034757667,"[0.0, 0.25, 0.5, 0.75, 1.0]",5,False,True,True,False
f60_a2_p05_s02,pku_round0_00146,0.001,0.39661556034757667,"[0.0, 0.25, 0.5, 0.75, 1.0]",5,False,True,True,False
f60_a2_p05_s03,pku_round0_00146,1e-08,0.5423660308240694,"[0.5, 0.75, 1.0]",3,False,True,False,True
f60_a2_p05_s03,pku_round0_00146,1e-06,0.5423660308240694,"[0.5, 0.75, 1.0]",3,False,True,False,True
f60_a2_p05_s03,pku_round0_00146,0.0001,0.5423660308240694,"[0.5, 0.75, 1.0]",3,False,True,False,True
f60_a2_p05_s03,pku_round0_00146,0.001,0.5423660308240694,"[0.5, 0.75, 1.0]",3,False,True,False,True
f60_a2_p05_s04,pku_round0_00146,1e-08,0.4036291632003544,"[0.0, 0.25, 0.5, 0.75, 1.0]",5,False,True,True,False
f60_a2_p05_s04,pku_round0_00146,1e-06,0.4036291632003544,"[0.0, 0.25, 0.5, 0.75, 1.0]",5,False,True,True,False
f60_a2_p05_s04,pku_round0_00146,0.0001,0.4036291632003544,"[0.0, 0.25, 0.5, 0.75, 1.0]",5,False,True,True,False
f60_a2_p05_s04,pku_round0_00146,0.001,0.4036291632003544,"[0.0, 0.25, 0.5, 0.75, 1.0]",5,False,True,True,False
f60_a2_p06_s00,pku_round0_00198,1e-08,0.6178784217018383,"[0.0, 0.25, 0.5, 0.75, 1.0]",5,False,True,True,False
f60_a2_p06_s00,pku_round0_00198,1e-06,0.6178784217018383,"[0.0, 0.25, 0.5, 0.75, 1.0]",5,False,True,True,False
f60_a2_p06_s00,pku_round0_00198,0.0001,0.6178784217018383,"[0.0, 0.25, 0.5, 0.75, 1.0]",5,False,True,True,False
f60_a2_p06_s00,pku_round0_00198,0.001,0.6178784217018383,"[0.0, 0.25, 0.5, 0.75, 1.0]",5,False,True,True,False
f60_a2_p06_s01,pku_round0_00198,1e-08,0.5912224047798502,"[0.0, 0.25, 0.5, 0.75, 1.0]",5,False,True,True,False
f60_a2_p06_s01,pku_round0_00198,1e-06,0.5912224047798502,"[0.0, 0.25, 0.5, 0.75, 1.0]",5,False,True,True,False
f60_a2_p06_s01,pku_round0_00198,0.0001,0.5912224047798502,"[0.0, 0.25, 0.5, 0.75, 1.0]",5,False,True,True,False
f60_a2_p06_s01,pku_round0_00198,0.001,0.5912224047798502,"[0.0, 0.25, 0.5, 0.75, 1.0]",5,False,True,True,False
f60_a2_p06_s02,pku_round0_00198,1e-08,0.5235189394169381,"[0.0, 0.25, 0.5, 0.75, 1.0]",5,False,True,True,False
f60_a2_p06_s02,pku_round0_00198,1e-06,0.5235189394169381,"[0.0, 0.25, 0.5, 0.75, 1.0]",5,False,True,True,False
f60_a2_p06_s02,pku_round0_00198,0.0001,0.5235189394169381,"[0.0, 0.25, 0.5, 0.75, 1.0]",5,False,True,True,False
f60_a2_p06_s02,pku_round0_00198,0.001,0.5235189394169381,"[0.0, 0.25, 0.5, 0.75, 1.0]",5,False,True,True,False
f60_a2_p06_s03,pku_round0_00198,1e-08,0.5961244115604047,"[0.0, 0.25, 0.5, 0.75, 1.0]",5,False,True,True,False
f60_a2_p06_s03,pku_round0_00198,1e-06,0.5961244115604047,"[0.0, 0.25, 0.5, 0.75, 1.0]",5,False,True,True,False
f60_a2_p06_s03,pku_round0_00198,0.0001,0.5961244115604047,"[0.0, 0.25, 0.5, 0.75, 1.0]",5,False,True,True,False
f60_a2_p06_s03,pku_round0_00198,0.001,0.5961244115604047,"[0.0, 0.25, 0.5, 0.75, 1.0]",5,False,True,True,False
f60_a2_p06_s04,pku_round0_00198,1e-08,0.6083383020560476,"[0.0, 0.25, 0.5, 0.75, 1.0]",5,False,True,True,False
f60_a2_p06_s04,pku_round0_00198,1e-06,0.6083383020560476,"[0.0, 0.25, 0.5, 0.75, 1.0]",5,False,True,True,False
f60_a2_p06_s04,pku_round0_00198,0.0001,0.6083383020560476,"[0.0, 0.25, 0.5, 0.75, 1.0]",5,False,True,True,False
f60_a2_p06_s04,pku_round0_00198,0.001,0.6083383020560476,"[0.0, 0.25, 0.5, 0.75, 1.0]",5,False,True,True,False
f60_a2_p07_s00,pku_round0_00203,1e-08,0.4454887514916857,"[0.0, 0.25, 0.5, 0.75, 1.0]",5,False,True,True,False
f60_a2_p07_s00,pku_round0_00203,1e-06,0.4454887514916857,"[0.0, 0.25, 0.5, 0.75, 1.0]",5,False,True,True,False
f60_a2_p07_s00,pku_round0_00203,0.0001,0.4454887514916857,"[0.0, 0.25, 0.5, 0.75, 1.0]",5,False,True,True,False
f60_a2_p07_s00,pku_round0_00203,0.001,0.4454887514916857,"[0.0, 0.25, 0.5, 0.75, 1.0]",5,False,True,True,False
f60_a2_p07_s01,pku_round0_00203,1e-08,0.4629651921106197,"[0.0, 0.25, 0.5, 0.75, 1.0]",5,False,True,True,False
f60_a2_p07_s01,pku_round0_00203,1e-06,0.4629651921106197,"[0.0, 0.25, 0.5, 0.75, 1.0]",5,False,True,True,False
f60_a2_p07_s01,pku_round0_00203,0.0001,0.4629651921106197,"[0.0, 0.25, 0.5, 0.75, 1.0]",5,False,True,True,False
f60_a2_p07_s01,pku_round0_00203,0.001,0.4629651921106197,"[0.0, 0.25, 0.5, 0.75, 1.0]",5,False,True,True,False
f60_a2_p07_s02,pku_round0_00203,1e-08,0.528730993164034,"[0.0, 0.25, 0.5, 0.75, 1.0]",5,False,True,True,False
f60_a2_p07_s02,pku_round0_00203,1e-06,0.528730993164034,"[0.0, 0.25, 0.5, 0.75, 1.0]",5,False,True,True,False
f60_a2_p07_s02,pku_round0_00203,0.0001,0.528730993164034,"[0.0, 0.25, 0.5, 0.75, 1.0]",5,False,True,True,False
f60_a2_p07_s02,pku_round0_00203,0.001,0.528730993164034,"[0.0, 0.25, 0.5, 0.75, 1.0]",5,False,True,True,False
f60_a2_p07_s03,pku_round0_00203,1e-08,0.6215978529872415,[0.0],1,True,False,True,True
f60_a2_p07_s03,pku_round0_00203,1e-06,0.6215978529872415,[0.0],1,True,False,True,True
f60_a2_p07_s03,pku_round0_00203,0.0001,0.6215978529872415,[0.0],1,True,False,True,True
f60_a2_p07_s03,pku_round0_00203,0.001,0.6215978529872415,[0.0],1,True,False,True,True
f60_a2_p07_s04,pku_round0_00203,1e-08,0.5654693531586623,"[0.0, 0.25, 0.5, 0.75, 1.0]",5,False,True,True,False
f60_a2_p07_s04,pku_round0_00203,1e-06,0.5654693531586623,"[0.0, 0.25, 0.5, 0.75, 1.0]",5,False,True,True,False
f60_a2_p07_s04,pku_round0_00203,0.0001,0.5654693531586623,"[0.0, 0.25, 0.5, 0.75, 1.0]",5,False,True,True,False
f60_a2_p07_s04,pku_round0_00203,0.001,0.5654693531586623,"[0.0, 0.25, 0.5, 0.75, 1.0]",5,False,True,True,False
f60_a2_p08_s00,pku_round0_00209,1e-08,0.5441549159095275,"[0.0, 0.25, 0.5, 0.75, 1.0]",5,False,True,True,False
f60_a2_p08_s00,pku_round0_00209,1e-06,0.5441549159095275,"[0.0, 0.25, 0.5, 0.75, 1.0]",5,False,True,True,False
f60_a2_p08_s00,pku_round0_00209,0.0001,0.5441549159095275,"[0.0, 0.25, 0.5, 0.75, 1.0]",5,False,True,True,False
f60_a2_p08_s00,pku_round0_00209,0.001,0.5441549159095275,"[0.0, 0.25, 0.5, 0.75, 1.0]",5,False,True,True,False
f60_a2_p08_s01,pku_round0_00209,1e-08,0.15488148890120465,"[0.0, 0.25, 0.5, 0.75, 1.0]",5,False,True,True,False
f60_a2_p08_s01,pku_round0_00209,1e-06,0.15488148890120465,"[0.0, 0.25, 0.5, 0.75, 1.0]",5,False,True,True,False
f60_a2_p08_s01,pku_round0_00209,0.0001,0.15488148890120465,"[0.0, 0.25, 0.5, 0.75, 1.0]",5,False,True,True,False
f60_a2_p08_s01,pku_round0_00209,0.001,0.15488148890120465,"[0.0, 0.25, 0.5, 0.75, 1.0]",5,False,True,True,False
f60_a2_p08_s02,pku_round0_00209,1e-08,0.6015254567878403,"[0.0, 0.25]",2,False,False,True,True
f60_a2_p08_s02,pku_round0_00209,1e-06,0.6015254567878403,"[0.0, 0.25]",2,False,False,True,True
f60_a2_p08_s02,pku_round0_00209,0.0001,0.6015254567878403,"[0.0, 0.25]",2,False,False,True,True
f60_a2_p08_s02,pku_round0_00209,0.001,0.6015254567878403,"[0.0, 0.25]",2,False,False,True,True
f60_a2_p08_s03,pku_round0_00209,1e-08,0.604973344319693,"[0.0, 0.25, 0.5, 0.75, 1.0]",5,False,True,True,False
f60_a2_p08_s03,pku_round0_00209,1e-06,0.604973344319693,"[0.0, 0.25, 0.5, 0.75, 1.0]",5,False,True,True,False
f60_a2_p08_s03,pku_round0_00209,0.0001,0.604973344319693,"[0.0, 0.25, 0.5, 0.75, 1.0]",5,False,True,True,False
f60_a2_p08_s03,pku_round0_00209,0.001,0.604973344319693,"[0.0, 0.25, 0.5, 0.75, 1.0]",5,False,True,True,False
f60_a2_p08_s04,pku_round0_00209,1e-08,0.5917605237620633,"[0.0, 0.25, 0.5, 0.75, 1.0]",5,False,True,True,False
f60_a2_p08_s04,pku_round0_00209,1e-06,0.5917605237620633,"[0.0, 0.25, 0.5, 0.75, 1.0]",5,False,True,True,False
f60_a2_p08_s04,pku_round0_00209,0.0001,0.5917605237620633,"[0.0, 0.25, 0.5, 0.75, 1.0]",5,False,True,True,False
f60_a2_p08_s04,pku_round0_00209,0.001,0.5917605237620633,"[0.0, 0.25, 0.5, 0.75, 1.0]",5,False,True,True,False
f60_a2_p09_s00,pku_round0_00217,1e-08,0.5777751283325891,"[0.25, 0.5, 0.75, 1.0]",4,False,True,False,True
f60_a2_p09_s00,pku_round0_00217,1e-06,0.5777751283325891,"[0.25, 0.5, 0.75, 1.0]",4,False,True,False,True
f60_a2_p09_s00,pku_round0_00217,0.0001,0.5777751283325891,"[0.25, 0.5, 0.75, 1.0]",4,False,True,False,True
f60_a2_p09_s00,pku_round0_00217,0.001,0.5777751283325891,"[0.25, 0.5, 0.75, 1.0]",4,False,True,False,True
f60_a2_p09_s01,pku_round0_00217,1e-08,0.7478308979896257,"[0.0, 0.25, 0.5, 0.75, 1.0]",5,False,True,True,False
f60_a2_p09_s01,pku_round0_00217,1e-06,0.7478308979896257,"[0.0, 0.25, 0.5, 0.75, 1.0]",5,False,True,True,False
f60_a2_p09_s01,pku_round0_00217,0.0001,0.7478308979896257,"[0.0, 0.25, 0.5, 0.75, 1.0]",5,False,True,True,False
f60_a2_p09_s01,pku_round0_00217,0.001,0.7478308979896257,"[0.0, 0.25, 0.5, 0.75, 1.0]",5,False,True,True,False
f60_a2_p09_s02,pku_round0_00217,1e-08,0.7540565302217358,"[0.0, 0.25, 0.5, 0.75, 1.0]",5,False,True,True,False
f60_a2_p09_s02,pku_round0_00217,1e-06,0.7540565302217358,"[0.0, 0.25, 0.5, 0.75, 1.0]",5,False,True,True,False
f60_a2_p09_s02,pku_round0_00217,0.0001,0.7540565302217358,"[0.0, 0.25, 0.5, 0.75, 1.0]",5,False,True,True,False
f60_a2_p09_s02,pku_round0_00217,0.001,0.7540565302217358,"[0.0, 0.25, 0.5, 0.75, 1.0]",5,False,True,True,False
f60_a2_p09_s03,pku_round0_00217,1e-08,0.8070553601398887,"[0.0, 0.25, 0.5, 0.75, 1.0]",5,False,True,True,False
f60_a2_p09_s03,pku_round0_00217,1e-06,0.8070553601398887,"[0.0, 0.25, 0.5, 0.75, 1.0]",5,False,True,True,False
f60_a2_p09_s03,pku_round0_00217,0.0001,0.8070553601398887,"[0.0, 0.25, 0.5, 0.75, 1.0]",5,False,True,True,False
f60_a2_p09_s03,pku_round0_00217,0.001,0.8070553601398887,"[0.0, 0.25, 0.5, 0.75, 1.0]",5,False,True,True,False
f60_a2_p09_s04,pku_round0_00217,1e-08,0.8460031137020186,"[0.0, 0.25, 0.5, 0.75, 1.0]",5,False,True,True,False
f60_a2_p09_s04,pku_round0_00217,1e-06,0.8460031137020186,"[0.0, 0.25, 0.5, 0.75, 1.0]",5,False,True,True,False
f60_a2_p09_s04,pku_round0_00217,0.0001,0.8460031137020186,"[0.0, 0.25, 0.5, 0.75, 1.0]",5,False,True,True,False
f60_a2_p09_s04,pku_round0_00217,0.001,0.8460031137020186,"[0.0, 0.25, 0.5, 0.75, 1.0]",5,False,True,True,False
f60_a3_p00_s00,pku_round0_00058,1e-08,0.6761125773228667,"[0.0, 0.25]",2,False,False,True,True
f60_a3_p00_s00,pku_round0_00058,1e-06,0.6761125773228667,"[0.0, 0.25]",2,False,False,True,True
f60_a3_p00_s00,pku_round0_00058,0.0001,0.6761125773228667,"[0.0, 0.25]",2,False,False,True,True
f60_a3_p00_s00,pku_round0_00058,0.001,0.6761125773228667,"[0.0, 0.25]",2,False,False,True,True
f60_a3_p00_s01,pku_round0_00058,1e-08,0.7173243910283359,[0.0],1,True,False,True,True
f60_a3_p00_s01,pku_round0_00058,1e-06,0.7173243910283359,[0.0],1,True,False,True,True
f60_a3_p00_s01,pku_round0_00058,0.0001,0.7173243910283359,[0.0],1,True,False,True,True
f60_a3_p00_s01,pku_round0_00058,0.001,0.7173243910283359,[0.0],1,True,False,True,True
f60_a3_p00_s02,pku_round0_00058,1e-08,0.6859520067335756,"[0.0, 0.25, 0.5, 0.75, 1.0]",5,False,True,True,False
f60_a3_p00_s02,pku_round0_00058,1e-06,0.6859520067335756,"[0.0, 0.25, 0.5, 0.75, 1.0]",5,False,True,True,False
f60_a3_p00_s02,pku_round0_00058,0.0001,0.6859520067335756,"[0.0, 0.25, 0.5, 0.75, 1.0]",5,False,True,True,False
f60_a3_p00_s02,pku_round0_00058,0.001,0.6859520067335756,"[0.0, 0.25, 0.5, 0.75, 1.0]",5,False,True,True,False
f60_a3_p00_s03,pku_round0_00058,1e-08,0.6913456270670186,"[0.0, 0.25, 0.5, 0.75, 1.0]",5,False,True,True,False
f60_a3_p00_s03,pku_round0_00058,1e-06,0.6913456270670186,"[0.0, 0.25, 0.5, 0.75, 1.0]",5,False,True,True,False
f60_a3_p00_s03,pku_round0_00058,0.0001,0.6913456270670186,"[0.0, 0.25, 0.5, 0.75, 1.0]",5,False,True,True,False
f60_a3_p00_s03,pku_round0_00058,0.001,0.6913456270670186,"[0.0, 0.25, 0.5, 0.75, 1.0]",5,False,True,True,False
f60_a3_p00_s04,pku_round0_00058,1e-08,0.7045580997720772,"[0.0, 0.25]",2,False,False,True,True
f60_a3_p00_s04,pku_round0_00058,1e-06,0.7045580997720772,"[0.0, 0.25]",2,False,False,True,True
f60_a3_p00_s04,pku_round0_00058,0.0001,0.7045580997720772,"[0.0, 0.25]",2,False,False,True,True
f60_a3_p00_s04,pku_round0_00058,0.001,0.7045580997720772,"[0.0, 0.25]",2,False,False,True,True
f60_a3_p01_s00,pku_round0_00094,1e-08,0.7497367896994674,[0.0],1,True,False,True,True
f60_a3_p01_s00,pku_round0_00094,1e-06,0.7497367896994674,[0.0],1,True,False,True,True
f60_a3_p01_s00,pku_round0_00094,0.0001,0.7497367896994674,[0.0],1,True,False,True,True
f60_a3_p01_s00,pku_round0_00094,0.001,0.7497367896994674,[0.0],1,True,False,True,True
f60_a3_p01_s01,pku_round0_00094,1e-08,0.6005907465692503,"[0.75, 1.0]",2,False,True,False,True
f60_a3_p01_s01,pku_round0_00094,1e-06,0.6005907465692503,"[0.75, 1.0]",2,False,True,False,True
f60_a3_p01_s01,pku_round0_00094,0.0001,0.6005907465692503,"[0.75, 1.0]",2,False,True,False,True
f60_a3_p01_s01,pku_round0_00094,0.001,0.6005907465692503,"[0.75, 1.0]",2,False,True,False,True
f60_a3_p01_s02,pku_round0_00094,1e-08,0.7621451955082998,[0.0],1,True,False,True,True
f60_a3_p01_s02,pku_round0_00094,1e-06,0.7621451955082998,[0.0],1,True,False,True,True
f60_a3_p01_s02,pku_round0_00094,0.0001,0.7621451955082998,[0.0],1,True,False,True,True
f60_a3_p01_s02,pku_round0_00094,0.001,0.7621451955082998,[0.0],1,True,False,True,True
f60_a3_p01_s03,pku_round0_00094,1e-08,0.7811206570545497,"[0.0, 0.25, 0.5, 0.75, 1.0]",5,False,True,True,False
f60_a3_p01_s03,pku_round0_00094,1e-06,0.7811206570545497,"[0.0, 0.25, 0.5, 0.75, 1.0]",5,False,True,True,False
f60_a3_p01_s03,pku_round0_00094,0.0001,0.7811206570545497,"[0.0, 0.25, 0.5, 0.75, 1.0]",5,False,True,True,False
f60_a3_p01_s03,pku_round0_00094,0.001,0.7811206570545497,"[0.0, 0.25, 0.5, 0.75, 1.0]",5,False,True,True,False
f60_a3_p01_s04,pku_round0_00094,1e-08,0.7406427663712221,"[0.0, 0.25, 0.5, 0.75, 1.0]",5,False,True,True,False
f60_a3_p01_s04,pku_round0_00094,1e-06,0.7406427663712221,"[0.0, 0.25, 0.5, 0.75, 1.0]",5,False,True,True,False
f60_a3_p01_s04,pku_round0_00094,0.0001,0.7406427663712221,"[0.0, 0.25, 0.5, 0.75, 1.0]",5,False,True,True,False
f60_a3_p01_s04,pku_round0_00094,0.001,0.7406427663712221,"[0.0, 0.25, 0.5, 0.75, 1.0]",5,False,True,True,False
f60_a3_p02_s00,pku_round0_00115,1e-08,0.7482925448409774,[0.0],1,True,False,True,True
f60_a3_p02_s00,pku_round0_00115,1e-06,0.7482925448409774,[0.0],1,True,False,True,True
f60_a3_p02_s00,pku_round0_00115,0.0001,0.7482925448409774,[0.0],1,True,False,True,True
f60_a3_p02_s00,pku_round0_00115,0.001,0.7482925448409774,[0.0],1,True,False,True,True
f60_a3_p02_s01,pku_round0_00115,1e-08,0.6267233574162356,"[0.0, 0.25, 0.5, 0.75, 1.0]",5,False,True,True,False
f60_a3_p02_s01,pku_round0_00115,1e-06,0.6267233574162356,"[0.0, 0.25, 0.5, 0.75, 1.0]",5,False,True,True,False
f60_a3_p02_s01,pku_round0_00115,0.0001,0.6267233574162356,"[0.0, 0.25, 0.5, 0.75, 1.0]",5,False,True,True,False
f60_a3_p02_s01,pku_round0_00115,0.001,0.6267233574162356,"[0.0, 0.25, 0.5, 0.75, 1.0]",5,False,True,True,False
f60_a3_p02_s02,pku_round0_00115,1e-08,0.6268912191245659,"[0.0, 0.25, 0.5, 0.75, 1.0]",5,False,True,True,False
f60_a3_p02_s02,pku_round0_00115,1e-06,0.6268912191245659,"[0.0, 0.25, 0.5, 0.75, 1.0]",5,False,True,True,False
f60_a3_p02_s02,pku_round0_00115,0.0001,0.6268912191245659,"[0.0, 0.25, 0.5, 0.75, 1.0]",5,False,True,True,False
f60_a3_p02_s02,pku_round0_00115,0.001,0.6268912191245659,"[0.0, 0.25, 0.5, 0.75, 1.0]",5,False,True,True,False
f60_a3_p02_s03,pku_round0_00115,1e-08,0.6205066685356644,"[0.0, 0.25, 0.5, 0.75, 1.0]",5,False,True,True,False
f60_a3_p02_s03,pku_round0_00115,1e-06,0.6205066685356644,"[0.0, 0.25, 0.5, 0.75, 1.0]",5,False,True,True,False
f60_a3_p02_s03,pku_round0_00115,0.0001,0.6205066685356644,"[0.0, 0.25, 0.5, 0.75, 1.0]",5,False,True,True,False
f60_a3_p02_s03,pku_round0_00115,0.001,0.6205066685356644,"[0.0, 0.25, 0.5, 0.75, 1.0]",5,False,True,True,False
f60_a3_p02_s04,pku_round0_00115,1e-08,0.6705710600984317,"[0.0, 0.25, 0.5, 0.75, 1.0]",5,False,True,True,False
f60_a3_p02_s04,pku_round0_00115,1e-06,0.6705710600984317,"[0.0, 0.25, 0.5, 0.75, 1.0]",5,False,True,True,False
f60_a3_p02_s04,pku_round0_00115,0.0001,0.6705710600984317,"[0.0, 0.25, 0.5, 0.75, 1.0]",5,False,True,True,False
f60_a3_p02_s04,pku_round0_00115,0.001,0.6705710600984317,"[0.0, 0.25, 0.5, 0.75, 1.0]",5,False,True,True,False
f60_a3_p03_s00,pku_round0_00123,1e-08,0.6104229105368992,"[0.25, 0.5, 0.75, 1.0]",4,False,True,False,True
f60_a3_p03_s00,pku_round0_00123,1e-06,0.6104229105368992,"[0.25, 0.5, 0.75, 1.0]",4,False,True,False,True
f60_a3_p03_s00,pku_round0_00123,0.0001,0.6104229105368992,"[0.25, 0.5, 0.75, 1.0]",4,False,True,False,True
f60_a3_p03_s00,pku_round0_00123,0.001,0.6104229105368992,"[0.25, 0.5, 0.75, 1.0]",4,False,True,False,True
f60_a3_p03_s01,pku_round0_00123,1e-08,0.5787695660942169,"[0.0, 0.25, 0.5, 0.75]",4,False,False,True,True
f60_a3_p03_s01,pku_round0_00123,1e-06,0.5787695660942169,"[0.0, 0.25, 0.5, 0.75]",4,False,False,True,True
f60_a3_p03_s01,pku_round0_00123,0.0001,0.5787695660942169,"[0.0, 0.25, 0.5, 0.75]",4,False,False,True,True
f60_a3_p03_s01,pku_round0_00123,0.001,0.5787695660942169,"[0.0, 0.25, 0.5, 0.75]",4,False,False,True,True
f60_a3_p03_s02,pku_round0_00123,1e-08,0.5527244969871433,"[0.0, 0.25, 0.5, 0.75, 1.0]",5,False,True,True,False
f60_a3_p03_s02,pku_round0_00123,1e-06,0.5527244969871433,"[0.0, 0.25, 0.5, 0.75, 1.0]",5,False,True,True,False
f60_a3_p03_s02,pku_round0_00123,0.0001,0.5527244969871433,"[0.0, 0.25, 0.5, 0.75, 1.0]",5,False,True,True,False
f60_a3_p03_s02,pku_round0_00123,0.001,0.5527244969871433,"[0.0, 0.25, 0.5, 0.75, 1.0]",5,False,True,True,False
f60_a3_p03_s03,pku_round0_00123,1e-08,0.48610172345076796,"[0.0, 0.25, 0.5, 0.75, 1.0]",5,False,True,True,False
f60_a3_p03_s03,pku_round0_00123,1e-06,0.48610172345076796,"[0.0, 0.25, 0.5, 0.75, 1.0]",5,False,True,True,False
f60_a3_p03_s03,pku_round0_00123,0.0001,0.48610172345076796,"[0.0, 0.25, 0.5, 0.75, 1.0]",5,False,True,True,False
f60_a3_p03_s03,pku_round0_00123,0.001,0.48610172345076796,"[0.0, 0.25, 0.5, 0.75, 1.0]",5,False,True,True,False
f60_a3_p03_s04,pku_round0_00123,1e-08,0.5518367956661,"[0.0, 0.25, 0.5, 0.75, 1.0]",5,False,True,True,False
f60_a3_p03_s04,pku_round0_00123,1e-06,0.5518367956661,"[0.0, 0.25, 0.5, 0.75, 1.0]",5,False,True,True,False
f60_a3_p03_s04,pku_round0_00123,0.0001,0.5518367956661,"[0.0, 0.25, 0.5, 0.75, 1.0]",5,False,True,True,False
f60_a3_p03_s04,pku_round0_00123,0.001,0.5518367956661,"[0.0, 0.25, 0.5, 0.75, 1.0]",5,False,True,True,False
f60_a3_p04_s00,pku_round0_00126,1e-08,0.7999787635604795,[0.0],1,True,False,True,True
f60_a3_p04_s00,pku_round0_00126,1e-06,0.7999787635604795,[0.0],1,True,False,True,True
f60_a3_p04_s00,pku_round0_00126,0.0001,0.7999787635604795,[0.0],1,True,False,True,True
f60_a3_p04_s00,pku_round0_00126,0.001,0.7999787635604795,[0.0],1,True,False,True,True
f60_a3_p04_s01,pku_round0_00126,1e-08,0.5616879541520502,"[0.0, 0.25, 0.5, 0.75, 1.0]",5,False,True,True,False
f60_a3_p04_s01,pku_round0_00126,1e-06,0.5616879541520502,"[0.0, 0.25, 0.5, 0.75, 1.0]",5,False,True,True,False
f60_a3_p04_s01,pku_round0_00126,0.0001,0.5616879541520502,"[0.0, 0.25, 0.5, 0.75, 1.0]",5,False,True,True,False
f60_a3_p04_s01,pku_round0_00126,0.001,0.5616879541520502,"[0.0, 0.25, 0.5, 0.75, 1.0]",5,False,True,True,False
f60_a3_p04_s02,pku_round0_00126,1e-08,0.5929462950294759,"[0.0, 0.25, 0.5, 0.75, 1.0]",5,False,True,True,False
f60_a3_p04_s02,pku_round0_00126,1e-06,0.5929462950294759,"[0.0, 0.25, 0.5, 0.75, 1.0]",5,False,True,True,False
f60_a3_p04_s02,pku_round0_00126,0.0001,0.5929462950294759,"[0.0, 0.25, 0.5, 0.75, 1.0]",5,False,True,True,False
f60_a3_p04_s02,pku_round0_00126,0.001,0.5929462950294759,"[0.0, 0.25, 0.5, 0.75, 1.0]",5,False,True,True,False
f60_a3_p04_s03,pku_round0_00126,1e-08,0.5342012365298245,"[0.0, 0.25, 0.5, 0.75, 1.0]",5,False,True,True,False
f60_a3_p04_s03,pku_round0_00126,1e-06,0.5342012365298245,"[0.0, 0.25, 0.5, 0.75, 1.0]",5,False,True,True,False
f60_a3_p04_s03,pku_round0_00126,0.0001,0.5342012365298245,"[0.0, 0.25, 0.5, 0.75, 1.0]",5,False,True,True,False
f60_a3_p04_s03,pku_round0_00126,0.001,0.5342012365298245,"[0.0, 0.25, 0.5, 0.75, 1.0]",5,False,True,True,False
f60_a3_p04_s04,pku_round0_00126,1e-08,0.5740423446041174,"[0.0, 0.25, 0.5, 0.75, 1.0]",5,False,True,True,False
f60_a3_p04_s04,pku_round0_00126,1e-06,0.5740423446041174,"[0.0, 0.25, 0.5, 0.75, 1.0]",5,False,True,True,False
f60_a3_p04_s04,pku_round0_00126,0.0001,0.5740423446041174,"[0.0, 0.25, 0.5, 0.75, 1.0]",5,False,True,True,False
f60_a3_p04_s04,pku_round0_00126,0.001,0.5740423446041174,"[0.0, 0.25, 0.5, 0.75, 1.0]",5,False,True,True,False
f60_a3_p05_s00,pku_round0_00146,1e-08,0.5853421521778646,"[0.25, 0.5, 0.75, 1.0]",4,False,True,False,True
f60_a3_p05_s00,pku_round0_00146,1e-06,0.5853421521778646,"[0.25, 0.5, 0.75, 1.0]",4,False,True,False,True
f60_a3_p05_s00,pku_round0_00146,0.0001,0.5853421521778646,"[0.25, 0.5, 0.75, 1.0]",4,False,True,False,True
f60_a3_p05_s00,pku_round0_00146,0.001,0.5853421521778646,"[0.25, 0.5, 0.75, 1.0]",4,False,True,False,True
f60_a3_p05_s01,pku_round0_00146,1e-08,0.5636570730974353,"[0.0, 0.25, 0.5, 0.75, 1.0]",5,False,True,True,False
f60_a3_p05_s01,pku_round0_00146,1e-06,0.5636570730974353,"[0.0, 0.25, 0.5, 0.75, 1.0]",5,False,True,True,False
f60_a3_p05_s01,pku_round0_00146,0.0001,0.5636570730974353,"[0.0, 0.25, 0.5, 0.75, 1.0]",5,False,True,True,False
f60_a3_p05_s01,pku_round0_00146,0.001,0.5636570730974353,"[0.0, 0.25, 0.5, 0.75, 1.0]",5,False,True,True,False
f60_a3_p05_s02,pku_round0_00146,1e-08,0.6029843335820468,"[0.0, 0.25, 0.5, 0.75, 1.0]",5,False,True,True,False
f60_a3_p05_s02,pku_round0_00146,1e-06,0.6029843335820468,"[0.0, 0.25, 0.5, 0.75, 1.0]",5,False,True,True,False
f60_a3_p05_s02,pku_round0_00146,0.0001,0.6029843335820468,"[0.0, 0.25, 0.5, 0.75, 1.0]",5,False,True,True,False
f60_a3_p05_s02,pku_round0_00146,0.001,0.6029843335820468,"[0.0, 0.25, 0.5, 0.75, 1.0]",5,False,True,True,False
f60_a3_p05_s03,pku_round0_00146,1e-08,0.6258659803787413,"[0.5, 0.75, 1.0]",3,False,True,False,True
f60_a3_p05_s03,pku_round0_00146,1e-06,0.6258659803787413,"[0.5, 0.75, 1.0]",3,False,True,False,True
f60_a3_p05_s03,pku_round0_00146,0.0001,0.6258659803787413,"[0.5, 0.75, 1.0]",3,False,True,False,True
f60_a3_p05_s03,pku_round0_00146,0.001,0.6258659803787413,"[0.5, 0.75, 1.0]",3,False,True,False,True
f60_a3_p05_s04,pku_round0_00146,1e-08,0.428113611152065,"[0.0, 0.25, 0.5, 0.75, 1.0]",5,False,True,True,False
f60_a3_p05_s04,pku_round0_00146,1e-06,0.428113611152065,"[0.0, 0.25, 0.5, 0.75, 1.0]",5,False,True,True,False
f60_a3_p05_s04,pku_round0_00146,0.0001,0.428113611152065,"[0.0, 0.25, 0.5, 0.75, 1.0]",5,False,True,True,False
f60_a3_p05_s04,pku_round0_00146,0.001,0.428113611152065,"[0.0, 0.25, 0.5, 0.75, 1.0]",5,False,True,True,False
f60_a3_p06_s00,pku_round0_00198,1e-08,0.7544584906134074,"[0.0, 0.25, 0.5, 0.75, 1.0]",5,False,True,True,False
f60_a3_p06_s00,pku_round0_00198,1e-06,0.7544584906134074,"[0.0, 0.25, 0.5, 0.75, 1.0]",5,False,True,True,False
f60_a3_p06_s00,pku_round0_00198,0.0001,0.7544584906134074,"[0.0, 0.25, 0.5, 0.75, 1.0]",5,False,True,True,False
f60_a3_p06_s00,pku_round0_00198,0.001,0.7544584906134074,"[0.0, 0.25, 0.5, 0.75, 1.0]",5,False,True,True,False
f60_a3_p06_s01,pku_round0_00198,1e-08,0.7822806897406189,[1.0],1,True,True,False,True
f60_a3_p06_s01,pku_round0_00198,1e-06,0.7822806897406189,[1.0],1,True,True,False,True
f60_a3_p06_s01,pku_round0_00198,0.0001,0.7822806897406189,[1.0],1,True,True,False,True
f60_a3_p06_s01,pku_round0_00198,0.001,0.7822806897406189,[1.0],1,True,True,False,True
f60_a3_p06_s02,pku_round0_00198,1e-08,0.8061665385884956,"[0.5, 0.75, 1.0]",3,False,True,False,True
f60_a3_p06_s02,pku_round0_00198,1e-06,0.8061665385884956,"[0.5, 0.75, 1.0]",3,False,True,False,True
f60_a3_p06_s02,pku_round0_00198,0.0001,0.8061665385884956,"[0.5, 0.75, 1.0]",3,False,True,False,True
f60_a3_p06_s02,pku_round0_00198,0.001,0.8061665385884956,"[0.5, 0.75, 1.0]",3,False,True,False,True
f60_a3_p06_s03,pku_round0_00198,1e-08,0.8098729857464118,"[0.0, 0.25, 0.5, 0.75, 1.0]",5,False,True,True,False
f60_a3_p06_s03,pku_round0_00198,1e-06,0.8098729857464118,"[0.0, 0.25, 0.5, 0.75, 1.0]",5,False,True,True,False
f60_a3_p06_s03,pku_round0_00198,0.0001,0.8098729857464118,"[0.0, 0.25, 0.5, 0.75, 1.0]",5,False,True,True,False
f60_a3_p06_s03,pku_round0_00198,0.001,0.8098729857464118,"[0.0, 0.25, 0.5, 0.75, 1.0]",5,False,True,True,False
f60_a3_p06_s04,pku_round0_00198,1e-08,0.7974845671119503,"[0.0, 0.25, 0.5, 0.75, 1.0]",5,False,True,True,False
f60_a3_p06_s04,pku_round0_00198,1e-06,0.7974845671119503,"[0.0, 0.25, 0.5, 0.75, 1.0]",5,False,True,True,False
f60_a3_p06_s04,pku_round0_00198,0.0001,0.7974845671119503,"[0.0, 0.25, 0.5, 0.75, 1.0]",5,False,True,True,False
f60_a3_p06_s04,pku_round0_00198,0.001,0.7974845671119503,"[0.0, 0.25, 0.5, 0.75, 1.0]",5,False,True,True,False
f60_a3_p07_s00,pku_round0_00203,1e-08,0.49949136460329996,"[0.0, 0.25, 0.5, 0.75, 1.0]",5,False,True,True,False
f60_a3_p07_s00,pku_round0_00203,1e-06,0.49949136460329996,"[0.0, 0.25, 0.5, 0.75, 1.0]",5,False,True,True,False
f60_a3_p07_s00,pku_round0_00203,0.0001,0.49949136460329996,"[0.0, 0.25, 0.5, 0.75, 1.0]",5,False,True,True,False
f60_a3_p07_s00,pku_round0_00203,0.001,0.49949136460329996,"[0.0, 0.25, 0.5, 0.75, 1.0]",5,False,True,True,False
f60_a3_p07_s01,pku_round0_00203,1e-08,0.5409071934214333,"[0.0, 0.25, 0.5, 0.75, 1.0]",5,False,True,True,False
f60_a3_p07_s01,pku_round0_00203,1e-06,0.5409071934214333,"[0.0, 0.25, 0.5, 0.75, 1.0]",5,False,True,True,False
f60_a3_p07_s01,pku_round0_00203,0.0001,0.5409071934214333,"[0.0, 0.25, 0.5, 0.75, 1.0]",5,False,True,True,False
f60_a3_p07_s01,pku_round0_00203,0.001,0.5409071934214333,"[0.0, 0.25, 0.5, 0.75, 1.0]",5,False,True,True,False
f60_a3_p07_s02,pku_round0_00203,1e-08,0.5040923835141835,"[0.0, 0.25, 0.5, 0.75, 1.0]",5,False,True,True,False
f60_a3_p07_s02,pku_round0_00203,1e-06,0.5040923835141835,"[0.0, 0.25, 0.5, 0.75, 1.0]",5,False,True,True,False
f60_a3_p07_s02,pku_round0_00203,0.0001,0.5040923835141835,"[0.0, 0.25, 0.5, 0.75, 1.0]",5,False,True,True,False
f60_a3_p07_s02,pku_round0_00203,0.001,0.5040923835141835,"[0.0, 0.25, 0.5, 0.75, 1.0]",5,False,True,True,False
f60_a3_p07_s03,pku_round0_00203,1e-08,0.4967097437227778,"[0.0, 0.25, 0.5, 0.75, 1.0]",5,False,True,True,False
f60_a3_p07_s03,pku_round0_00203,1e-06,0.4967097437227778,"[0.0, 0.25, 0.5, 0.75, 1.0]",5,False,True,True,False
f60_a3_p07_s03,pku_round0_00203,0.0001,0.4967097437227778,"[0.0, 0.25, 0.5, 0.75, 1.0]",5,False,True,True,False
f60_a3_p07_s03,pku_round0_00203,0.001,0.4967097437227778,"[0.0, 0.25, 0.5, 0.75, 1.0]",5,False,True,True,False
f60_a3_p07_s04,pku_round0_00203,1e-08,0.5052527042270032,"[0.0, 0.25, 0.5, 0.75, 1.0]",5,False,True,True,False
f60_a3_p07_s04,pku_round0_00203,1e-06,0.5052527042270032,"[0.0, 0.25, 0.5, 0.75, 1.0]",5,False,True,True,False
f60_a3_p07_s04,pku_round0_00203,0.0001,0.5052527042270032,"[0.0, 0.25, 0.5, 0.75, 1.0]",5,False,True,True,False
f60_a3_p07_s04,pku_round0_00203,0.001,0.5052527042270032,"[0.0, 0.25, 0.5, 0.75, 1.0]",5,False,True,True,False
f60_a3_p08_s00,pku_round0_00209,1e-08,0.6150946171336074,"[0.0, 0.25, 0.5, 0.75, 1.0]",5,False,True,True,False
f60_a3_p08_s00,pku_round0_00209,1e-06,0.6150946171336074,"[0.0, 0.25, 0.5, 0.75, 1.0]",5,False,True,True,False
f60_a3_p08_s00,pku_round0_00209,0.0001,0.6150946171336074,"[0.0, 0.25, 0.5, 0.75, 1.0]",5,False,True,True,False
f60_a3_p08_s00,pku_round0_00209,0.001,0.6150946171336074,"[0.0, 0.25, 0.5, 0.75, 1.0]",5,False,True,True,False
f60_a3_p08_s01,pku_round0_00209,1e-08,0.5023186894924592,"[0.0, 0.25, 0.5, 0.75, 1.0]",5,False,True,True,False
f60_a3_p08_s01,pku_round0_00209,1e-06,0.5023186894924592,"[0.0, 0.25, 0.5, 0.75, 1.0]",5,False,True,True,False
f60_a3_p08_s01,pku_round0_00209,0.0001,0.5023186894924592,"[0.0, 0.25, 0.5, 0.75, 1.0]",5,False,True,True,False
f60_a3_p08_s01,pku_round0_00209,0.001,0.5023186894924592,"[0.0, 0.25, 0.5, 0.75, 1.0]",5,False,True,True,False
f60_a3_p08_s02,pku_round0_00209,1e-08,0.6683549483994944,"[0.0, 0.25, 0.5]",3,False,False,True,True
f60_a3_p08_s02,pku_round0_00209,1e-06,0.6683549483994944,"[0.0, 0.25, 0.5]",3,False,False,True,True
f60_a3_p08_s02,pku_round0_00209,0.0001,0.6683549483994944,"[0.0, 0.25, 0.5]",3,False,False,True,True
f60_a3_p08_s02,pku_round0_00209,0.001,0.6683549483994944,"[0.0, 0.25, 0.5]",3,False,False,True,True
f60_a3_p08_s03,pku_round0_00209,1e-08,0.6229659629514774,"[0.0, 0.25, 0.5, 0.75, 1.0]",5,False,True,True,False
f60_a3_p08_s03,pku_round0_00209,1e-06,0.6229659629514774,"[0.0, 0.25, 0.5, 0.75, 1.0]",5,False,True,True,False
f60_a3_p08_s03,pku_round0_00209,0.0001,0.6229659629514774,"[0.0, 0.25, 0.5, 0.75, 1.0]",5,False,True,True,False
f60_a3_p08_s03,pku_round0_00209,0.001,0.6229659629514774,"[0.0, 0.25, 0.5, 0.75, 1.0]",5,False,True,True,False
f60_a3_p08_s04,pku_round0_00209,1e-08,0.6149466300465734,"[0.0, 0.25, 0.5, 0.75, 1.0]",5,False,True,True,False
f60_a3_p08_s04,pku_round0_00209,1e-06,0.6149466300465734,"[0.0, 0.25, 0.5, 0.75, 1.0]",5,False,True,True,False
f60_a3_p08_s04,pku_round0_00209,0.0001,0.6149466300465734,"[0.0, 0.25, 0.5, 0.75, 1.0]",5,False,True,True,False
f60_a3_p08_s04,pku_round0_00209,0.001,0.6149466300465734,"[0.0, 0.25, 0.5, 0.75, 1.0]",5,False,True,True,False
f60_a3_p09_s00,pku_round0_00217,1e-08,0.7535569085177244,"[0.25, 0.5, 0.75, 1.0]",4,False,True,False,True
f60_a3_p09_s00,pku_round0_00217,1e-06,0.7535569085177244,"[0.25, 0.5, 0.75, 1.0]",4,False,True,False,True
f60_a3_p09_s00,pku_round0_00217,0.0001,0.7535569085177244,"[0.25, 0.5, 0.75, 1.0]",4,False,True,False,True
f60_a3_p09_s00,pku_round0_00217,0.001,0.7535569085177244,"[0.25, 0.5, 0.75, 1.0]",4,False,True,False,True
f60_a3_p09_s01,pku_round0_00217,1e-08,0.8618871654274953,"[0.0, 0.25, 0.5, 0.75, 1.0]",5,False,True,True,False
f60_a3_p09_s01,pku_round0_00217,1e-06,0.8618871654274953,"[0.0, 0.25, 0.5, 0.75, 1.0]",5,False,True,True,False
f60_a3_p09_s01,pku_round0_00217,0.0001,0.8618871654274953,"[0.0, 0.25, 0.5, 0.75, 1.0]",5,False,True,True,False
f60_a3_p09_s01,pku_round0_00217,0.001,0.8618871654274953,"[0.0, 0.25, 0.5, 0.75, 1.0]",5,False,True,True,False
f60_a3_p09_s02,pku_round0_00217,1e-08,0.8765258860138473,"[0.0, 0.25, 0.5, 0.75, 1.0]",5,False,True,True,False
f60_a3_p09_s02,pku_round0_00217,1e-06,0.8765258860138473,"[0.0, 0.25, 0.5, 0.75, 1.0]",5,False,True,True,False
f60_a3_p09_s02,pku_round0_00217,0.0001,0.8765258860138473,"[0.0, 0.25, 0.5, 0.75, 1.0]",5,False,True,True,False
f60_a3_p09_s02,pku_round0_00217,0.001,0.8765258860138473,"[0.0, 0.25, 0.5, 0.75, 1.0]",5,False,True,True,False
f60_a3_p09_s03,pku_round0_00217,1e-08,0.8857364442674783,"[0.0, 0.25, 0.5, 0.75, 1.0]",5,False,True,True,False
f60_a3_p09_s03,pku_round0_00217,1e-06,0.8857364442674783,"[0.0, 0.25, 0.5, 0.75, 1.0]",5,False,True,True,False
f60_a3_p09_s03,pku_round0_00217,0.0001,0.8857364442674783,"[0.0, 0.25, 0.5, 0.75, 1.0]",5,False,True,True,False
f60_a3_p09_s03,pku_round0_00217,0.001,0.8857364442674783,"[0.0, 0.25, 0.5, 0.75, 1.0]",5,False,True,True,False
f60_a3_p09_s04,pku_round0_00217,1e-08,0.917487914940816,"[0.0, 0.25, 0.5, 0.75, 1.0]",5,False,True,True,False
f60_a3_p09_s04,pku_round0_00217,1e-06,0.917487914940816,"[0.0, 0.25, 0.5, 0.75, 1.0]",5,False,True,True,False
f60_a3_p09_s04,pku_round0_00217,0.0001,0.917487914940816,"[0.0, 0.25, 0.5, 0.75, 1.0]",5,False,True,True,False
f60_a3_p09_s04,pku_round0_00217,0.001,0.917487914940816,"[0.0, 0.25, 0.5, 0.75, 1.0]",5,False,True,True,False
f60_a4_p00_s00,pku_round0_00058,1e-08,0.7753049979829667,"[0.0, 0.25]",2,False,False,True,True
f60_a4_p00_s00,pku_round0_00058,1e-06,0.7753049979829667,"[0.0, 0.25]",2,False,False,True,True
f60_a4_p00_s00,pku_round0_00058,0.0001,0.7753049979829667,"[0.0, 0.25]",2,False,False,True,True
f60_a4_p00_s00,pku_round0_00058,0.001,0.7753049979829667,"[0.0, 0.25]",2,False,False,True,True
f60_a4_p00_s01,pku_round0_00058,1e-08,0.754289014560224,"[0.0, 0.25, 0.5, 0.75, 1.0]",5,False,True,True,False
f60_a4_p00_s01,pku_round0_00058,1e-06,0.754289014560224,"[0.0, 0.25, 0.5, 0.75, 1.0]",5,False,True,True,False
f60_a4_p00_s01,pku_round0_00058,0.0001,0.754289014560224,"[0.0, 0.25, 0.5, 0.75, 1.0]",5,False,True,True,False
f60_a4_p00_s01,pku_round0_00058,0.001,0.754289014560224,"[0.0, 0.25, 0.5, 0.75, 1.0]",5,False,True,True,False
f60_a4_p00_s02,pku_round0_00058,1e-08,0.7421367022382805,"[0.0, 0.25, 0.5, 0.75, 1.0]",5,False,True,True,False
f60_a4_p00_s02,pku_round0_00058,1e-06,0.7421367022382805,"[0.0, 0.25, 0.5, 0.75, 1.0]",5,False,True,True,False
f60_a4_p00_s02,pku_round0_00058,0.0001,0.7421367022382805,"[0.0, 0.25, 0.5, 0.75, 1.0]",5,False,True,True,False
f60_a4_p00_s02,pku_round0_00058,0.001,0.7421367022382805,"[0.0, 0.25, 0.5, 0.75, 1.0]",5,False,True,True,False
f60_a4_p00_s03,pku_round0_00058,1e-08,0.7355594197959915,"[0.0, 0.25, 0.5, 0.75, 1.0]",5,False,True,True,False
f60_a4_p00_s03,pku_round0_00058,1e-06,0.7355594197959915,"[0.0, 0.25, 0.5, 0.75, 1.0]",5,False,True,True,False
f60_a4_p00_s03,pku_round0_00058,0.0001,0.7355594197959915,"[0.0, 0.25, 0.5, 0.75, 1.0]",5,False,True,True,False
f60_a4_p00_s03,pku_round0_00058,0.001,0.7355594197959915,"[0.0, 0.25, 0.5, 0.75, 1.0]",5,False,True,True,False
f60_a4_p00_s04,pku_round0_00058,1e-08,0.7486826642879872,"[0.0, 0.25, 0.5, 0.75, 1.0]",5,False,True,True,False
f60_a4_p00_s04,pku_round0_00058,1e-06,0.7486826642879872,"[0.0, 0.25, 0.5, 0.75, 1.0]",5,False,True,True,False
f60_a4_p00_s04,pku_round0_00058,0.0001,0.7486826642879872,"[0.0, 0.25, 0.5, 0.75, 1.0]",5,False,True,True,False
f60_a4_p00_s04,pku_round0_00058,0.001,0.7486826642879872,"[0.0, 0.25, 0.5, 0.75, 1.0]",5,False,True,True,False
f60_a4_p01_s00,pku_round0_00094,1e-08,0.8798524684227802,[0.0],1,True,False,True,True
f60_a4_p01_s00,pku_round0_00094,1e-06,0.8798524684227802,[0.0],1,True,False,True,True
f60_a4_p01_s00,pku_round0_00094,0.0001,0.8798524684227802,[0.0],1,True,False,True,True
f60_a4_p01_s00,pku_round0_00094,0.001,0.8798524684227802,[0.0],1,True,False,True,True
f60_a4_p01_s01,pku_round0_00094,1e-08,0.6764108584042635,"[0.5, 0.75, 1.0]",3,False,True,False,True
f60_a4_p01_s01,pku_round0_00094,1e-06,0.6764108584042635,"[0.5, 0.75, 1.0]",3,False,True,False,True
f60_a4_p01_s01,pku_round0_00094,0.0001,0.6764108584042635,"[0.5, 0.75, 1.0]",3,False,True,False,True
f60_a4_p01_s01,pku_round0_00094,0.001,0.6764108584042635,"[0.5, 0.75, 1.0]",3,False,True,False,True
f60_a4_p01_s02,pku_round0_00094,1e-08,0.8515388335283549,[0.0],1,True,False,True,True
f60_a4_p01_s02,pku_round0_00094,1e-06,0.8515388335283549,[0.0],1,True,False,True,True
f60_a4_p01_s02,pku_round0_00094,0.0001,0.8515388335283549,[0.0],1,True,False,True,True
f60_a4_p01_s02,pku_round0_00094,0.001,0.8515388335283549,[0.0],1,True,False,True,True
f60_a4_p01_s03,pku_round0_00094,1e-08,0.8322454716976404,"[0.0, 0.25, 0.5, 0.75, 1.0]",5,False,True,True,False
f60_a4_p01_s03,pku_round0_00094,1e-06,0.8322454716976404,"[0.0, 0.25, 0.5, 0.75, 1.0]",5,False,True,True,False
f60_a4_p01_s03,pku_round0_00094,0.0001,0.8322454716976404,"[0.0, 0.25, 0.5, 0.75, 1.0]",5,False,True,True,False
f60_a4_p01_s03,pku_round0_00094,0.001,0.8322454716976404,"[0.0, 0.25, 0.5, 0.75, 1.0]",5,False,True,True,False
f60_a4_p01_s04,pku_round0_00094,1e-08,0.7828845329878903,"[0.0, 0.25, 0.5, 0.75, 1.0]",5,False,True,True,False
f60_a4_p01_s04,pku_round0_00094,1e-06,0.7828845329878903,"[0.0, 0.25, 0.5, 0.75, 1.0]",5,False,True,True,False
f60_a4_p01_s04,pku_round0_00094,0.0001,0.7828845329878903,"[0.0, 0.25, 0.5, 0.75, 1.0]",5,False,True,True,False
f60_a4_p01_s04,pku_round0_00094,0.001,0.7828845329878903,"[0.0, 0.25, 0.5, 0.75, 1.0]",5,False,True,True,False
f60_a4_p02_s00,pku_round0_00115,1e-08,0.85792819361515,[0.0],1,True,False,True,True
f60_a4_p02_s00,pku_round0_00115,1e-06,0.85792819361515,[0.0],1,True,False,True,True
f60_a4_p02_s00,pku_round0_00115,0.0001,0.85792819361515,[0.0],1,True,False,True,True
f60_a4_p02_s00,pku_round0_00115,0.001,0.85792819361515,[0.0],1,True,False,True,True
f60_a4_p02_s01,pku_round0_00115,1e-08,0.7156709705062126,"[0.0, 0.25, 0.5, 0.75, 1.0]",5,False,True,True,False
f60_a4_p02_s01,pku_round0_00115,1e-06,0.7156709705062126,"[0.0, 0.25, 0.5, 0.75, 1.0]",5,False,True,True,False
f60_a4_p02_s01,pku_round0_00115,0.0001,0.7156709705062126,"[0.0, 0.25, 0.5, 0.75, 1.0]",5,False,True,True,False
f60_a4_p02_s01,pku_round0_00115,0.001,0.7156709705062126,"[0.0, 0.25, 0.5, 0.75, 1.0]",5,False,True,True,False
f60_a4_p02_s02,pku_round0_00115,1e-08,0.7115523388816365,"[0.0, 0.25, 0.5, 0.75, 1.0]",5,False,True,True,False
f60_a4_p02_s02,pku_round0_00115,1e-06,0.7115523388816365,"[0.0, 0.25, 0.5, 0.75, 1.0]",5,False,True,True,False
f60_a4_p02_s02,pku_round0_00115,0.0001,0.7115523388816365,"[0.0, 0.25, 0.5, 0.75, 1.0]",5,False,True,True,False
f60_a4_p02_s02,pku_round0_00115,0.001,0.7115523388816365,"[0.0, 0.25, 0.5, 0.75, 1.0]",5,False,True,True,False
f60_a4_p02_s03,pku_round0_00115,1e-08,0.729984389916337,"[0.0, 0.25, 0.5, 0.75, 1.0]",5,False,True,True,False
f60_a4_p02_s03,pku_round0_00115,1e-06,0.729984389916337,"[0.0, 0.25, 0.5, 0.75, 1.0]",5,False,True,True,False
f60_a4_p02_s03,pku_round0_00115,0.0001,0.729984389916337,"[0.0, 0.25, 0.5, 0.75, 1.0]",5,False,True,True,False
f60_a4_p02_s03,pku_round0_00115,0.001,0.729984389916337,"[0.0, 0.25, 0.5, 0.75, 1.0]",5,False,True,True,False
f60_a4_p02_s04,pku_round0_00115,1e-08,0.7243936998403913,"[0.0, 0.25, 0.5, 0.75, 1.0]",5,False,True,True,False
f60_a4_p02_s04,pku_round0_00115,1e-06,0.7243936998403913,"[0.0, 0.25, 0.5, 0.75, 1.0]",5,False,True,True,False
f60_a4_p02_s04,pku_round0_00115,0.0001,0.7243936998403913,"[0.0, 0.25, 0.5, 0.75, 1.0]",5,False,True,True,False
f60_a4_p02_s04,pku_round0_00115,0.001,0.7243936998403913,"[0.0, 0.25, 0.5, 0.75, 1.0]",5,False,True,True,False
f60_a4_p03_s00,pku_round0_00123,1e-08,0.6204569770559332,[0.0],1,True,False,True,True
f60_a4_p03_s00,pku_round0_00123,1e-06,0.6204569770559332,[0.0],1,True,False,True,True
f60_a4_p03_s00,pku_round0_00123,0.0001,0.6204569770559332,[0.0],1,True,False,True,True
f60_a4_p03_s00,pku_round0_00123,0.001,0.6204569770559332,[0.0],1,True,False,True,True
f60_a4_p03_s01,pku_round0_00123,1e-08,0.5631406586302715,"[0.0, 0.25, 0.5, 0.75]",4,False,False,True,True
f60_a4_p03_s01,pku_round0_00123,1e-06,0.5631406586302715,"[0.0, 0.25, 0.5, 0.75]",4,False,False,True,True
f60_a4_p03_s01,pku_round0_00123,0.0001,0.5631406586302715,"[0.0, 0.25, 0.5, 0.75]",4,False,False,True,True
f60_a4_p03_s01,pku_round0_00123,0.001,0.5631406586302715,"[0.0, 0.25, 0.5, 0.75]",4,False,False,True,True
f60_a4_p03_s02,pku_round0_00123,1e-08,0.5871320793483353,"[0.0, 0.25, 0.5, 0.75, 1.0]",5,False,True,True,False
f60_a4_p03_s02,pku_round0_00123,1e-06,0.5871320793483353,"[0.0, 0.25, 0.5, 0.75, 1.0]",5,False,True,True,False
f60_a4_p03_s02,pku_round0_00123,0.0001,0.5871320793483353,"[0.0, 0.25, 0.5, 0.75, 1.0]",5,False,True,True,False
f60_a4_p03_s02,pku_round0_00123,0.001,0.5871320793483353,"[0.0, 0.25, 0.5, 0.75, 1.0]",5,False,True,True,False
f60_a4_p03_s03,pku_round0_00123,1e-08,0.5722235724791469,"[0.0, 0.25, 0.5, 0.75]",4,False,False,True,True
f60_a4_p03_s03,pku_round0_00123,1e-06,0.5722235724791469,"[0.0, 0.25, 0.5, 0.75]",4,False,False,True,True
f60_a4_p03_s03,pku_round0_00123,0.0001,0.5722235724791469,"[0.0, 0.25, 0.5, 0.75]",4,False,False,True,True
f60_a4_p03_s03,pku_round0_00123,0.001,0.5722235724791469,"[0.0, 0.25, 0.5, 0.75]",4,False,False,True,True
f60_a4_p03_s04,pku_round0_00123,1e-08,0.4481321770679602,"[0.0, 0.25, 0.5, 0.75, 1.0]",5,False,True,True,False
f60_a4_p03_s04,pku_round0_00123,1e-06,0.4481321770679602,"[0.0, 0.25, 0.5, 0.75, 1.0]",5,False,True,True,False
f60_a4_p03_s04,pku_round0_00123,0.0001,0.4481321770679602,"[0.0, 0.25, 0.5, 0.75, 1.0]",5,False,True,True,False
f60_a4_p03_s04,pku_round0_00123,0.001,0.4481321770679602,"[0.0, 0.25, 0.5, 0.75, 1.0]",5,False,True,True,False
f60_a4_p04_s00,pku_round0_00126,1e-08,0.8763445844535593,[0.0],1,True,False,True,True
f60_a4_p04_s00,pku_round0_00126,1e-06,0.8763445844535593,[0.0],1,True,False,True,True
f60_a4_p04_s00,pku_round0_00126,0.0001,0.8763445844535593,[0.0],1,True,False,True,True
f60_a4_p04_s00,pku_round0_00126,0.001,0.8763445844535593,[0.0],1,True,False,True,True
f60_a4_p04_s01,pku_round0_00126,1e-08,0.5330730817512359,"[0.0, 0.25, 0.5, 0.75, 1.0]",5,False,True,True,False
f60_a4_p04_s01,pku_round0_00126,1e-06,0.5330730817512359,"[0.0, 0.25, 0.5, 0.75, 1.0]",5,False,True,True,False
f60_a4_p04_s01,pku_round0_00126,0.0001,0.5330730817512359,"[0.0, 0.25, 0.5, 0.75, 1.0]",5,False,True,True,False
f60_a4_p04_s01,pku_round0_00126,0.001,0.5330730817512359,"[0.0, 0.25, 0.5, 0.75, 1.0]",5,False,True,True,False
f60_a4_p04_s02,pku_round0_00126,1e-08,0.6096201212224475,"[0.0, 0.25, 0.5, 0.75, 1.0]",5,False,True,True,False
f60_a4_p04_s02,pku_round0_00126,1e-06,0.6096201212224475,"[0.0, 0.25, 0.5, 0.75, 1.0]",5,False,True,True,False
f60_a4_p04_s02,pku_round0_00126,0.0001,0.6096201212224475,"[0.0, 0.25, 0.5, 0.75, 1.0]",5,False,True,True,False
f60_a4_p04_s02,pku_round0_00126,0.001,0.6096201212224475,"[0.0, 0.25, 0.5, 0.75, 1.0]",5,False,True,True,False
f60_a4_p04_s03,pku_round0_00126,1e-08,0.5190415458743526,"[0.0, 0.25, 0.5, 0.75, 1.0]",5,False,True,True,False
f60_a4_p04_s03,pku_round0_00126,1e-06,0.5190415458743526,"[0.0, 0.25, 0.5, 0.75, 1.0]",5,False,True,True,False
f60_a4_p04_s03,pku_round0_00126,0.0001,0.5190415458743526,"[0.0, 0.25, 0.5, 0.75, 1.0]",5,False,True,True,False
f60_a4_p04_s03,pku_round0_00126,0.001,0.5190415458743526,"[0.0, 0.25, 0.5, 0.75, 1.0]",5,False,True,True,False
f60_a4_p04_s04,pku_round0_00126,1e-08,0.5134038752095333,"[0.0, 0.25, 0.5, 0.75, 1.0]",5,False,True,True,False
f60_a4_p04_s04,pku_round0_00126,1e-06,0.5134038752095333,"[0.0, 0.25, 0.5, 0.75, 1.0]",5,False,True,True,False
f60_a4_p04_s04,pku_round0_00126,0.0001,0.5134038752095333,"[0.0, 0.25, 0.5, 0.75, 1.0]",5,False,True,True,False
f60_a4_p04_s04,pku_round0_00126,0.001,0.5134038752095333,"[0.0, 0.25, 0.5, 0.75, 1.0]",5,False,True,True,False
f60_a4_p05_s00,pku_round0_00146,1e-08,0.7307987201234775,"[0.25, 0.5, 0.75, 1.0]",4,False,True,False,True
f60_a4_p05_s00,pku_round0_00146,1e-06,0.7307987201234775,"[0.25, 0.5, 0.75, 1.0]",4,False,True,False,True
f60_a4_p05_s00,pku_round0_00146,0.0001,0.7307987201234775,"[0.25, 0.5, 0.75, 1.0]",4,False,True,False,True
f60_a4_p05_s00,pku_round0_00146,0.001,0.7307987201234775,"[0.25, 0.5, 0.75, 1.0]",4,False,True,False,True
f60_a4_p05_s01,pku_round0_00146,1e-08,0.706501925577736,"[0.0, 0.25, 0.5, 0.75, 1.0]",5,False,True,True,False
f60_a4_p05_s01,pku_round0_00146,1e-06,0.706501925577736,"[0.0, 0.25, 0.5, 0.75, 1.0]",5,False,True,True,False
f60_a4_p05_s01,pku_round0_00146,0.0001,0.706501925577736,"[0.0, 0.25, 0.5, 0.75, 1.0]",5,False,True,True,False
f60_a4_p05_s01,pku_round0_00146,0.001,0.706501925577736,"[0.0, 0.25, 0.5, 0.75, 1.0]",5,False,True,True,False
f60_a4_p05_s02,pku_round0_00146,1e-08,0.6918557269964244,"[0.0, 0.25, 0.5, 0.75, 1.0]",5,False,True,True,False
f60_a4_p05_s02,pku_round0_00146,1e-06,0.6918557269964244,"[0.0, 0.25, 0.5, 0.75, 1.0]",5,False,True,True,False
f60_a4_p05_s02,pku_round0_00146,0.0001,0.6918557269964244,"[0.0, 0.25, 0.5, 0.75, 1.0]",5,False,True,True,False
f60_a4_p05_s02,pku_round0_00146,0.001,0.6918557269964244,"[0.0, 0.25, 0.5, 0.75, 1.0]",5,False,True,True,False
f60_a4_p05_s03,pku_round0_00146,1e-08,0.6819937183820637,"[0.0, 0.25, 0.5, 0.75, 1.0]",5,False,True,True,False
f60_a4_p05_s03,pku_round0_00146,1e-06,0.6819937183820637,"[0.0, 0.25, 0.5, 0.75, 1.0]",5,False,True,True,False
f60_a4_p05_s03,pku_round0_00146,0.0001,0.6819937183820637,"[0.0, 0.25, 0.5, 0.75, 1.0]",5,False,True,True,False
f60_a4_p05_s03,pku_round0_00146,0.001,0.6819937183820637,"[0.0, 0.25, 0.5, 0.75, 1.0]",5,False,True,True,False
f60_a4_p05_s04,pku_round0_00146,1e-08,0.6573523995179165,"[0.0, 0.25, 0.5, 0.75, 1.0]",5,False,True,True,False
f60_a4_p05_s04,pku_round0_00146,1e-06,0.6573523995179165,"[0.0, 0.25, 0.5, 0.75, 1.0]",5,False,True,True,False
f60_a4_p05_s04,pku_round0_00146,0.0001,0.6573523995179165,"[0.0, 0.25, 0.5, 0.75, 1.0]",5,False,True,True,False
f60_a4_p05_s04,pku_round0_00146,0.001,0.6573523995179165,"[0.0, 0.25, 0.5, 0.75, 1.0]",5,False,True,True,False
f60_a4_p06_s00,pku_round0_00198,1e-08,0.8792260605711336,"[0.0, 0.25, 0.5, 0.75, 1.0]",5,False,True,True,False
f60_a4_p06_s00,pku_round0_00198,1e-06,0.8792260605711336,"[0.0, 0.25, 0.5, 0.75, 1.0]",5,False,True,True,False
f60_a4_p06_s00,pku_round0_00198,0.0001,0.8792260605711336,"[0.0, 0.25, 0.5, 0.75, 1.0]",5,False,True,True,False
f60_a4_p06_s00,pku_round0_00198,0.001,0.8792260605711336,"[0.0, 0.25, 0.5, 0.75, 1.0]",5,False,True,True,False
f60_a4_p06_s01,pku_round0_00198,1e-08,0.8616866407250294,"[0.0, 0.25, 0.5, 0.75]",4,False,False,True,True
f60_a4_p06_s01,pku_round0_00198,1e-06,0.8616866407250294,"[0.0, 0.25, 0.5, 0.75]",4,False,False,True,True
f60_a4_p06_s01,pku_round0_00198,0.0001,0.8616866407250294,"[0.0, 0.25, 0.5, 0.75]",4,False,False,True,True
f60_a4_p06_s01,pku_round0_00198,0.001,0.8616866407250294,"[0.0, 0.25, 0.5, 0.75]",4,False,False,True,True
f60_a4_p06_s02,pku_round0_00198,1e-08,0.8802283131337681,"[0.25, 0.5, 0.75, 1.0]",4,False,True,False,True
f60_a4_p06_s02,pku_round0_00198,1e-06,0.8802283131337681,"[0.25, 0.5, 0.75, 1.0]",4,False,True,False,True
f60_a4_p06_s02,pku_round0_00198,0.0001,0.8802283131337681,"[0.25, 0.5, 0.75, 1.0]",4,False,True,False,True
f60_a4_p06_s02,pku_round0_00198,0.001,0.8802283131337681,"[0.25, 0.5, 0.75, 1.0]",4,False,True,False,True
f60_a4_p06_s03,pku_round0_00198,1e-08,0.8605591065920656,"[0.0, 0.25, 0.5, 0.75, 1.0]",5,False,True,True,False
f60_a4_p06_s03,pku_round0_00198,1e-06,0.8605591065920656,"[0.0, 0.25, 0.5, 0.75, 1.0]",5,False,True,True,False
f60_a4_p06_s03,pku_round0_00198,0.0001,0.8605591065920656,"[0.0, 0.25, 0.5, 0.75, 1.0]",5,False,True,True,False
f60_a4_p06_s03,pku_round0_00198,0.001,0.8605591065920656,"[0.0, 0.25, 0.5, 0.75, 1.0]",5,False,True,True,False
f60_a4_p06_s04,pku_round0_00198,1e-08,0.7684145116148543,"[0.0, 0.25, 0.5, 0.75, 1.0]",5,False,True,True,False
f60_a4_p06_s04,pku_round0_00198,1e-06,0.7684145116148543,"[0.0, 0.25, 0.5, 0.75, 1.0]",5,False,True,True,False
f60_a4_p06_s04,pku_round0_00198,0.0001,0.7684145116148543,"[0.0, 0.25, 0.5, 0.75, 1.0]",5,False,True,True,False
f60_a4_p06_s04,pku_round0_00198,0.001,0.7684145116148543,"[0.0, 0.25, 0.5, 0.75, 1.0]",5,False,True,True,False
f60_a4_p07_s00,pku_round0_00203,1e-08,0.5556237644105126,"[0.0, 0.25, 0.5, 0.75, 1.0]",5,False,True,True,False
f60_a4_p07_s00,pku_round0_00203,1e-06,0.5556237644105126,"[0.0, 0.25, 0.5, 0.75, 1.0]",5,False,True,True,False
f60_a4_p07_s00,pku_round0_00203,0.0001,0.5556237644105126,"[0.0, 0.25, 0.5, 0.75, 1.0]",5,False,True,True,False
f60_a4_p07_s00,pku_round0_00203,0.001,0.5556237644105126,"[0.0, 0.25, 0.5, 0.75, 1.0]",5,False,True,True,False
f60_a4_p07_s01,pku_round0_00203,1e-08,0.39814483050656346,"[0.0, 0.25, 0.5, 0.75, 1.0]",5,False,True,True,False
f60_a4_p07_s01,pku_round0_00203,1e-06,0.39814483050656346,"[0.0, 0.25, 0.5, 0.75, 1.0]",5,False,True,True,False
f60_a4_p07_s01,pku_round0_00203,0.0001,0.39814483050656346,"[0.0, 0.25, 0.5, 0.75, 1.0]",5,False,True,True,False
f60_a4_p07_s01,pku_round0_00203,0.001,0.39814483050656346,"[0.0, 0.25, 0.5, 0.75, 1.0]",5,False,True,True,False
f60_a4_p07_s02,pku_round0_00203,1e-08,0.5140302830611799,"[0.0, 0.25, 0.5, 0.75, 1.0]",5,False,True,True,False
f60_a4_p07_s02,pku_round0_00203,1e-06,0.5140302830611799,"[0.0, 0.25, 0.5, 0.75, 1.0]",5,False,True,True,False
f60_a4_p07_s02,pku_round0_00203,0.0001,0.5140302830611799,"[0.0, 0.25, 0.5, 0.75, 1.0]",5,False,True,True,False
f60_a4_p07_s02,pku_round0_00203,0.001,0.5140302830611799,"[0.0, 0.25, 0.5, 0.75, 1.0]",5,False,True,True,False
f60_a4_p07_s03,pku_round0_00203,1e-08,0.44825745863828953,[0.0],1,True,False,True,True
f60_a4_p07_s03,pku_round0_00203,1e-06,0.44825745863828953,[0.0],1,True,False,True,True
f60_a4_p07_s03,pku_round0_00203,0.0001,0.44825745863828953,[0.0],1,True,False,True,True
f60_a4_p07_s03,pku_round0_00203,0.001,0.44825745863828953,[0.0],1,True,False,True,True
f60_a4_p07_s04,pku_round0_00203,1e-08,0.5002493103249553,"[0.0, 0.25, 0.5, 0.75, 1.0]",5,False,True,True,False
f60_a4_p07_s04,pku_round0_00203,1e-06,0.5002493103249553,"[0.0, 0.25, 0.5, 0.75, 1.0]",5,False,True,True,False
f60_a4_p07_s04,pku_round0_00203,0.0001,0.5002493103249553,"[0.0, 0.25, 0.5, 0.75, 1.0]",5,False,True,True,False
f60_a4_p07_s04,pku_round0_00203,0.001,0.5002493103249553,"[0.0, 0.25, 0.5, 0.75, 1.0]",5,False,True,True,False
f60_a4_p08_s00,pku_round0_00209,1e-08,0.6521532143492499,"[0.0, 0.25, 0.5, 0.75, 1.0]",5,False,True,True,False
f60_a4_p08_s00,pku_round0_00209,1e-06,0.6521532143492499,"[0.0, 0.25, 0.5, 0.75, 1.0]",5,False,True,True,False
f60_a4_p08_s00,pku_round0_00209,0.0001,0.6521532143492499,"[0.0, 0.25, 0.5, 0.75, 1.0]",5,False,True,True,False
f60_a4_p08_s00,pku_round0_00209,0.001,0.6521532143492499,"[0.0, 0.25, 0.5, 0.75, 1.0]",5,False,True,True,False
f60_a4_p08_s01,pku_round0_00209,1e-08,0.555373201269854,"[0.0, 0.25, 0.5, 0.75, 1.0]",5,False,True,True,False
f60_a4_p08_s01,pku_round0_00209,1e-06,0.555373201269854,"[0.0, 0.25, 0.5, 0.75, 1.0]",5,False,True,True,False
f60_a4_p08_s01,pku_round0_00209,0.0001,0.555373201269854,"[0.0, 0.25, 0.5, 0.75, 1.0]",5,False,True,True,False
f60_a4_p08_s01,pku_round0_00209,0.001,0.555373201269854,"[0.0, 0.25, 0.5, 0.75, 1.0]",5,False,True,True,False
f60_a4_p08_s02,pku_round0_00209,1e-08,0.6608916038797197,"[0.0, 0.25, 0.5]",3,False,False,True,True
f60_a4_p08_s02,pku_round0_00209,1e-06,0.6608916038797197,"[0.0, 0.25, 0.5]",3,False,False,True,True
f60_a4_p08_s02,pku_round0_00209,0.0001,0.6608916038797197,"[0.0, 0.25, 0.5]",3,False,False,True,True
f60_a4_p08_s02,pku_round0_00209,0.001,0.6608916038797197,"[0.0, 0.25, 0.5]",3,False,False,True,True
f60_a4_p08_s03,pku_round0_00209,1e-08,0.5837494769494438,"[0.0, 0.25, 0.5, 0.75, 1.0]",5,False,True,True,False
f60_a4_p08_s03,pku_round0_00209,1e-06,0.5837494769494438,"[0.0, 0.25, 0.5, 0.75, 1.0]",5,False,True,True,False
f60_a4_p08_s03,pku_round0_00209,0.0001,0.5837494769494438,"[0.0, 0.25, 0.5, 0.75, 1.0]",5,False,True,True,False
f60_a4_p08_s03,pku_round0_00209,0.001,0.5837494769494438,"[0.0, 0.25, 0.5, 0.75, 1.0]",5,False,True,True,False
f60_a4_p08_s04,pku_round0_00209,1e-08,0.6520592531715029,"[0.0, 0.25, 0.5, 0.75, 1.0]",5,False,True,True,False
f60_a4_p08_s04,pku_round0_00209,1e-06,0.6520592531715029,"[0.0, 0.25, 0.5, 0.75, 1.0]",5,False,True,True,False
f60_a4_p08_s04,pku_round0_00209,0.0001,0.6520592531715029,"[0.0, 0.25, 0.5, 0.75, 1.0]",5,False,True,True,False
f60_a4_p08_s04,pku_round0_00209,0.001,0.6520592531715029,"[0.0, 0.25, 0.5, 0.75, 1.0]",5,False,True,True,False
f60_a4_p09_s00,pku_round0_00217,1e-08,0.9285869992808837,"[0.25, 0.5, 0.75, 1.0]",4,False,True,False,True
f60_a4_p09_s00,pku_round0_00217,1e-06,0.9285869992808837,"[0.25, 0.5, 0.75, 1.0]",4,False,True,False,True
f60_a4_p09_s00,pku_round0_00217,0.0001,0.9285869992808837,"[0.25, 0.5, 0.75, 1.0]",4,False,True,False,True
f60_a4_p09_s00,pku_round0_00217,0.001,0.9285869992808837,"[0.25, 0.5, 0.75, 1.0]",4,False,True,False,True
f60_a4_p09_s01,pku_round0_00217,1e-08,0.9581534498786021,"[0.0, 0.25, 0.5, 0.75, 1.0]",5,False,True,True,False
f60_a4_p09_s01,pku_round0_00217,1e-06,0.9581534498786021,"[0.0, 0.25, 0.5, 0.75, 1.0]",5,False,True,True,False
f60_a4_p09_s01,pku_round0_00217,0.0001,0.9581534498786021,"[0.0, 0.25, 0.5, 0.75, 1.0]",5,False,True,True,False
f60_a4_p09_s01,pku_round0_00217,0.001,0.9581534498786021,"[0.0, 0.25, 0.5, 0.75, 1.0]",5,False,True,True,False
f60_a4_p09_s02,pku_round0_00217,1e-08,0.9691782280675818,"[0.0, 0.25, 0.5, 0.75, 1.0]",5,False,True,True,False
f60_a4_p09_s02,pku_round0_00217,1e-06,0.9691782280675818,"[0.0, 0.25, 0.5, 0.75, 1.0]",5,False,True,True,False
f60_a4_p09_s02,pku_round0_00217,0.0001,0.9691782280675818,"[0.0, 0.25, 0.5, 0.75, 1.0]",5,False,True,True,False
f60_a4_p09_s02,pku_round0_00217,0.001,0.9691782280675818,"[0.0, 0.25, 0.5, 0.75, 1.0]",5,False,True,True,False
f60_a4_p09_s03,pku_round0_00217,1e-08,0.9417415641654618,"[0.0, 0.25, 0.5, 0.75, 1.0]",5,False,True,True,False
f60_a4_p09_s03,pku_round0_00217,1e-06,0.9417415641654618,"[0.0, 0.25, 0.5, 0.75, 1.0]",5,False,True,True,False
f60_a4_p09_s03,pku_round0_00217,0.0001,0.9417415641654618,"[0.0, 0.25, 0.5, 0.75, 1.0]",5,False,True,True,False
f60_a4_p09_s03,pku_round0_00217,0.001,0.9417415641654618,"[0.0, 0.25, 0.5, 0.75, 1.0]",5,False,True,True,False
f60_a4_p09_s04,pku_round0_00217,1e-08,0.9671737229423127,"[0.0, 0.25, 0.5, 0.75, 1.0]",5,False,True,True,False
f60_a4_p09_s04,pku_round0_00217,1e-06,0.9671737229423127,"[0.0, 0.25, 0.5, 0.75, 1.0]",5,False,True,True,False
f60_a4_p09_s04,pku_round0_00217,0.0001,0.9671737229423127,"[0.0, 0.25, 0.5, 0.75, 1.0]",5,False,True,True,False
f60_a4_p09_s04,pku_round0_00217,0.001,0.9671737229423127,"[0.0, 0.25, 0.5, 0.75, 1.0]",5,False,True,True,False
