ci95_high,ci95_low,mean,method,method_family,metric,n,ppl_model_family,prompt_sentiment_class,std
0.725,0.6516666666666666,0.6883333333333334,taro,v2_autoregressive_sentiment_guide,alignment_success,600,v2_gpt2_medium_conditional,all,0.4631744331842546
0.7219793475714201,0.6489917582326841,0.6854670262875152,taro,v2_autoregressive_sentiment_guide,target_probability,600,v2_gpt2_medium_conditional,all,0.45449469124880837
4.644006000689038,4.3977964298151395,4.525358332005609,taro,v2_autoregressive_sentiment_guide,perplexity,600,v2_gpt2_medium_conditional,all,1.5174005243125148
0.3035577067278915,0.2185904349566533,0.2617373390206547,taro,v2_autoregressive_sentiment_guide,ppl_degradation,600,v2_gpt2_medium_conditional,all,0.5322042904987084
0.5639601628749065,0.5514619238483637,0.5576590633425201,taro,v2_autoregressive_sentiment_guide,coherence,600,v2_gpt2_medium_conditional,all,0.08049403447894346
0.34876315599682217,0.322300297477333,0.33582946132608077,taro,v2_autoregressive_sentiment_guide,repeated_unigram_rate,600,v2_gpt2_medium_conditional,all,0.16721502621050074
0.19360517388314824,0.16341878358655804,0.17875999649597518,taro,v2_autoregressive_sentiment_guide,repeated_bigram_rate,600,v2_gpt2_medium_conditional,all,0.19395918864597483
0.14684425883770713,0.11809609554057367,0.13265305043743647,taro,v2_autoregressive_sentiment_guide,repeated_trigram_rate,600,v2_gpt2_medium_conditional,all,0.18545480587918842
0.6741203577650745,0.6472919772365524,0.6608372053405864,taro,v2_autoregressive_sentiment_guide,distinct_1,600,v2_gpt2_medium_conditional,all,0.17042366073199305
0.8335838509694151,0.8029836574678391,0.8179066701706919,taro,v2_autoregressive_sentiment_guide,distinct_2,600,v2_gpt2_medium_conditional,all,0.19937566494548403
0.8787944606961337,0.8494160940990273,0.864013616229231,taro,v2_autoregressive_sentiment_guide,distinct_3,600,v2_gpt2_medium_conditional,all,0.1919149644408345
32.0,32.0,32.0,taro,v2_autoregressive_sentiment_guide,generation_length,600,v2_gpt2_medium_conditional,all,0.0
0.04572112089516547,0.04568955525979012,0.04570519614235915,taro,v2_autoregressive_sentiment_guide,latency_per_token,600,v2_gpt2_medium_conditional,all,0.0002007684945621312
1.463075868645295,1.4620657683132838,1.4625662765554928,taro,v2_autoregressive_sentiment_guide,total_latency,600,v2_gpt2_medium_conditional,all,0.006424591825988198
0.725,0.65,0.6883333333333334,taro_same_average,v2_autoregressive_sentiment_guide,alignment_success,600,v2_gpt2_medium_conditional,all,0.4631744331842546
0.7215090183616849,0.6485809777426766,0.6857285285848775,taro_same_average,v2_autoregressive_sentiment_guide,target_probability,600,v2_gpt2_medium_conditional,all,0.4551572270663865
4.797132434676756,4.536744256518599,4.671757209270725,taro_same_average,v2_autoregressive_sentiment_guide,perplexity,600,v2_gpt2_medium_conditional,all,1.5709001622736807
0.3630397485407999,0.2627177758507802,0.3139012212395038,taro_same_average,v2_autoregressive_sentiment_guide,ppl_degradation,600,v2_gpt2_medium_conditional,all,0.6158714315364185
0.5615159784421541,0.5498264553150731,0.5557639219111549,taro_same_average,v2_autoregressive_sentiment_guide,coherence,600,v2_gpt2_medium_conditional,all,0.0772165529704432
0.34322090866234634,0.3171108603554874,0.3306952004270457,taro_same_average,v2_autoregressive_sentiment_guide,repeated_unigram_rate,600,v2_gpt2_medium_conditional,all,0.16370329673970438
0.18492225065890375,0.15423736144509712,0.17075576255772482,taro_same_average,v2_autoregressive_sentiment_guide,repeated_bigram_rate,600,v2_gpt2_medium_conditional,all,0.18968377005068376
0.13990904367658652,0.11156680978534576,0.1262977517894466,taro_same_average,v2_autoregressive_sentiment_guide,repeated_trigram_rate,600,v2_gpt2_medium_conditional,all,0.1790273722044436
0.6797420355376371,0.6529825370325485,0.6659714662396216,taro_same_average,v2_autoregressive_sentiment_guide,distinct_1,600,v2_gpt2_medium_conditional,all,0.1670818868583794
0.8421506071678131,0.8111747381973106,0.8259109041089419,taro_same_average,v2_autoregressive_sentiment_guide,distinct_2,600,v2_gpt2_medium_conditional,all,0.19535552997670189
0.8859822063070779,0.8562698404086747,0.8703689148772211,taro_same_average,v2_autoregressive_sentiment_guide,distinct_3,600,v2_gpt2_medium_conditional,all,0.18582528678498242
32.0,32.0,32.0,taro_same_average,v2_autoregressive_sentiment_guide,generation_length,600,v2_gpt2_medium_conditional,all,0.0
0.04541131625639536,0.045380303127009636,0.045396316078282935,taro_same_average,v2_autoregressive_sentiment_guide,latency_per_token,600,v2_gpt2_medium_conditional,all,0.00018430078643624168
1.4531621202046516,1.4521697000643083,1.452682114505054,taro_same_average,v2_autoregressive_sentiment_guide,total_latency,600,v2_gpt2_medium_conditional,all,0.005897625165959734
0.6883333333333334,0.6116666666666667,0.6483333333333333,v1_base,v1_rad_scalar_reward,alignment_success,600,v1_gpt2_large_full_sequence,all,0.47749054673597696
0.6845551396410641,0.6094751303979623,0.6460592629463645,v1_base,v1_rad_scalar_reward,target_probability,600,v1_gpt2_large_full_sequence,all,0.4684709191381248
6.98642365038395,6.486188667813937,6.728044846455256,v1_base,v1_rad_scalar_reward,perplexity,600,v1_gpt2_large_full_sequence,all,2.9176544063294796
0.0,0.0,0.0,v1_base,v1_rad_scalar_reward,ppl_degradation,600,v1_gpt2_large_full_sequence,all,0.0
0.5640698173727695,0.5497660886731218,0.5564900338851612,v1_base,v1_rad_scalar_reward,coherence,600,v1_gpt2_large_full_sequence,all,0.08796542650630543
0.3297194277343826,0.3014570923351345,0.3157603646111247,v1_base,v1_rad_scalar_reward,repeated_unigram_rate,600,v1_gpt2_large_full_sequence,all,0.1716356966792957
0.1843067352225189,0.15481676512344814,0.16953810623705876,v1_base,v1_rad_scalar_reward,repeated_bigram_rate,600,v1_gpt2_large_full_sequence,all,0.18397428789852543
0.1349050126705288,0.10711970306176137,0.12109348530621979,v1_base,v1_rad_scalar_reward,repeated_trigram_rate,600,v1_gpt2_large_full_sequence,all,0.17317038160793138
0.695540464288154,0.6673206068476593,0.6809063020555424,v1_base,v1_rad_scalar_reward,distinct_1,600,v1_gpt2_large_full_sequence,all,0.1751455551802612
0.8423494733920783,0.8121272315330441,0.827128560429609,v1_base,v1_rad_scalar_reward,distinct_2,600,v1_gpt2_large_full_sequence,all,0.18983810678683916
0.8895393565087242,0.8613782608673983,0.8755731813604473,v1_base,v1_rad_scalar_reward,distinct_3,600,v1_gpt2_large_full_sequence,all,0.18028564387221002
31.843333333333334,31.44,31.665,v1_base,v1_rad_scalar_reward,generation_length,600,v1_gpt2_large_full_sequence,all,2.5131868878643573
0.03051629275933615,0.02925366833982682,0.0299070598319609,v1_base,v1_rad_scalar_reward,latency_per_token,600,v1_gpt2_large_full_sequence,all,0.00803617103570089
0.9668838317936752,0.9248729873656217,0.9458319171374509,v1_base,v1_rad_scalar_reward,total_latency,600,v1_gpt2_large_full_sequence,all,0.2644228139410749
0.92,0.87,0.895,v1_fixed,v1_rad_scalar_reward,alignment_success,600,v1_gpt2_large_full_sequence,all,0.30655342111938666
0.9171990906190088,0.8700738289859146,0.8935347301212218,v1_fixed,v1_rad_scalar_reward,target_probability,600,v1_gpt2_large_full_sequence,all,0.2971939012294178
9.205384260614712,8.371361690163612,8.766381897727648,v1_fixed,v1_rad_scalar_reward,perplexity,600,v1_gpt2_large_full_sequence,all,4.951202565422534
0.4633381018048923,0.30142906655033586,0.36537561622696546,v1_fixed,v1_rad_scalar_reward,ppl_degradation,600,v1_gpt2_large_full_sequence,all,0.9663292868964719
0.5416363337419975,0.5253730657484816,0.5339565927465327,v1_fixed,v1_rad_scalar_reward,coherence,600,v1_gpt2_large_full_sequence,all,0.09938254410072214
0.30971051043752157,0.281162129195422,0.29580838058148357,v1_fixed,v1_rad_scalar_reward,repeated_unigram_rate,600,v1_gpt2_large_full_sequence,all,0.18079981056631975
0.17302703161242342,0.14321130214537955,0.1582560429111529,v1_fixed,v1_rad_scalar_reward,repeated_bigram_rate,600,v1_gpt2_large_full_sequence,all,0.18624287631634373
0.1291397623982317,0.10144268467661767,0.11552119629033744,v1_fixed,v1_rad_scalar_reward,repeated_trigram_rate,600,v1_gpt2_large_full_sequence,all,0.17684217308147265
0.7073442685995613,0.6770875234109465,0.69252495275185,v1_fixed,v1_rad_scalar_reward,distinct_1,600,v1_gpt2_large_full_sequence,all,0.19317590820149227
0.842019224531407,0.8080326424701287,0.825077290422181,v1_fixed,v1_rad_scalar_reward,distinct_2,600,v1_gpt2_large_full_sequence,all,0.2140095709007007
0.8780662936222533,0.8449545485710562,0.8628121370429973,v1_fixed,v1_rad_scalar_reward,distinct_3,600,v1_gpt2_large_full_sequence,all,0.21786339274069227
31.381666666666668,30.675,31.06,v1_fixed,v1_rad_scalar_reward,generation_length,600,v1_gpt2_large_full_sequence,all,4.163700277397498
0.03113714138764601,0.029826643329540693,0.03046538557466852,v1_fixed,v1_rad_scalar_reward,latency_per_token,600,v1_gpt2_large_full_sequence,all,0.008090187449921462
0.9646515089036741,0.9195186345246232,0.9434595668523494,v1_fixed,v1_rad_scalar_reward,total_latency,600,v1_gpt2_large_full_sequence,all,0.27724231908527824
0.8566666666666667,0.7933333333333333,0.8233333333333334,v1_heuristic,v1_rad_scalar_reward,alignment_success,600,v1_gpt2_large_full_sequence,all,0.38138635994953407
0.85677396295728,0.7931355094450797,0.8233204443271582,v1_heuristic,v1_rad_scalar_reward,target_probability,600,v1_gpt2_large_full_sequence,all,0.3704111288576819
9.578158169786136,7.7425446218252185,8.455925779740015,v1_heuristic,v1_rad_scalar_reward,perplexity,600,v1_gpt2_large_full_sequence,all,11.451913510875803
0.37351015920404806,0.19397841193416637,0.27141530308016454,v1_heuristic,v1_rad_scalar_reward,ppl_degradation,600,v1_gpt2_large_full_sequence,all,1.0675132325781842
0.5460855305701005,0.5297826555137741,0.5383891122204255,v1_heuristic,v1_rad_scalar_reward,coherence,600,v1_gpt2_large_full_sequence,all,0.10263145783761252
0.3072019002063858,0.27685300439568966,0.29240454019316175,v1_heuristic,v1_rad_scalar_reward,repeated_unigram_rate,600,v1_gpt2_large_full_sequence,all,0.18425196577916855
0.17372389376298367,0.14221861917479106,0.15841762407683257,v1_heuristic,v1_rad_scalar_reward,repeated_bigram_rate,600,v1_gpt2_large_full_sequence,all,0.19311934686049906
0.13172546690078007,0.10247194956774379,0.11783442551066692,v1_heuristic,v1_rad_scalar_reward,repeated_trigram_rate,600,v1_gpt2_large_full_sequence,all,0.18279549561608058
0.7117789752656352,0.6804209249538534,0.6959287931401728,v1_heuristic,v1_rad_scalar_reward,distinct_1,600,v1_gpt2_large_full_sequence,all,0.19661274079910576
0.8427366322089797,0.807800149133737,0.8249157092565002,v1_heuristic,v1_rad_scalar_reward,distinct_2,600,v1_gpt2_large_full_sequence,all,0.22000768975535123
0.8763132669403173,0.841770382874131,0.8588322411559997,v1_heuristic,v1_rad_scalar_reward,distinct_3,600,v1_gpt2_large_full_sequence,all,0.22517580298347548
31.516666666666666,30.821666666666665,31.201666666666668,v1_heuristic,v1_rad_scalar_reward,generation_length,600,v1_gpt2_large_full_sequence,all,4.224649558115902
0.03135019749276891,0.030080931860168948,0.03072582137082804,v1_heuristic,v1_rad_scalar_reward,latency_per_token,600,v1_gpt2_large_full_sequence,all,0.008130777983600505
0.9772713151477123,0.9327452678330398,0.9552188929581704,v1_heuristic,v1_rad_scalar_reward,total_latency,600,v1_gpt2_large_full_sequence,all,0.28055655281673814
0.8683333333333333,0.8066666666666666,0.8366666666666667,v1_router,v1_rad_scalar_reward,alignment_success,600,v1_gpt2_large_full_sequence,all,0.3696695220809467
0.8665892517813093,0.8071362623521903,0.8354686599750615,v1_router,v1_rad_scalar_reward,target_probability,600,v1_gpt2_large_full_sequence,all,0.361502878735108
7.493599900801977,6.890549342433611,7.178417459328969,v1_router,v1_rad_scalar_reward,perplexity,600,v1_gpt2_large_full_sequence,all,3.7087118033633377
0.10565546021643923,0.0622615551217744,0.0834246214414327,v1_router,v1_rad_scalar_reward,ppl_degradation,600,v1_gpt2_large_full_sequence,all,0.275032661245135
0.5559840813866793,0.54206260290876,0.549077396896839,v1_router,v1_rad_scalar_reward,coherence,600,v1_gpt2_large_full_sequence,all,0.08580040176603201
0.32292680889469166,0.2947266872753424,0.3089006688890828,v1_router,v1_rad_scalar_reward,repeated_unigram_rate,600,v1_gpt2_large_full_sequence,all,0.17632676604312372
0.18019775786523384,0.1486810457617195,0.1645189867877071,v1_router,v1_rad_scalar_reward,repeated_bigram_rate,600,v1_gpt2_large_full_sequence,all,0.19108945595939783
0.1344843948696289,0.10422362445501411,0.11945256768995582,v1_router,v1_rad_scalar_reward,repeated_trigram_rate,600,v1_gpt2_large_full_sequence,all,0.18126391974284264
0.7001648034466815,0.6705170249389774,0.6860993311109166,v1_router,v1_rad_scalar_reward,distinct_1,600,v1_gpt2_large_full_sequence,all,0.18159603997426724
0.8441505640554724,0.8091419002036718,0.8271476798789594,v1_router,v1_rad_scalar_reward,distinct_2,600,v1_gpt2_large_full_sequence,all,0.20502947581901262
0.8871020771775208,0.8540905043310244,0.8705474323100445,v1_router,v1_rad_scalar_reward,distinct_3,600,v1_gpt2_large_full_sequence,all,0.20091679184861724
31.678333333333335,31.156666666666666,31.438333333333333,v1_router,v1_rad_scalar_reward,generation_length,600,v1_gpt2_large_full_sequence,all,3.311524908893518
0.03296342968260317,0.03168575676019277,0.032342087925420815,v1_router,v1_rad_scalar_reward,latency_per_token,600,v1_gpt2_large_full_sequence,all,0.008116013685693889
1.039057542963613,0.9933795107937962,1.0170019672424921,v1_router,v1_rad_scalar_reward,total_latency,600,v1_gpt2_large_full_sequence,all,0.27902253185111336
0.6516666666666666,0.5733333333333334,0.61,v2_base,v2_autoregressive_sentiment_guide,alignment_success,600,v2_gpt2_medium_conditional,all,0.4877499359302879
0.6491224809462437,0.5724982144811657,0.6083335362772535,v2_base,v2_autoregressive_sentiment_guide,target_probability,600,v2_gpt2_medium_conditional,all,0.4791163689454967
3.8956949181599785,3.7051608460325762,3.7987557379514936,v2_base,v2_autoregressive_sentiment_guide,perplexity,600,v2_gpt2_medium_conditional,all,1.1995053213673061
0.0,0.0,0.0,v2_base,v2_autoregressive_sentiment_guide,ppl_degradation,600,v2_gpt2_medium_conditional,all,0.0
0.5603168935305821,0.5451745012224901,0.5528694702781669,v2_base,v2_autoregressive_sentiment_guide,coherence,600,v2_gpt2_medium_conditional,all,0.09764355303927205
0.32241615704880466,0.2953719458546093,0.30851497675039075,v2_base,v2_autoregressive_sentiment_guide,repeated_unigram_rate,600,v2_gpt2_medium_conditional,all,0.18118567150766665
0.18453751870707008,0.15448677963168328,0.169129332257251,v2_base,v2_autoregressive_sentiment_guide,repeated_bigram_rate,600,v2_gpt2_medium_conditional,all,0.19930753390310152
0.14032727595116698,0.11156886842264467,0.12604797535528325,v2_base,v2_autoregressive_sentiment_guide,repeated_trigram_rate,600,v2_gpt2_medium_conditional,all,0.19138855147528772
0.7019861703508745,0.6732121486240179,0.6881516899162764,v2_base,v2_autoregressive_sentiment_guide,distinct_1,600,v2_gpt2_medium_conditional,all,0.1846448029873493
0.8412787299152806,0.8084777317177476,0.8258706677427499,v2_base,v2_autoregressive_sentiment_guide,distinct_2,600,v2_gpt2_medium_conditional,all,0.20738177294054425
0.8835283759487373,0.8501113403338897,0.8672853579780508,v2_base,v2_autoregressive_sentiment_guide,distinct_3,600,v2_gpt2_medium_conditional,all,0.2038900688769007
32.0,32.0,32.0,v2_base,v2_autoregressive_sentiment_guide,generation_length,600,v2_gpt2_medium_conditional,all,0.0
0.014540740880959978,0.014526719935092842,0.014533430084860204,v2_base,v2_autoregressive_sentiment_guide,latency_per_token,600,v2_gpt2_medium_conditional,all,8.886578597602662e-05
0.4653037081907193,0.46485503792297095,0.4650697627155265,v2_base,v2_autoregressive_sentiment_guide,total_latency,600,v2_gpt2_medium_conditional,all,0.002843705151232852
0.7366666666666667,0.66,0.7,v2_fixed,v2_autoregressive_sentiment_guide,alignment_success,600,v2_gpt2_medium_conditional,all,0.458257569495584
0.7351359755821371,0.6602159270163005,0.6984456710909338,v2_fixed,v2_autoregressive_sentiment_guide,target_probability,600,v2_gpt2_medium_conditional,all,0.44978350575028897
4.94955587550016,4.685815530440744,4.826075358012704,v2_fixed,v2_autoregressive_sentiment_guide,perplexity,600,v2_gpt2_medium_conditional,all,1.621865918990264
0.4116304438772073,0.30821733675557544,0.3600378434442421,v2_fixed,v2_autoregressive_sentiment_guide,ppl_degradation,600,v2_gpt2_medium_conditional,all,0.6345550248315844
0.5582170692766796,0.5465918861552286,0.5523824974315322,v2_fixed,v2_autoregressive_sentiment_guide,coherence,600,v2_gpt2_medium_conditional,all,0.07372476597406831
0.33775634674299465,0.31178165145836956,0.32515145051519795,v2_fixed,v2_autoregressive_sentiment_guide,repeated_unigram_rate,600,v2_gpt2_medium_conditional,all,0.16217971095572192
0.17588984868178523,0.1466629695368317,0.1616609579572347,v2_fixed,v2_autoregressive_sentiment_guide,repeated_bigram_rate,600,v2_gpt2_medium_conditional,all,0.18907910218205007
0.1326391802348343,0.10476898544959938,0.11887043404939152,v2_fixed,v2_autoregressive_sentiment_guide,repeated_trigram_rate,600,v2_gpt2_medium_conditional,all,0.17927217731436623
0.6851085647834477,0.6585374475199006,0.6715152161514697,v2_fixed,v2_autoregressive_sentiment_guide,distinct_1,600,v2_gpt2_medium_conditional,all,0.16570094909545854
0.8504433663177684,0.8198486530917941,0.8350057087094322,v2_fixed,v2_autoregressive_sentiment_guide,distinct_2,600,v2_gpt2_medium_conditional,all,0.19492406055815034
0.8923265888809427,0.8631416817071978,0.877796232617276,v2_fixed,v2_autoregressive_sentiment_guide,distinct_3,600,v2_gpt2_medium_conditional,all,0.18619416269294406
32.0,32.0,32.0,v2_fixed,v2_autoregressive_sentiment_guide,generation_length,600,v2_gpt2_medium_conditional,all,0.0
0.04540043088056943,0.04537098289234564,0.04538598526235243,v2_fixed,v2_autoregressive_sentiment_guide,latency_per_token,600,v2_gpt2_medium_conditional,all,0.0001861303657119787
1.4528137881782217,1.4518714525550604,1.4523515283952777,v2_fixed,v2_autoregressive_sentiment_guide,total_latency,600,v2_gpt2_medium_conditional,all,0.005956171702783318
0.6816666666666666,0.6083333333333333,0.6433333333333333,v2_heuristic,v2_autoregressive_sentiment_guide,alignment_success,600,v2_gpt2_medium_conditional,all,0.47901519344959775
0.6767339543770261,0.6053178492948064,0.6398182930673162,v2_heuristic,v2_autoregressive_sentiment_guide,target_probability,600,v2_gpt2_medium_conditional,all,0.47033701828980706
3.945248745066598,3.751825441390559,3.845030094389788,v2_heuristic,v2_autoregressive_sentiment_guide,perplexity,600,v2_gpt2_medium_conditional,all,1.2028573672073286
0.062006488604728814,0.014136964141770084,0.036750346233457784,v2_heuristic,v2_autoregressive_sentiment_guide,ppl_degradation,600,v2_gpt2_medium_conditional,all,0.30892907613060117
0.5673388646076133,0.5527806854537595,0.5604694175816273,v2_heuristic,v2_autoregressive_sentiment_guide,coherence,600,v2_gpt2_medium_conditional,all,0.0941169086314254
0.33731484228356945,0.308201004080799,0.32319844233963657,v2_heuristic,v2_autoregressive_sentiment_guide,repeated_unigram_rate,600,v2_gpt2_medium_conditional,all,0.18226780228163927
0.19802745788393808,0.1663990461868668,0.18199017312020563,v2_heuristic,v2_autoregressive_sentiment_guide,repeated_bigram_rate,600,v2_gpt2_medium_conditional,all,0.20204772681913458
0.15273402711060338,0.12122864760171849,0.13703099640764002,v2_heuristic,v2_autoregressive_sentiment_guide,repeated_trigram_rate,600,v2_gpt2_medium_conditional,all,0.19404907676927444
0.6882393276647284,0.6581338803144631,0.6734682243270309,v2_heuristic,v2_autoregressive_sentiment_guide,distinct_1,600,v2_gpt2_medium_conditional,all,0.18544303084380587
0.8288479608677422,0.7964609942813244,0.8130098268797954,v2_heuristic,v2_autoregressive_sentiment_guide,distinct_2,600,v2_gpt2_medium_conditional,all,0.20971023385037169
0.8726491738007807,0.8393550156268107,0.8563023369256937,v2_heuristic,v2_autoregressive_sentiment_guide,distinct_3,600,v2_gpt2_medium_conditional,all,0.20603443029049326
32.0,32.0,32.0,v2_heuristic,v2_autoregressive_sentiment_guide,generation_length,600,v2_gpt2_medium_conditional,all,0.0
0.04642249258670442,0.046392340894441685,0.04640747404206195,v2_heuristic,v2_autoregressive_sentiment_guide,latency_per_token,600,v2_gpt2_medium_conditional,all,0.00020312947993162466
1.4855197627745413,1.484554908622134,1.4850391693459823,v2_heuristic,v2_autoregressive_sentiment_guide,total_latency,600,v2_gpt2_medium_conditional,all,0.006500143357811989
0.7366666666666667,0.66,0.6983333333333334,v2_history,v2_autoregressive_sentiment_guide,alignment_success,600,v2_gpt2_medium_conditional,all,0.4589813600669301
0.7342336594601511,0.6584986596374074,0.6961382444191259,v2_history,v2_autoregressive_sentiment_guide,target_probability,600,v2_gpt2_medium_conditional,all,0.45045625859966054
4.764011072408578,4.506433469451484,4.641433006542533,v2_history,v2_autoregressive_sentiment_guide,perplexity,600,v2_gpt2_medium_conditional,all,1.524151373715997
0.34436783500871876,0.2548304148866461,0.299221168541796,v2_history,v2_autoregressive_sentiment_guide,ppl_degradation,600,v2_gpt2_medium_conditional,all,0.5543687569056438
0.560387880408933,0.5477479894632986,0.5542773565938662,v2_history,v2_autoregressive_sentiment_guide,coherence,600,v2_gpt2_medium_conditional,all,0.07984914172579631
0.34452751171392154,0.31862052152985376,0.332116143136948,v2_history,v2_autoregressive_sentiment_guide,repeated_unigram_rate,600,v2_gpt2_medium_conditional,all,0.16726223768183077
0.1876753462138449,0.1587012995733937,0.17351745371326543,v2_history,v2_autoregressive_sentiment_guide,repeated_bigram_rate,600,v2_gpt2_medium_conditional,all,0.19298374919417932
0.14083429106054837,0.1141298198230656,0.1279175364583381,v2_history,v2_autoregressive_sentiment_guide,repeated_trigram_rate,600,v2_gpt2_medium_conditional,all,0.18300927922269686
0.6763243349593849,0.6502697769246247,0.6628838568630525,v2_history,v2_autoregressive_sentiment_guide,distinct_1,600,v2_gpt2_medium_conditional,all,0.1721351060154894
0.8367440356811309,0.8068848264073182,0.8214825462867348,v2_history,v2_autoregressive_sentiment_guide,distinct_2,600,v2_gpt2_medium_conditional,all,0.2012027656765912
0.8820784927475487,0.8536888098667744,0.8670824635416626,v2_history,v2_autoregressive_sentiment_guide,distinct_3,600,v2_gpt2_medium_conditional,all,0.19284247695211665
32.0,32.0,32.0,v2_history,v2_autoregressive_sentiment_guide,generation_length,600,v2_gpt2_medium_conditional,all,0.0
0.053893944029999453,0.05386046642351478,0.05387700409601772,v2_history,v2_autoregressive_sentiment_guide,latency_per_token,600,v2_gpt2_medium_conditional,all,0.00021548481782579916
1.7246062089599825,1.723534925552473,1.724064131072567,v2_history,v2_autoregressive_sentiment_guide,total_latency,600,v2_gpt2_medium_conditional,all,0.006895514170425573
0.7266666666666667,0.6516666666666666,0.6883333333333334,v2_same_average,v2_autoregressive_sentiment_guide,alignment_success,600,v2_gpt2_medium_conditional,all,0.4631744331842546
0.7230440962632808,0.6508256569833611,0.6859157031961756,v2_same_average,v2_autoregressive_sentiment_guide,target_probability,600,v2_gpt2_medium_conditional,all,0.4540173438487529
4.881083291598299,4.620524674483789,4.752883982687389,v2_same_average,v2_autoregressive_sentiment_guide,perplexity,600,v2_gpt2_medium_conditional,all,1.5745542336158278
0.3868375703275759,0.28688692190746984,0.3379260147920654,v2_same_average,v2_autoregressive_sentiment_guide,ppl_degradation,600,v2_gpt2_medium_conditional,all,0.6144177368739828
0.5602501922485563,0.5483237092446935,0.5542664773537418,v2_same_average,v2_autoregressive_sentiment_guide,coherence,600,v2_gpt2_medium_conditional,all,0.07554921026904653
0.3372802210820315,0.311423287184273,0.3251857726238941,v2_same_average,v2_autoregressive_sentiment_guide,repeated_unigram_rate,600,v2_gpt2_medium_conditional,all,0.16407837575737144
0.17753618854097744,0.14729259195251637,0.16287555478053067,v2_same_average,v2_autoregressive_sentiment_guide,repeated_bigram_rate,600,v2_gpt2_medium_conditional,all,0.19048218474377127
0.13340736926232935,0.10522634129033787,0.11972569176112101,v2_same_average,v2_autoregressive_sentiment_guide,repeated_trigram_rate,600,v2_gpt2_medium_conditional,all,0.18027143387419378
0.6851307803777077,0.658618094862849,0.6714808940427732,v2_same_average,v2_autoregressive_sentiment_guide,distinct_1,600,v2_gpt2_medium_conditional,all,0.16755903575329334
0.8495908843546158,0.8185915125833269,0.8337911118861361,v2_same_average,v2_autoregressive_sentiment_guide,distinct_2,600,v2_gpt2_medium_conditional,all,0.19626473930666258
0.8916717469044126,0.862450243846745,0.8769409749055465,v2_same_average,v2_autoregressive_sentiment_guide,distinct_3,600,v2_gpt2_medium_conditional,all,0.18714123226823257
32.0,32.0,32.0,v2_same_average,v2_autoregressive_sentiment_guide,generation_length,600,v2_gpt2_medium_conditional,all,0.0
0.045413026121495934,0.04538417003682601,0.04539866802023122,v2_same_average,v2_autoregressive_sentiment_guide,latency_per_token,600,v2_gpt2_medium_conditional,all,0.00018783102315559242
1.4532168358878699,1.4522934411784323,1.4527573766473991,v2_same_average,v2_autoregressive_sentiment_guide,total_latency,600,v2_gpt2_medium_conditional,all,0.006010592740978957
0.7383333333333333,0.6633333333333333,0.7,v2_state,v2_autoregressive_sentiment_guide,alignment_success,600,v2_gpt2_medium_conditional,all,0.458257569495584
0.7349236485620106,0.6608886183068777,0.6977818131112145,v2_state,v2_autoregressive_sentiment_guide,target_probability,600,v2_gpt2_medium_conditional,all,0.4497569321374481
4.766760833188194,4.508700133304047,4.6448444645056846,v2_state,v2_autoregressive_sentiment_guide,perplexity,600,v2_gpt2_medium_conditional,all,1.5239954842296257
0.345412311410828,0.256607327907008,0.30036277071756334,v2_state,v2_autoregressive_sentiment_guide,ppl_degradation,600,v2_gpt2_medium_conditional,all,0.5560728305461463
0.5603924099883942,0.5478605117449385,0.5543449053305326,v2_state,v2_autoregressive_sentiment_guide,coherence,600,v2_gpt2_medium_conditional,all,0.07992539431890568
0.3452789391662132,0.31932753315087525,0.3326813471993689,v2_state,v2_autoregressive_sentiment_guide,repeated_unigram_rate,600,v2_gpt2_medium_conditional,all,0.16650276973752
0.18810542446938544,0.15891715972194867,0.17357491997934613,v2_state,v2_autoregressive_sentiment_guide,repeated_bigram_rate,600,v2_gpt2_medium_conditional,all,0.1925063757463173
0.14095532026677915,0.11421222132805227,0.12800000954081117,v2_state,v2_autoregressive_sentiment_guide,repeated_trigram_rate,600,v2_gpt2_medium_conditional,all,0.1827228565786925
0.6758753267615842,0.6496583435789417,0.6623186528006315,v2_state,v2_autoregressive_sentiment_guide,distinct_1,600,v2_gpt2_medium_conditional,all,0.17138074237869297
0.836223057477819,0.8067201450554106,0.8214250800206541,v2_state,v2_autoregressive_sentiment_guide,distinct_2,600,v2_gpt2_medium_conditional,all,0.2007435067522455
0.8816232140992132,0.8538040298845567,0.8669999904591896,v2_state,v2_autoregressive_sentiment_guide,distinct_3,600,v2_gpt2_medium_conditional,all,0.19256853902148532
32.0,32.0,32.0,v2_state,v2_autoregressive_sentiment_guide,generation_length,600,v2_gpt2_medium_conditional,all,0.0
0.04728596842955691,0.047254809575194186,0.047270225871470756,v2_state,v2_autoregressive_sentiment_guide,latency_per_token,600,v2_gpt2_medium_conditional,all,0.00019872938923372292
1.513150989745821,1.512153906406214,1.5126472278870642,v2_state,v2_autoregressive_sentiment_guide,total_latency,600,v2_gpt2_medium_conditional,all,0.006359340455479133
0.5,0.36,0.43,taro,v2_autoregressive_sentiment_guide,alignment_success,200,v2_gpt2_medium_conditional,negative,0.49507575177946256
0.4908160446808324,0.357272652197571,0.4244650708607514,taro,v2_autoregressive_sentiment_guide,target_probability,200,v2_gpt2_medium_conditional,negative,0.47939787550604396
4.529140919880178,4.071981382491783,4.309295843840407,taro,v2_autoregressive_sentiment_guide,perplexity,200,v2_gpt2_medium_conditional,negative,1.5874204453755136
0.3247523705026139,0.1737036748861119,0.24449993231719444,taro,v2_autoregressive_sentiment_guide,ppl_degradation,200,v2_gpt2_medium_conditional,negative,0.5540080149222472
0.5731407398747589,0.5457401162745962,0.5600331157817446,taro,v2_autoregressive_sentiment_guide,coherence,200,v2_gpt2_medium_conditional,negative,0.09801124157329566
0.34032368320606315,0.2927935650738437,0.31636116697815336,taro,v2_autoregressive_sentiment_guide,repeated_unigram_rate,200,v2_gpt2_medium_conditional,negative,0.17125853386138284
0.18220131355648944,0.13212490788482187,0.1571765007860831,taro,v2_autoregressive_sentiment_guide,repeated_bigram_rate,200,v2_gpt2_medium_conditional,negative,0.1879869376399753
0.1390144848805318,0.09238852035882082,0.11596502311847674,taro,v2_autoregressive_sentiment_guide,repeated_trigram_rate,200,v2_gpt2_medium_conditional,negative,0.17754724768151223
0.698901385459471,0.64769936687189,0.6736388330218464,taro,v2_autoregressive_sentiment_guide,distinct_1,200,v2_gpt2_medium_conditional,negative,0.18138980699253016
0.8601112857624662,0.8031740344436646,0.832823499213917,taro,v2_autoregressive_sentiment_guide,distinct_2,200,v2_gpt2_medium_conditional,negative,0.20517202223386669
0.901154517965931,0.8461719260853983,0.8740349768815233,taro,v2_autoregressive_sentiment_guide,distinct_3,200,v2_gpt2_medium_conditional,negative,0.1977466174095292
32.0,32.0,32.0,taro,v2_autoregressive_sentiment_guide,generation_length,200,v2_gpt2_medium_conditional,negative,0.0
0.045759003622079034,0.04570561705877481,0.04573296239479532,taro,v2_autoregressive_sentiment_guide,latency_per_token,200,v2_gpt2_medium_conditional,negative,0.00019364262356187987
1.464288115906529,1.4625797458807939,1.4634547966334503,taro,v2_autoregressive_sentiment_guide,total_latency,200,v2_gpt2_medium_conditional,negative,0.006196563953980156
0.515,0.37,0.44,taro_same_average,v2_autoregressive_sentiment_guide,alignment_success,200,v2_gpt2_medium_conditional,negative,0.4963869458396343
0.5072991802569595,0.3663700821681414,0.4343371808243683,taro_same_average,v2_autoregressive_sentiment_guide,target_probability,200,v2_gpt2_medium_conditional,negative,0.48021939777758055
4.610469950711814,4.174147351813522,4.397636366938965,taro_same_average,v2_autoregressive_sentiment_guide,perplexity,200,v2_gpt2_medium_conditional,negative,1.5416920860759789
0.39063151740202434,0.20469158025126433,0.286407423455805,taro_same_average,v2_autoregressive_sentiment_guide,ppl_degradation,200,v2_gpt2_medium_conditional,negative,0.62590224840712
0.5711657043669377,0.5432350061928062,0.5574856367891207,taro_same_average,v2_autoregressive_sentiment_guide,coherence,200,v2_gpt2_medium_conditional,negative,0.09606416278123134
0.335830936976281,0.2897412363084505,0.31241167516898377,taro_same_average,v2_autoregressive_sentiment_guide,repeated_unigram_rate,200,v2_gpt2_medium_conditional,negative,0.1639369245724423
0.178583103620719,0.1283975705244912,0.15266884017922197,taro_same_average,v2_autoregressive_sentiment_guide,repeated_bigram_rate,200,v2_gpt2_medium_conditional,negative,0.17965587630262336
0.13411202245781018,0.08800941919632045,0.11052520749931333,taro_same_average,v2_autoregressive_sentiment_guide,repeated_trigram_rate,200,v2_gpt2_medium_conditional,negative,0.16750952688894769
0.700819985809566,0.6530889118198371,0.6775883248310162,taro_same_average,v2_autoregressive_sentiment_guide,distinct_1,200,v2_gpt2_medium_conditional,negative,0.1747200095435293
0.8625878431003337,0.8095403502367817,0.8373311598207783,taro_same_average,v2_autoregressive_sentiment_guide,distinct_2,200,v2_gpt2_medium_conditional,negative,0.19779498751606187
0.9034121111605371,0.8522046627599245,0.8794747925006865,taro_same_average,v2_autoregressive_sentiment_guide,distinct_3,200,v2_gpt2_medium_conditional,negative,0.18907389414875025
32.0,32.0,32.0,taro_same_average,v2_autoregressive_sentiment_guide,generation_length,200,v2_gpt2_medium_conditional,negative,0.0
0.045446685496244754,0.045397571577159394,0.045420484274109184,taro_same_average,v2_autoregressive_sentiment_guide,latency_per_token,200,v2_gpt2_medium_conditional,negative,0.00018319032300191844
1.4542939358798321,1.4527222904691006,1.4534554967714939,taro_same_average,v2_autoregressive_sentiment_guide,total_latency,200,v2_gpt2_medium_conditional,negative,0.00586209033606139
0.455,0.325,0.39,v1_base,v1_rad_scalar_reward,alignment_success,200,v1_gpt2_large_full_sequence,negative,0.4877499359302879
0.45470007270254426,0.32349822432181097,0.38915936885896374,v1_base,v1_rad_scalar_reward,target_probability,200,v1_gpt2_large_full_sequence,negative,0.4747327903564366
7.3184953182935715,6.33289247572422,6.80876336991787,v1_base,v1_rad_scalar_reward,perplexity,200,v1_gpt2_large_full_sequence,negative,3.382520843305927
0.0,0.0,0.0,v1_base,v1_rad_scalar_reward,ppl_degradation,200,v1_gpt2_large_full_sequence,negative,0.0
0.5679764745322208,0.5392935370789569,0.5535229744556606,v1_base,v1_rad_scalar_reward,coherence,200,v1_gpt2_large_full_sequence,negative,0.10405443926375693
0.3153668958331613,0.27145349454176587,0.29286735194613583,v1_base,v1_rad_scalar_reward,repeated_unigram_rate,200,v1_gpt2_large_full_sequence,negative,0.15970484307765376
0.16152500709579265,0.11547960154475763,0.13605086752582213,v1_base,v1_rad_scalar_reward,repeated_bigram_rate,200,v1_gpt2_large_full_sequence,negative,0.15781198061926885
0.11075761007911977,0.06893641248039768,0.08714380576463421,v1_base,v1_rad_scalar_reward,repeated_trigram_rate,200,v1_gpt2_large_full_sequence,negative,0.1397938473507199
0.7179665984322832,0.6714636416220859,0.697132648053864,v1_base,v1_rad_scalar_reward,distinct_1,200,v1_gpt2_large_full_sequence,negative,0.1718961601186463
0.8760856845859095,0.8268157874038861,0.853949132474178,v1_base,v1_rad_scalar_reward,distinct_2,200,v1_gpt2_large_full_sequence,negative,0.17911896570843647
0.9235871849302293,0.8782933928582974,0.9028561942353656,v1_base,v1_rad_scalar_reward,distinct_3,200,v1_gpt2_large_full_sequence,negative,0.16643149834638782
31.79,30.775,31.325,v1_base,v1_rad_scalar_reward,generation_length,200,v1_gpt2_large_full_sequence,negative,3.676870272391997
0.032169988694486944,0.02989020979315604,0.030967649147091,v1_base,v1_rad_scalar_reward,latency_per_token,200,v1_gpt2_large_full_sequence,negative,0.007786486050677613
1.0063396405498497,0.932575938263326,0.9684969789680327,v1_base,v1_rad_scalar_reward,total_latency,200,v1_gpt2_large_full_sequence,negative,0.2674358880281151
0.8,0.68,0.74,v1_fixed,v1_rad_scalar_reward,alignment_success,200,v1_gpt2_large_full_sequence,negative,0.4386342439892262
0.7991999950981699,0.6833476075599901,0.740205751429894,v1_fixed,v1_rad_scalar_reward,target_probability,200,v1_gpt2_large_full_sequence,negative,0.4222041322263283
11.287689154148103,9.49618704020977,10.32533757865429,v1_fixed,v1_rad_scalar_reward,perplexity,200,v1_gpt2_large_full_sequence,negative,6.237856599732942
0.8628736041256783,0.4626430725612243,0.6184777420273245,v1_fixed,v1_rad_scalar_reward,ppl_degradation,200,v1_gpt2_large_full_sequence,negative,1.4765238068911524
0.5300905099436711,0.4989166977020102,0.5155344631782284,v1_fixed,v1_rad_scalar_reward,coherence,200,v1_gpt2_large_full_sequence,negative,0.11126634695833247
0.2504849650800929,0.2074567332443383,0.227461666111367,v1_fixed,v1_rad_scalar_reward,repeated_unigram_rate,200,v1_gpt2_large_full_sequence,negative,0.15486661568861684
0.11750005459962333,0.07638232394822221,0.09494369557873128,v1_fixed,v1_rad_scalar_reward,repeated_bigram_rate,200,v1_gpt2_large_full_sequence,negative,0.1407821562469156
0.0772628876357137,0.04069835549951741,0.05703871047950879,v1_fixed,v1_rad_scalar_reward,repeated_trigram_rate,200,v1_gpt2_large_full_sequence,negative,0.12909500643930752
0.7729619433204838,0.7194121276485632,0.7475383338886324,v1_fixed,v1_rad_scalar_reward,distinct_1,200,v1_gpt2_large_full_sequence,negative,0.19231636786627754
0.8985069862805075,0.8389043955162236,0.8700563044212686,v1_fixed,v1_rad_scalar_reward,distinct_2,200,v1_gpt2_large_full_sequence,negative,0.21667615657247516
0.9329842403972838,0.8707035653557392,0.9029612895204916,v1_fixed,v1_rad_scalar_reward,distinct_3,200,v1_gpt2_large_full_sequence,negative,0.22472744347142862
31.115,29.64,30.42,v1_fixed,v1_rad_scalar_reward,generation_length,200,v1_gpt2_large_full_sequence,negative,5.3201127807594455
0.031837084239357445,0.029638177651941794,0.030704424147974967,v1_fixed,v1_rad_scalar_reward,latency_per_token,200,v1_gpt2_large_full_sequence,negative,0.007973671216221657
0.969610263988725,0.8919675854814705,0.929873491571052,v1_fixed,v1_rad_scalar_reward,total_latency,200,v1_gpt2_large_full_sequence,negative,0.2886317255979754
0.675,0.545,0.61,v1_heuristic,v1_rad_scalar_reward,alignment_success,200,v1_gpt2_large_full_sequence,negative,0.4877499359302879
0.6811755257705226,0.5522948846238432,0.6162757850671187,v1_heuristic,v1_rad_scalar_reward,target_probability,200,v1_gpt2_large_full_sequence,negative,0.4689704976115856
9.661699268817902,7.9787201499938964,8.778539449572563,v1_heuristic,v1_rad_scalar_reward,perplexity,200,v1_gpt2_large_full_sequence,negative,5.899915175178133
0.6634999697683365,0.22178945227046346,0.39455789310912437,v1_heuristic,v1_rad_scalar_reward,ppl_degradation,200,v1_gpt2_large_full_sequence,negative,1.5607423897252868
0.5364972090257377,0.5036962197962047,0.521128920917958,v1_heuristic,v1_rad_scalar_reward,coherence,200,v1_gpt2_large_full_sequence,negative,0.11855325375711982
0.2709756110224356,0.21983423390877965,0.24391701139170888,v1_heuristic,v1_rad_scalar_reward,repeated_unigram_rate,200,v1_gpt2_large_full_sequence,negative,0.1688703061428695
0.13768678114826366,0.08716259932398952,0.11052589609644738,v1_heuristic,v1_rad_scalar_reward,repeated_bigram_rate,200,v1_gpt2_large_full_sequence,negative,0.16858250864121152
0.09991300265538891,0.052682878692203644,0.07476851692034253,v1_heuristic,v1_rad_scalar_reward,repeated_trigram_rate,200,v1_gpt2_large_full_sequence,negative,0.15871093397936156
0.7589015200668564,0.6999350990191114,0.7310829886082907,v1_heuristic,v1_rad_scalar_reward,distinct_1,200,v1_gpt2_large_full_sequence,negative,0.2017333133798209
0.8856526738748127,0.8208006949929454,0.8544741039035527,v1_heuristic,v1_rad_scalar_reward,distinct_2,200,v1_gpt2_large_full_sequence,negative,0.23336291370526904
0.915061597209743,0.8505707149945995,0.8852314830796574,v1_heuristic,v1_rad_scalar_reward,distinct_3,200,v1_gpt2_large_full_sequence,negative,0.24001599782300734
31.38,29.965,30.725,v1_heuristic,v1_rad_scalar_reward,generation_length,200,v1_gpt2_large_full_sequence,negative,5.269665549159643
0.03192266015413579,0.02973943148721394,0.030833639139158445,v1_heuristic,v1_rad_scalar_reward,latency_per_token,200,v1_gpt2_large_full_sequence,negative,0.008269879750306637
0.9869686961034313,0.9017079116834793,0.9460029275668785,v1_heuristic,v1_rad_scalar_reward,total_latency,200,v1_gpt2_large_full_sequence,negative,0.3000188803659856
0.705,0.57,0.64,v1_router,v1_rad_scalar_reward,alignment_success,200,v1_gpt2_large_full_sequence,negative,0.48
0.7042754369665636,0.5722528091273853,0.639736311394372,v1_router,v1_rad_scalar_reward,target_probability,200,v1_gpt2_large_full_sequence,negative,0.4655321618559996
8.320090239048005,6.913683261871338,7.541766005158425,v1_router,v1_rad_scalar_reward,perplexity,200,v1_gpt2_large_full_sequence,negative,4.954235176086937
0.15209024640151314,0.07355317478017159,0.11107255578280045,v1_router,v1_rad_scalar_reward,ppl_degradation,200,v1_gpt2_large_full_sequence,negative,0.27658578787608895
0.5462929228179539,0.5190948814353823,0.5334950898324315,v1_router,v1_rad_scalar_reward,coherence,200,v1_gpt2_large_full_sequence,negative,0.09911774916081567
0.2820765817071815,0.23769867797371533,0.2596085841050178,v1_router,v1_rad_scalar_reward,repeated_unigram_rate,200,v1_gpt2_large_full_sequence,negative,0.16196170989753625
0.13584116544740113,0.09174096217434213,0.1131854738099254,v1_router,v1_rad_scalar_reward,repeated_bigram_rate,200,v1_gpt2_large_full_sequence,negative,0.15742629237660485
0.09277591037966242,0.05500611631792419,0.073093781384318,v1_router,v1_rad_scalar_reward,repeated_trigram_rate,200,v1_gpt2_large_full_sequence,negative,0.140819328475689
0.7491249384723809,0.6979394276894924,0.7253914158949812,v1_router,v1_rad_scalar_reward,distinct_1,200,v1_gpt2_large_full_sequence,negative,0.18225898592328216
0.8941210583742777,0.837052196487285,0.8668145261900747,v1_router,v1_rad_scalar_reward,distinct_2,200,v1_gpt2_large_full_sequence,negative,0.19963872013977463
0.9328116223045226,0.8785213581591726,0.9069062186156819,v1_router,v1_rad_scalar_reward,distinct_3,200,v1_gpt2_large_full_sequence,negative,0.19106630267258348
31.775,30.695,31.27,v1_router,v1_rad_scalar_reward,generation_length,200,v1_gpt2_large_full_sequence,negative,3.853193480737763
0.03459123630047774,0.03239209584652138,0.03348601751845927,v1_router,v1_rad_scalar_reward,latency_per_token,200,v1_gpt2_large_full_sequence,negative,0.0077961848634970484
1.0876950881094671,1.009451330936281,1.0473826071986696,v1_router,v1_rad_scalar_reward,total_latency,200,v1_gpt2_large_full_sequence,negative,0.2785914651141089
0.415,0.285,0.35,v2_base,v2_autoregressive_sentiment_guide,alignment_success,200,v2_gpt2_medium_conditional,negative,0.47696960070847283
0.4064472572231898,0.28089583410706837,0.3461990942730335,v2_base,v2_autoregressive_sentiment_guide,target_probability,200,v2_gpt2_medium_conditional,negative,0.46051112864458804
3.8560003249620873,3.5199616778861276,3.6898758790554314,v2_base,v2_autoregressive_sentiment_guide,perplexity,200,v2_gpt2_medium_conditional,negative,1.2789000774017414
0.0,0.0,0.0,v2_base,v2_autoregressive_sentiment_guide,ppl_degradation,200,v2_gpt2_medium_conditional,negative,0.0
0.5699670283734365,0.5393214354604694,0.5544573493833035,v2_base,v2_autoregressive_sentiment_guide,coherence,200,v2_gpt2_medium_conditional,negative,0.10623395676430572
0.3020459327987285,0.25301994773742575,0.27754310766711127,v2_base,v2_autoregressive_sentiment_guide,repeated_unigram_rate,200,v2_gpt2_medium_conditional,negative,0.16934511740492017
0.16153191957777288,0.11073428387402727,0.13549998953782164,v2_base,v2_autoregressive_sentiment_guide,repeated_bigram_rate,200,v2_gpt2_medium_conditional,negative,0.1805156306738571
0.1240746838241939,0.07535801256377513,0.09888138929049262,v2_base,v2_autoregressive_sentiment_guide,repeated_trigram_rate,200,v2_gpt2_medium_conditional,negative,0.1708841869128539
0.7424678169212825,0.69271680655468,0.717456892332889,v2_base,v2_autoregressive_sentiment_guide,distinct_1,200,v2_gpt2_medium_conditional,negative,0.17571948586373418
0.8809625709322978,0.8223976630683134,0.8545000104621785,v2_base,v2_autoregressive_sentiment_guide,distinct_2,200,v2_gpt2_medium_conditional,negative,0.1994389458626974
0.9173786723797389,0.8610681286014906,0.8911186107095074,v2_base,v2_autoregressive_sentiment_guide,distinct_3,200,v2_gpt2_medium_conditional,negative,0.19267531640315874
32.0,32.0,32.0,v2_base,v2_autoregressive_sentiment_guide,generation_length,200,v2_gpt2_medium_conditional,negative,0.0
0.014553866166752414,0.014529498568772397,0.014540916577752796,v2_base,v2_autoregressive_sentiment_guide,latency_per_token,200,v2_gpt2_medium_conditional,negative,8.772036744308862e-05
0.46572371733607726,0.4649439542007167,0.4653093304880895,v2_base,v2_autoregressive_sentiment_guide,total_latency,200,v2_gpt2_medium_conditional,negative,0.0028070517581788358
0.545,0.405,0.47,v2_fixed,v2_autoregressive_sentiment_guide,alignment_success,200,v2_gpt2_medium_conditional,negative,0.4990991885387112
0.5401063654565951,0.4026257569584413,0.46810372541862305,v2_fixed,v2_autoregressive_sentiment_guide,target_probability,200,v2_gpt2_medium_conditional,negative,0.48613208960867654
4.871578709742755,4.428288173275061,4.652389184060627,v2_fixed,v2_autoregressive_sentiment_guide,perplexity,200,v2_gpt2_medium_conditional,negative,1.6355636340871555
0.47719335971809373,0.28735357572491177,0.37319064970802684,v2_fixed,v2_autoregressive_sentiment_guide,ppl_degradation,200,v2_gpt2_medium_conditional,negative,0.6831657531028059
0.562483045504678,0.5373628967129627,0.5504490768910687,v2_fixed,v2_autoregressive_sentiment_guide,coherence,200,v2_gpt2_medium_conditional,negative,0.09090152991786847
0.33055804434063446,0.2868335349489337,0.3092317134061682,v2_fixed,v2_autoregressive_sentiment_guide,repeated_unigram_rate,200,v2_gpt2_medium_conditional,negative,0.16376133083801586
0.16873385791155457,0.11931834104125577,0.14428276613699817,v2_fixed,v2_autoregressive_sentiment_guide,repeated_bigram_rate,200,v2_gpt2_medium_conditional,negative,0.18094152009897135
0.1267231408022263,0.08109472433444113,0.10401590638410889,v2_fixed,v2_autoregressive_sentiment_guide,repeated_trigram_rate,200,v2_gpt2_medium_conditional,negative,0.17121559027599997
0.70424650815839,0.656603598238939,0.6807682865938315,v2_fixed,v2_autoregressive_sentiment_guide,distinct_1,200,v2_gpt2_medium_conditional,negative,0.17473734348934897
0.8728753172559912,0.8188225871065281,0.8457172338630019,v2_fixed,v2_autoregressive_sentiment_guide,distinct_2,200,v2_gpt2_medium_conditional,negative,0.1993844988282351
0.9118339906533113,0.8583975404506845,0.8859840936158914,v2_fixed,v2_autoregressive_sentiment_guide,distinct_3,200,v2_gpt2_medium_conditional,negative,0.19270303636911618
32.0,32.0,32.0,v2_fixed,v2_autoregressive_sentiment_guide,generation_length,200,v2_gpt2_medium_conditional,negative,0.0
0.045439790860255014,0.045388989133789436,0.04541448096319073,v2_fixed,v2_autoregressive_sentiment_guide,latency_per_token,200,v2_gpt2_medium_conditional,negative,0.00018937646766961668
1.4540733075281604,1.452447652281262,1.4532633908221033,v2_fixed,v2_autoregressive_sentiment_guide,total_latency,200,v2_gpt2_medium_conditional,negative,0.006060046965427734
0.445,0.305,0.375,v2_heuristic,v2_autoregressive_sentiment_guide,alignment_success,200,v2_gpt2_medium_conditional,negative,0.4841229182759271
0.4354679565448896,0.3010734225864871,0.3677101689975825,v2_heuristic,v2_autoregressive_sentiment_guide,target_probability,200,v2_gpt2_medium_conditional,negative,0.46523593782873407
3.9369039718096577,3.583667932143553,3.7620768927152337,v2_heuristic,v2_autoregressive_sentiment_guide,perplexity,200,v2_gpt2_medium_conditional,negative,1.2812286072201482
0.07240593301589719,0.009880026530419382,0.03587202120754427,v2_heuristic,v2_autoregressive_sentiment_guide,ppl_degradation,200,v2_gpt2_medium_conditional,negative,0.21913017170983146
0.5772614476520413,0.5448041445630796,0.5600337048868994,v2_heuristic,v2_autoregressive_sentiment_guide,coherence,200,v2_gpt2_medium_conditional,negative,0.10767555143092591
0.3184413027638702,0.2671412325501115,0.29312991318605996,v2_heuristic,v2_autoregressive_sentiment_guide,repeated_unigram_rate,200,v2_gpt2_medium_conditional,negative,0.17451367887085922
0.1774057760848075,0.12282895376544843,0.14971854615633487,v2_heuristic,v2_autoregressive_sentiment_guide,repeated_bigram_rate,200,v2_gpt2_medium_conditional,negative,0.18303373165245376
0.13219947854090733,0.08262952119160558,0.10670771862383788,v2_heuristic,v2_autoregressive_sentiment_guide,repeated_trigram_rate,200,v2_gpt2_medium_conditional,negative,0.17327889966321022
0.7274801169481531,0.675324414374418,0.7018700868139399,v2_heuristic,v2_autoregressive_sentiment_guide,distinct_1,200,v2_gpt2_medium_conditional,negative,0.1802740274725696
0.8701907832894694,0.8080936316514198,0.8402814538436651,v2_heuristic,v2_autoregressive_sentiment_guide,distinct_2,200,v2_gpt2_medium_conditional,negative,0.20101486512070635
0.9110001012432127,0.8527334332242189,0.8832922813761617,v2_heuristic,v2_autoregressive_sentiment_guide,distinct_3,200,v2_gpt2_medium_conditional,negative,0.19440016125511864
32.0,32.0,32.0,v2_heuristic,v2_autoregressive_sentiment_guide,generation_length,200,v2_gpt2_medium_conditional,negative,0.0
0.0464609800575272,0.046404291123326405,0.046432364872744075,v2_heuristic,v2_autoregressive_sentiment_guide,latency_per_token,200,v2_gpt2_medium_conditional,negative,0.0002022606542548763
1.4867513618408703,1.484937315946445,1.4858356759278104,v2_heuristic,v2_autoregressive_sentiment_guide,total_latency,200,v2_gpt2_medium_conditional,negative,0.006472340936156042
0.535,0.385,0.455,v2_history,v2_autoregressive_sentiment_guide,alignment_success,200,v2_gpt2_medium_conditional,negative,0.4979708826829135
0.5265945329918759,0.38460286453948356,0.4516150066969567,v2_history,v2_autoregressive_sentiment_guide,target_probability,200,v2_gpt2_medium_conditional,negative,0.4843414067953615
4.75919539561917,4.312340439341408,4.537344985348015,v2_history,v2_autoregressive_sentiment_guide,perplexity,200,v2_gpt2_medium_conditional,negative,1.6029134937635143
0.4282156153919175,0.2446555414066016,0.3297451936122017,v2_history,v2_autoregressive_sentiment_guide,ppl_degradation,200,v2_gpt2_medium_conditional,negative,0.6393540502972807
0.5679910811186691,0.541923270044164,0.5550400721622682,v2_history,v2_autoregressive_sentiment_guide,coherence,200,v2_gpt2_medium_conditional,negative,0.09262504922763995
0.33624280479674945,0.2917993485943147,0.3137005714206599,v2_history,v2_autoregressive_sentiment_guide,repeated_unigram_rate,200,v2_gpt2_medium_conditional,negative,0.1680138042947966
0.1752815299682128,0.12612071211721423,0.15103473251324434,v2_history,v2_autoregressive_sentiment_guide,repeated_bigram_rate,200,v2_gpt2_medium_conditional,negative,0.18362764133573148
0.13201611982813358,0.0863924018811244,0.10940122779544227,v2_history,v2_autoregressive_sentiment_guide,repeated_trigram_rate,200,v2_gpt2_medium_conditional,negative,0.17155713690847607
0.6998827766008224,0.6509855477192117,0.6762994285793398,v2_history,v2_autoregressive_sentiment_guide,distinct_1,200,v2_gpt2_medium_conditional,negative,0.1784786457960644
0.8659641669124768,0.8129095728413338,0.8389652674867558,v2_history,v2_autoregressive_sentiment_guide,distinct_2,200,v2_gpt2_medium_conditional,negative,0.20149048615817858
0.9061912702857784,0.8535224246020434,0.8805987722045577,v2_history,v2_autoregressive_sentiment_guide,distinct_3,200,v2_gpt2_medium_conditional,negative,0.19272733762578872
32.0,32.0,32.0,v2_history,v2_autoregressive_sentiment_guide,generation_length,200,v2_gpt2_medium_conditional,negative,0.0
0.053930292157492656,0.05386412674211897,0.053898257899309104,v2_history,v2_autoregressive_sentiment_guide,latency_per_token,200,v2_gpt2_medium_conditional,negative,0.00022863886547326272
1.725769349039765,1.723652055747807,1.7247442527778913,v2_history,v2_autoregressive_sentiment_guide,total_latency,200,v2_gpt2_medium_conditional,negative,0.007316443695144407
0.515,0.37,0.44,v2_same_average,v2_autoregressive_sentiment_guide,alignment_success,200,v2_gpt2_medium_conditional,negative,0.4963869458396343
0.5089184228033992,0.3693728888707119,0.4354144787817495,v2_same_average,v2_autoregressive_sentiment_guide,target_probability,200,v2_gpt2_medium_conditional,negative,0.4799873573272995
4.820097775525768,4.379667475497563,4.606927527778443,v2_same_average,v2_autoregressive_sentiment_guide,perplexity,200,v2_gpt2_medium_conditional,negative,1.6007695848075552
0.45124604172069743,0.26529182528595796,0.3522176685425852,v2_same_average,v2_autoregressive_sentiment_guide,ppl_degradation,200,v2_gpt2_medium_conditional,negative,0.6464283652020503
0.5670232691589758,0.541133285196897,0.554531297524584,v2_same_average,v2_autoregressive_sentiment_guide,coherence,200,v2_gpt2_medium_conditional,negative,0.09063779150332459
0.32773992472179286,0.2834421948485384,0.30495227926832863,v2_same_average,v2_autoregressive_sentiment_guide,repeated_unigram_rate,200,v2_gpt2_medium_conditional,negative,0.16292798045858128
0.16416436135004797,0.11641623533135176,0.139702912465476,v2_same_average,v2_autoregressive_sentiment_guide,repeated_bigram_rate,200,v2_gpt2_medium_conditional,negative,0.17568887033884512
0.12285649752782872,0.07835342202317905,0.1002732283793994,v2_same_average,v2_autoregressive_sentiment_guide,repeated_trigram_rate,200,v2_gpt2_medium_conditional,negative,0.16386810500619725
0.7088021834323369,0.6602672158591041,0.6850477207316712,v2_same_average,v2_autoregressive_sentiment_guide,distinct_1,200,v2_gpt2_medium_conditional,negative,0.17420241453821836
0.8767375402845541,0.8222911508117241,0.8502970875345243,v2_same_average,v2_autoregressive_sentiment_guide,distinct_2,200,v2_gpt2_medium_conditional,negative,0.1948653917750148
0.9139492836894435,0.8636573223528381,0.8897267716206008,v2_same_average,v2_autoregressive_sentiment_guide,distinct_3,200,v2_gpt2_medium_conditional,negative,0.18640625330372934
32.0,32.0,32.0,v2_same_average,v2_autoregressive_sentiment_guide,generation_length,200,v2_gpt2_medium_conditional,negative,0.0
0.04545436874639563,0.045407176066873944,0.04543134068204381,v2_same_average,v2_autoregressive_sentiment_guide,latency_per_token,200,v2_gpt2_medium_conditional,negative,0.00017270024378314826
1.45453979988466,1.4530296341399662,1.453802901825402,v2_same_average,v2_autoregressive_sentiment_guide,total_latency,200,v2_gpt2_medium_conditional,negative,0.005526407801060744
0.535,0.39,0.46,v2_state,v2_autoregressive_sentiment_guide,alignment_success,200,v2_gpt2_medium_conditional,negative,0.4983974317750845
0.531662805203232,0.388272146708332,0.4565429682773538,v2_state,v2_autoregressive_sentiment_guide,target_probability,200,v2_gpt2_medium_conditional,negative,0.484860960113306
4.774541443000001,4.324456045018262,4.555655545706341,v2_state,v2_autoregressive_sentiment_guide,perplexity,200,v2_gpt2_medium_conditional,negative,1.6207721782374949
0.43418956331807756,0.24959763323821654,0.3339183065142795,v2_state,v2_autoregressive_sentiment_guide,ppl_degradation,200,v2_gpt2_medium_conditional,negative,0.6399150181004211
0.5683566939699076,0.5422709597189466,0.5553355267077228,v2_state,v2_autoregressive_sentiment_guide,coherence,200,v2_gpt2_medium_conditional,negative,0.09266453721882893
0.3361096840944731,0.29160941885403324,0.31369624290367154,v2_state,v2_autoregressive_sentiment_guide,repeated_unigram_rate,200,v2_gpt2_medium_conditional,negative,0.1666300413151973
0.17495255666966492,0.12551141678448385,0.15035167915356054,v2_state,v2_autoregressive_sentiment_guide,repeated_bigram_rate,200,v2_gpt2_medium_conditional,negative,0.18294285762133317
0.13161705440089738,0.08602335140729606,0.10896183385604834,v2_state,v2_autoregressive_sentiment_guide,repeated_trigram_rate,200,v2_gpt2_medium_conditional,negative,0.17155721846842578
0.7004637978107913,0.6520444040469855,0.6763037570963282,v2_state,v2_autoregressive_sentiment_guide,distinct_1,200,v2_gpt2_medium_conditional,negative,0.1771768771895219
0.8659650275126707,0.8130138406478973,0.8396483208464396,v2_state,v2_autoregressive_sentiment_guide,distinct_2,200,v2_gpt2_medium_conditional,negative,0.20090061117773675
0.906500348044426,0.8541928791474979,0.8810381661439518,v2_state,v2_autoregressive_sentiment_guide,distinct_3,200,v2_gpt2_medium_conditional,negative,0.19275020760430378
32.0,32.0,32.0,v2_state,v2_autoregressive_sentiment_guide,generation_length,200,v2_gpt2_medium_conditional,negative,0.0
0.047335953038455045,0.04728128436046972,0.047309514019034396,v2_state,v2_autoregressive_sentiment_guide,latency_per_token,200,v2_gpt2_medium_conditional,negative,0.00019008852383973785
1.5147504972305614,1.5130010995350311,1.5139044486091007,v2_state,v2_autoregressive_sentiment_guide,total_latency,200,v2_gpt2_medium_conditional,negative,0.006082832762871611
0.75,0.625,0.69,taro,v2_autoregressive_sentiment_guide,alignment_success,200,v2_gpt2_medium_conditional,neutral,0.4624932431938871
0.7509539966718876,0.6231665973854251,0.6886858699069126,taro,v2_autoregressive_sentiment_guide,target_probability,200,v2_gpt2_medium_conditional,neutral,0.45447236457750484
4.7958297832413,4.414782517790395,4.60450287190485,taro,v2_autoregressive_sentiment_guide,perplexity,200,v2_gpt2_medium_conditional,neutral,1.3777553915753793
0.2933150852402968,0.175588598835525,0.23387450105181834,taro,v2_autoregressive_sentiment_guide,ppl_degradation,200,v2_gpt2_medium_conditional,neutral,0.43588186337061846
0.5704617986431687,0.5526700384037374,0.5613495845460573,taro,v2_autoregressive_sentiment_guide,coherence,200,v2_gpt2_medium_conditional,neutral,0.06447536010860347
0.37955197975549687,0.3331176269204743,0.35643715587766833,taro,v2_autoregressive_sentiment_guide,repeated_unigram_rate,200,v2_gpt2_medium_conditional,neutral,0.16411855609930603
0.22951234968844453,0.1742780033185207,0.20204588409784094,taro,v2_autoregressive_sentiment_guide,repeated_bigram_rate,200,v2_gpt2_medium_conditional,neutral,0.1997441932842523
0.17810796664436876,0.12336681476082552,0.14994348178460265,taro,v2_autoregressive_sentiment_guide,repeated_trigram_rate,200,v2_gpt2_medium_conditional,neutral,0.1945851663076876
0.6668279153784316,0.6204457842282296,0.6435628441223316,taro,v2_autoregressive_sentiment_guide,distinct_1,200,v2_gpt2_medium_conditional,neutral,0.16411855609930603
0.8255891871571996,0.7699914528946685,0.7979541159021588,taro,v2_autoregressive_sentiment_guide,distinct_2,200,v2_gpt2_medium_conditional,neutral,0.1997441932842523
0.8761603519366559,0.8217348932607176,0.8500565182153972,taro,v2_autoregressive_sentiment_guide,distinct_3,200,v2_gpt2_medium_conditional,neutral,0.1945851663076876
32.0,32.0,32.0,taro,v2_autoregressive_sentiment_guide,generation_length,200,v2_gpt2_medium_conditional,neutral,0.0
0.045765979793432054,0.045710546551927106,0.04573889293780667,taro,v2_autoregressive_sentiment_guide,latency_per_token,200,v2_gpt2_medium_conditional,neutral,0.00019474196667196772
1.4645113533898257,1.4627374896616674,1.4636445740098134,taro,v2_autoregressive_sentiment_guide,total_latency,200,v2_gpt2_medium_conditional,neutral,0.006231742933502967
0.745,0.615,0.68,taro_same_average,v2_autoregressive_sentiment_guide,alignment_success,200,v2_gpt2_medium_conditional,neutral,0.466476151587624
0.743124119680142,0.6139543889119523,0.6792040697383345,taro_same_average,v2_autoregressive_sentiment_guide,target_probability,200,v2_gpt2_medium_conditional,neutral,0.4600143101512331
4.982382903009468,4.588966710270554,4.778644953733484,taro_same_average,v2_autoregressive_sentiment_guide,perplexity,200,v2_gpt2_medium_conditional,neutral,1.4625837114401747
0.3644346869288301,0.21875119242052715,0.2933556355526477,taro_same_average,v2_autoregressive_sentiment_guide,ppl_degradation,200,v2_gpt2_medium_conditional,neutral,0.5202335318301781
0.5653614888130261,0.550530131833195,0.5577357264650594,taro_same_average,v2_autoregressive_sentiment_guide,coherence,200,v2_gpt2_medium_conditional,neutral,0.053199667864025156
0.36787137075021437,0.3248165314749877,0.34644093658943254,taro_same_average,v2_autoregressive_sentiment_guide,repeated_unigram_rate,200,v2_gpt2_medium_conditional,neutral,0.15916183198401154
0.21388917925567896,0.16329396130937407,0.18899862222816527,taro_same_average,v2_autoregressive_sentiment_guide,repeated_bigram_rate,200,v2_gpt2_medium_conditional,neutral,0.19283203222625353
0.16309501330461235,0.1143647181430579,0.139551440090387,taro_same_average,v2_autoregressive_sentiment_guide,repeated_trigram_rate,200,v2_gpt2_medium_conditional,neutral,0.18351456969414498
0.6751822721949268,0.6320239837969008,0.6535590634105674,taro_same_average,v2_autoregressive_sentiment_guide,distinct_1,200,v2_gpt2_medium_conditional,neutral,0.15916183198401154
0.8366544449684098,0.7857220295810172,0.8110013777718347,taro_same_average,v2_autoregressive_sentiment_guide,distinct_2,200,v2_gpt2_medium_conditional,neutral,0.19283203222625353
0.8854116527525443,0.8365435521421154,0.8604485599096128,taro_same_average,v2_autoregressive_sentiment_guide,distinct_3,200,v2_gpt2_medium_conditional,neutral,0.18351456969414498
32.0,32.0,32.0,taro_same_average,v2_autoregressive_sentiment_guide,generation_length,200,v2_gpt2_medium_conditional,neutral,0.0
0.04544400902032066,0.04539588788680703,0.04542015824317787,taro_same_average,v2_autoregressive_sentiment_guide,latency_per_token,200,v2_gpt2_medium_conditional,neutral,0.00018363931094281518
1.4542082886502612,1.452668412377825,1.4534450637816918,taro_same_average,v2_autoregressive_sentiment_guide,total_latency,200,v2_gpt2_medium_conditional,neutral,0.005876457950170086
0.705,0.57,0.64,v1_base,v1_rad_scalar_reward,alignment_success,200,v1_gpt2_large_full_sequence,neutral,0.48
0.7014704055312905,0.5696265996800502,0.6356130776862847,v1_base,v1_rad_scalar_reward,target_probability,200,v1_gpt2_large_full_sequence,neutral,0.4693735456227883
6.966756031513214,6.2735428416728976,6.618441084623337,v1_base,v1_rad_scalar_reward,perplexity,200,v1_gpt2_large_full_sequence,neutral,2.4884719911199715
0.0,0.0,0.0,v1_base,v1_rad_scalar_reward,ppl_degradation,200,v1_gpt2_large_full_sequence,neutral,0.0
0.5722363711720893,0.5534022298814206,0.5626839086317696,v1_base,v1_rad_scalar_reward,coherence,200,v1_gpt2_large_full_sequence,neutral,0.06989823153919501
0.37188213505674605,0.3229398398969703,0.34759905046333356,v1_base,v1_rad_scalar_reward,repeated_unigram_rate,200,v1_gpt2_large_full_sequence,neutral,0.1807504092529386
0.2363755744457519,0.18110573459079604,0.20937269098641767,v1_base,v1_rad_scalar_reward,repeated_bigram_rate,200,v1_gpt2_large_full_sequence,neutral,0.202113862173491
0.1871474605161972,0.13383889218562336,0.16089777542478065,v1_base,v1_rad_scalar_reward,repeated_trigram_rate,200,v1_gpt2_large_full_sequence,neutral,0.1976538649616868
0.6769849120987363,0.6276554090943499,0.6524009495366664,v1_base,v1_rad_scalar_reward,distinct_1,200,v1_gpt2_large_full_sequence,neutral,0.1807504092529386
0.8188235095029442,0.7634968506520281,0.7906273090135822,v1_base,v1_rad_scalar_reward,distinct_2,200,v1_gpt2_large_full_sequence,neutral,0.202113862173491
0.8661572614893694,0.8127605371185127,0.8391022245752197,v1_base,v1_rad_scalar_reward,distinct_3,200,v1_gpt2_large_full_sequence,neutral,0.1976538649616868
32.0,31.85,31.94,v1_base,v1_rad_scalar_reward,generation_length,200,v1_gpt2_large_full_sequence,neutral,0.596992462263972
0.030178880362873316,0.027974877798301,0.029077920318213723,v1_base,v1_rad_scalar_reward,latency_per_token,200,v1_gpt2_large_full_sequence,neutral,0.008076718146390629
0.9641981948754983,0.8932998361880891,0.9289540882385335,v1_base,v1_rad_scalar_reward,total_latency,200,v1_gpt2_large_full_sequence,neutral,0.2592292033651977
0.975,0.92,0.95,v1_fixed,v1_rad_scalar_reward,alignment_success,200,v1_gpt2_large_full_sequence,neutral,0.21794494717703367
0.9736009633704089,0.9179043041227851,0.948215119385859,v1_fixed,v1_rad_scalar_reward,target_probability,200,v1_gpt2_large_full_sequence,neutral,0.21339031054825885
9.075608083009719,8.102435973882676,8.557263180017472,v1_fixed,v1_rad_scalar_reward,perplexity,200,v1_gpt2_large_full_sequence,neutral,3.492146014843267
0.3786263436720101,0.27510990309598704,0.3272625587782649,v1_fixed,v1_rad_scalar_reward,ppl_degradation,200,v1_gpt2_large_full_sequence,neutral,0.388873945425137
0.5521139671325248,0.5325249360184559,0.5424941894060071,v1_fixed,v1_rad_scalar_reward,coherence,200,v1_gpt2_large_full_sequence,neutral,0.06852452366526496
0.35665727089576454,0.309148809276942,0.33366201494811387,v1_fixed,v1_rad_scalar_reward,repeated_unigram_rate,200,v1_gpt2_large_full_sequence,neutral,0.17710114430380453
0.21489673352840172,0.16118704731044353,0.1887233589896881,v1_fixed,v1_rad_scalar_reward,repeated_bigram_rate,200,v1_gpt2_large_full_sequence,neutral,0.19628925966098767
0.16747413339259584,0.11674900613712458,0.1432337242918024,v1_fixed,v1_rad_scalar_reward,repeated_trigram_rate,200,v1_gpt2_large_full_sequence,neutral,0.18905056217889174
0.6908429592283852,0.6433332324691583,0.6663379850518859,v1_fixed,v1_rad_scalar_reward,distinct_1,200,v1_gpt2_large_full_sequence,neutral,0.17710114430380453
0.8385746860370956,0.7850213824793216,0.8112766410103116,v1_fixed,v1_rad_scalar_reward,distinct_2,200,v1_gpt2_large_full_sequence,neutral,0.19628925966098767
0.8760407635370902,0.8178835836099863,0.8467662757081967,v1_fixed,v1_rad_scalar_reward,distinct_3,200,v1_gpt2_large_full_sequence,neutral,0.20682224390601453
31.96,31.525,31.775,v1_fixed,v1_rad_scalar_reward,generation_length,200,v1_gpt2_large_full_sequence,neutral,1.6414551471179466
0.031205540851325864,0.028986622154819387,0.030115670032178146,v1_fixed,v1_rad_scalar_reward,latency_per_token,200,v1_gpt2_large_full_sequence,neutral,0.008152688103819231
0.9911725268274313,0.9189908527728403,0.9560628861706937,v1_fixed,v1_rad_scalar_reward,total_latency,200,v1_gpt2_large_full_sequence,neutral,0.26263710306696575
0.93,0.845,0.89,v1_heuristic,v1_rad_scalar_reward,alignment_success,200,v1_gpt2_large_full_sequence,neutral,0.31288975694324034
0.9257416333456058,0.8382864948490168,0.8859697071928531,v1_heuristic,v1_rad_scalar_reward,target_probability,200,v1_gpt2_large_full_sequence,neutral,0.3099059903062153
8.504110786914826,7.598976955413819,8.049724745750428,v1_heuristic,v1_rad_scalar_reward,perplexity,200,v1_gpt2_large_full_sequence,neutral,3.2412463421626887
0.29047230375961186,0.20328681391587136,0.24531300975712012,v1_heuristic,v1_rad_scalar_reward,ppl_degradation,200,v1_gpt2_large_full_sequence,neutral,0.32421144478461983
0.5572079287703146,0.5385789988363365,0.5480811695651681,v1_heuristic,v1_rad_scalar_reward,coherence,200,v1_gpt2_large_full_sequence,neutral,0.06697868048759625
0.3422162300064433,0.29158842736896917,0.31755182951095323,v1_heuristic,v1_rad_scalar_reward,repeated_unigram_rate,200,v1_gpt2_large_full_sequence,neutral,0.18465038971144745
0.2130375074265582,0.15480937508823572,0.1841614511269478,v1_heuristic,v1_rad_scalar_reward,repeated_bigram_rate,200,v1_gpt2_large_full_sequence,neutral,0.20167566066306492
0.17027026077363605,0.115419233714227,0.14178924148591354,v1_heuristic,v1_rad_scalar_reward,repeated_trigram_rate,200,v1_gpt2_large_full_sequence,neutral,0.1950472992262428
0.7083462230961897,0.6577773405587302,0.682448170489046,v1_heuristic,v1_rad_scalar_reward,distinct_1,200,v1_gpt2_large_full_sequence,neutral,0.18465038971144745
0.8447739884983136,0.7868477154653543,0.8158385488730522,v1_heuristic,v1_rad_scalar_reward,distinct_2,200,v1_gpt2_large_full_sequence,neutral,0.20167566066306492
0.8776318715922461,0.8166402124087954,0.8482107585140859,v1_heuristic,v1_rad_scalar_reward,distinct_3,200,v1_gpt2_large_full_sequence,neutral,0.21238564948162864
32.0,31.79,31.93,v1_heuristic,v1_rad_scalar_reward,generation_length,200,v1_gpt2_large_full_sequence,neutral,0.9874715185766119
0.03191425553693989,0.029757918753894046,0.030825047406548643,v1_heuristic,v1_rad_scalar_reward,latency_per_token,200,v1_gpt2_large_full_sequence,neutral,0.00803423515472581
1.0182489373028512,0.9504080293577863,0.9838709535391535,v1_heuristic,v1_rad_scalar_reward,total_latency,200,v1_gpt2_large_full_sequence,neutral,0.257895134293521
0.94,0.86,0.9,v1_router,v1_rad_scalar_reward,alignment_success,200,v1_gpt2_large_full_sequence,neutral,0.3
0.93762646809133,0.8584477214701474,0.8983395880943863,v1_router,v1_rad_scalar_reward,target_probability,200,v1_gpt2_large_full_sequence,neutral,0.2961654902540157
7.591488859653473,6.818519356250763,7.214268350601197,v1_router,v1_rad_scalar_reward,perplexity,200,v1_gpt2_large_full_sequence,neutral,2.690891330711744
0.15148576220310356,0.0792304375638461,0.11417823274874386,v1_router,v1_rad_scalar_reward,ppl_degradation,200,v1_gpt2_large_full_sequence,neutral,0.25928970339890245
0.5656211615988422,0.5450134930494418,0.5553873263388895,v1_router,v1_rad_scalar_reward,coherence,200,v1_gpt2_large_full_sequence,neutral,0.07230711694737409
0.3613360200436431,0.3159933529002381,0.3399564225646565,v1_router,v1_rad_scalar_reward,repeated_unigram_rate,200,v1_gpt2_large_full_sequence,neutral,0.17594331849649558
0.21946134119367713,0.16713926724120867,0.19513821682960614,v1_router,v1_rad_scalar_reward,repeated_bigram_rate,200,v1_gpt2_large_full_sequence,neutral,0.20029358714876802
0.1696701086392675,0.11748511899123867,0.14468627060873887,v1_router,v1_rad_scalar_reward,repeated_trigram_rate,200,v1_gpt2_large_full_sequence,neutral,0.19556700557916193
0.683839192886499,0.6386329583793677,0.6600435774353433,v1_router,v1_rad_scalar_reward,distinct_1,200,v1_gpt2_large_full_sequence,neutral,0.17594331849649558
0.8325449664572423,0.7805325018278151,0.8048617831703935,v1_router,v1_rad_scalar_reward,distinct_2,200,v1_gpt2_large_full_sequence,neutral,0.20029358714876802
0.877047654420419,0.822843662499405,0.8503137293912608,v1_router,v1_rad_scalar_reward,distinct_3,200,v1_gpt2_large_full_sequence,neutral,0.20438833373045676
31.99,31.355,31.715,v1_router,v1_rad_scalar_reward,generation_length,200,v1_gpt2_large_full_sequence,neutral,2.267989197505138
0.03283842288969147,0.030432596544890163,0.0316903370258239,v1_router,v1_rad_scalar_reward,latency_per_token,200,v1_gpt2_large_full_sequence,neutral,0.00856263354251809
1.0455781815969385,0.9627792432403658,1.0052195536822546,v1_router,v1_rad_scalar_reward,total_latency,200,v1_gpt2_large_full_sequence,neutral,0.2825334973096312
0.65,0.515,0.585,v2_base,v2_autoregressive_sentiment_guide,alignment_success,200,v2_gpt2_medium_conditional,neutral,0.49272203116970525
0.652267505233176,0.515515268179006,0.5851373738134862,v2_base,v2_autoregressive_sentiment_guide,target_probability,200,v2_gpt2_medium_conditional,neutral,0.4852721325066579
4.069471017394671,3.7573007474056044,3.906258580537542,v2_base,v2_autoregressive_sentiment_guide,perplexity,200,v2_gpt2_medium_conditional,neutral,1.0819521590274754
0.0,0.0,0.0,v2_base,v2_autoregressive_sentiment_guide,ppl_degradation,200,v2_gpt2_medium_conditional,neutral,0.0
0.5662188374548905,0.5446832199722227,0.5554990776468579,v2_base,v2_autoregressive_sentiment_guide,coherence,200,v2_gpt2_medium_conditional,neutral,0.08220367744106578
0.35747443988767086,0.30870412744301734,0.3331629543524064,v2_base,v2_autoregressive_sentiment_guide,repeated_unigram_rate,200,v2_gpt2_medium_conditional,neutral,0.1850732573187028
0.22596779746482581,0.17113332236154824,0.19821157319853674,v2_base,v2_autoregressive_sentiment_guide,repeated_bigram_rate,200,v2_gpt2_medium_conditional,neutral,0.20770929737019828
0.1780371043991181,0.12394939465612556,0.15113726713198422,v2_base,v2_autoregressive_sentiment_guide,repeated_trigram_rate,200,v2_gpt2_medium_conditional,neutral,0.2036584564309058
0.6911371978164864,0.6424416757709264,0.6668370456475937,v2_base,v2_autoregressive_sentiment_guide,distinct_1,200,v2_gpt2_medium_conditional,neutral,0.1850732573187028
0.8278900401428649,0.77379323867864,0.8017884268014632,v2_base,v2_autoregressive_sentiment_guide,distinct_2,200,v2_gpt2_medium_conditional,neutral,0.20770929737019828
0.8760231705403528,0.8213234186200825,0.8488627328680154,v2_base,v2_autoregressive_sentiment_guide,distinct_3,200,v2_gpt2_medium_conditional,neutral,0.2036584564309058
32.0,32.0,32.0,v2_base,v2_autoregressive_sentiment_guide,generation_length,200,v2_gpt2_medium_conditional,neutral,0.0
0.014553351352078607,0.014527547049874556,0.014540111510468705,v2_base,v2_autoregressive_sentiment_guide,latency_per_token,200,v2_gpt2_medium_conditional,neutral,8.968001917898061e-05
0.4657072432665154,0.4648815055959858,0.46528356833499857,v2_base,v2_autoregressive_sentiment_guide,total_latency,200,v2_gpt2_medium_conditional,neutral,0.0028697606137273795
0.74,0.61,0.68,v2_fixed,v2_autoregressive_sentiment_guide,alignment_success,200,v2_gpt2_medium_conditional,neutral,0.466476151587624
0.7408309255223139,0.6134275752672693,0.6799765615889919,v2_fixed,v2_autoregressive_sentiment_guide,target_probability,200,v2_gpt2_medium_conditional,neutral,0.45777523800213754
5.065227744456849,4.656241900457273,4.846380078443211,v2_fixed,v2_autoregressive_sentiment_guide,perplexity,200,v2_gpt2_medium_conditional,neutral,1.4666563525830791
0.37679214696498503,0.23747081170804285,0.30661122771343674,v2_fixed,v2_autoregressive_sentiment_guide,ppl_degradation,200,v2_gpt2_medium_conditional,neutral,0.49981189446989743
0.5648636232148714,0.5505248943409944,0.5575798303278738,v2_fixed,v2_autoregressive_sentiment_guide,coherence,200,v2_gpt2_medium_conditional,neutral,0.05197980292691737
0.3670893314294267,0.32378623976175364,0.3450248005975457,v2_fixed,v2_autoregressive_sentiment_guide,repeated_unigram_rate,200,v2_gpt2_medium_conditional,neutral,0.16079969310699982
0.21428338528951044,0.1598300539163062,0.18707804245394988,v2_fixed,v2_autoregressive_sentiment_guide,repeated_bigram_rate,200,v2_gpt2_medium_conditional,neutral,0.1960462132881257
0.16621808434915628,0.11458327452574077,0.1403759689334691,v2_fixed,v2_autoregressive_sentiment_guide,repeated_trigram_rate,200,v2_gpt2_medium_conditional,neutral,0.18731534289817597
0.675963924658559,0.632888675924034,0.654975199402454,v2_fixed,v2_autoregressive_sentiment_guide,distinct_1,200,v2_gpt2_medium_conditional,neutral,0.16079969310699982
0.8400887077179732,0.7855341517056575,0.8129219575460498,v2_fixed,v2_autoregressive_sentiment_guide,distinct_2,200,v2_gpt2_medium_conditional,neutral,0.1960462132881257
0.8854079023787385,0.8336815263115822,0.8596240310665307,v2_fixed,v2_autoregressive_sentiment_guide,distinct_3,200,v2_gpt2_medium_conditional,neutral,0.18731534289817597
32.0,32.0,32.0,v2_fixed,v2_autoregressive_sentiment_guide,generation_length,200,v2_gpt2_medium_conditional,neutral,0.0
0.0454323370856946,0.04537836751973373,0.045406769603105204,v2_fixed,v2_autoregressive_sentiment_guide,latency_per_token,200,v2_gpt2_medium_conditional,neutral,0.00019192709573015923
1.4538347867422272,1.4521077606314794,1.4530166272993665,v2_fixed,v2_autoregressive_sentiment_guide,total_latency,200,v2_gpt2_medium_conditional,neutral,0.006141667063365095
0.695,0.565,0.63,v2_heuristic,v2_autoregressive_sentiment_guide,alignment_success,200,v2_gpt2_medium_conditional,neutral,0.48280430818293246
0.6952765984757571,0.5652534031705,0.6285224293282954,v2_heuristic,v2_autoregressive_sentiment_guide,target_probability,200,v2_gpt2_medium_conditional,neutral,0.4758309537293497
4.102041997980853,3.789121550775927,3.940667058187214,v2_heuristic,v2_autoregressive_sentiment_guide,perplexity,200,v2_gpt2_medium_conditional,neutral,1.1060592837263148
0.05478342326526127,-0.005238213325621385,0.02416666187817948,v2_heuristic,v2_autoregressive_sentiment_guide,ppl_degradation,200,v2_gpt2_medium_conditional,neutral,0.2150927557050206
0.5784897086451225,0.557148348491906,0.5676393454314131,v2_heuristic,v2_autoregressive_sentiment_guide,coherence,200,v2_gpt2_medium_conditional,neutral,0.07490597970345995
0.37802531226584807,0.32612809104308194,0.3511472813025456,v2_heuristic,v2_autoregressive_sentiment_guide,repeated_unigram_rate,200,v2_gpt2_medium_conditional,neutral,0.18146966645733248
0.2424982402805553,0.18301339198281533,0.21231835549796385,v2_heuristic,v2_autoregressive_sentiment_guide,repeated_bigram_rate,200,v2_gpt2_medium_conditional,neutral,0.20814304868311026
0.19538589655356556,0.13621639051518233,0.16430767592639442,v2_heuristic,v2_autoregressive_sentiment_guide,repeated_trigram_rate,200,v2_gpt2_medium_conditional,neutral,0.20442683358169045
0.6735048179384886,0.6219363846790944,0.6488527186974541,v2_heuristic,v2_autoregressive_sentiment_guide,distinct_1,200,v2_gpt2_medium_conditional,neutral,0.18146966645733248
0.816789018136217,0.7574511929789761,0.787681644502036,v2_heuristic,v2_autoregressive_sentiment_guide,distinct_2,200,v2_gpt2_medium_conditional,neutral,0.20814304868311026
0.8636399021491244,0.8045317400438304,0.8356923240736052,v2_heuristic,v2_autoregressive_sentiment_guide,distinct_3,200,v2_gpt2_medium_conditional,neutral,0.20442683358169045
32.0,32.0,32.0,v2_heuristic,v2_autoregressive_sentiment_guide,generation_length,200,v2_gpt2_medium_conditional,neutral,0.0
0.04647283285448793,0.046420513132216,0.046446696342754876,v2_heuristic,v2_autoregressive_sentiment_guide,latency_per_token,200,v2_gpt2_medium_conditional,neutral,0.00018741861696884018
1.4871306513436138,1.485456420230912,1.486294282968156,v2_heuristic,v2_autoregressive_sentiment_guide,total_latency,200,v2_gpt2_medium_conditional,neutral,0.005997395743002886
0.755,0.63,0.695,v2_history,v2_autoregressive_sentiment_guide,alignment_success,200,v2_gpt2_medium_conditional,neutral,0.460407428263272
0.7538314264413202,0.6296917420910905,0.6939911923403269,v2_history,v2_autoregressive_sentiment_guide,target_probability,200,v2_gpt2_medium_conditional,neutral,0.4525446478168254
4.884447909109217,4.497780113958333,4.686185360263425,v2_history,v2_autoregressive_sentiment_guide,perplexity,200,v2_gpt2_medium_conditional,neutral,1.3446881865641598
0.31884671473234527,0.1978168658985447,0.258941502658701,v2_history,v2_autoregressive_sentiment_guide,ppl_degradation,200,v2_gpt2_medium_conditional,neutral,0.4376507583917243
0.5683927246338601,0.5521948054026784,0.5601632479793246,v2_history,v2_autoregressive_sentiment_guide,coherence,200,v2_gpt2_medium_conditional,neutral,0.0588841593456618
0.3740936395929845,0.3290487760655461,0.35183596807255946,v2_history,v2_autoregressive_sentiment_guide,repeated_unigram_rate,200,v2_gpt2_medium_conditional,neutral,0.16525037412326768
0.22461814998035529,0.17008611025654555,0.1971355217271338,v2_history,v2_autoregressive_sentiment_guide,repeated_bigram_rate,200,v2_gpt2_medium_conditional,neutral,0.19884281971652412
0.17199226899051134,0.118408509596336,0.14566876758492592,v2_history,v2_autoregressive_sentiment_guide,repeated_trigram_rate,200,v2_gpt2_medium_conditional,neutral,0.19195983338939177
0.6708510234528398,0.625747593094179,0.6481640319274402,v2_history,v2_autoregressive_sentiment_guide,distinct_1,200,v2_gpt2_medium_conditional,neutral,0.16525037412326768
0.8295773209846137,0.77509321881435,0.8028644782728659,v2_history,v2_autoregressive_sentiment_guide,distinct_2,200,v2_gpt2_medium_conditional,neutral,0.19884281971652412
0.8815153178447407,0.8279196271523813,0.854331232415074,v2_history,v2_autoregressive_sentiment_guide,distinct_3,200,v2_gpt2_medium_conditional,neutral,0.19195983338939177
32.0,32.0,32.0,v2_history,v2_autoregressive_sentiment_guide,generation_length,200,v2_gpt2_medium_conditional,neutral,0.0
0.05394092230184469,0.0538825322466073,0.05391301497606037,v2_history,v2_autoregressive_sentiment_guide,latency_per_token,200,v2_gpt2_medium_conditional,neutral,0.0002030677725616066
1.72610951365903,1.7242410318914336,1.7252164792339317,v2_history,v2_autoregressive_sentiment_guide,total_latency,200,v2_gpt2_medium_conditional,neutral,0.006498168721971411
0.745,0.61,0.68,v2_same_average,v2_autoregressive_sentiment_guide,alignment_success,200,v2_gpt2_medium_conditional,neutral,0.466476151587624
0.7427470355122933,0.6109730682955705,0.6791864946865825,v2_same_average,v2_autoregressive_sentiment_guide,target_probability,200,v2_gpt2_medium_conditional,neutral,0.4586172692040374
4.992082880417214,4.596922090257149,4.792779841970853,v2_same_average,v2_autoregressive_sentiment_guide,perplexity,200,v2_gpt2_medium_conditional,neutral,1.4669379686636863
0.3605065945293404,0.22569036691884548,0.29290983287029915,v2_same_average,v2_autoregressive_sentiment_guide,ppl_degradation,200,v2_gpt2_medium_conditional,neutral,0.4962692011644623
0.5670385053448632,0.5503246380731861,0.5585885724816084,v2_same_average,v2_autoregressive_sentiment_guide,coherence,200,v2_gpt2_medium_conditional,neutral,0.05946840508466043
0.37090571448003745,0.32488517485422636,0.3468182230003396,v2_same_average,v2_autoregressive_sentiment_guide,repeated_unigram_rate,200,v2_gpt2_medium_conditional,neutral,0.16628497504323067
0.21831779504020876,0.163931729218889,0.1901738889446239,v2_same_average,v2_autoregressive_sentiment_guide,repeated_bigram_rate,200,v2_gpt2_medium_conditional,neutral,0.20264906427429388
0.16853796104486143,0.1163373283869279,0.14215488849383542,v2_same_average,v2_autoregressive_sentiment_guide,repeated_trigram_rate,200,v2_gpt2_medium_conditional,neutral,0.19477302991193918
0.6750709227442662,0.6289578139719542,0.65318177699966,v2_same_average,v2_autoregressive_sentiment_guide,distinct_1,200,v2_gpt2_medium_conditional,neutral,0.16628497504323067
0.8359180188904328,0.7813316928618198,0.8098261110553757,v2_same_average,v2_autoregressive_sentiment_guide,distinct_2,200,v2_gpt2_medium_conditional,neutral,0.20264906427429388
0.8834765142684106,0.8308376764376304,0.8578451115061643,v2_same_average,v2_autoregressive_sentiment_guide,distinct_3,200,v2_gpt2_medium_conditional,neutral,0.19477302991193918
32.0,32.0,32.0,v2_same_average,v2_autoregressive_sentiment_guide,generation_length,200,v2_gpt2_medium_conditional,neutral,0.0
0.04545868054072343,0.04540871496606996,0.0454319219530953,v2_same_average,v2_autoregressive_sentiment_guide,latency_per_token,200,v2_gpt2_medium_conditional,neutral,0.00018723996265970666
1.4546777773031498,1.4530788789142388,1.4538215024990495,v2_same_average,v2_autoregressive_sentiment_guide,total_latency,200,v2_gpt2_medium_conditional,neutral,0.005991678805110613
0.755,0.63,0.695,v2_state,v2_autoregressive_sentiment_guide,alignment_success,200,v2_gpt2_medium_conditional,neutral,0.460407428263272
0.7538361393805826,0.6296969202446053,0.6939954400653369,v2_state,v2_autoregressive_sentiment_guide,target_probability,200,v2_gpt2_medium_conditional,neutral,0.4525474850446975
4.896308004530568,4.507249996030561,4.697921960564923,v2_state,v2_autoregressive_sentiment_guide,perplexity,200,v2_gpt2_medium_conditional,neutral,1.3601769112774749
0.32738559808414813,0.20154187362554513,0.2636440255401515,v2_state,v2_autoregressive_sentiment_guide,ppl_degradation,200,v2_gpt2_medium_conditional,neutral,0.4519067047663225
0.5681427246338601,0.5520058409498736,0.5600382479793246,v2_state,v2_autoregressive_sentiment_guide,coherence,200,v2_gpt2_medium_conditional,neutral,0.05898512023248
0.3743583455723614,0.3291489765471606,0.35202115325774463,v2_state,v2_autoregressive_sentiment_guide,repeated_unigram_rate,200,v2_gpt2_medium_conditional,neutral,0.16529178793374208
0.22461814998035529,0.17008611025654555,0.1971355217271338,v2_state,v2_autoregressive_sentiment_guide,repeated_bigram_rate,200,v2_gpt2_medium_conditional,neutral,0.19884281971652412
0.17199226899051134,0.118408509596336,0.14566876758492592,v2_state,v2_autoregressive_sentiment_guide,repeated_trigram_rate,200,v2_gpt2_medium_conditional,neutral,0.19195983338939177
0.6707660387492692,0.6255359900366453,0.647978846742255,v2_state,v2_autoregressive_sentiment_guide,distinct_1,200,v2_gpt2_medium_conditional,neutral,0.16529178793374208
0.8295773209846137,0.77509321881435,0.8028644782728659,v2_state,v2_autoregressive_sentiment_guide,distinct_2,200,v2_gpt2_medium_conditional,neutral,0.19884281971652412
0.8815153178447407,0.8279196271523813,0.854331232415074,v2_state,v2_autoregressive_sentiment_guide,distinct_3,200,v2_gpt2_medium_conditional,neutral,0.19195983338939177
32.0,32.0,32.0,v2_state,v2_autoregressive_sentiment_guide,generation_length,200,v2_gpt2_medium_conditional,neutral,0.0
0.047309230774080786,0.04725523715638701,0.04728293356110953,v2_state,v2_autoregressive_sentiment_guide,latency_per_token,200,v2_gpt2_medium_conditional,neutral,0.00019712406303746543
1.5138953847705852,1.5121675890043844,1.513053873955505,v2_state,v2_autoregressive_sentiment_guide,total_latency,200,v2_gpt2_medium_conditional,neutral,0.006307970017198894
0.975,0.91,0.945,taro,v2_autoregressive_sentiment_guide,alignment_success,200,v2_gpt2_medium_conditional,positive,0.22798026230355994
0.9719870690163225,0.9100366486795246,0.9432501380948816,taro,v2_autoregressive_sentiment_guide,target_probability,200,v2_gpt2_medium_conditional,positive,0.22078112575974973
4.885880650752498,4.439340077989287,4.662276280271589,taro,v2_autoregressive_sentiment_guide,perplexity,200,v2_gpt2_medium_conditional,positive,1.554897450829185
0.3961634038237558,0.23079116663731838,0.3068375836929516,taro,v2_autoregressive_sentiment_guide,ppl_degradation,200,v2_gpt2_medium_conditional,positive,0.5913533994686515
0.5614524508333123,0.5407762439710089,0.551594489699763,taro,v2_autoregressive_sentiment_guide,coherence,200,v2_gpt2_medium_conditional,positive,0.07495704169064192
0.3566277030436572,0.3118974550445731,0.3346900611224198,taro,v2_autoregressive_sentiment_guide,repeated_unigram_rate,200,v2_gpt2_medium_conditional,positive,0.1637474253320971
0.2044586175102813,0.15126170343877085,0.17705760460400125,taro,v2_autoregressive_sentiment_guide,repeated_bigram_rate,200,v2_gpt2_medium_conditional,positive,0.1913444305956208
0.15799409544728132,0.10717342672597541,0.1320506464092296,taro,v2_autoregressive_sentiment_guide,repeated_trigram_rate,200,v2_gpt2_medium_conditional,positive,0.1822532051904961
0.6877757165011849,0.6430206824516727,0.6653099388775804,taro,v2_autoregressive_sentiment_guide,distinct_1,200,v2_gpt2_medium_conditional,positive,0.1637474253320971
0.8486797487425342,0.795476024915849,0.822942395395999,taro,v2_autoregressive_sentiment_guide,distinct_2,200,v2_gpt2_medium_conditional,positive,0.1913444305956208
0.8926750043379359,0.8417450325453322,0.86794935359077,taro,v2_autoregressive_sentiment_guide,distinct_3,200,v2_gpt2_medium_conditional,positive,0.1822532051904961
32.0,32.0,32.0,taro,v2_autoregressive_sentiment_guide,generation_length,200,v2_gpt2_medium_conditional,positive,0.0
0.04567190352030593,0.04561656861791562,0.04564373309447547,taro,v2_autoregressive_sentiment_guide,latency_per_token,200,v2_gpt2_medium_conditional,positive,0.0001995442831306037
1.4615009126497898,1.4597301957732998,1.460599459023215,taro,v2_autoregressive_sentiment_guide,total_latency,200,v2_gpt2_medium_conditional,positive,0.006385417060179318
0.975,0.91,0.945,taro_same_average,v2_autoregressive_sentiment_guide,alignment_success,200,v2_gpt2_medium_conditional,positive,0.22798026230355994
0.9727346948743798,0.909614995745942,0.9436443351919297,taro_same_average,v2_autoregressive_sentiment_guide,target_probability,200,v2_gpt2_medium_conditional,positive,0.22253028314514287
5.080132381681388,4.593780049973482,4.838990307139747,taro_same_average,v2_autoregressive_sentiment_guide,perplexity,200,v2_gpt2_medium_conditional,positive,1.665137298577847
0.4649753993805138,0.27465812905886056,0.3619406047100597,taro_same_average,v2_autoregressive_sentiment_guide,ppl_degradation,200,v2_gpt2_medium_conditional,positive,0.6870302001910435
0.5618457707264343,0.5413762985571137,0.5520704024792892,taro_same_average,v2_autoregressive_sentiment_guide,coherence,200,v2_gpt2_medium_conditional,positive,0.07621132281424398
0.35623575348393133,0.3110087744169622,0.33323298952272024,taro_same_average,v2_autoregressive_sentiment_guide,repeated_unigram_rate,200,v2_gpt2_medium_conditional,positive,0.1661320204383067
0.19659539564673068,0.14433046448913056,0.17059982526578715,taro_same_average,v2_autoregressive_sentiment_guide,repeated_bigram_rate,200,v2_gpt2_medium_conditional,positive,0.19447212734176392
0.1542008228320072,0.10340268456902639,0.12881660777863918,taro_same_average,v2_autoregressive_sentiment_guide,repeated_trigram_rate,200,v2_gpt2_medium_conditional,positive,0.18434907936911937
0.6887910029048453,0.6435287649352796,0.6667670104772797,taro_same_average,v2_autoregressive_sentiment_guide,distinct_1,200,v2_gpt2_medium_conditional,positive,0.1661320204383067
0.8555978592169962,0.8031318604891697,0.8294001747342132,taro_same_average,v2_autoregressive_sentiment_guide,distinct_2,200,v2_gpt2_medium_conditional,positive,0.19447212734176392
0.8963414257337423,0.8457958735112406,0.8711833922213604,taro_same_average,v2_autoregressive_sentiment_guide,distinct_3,200,v2_gpt2_medium_conditional,positive,0.18434907936911937
32.0,32.0,32.0,taro_same_average,v2_autoregressive_sentiment_guide,generation_length,200,v2_gpt2_medium_conditional,positive,0.0
0.045372762071929175,0.04532333739804017,0.045348305717561745,taro_same_average,v2_autoregressive_sentiment_guide,latency_per_token,200,v2_gpt2_medium_conditional,positive,0.000176523945755244
1.4519283863017336,1.4503467967372854,1.4511457829619758,taro_same_average,v2_autoregressive_sentiment_guide,total_latency,200,v2_gpt2_medium_conditional,positive,0.005648766264167808
0.95,0.875,0.915,v1_base,v1_rad_scalar_reward,alignment_success,200,v1_gpt2_large_full_sequence,positive,0.2788816953476868
0.9479261331807356,0.874102554898709,0.9134053422938451,v1_base,v1_rad_scalar_reward,target_probability,200,v1_gpt2_large_full_sequence,positive,0.27410153985916813
7.175175638794899,6.406312598586083,6.756930084824562,v1_base,v1_rad_scalar_reward,perplexity,200,v1_gpt2_large_full_sequence,positive,2.8079919474066353
0.0,0.0,0.0,v1_base,v1_rad_scalar_reward,ppl_degradation,200,v1_gpt2_large_full_sequence,positive,0.0
0.5652614321772017,0.5415883230127254,0.5532632185680557,v1_base,v1_rad_scalar_reward,coherence,200,v1_gpt2_large_full_sequence,positive,0.08627328564150841
0.33033441811870035,0.2837621742057969,0.30681469142390555,v1_base,v1_rad_scalar_reward,repeated_unigram_rate,200,v1_gpt2_large_full_sequence,positive,0.16906292545011536
0.18822429962259246,0.13912618415847722,0.16319076019893625,v1_base,v1_rad_scalar_reward,repeated_bigram_rate,200,v1_gpt2_large_full_sequence,positive,0.18175946526456957
0.13802417248239365,0.09338393901843554,0.11523887472924445,v1_base,v1_rad_scalar_reward,repeated_trigram_rate,200,v1_gpt2_large_full_sequence,positive,0.16906606516233139
0.7155887507621718,0.6692942314653391,0.6931853085760947,v1_base,v1_rad_scalar_reward,distinct_1,200,v1_gpt2_large_full_sequence,positive,0.16906292545011536
0.8601584936030093,0.8117217826034689,0.8368092398010633,v1_base,v1_rad_scalar_reward,distinct_2,200,v1_gpt2_large_full_sequence,positive,0.18175946526456957
0.906324107288941,0.8616960765879698,0.8847611252707549,v1_base,v1_rad_scalar_reward,distinct_3,200,v1_gpt2_large_full_sequence,positive,0.16906606516233139
31.985,31.385,31.73,v1_base,v1_rad_scalar_reward,generation_length,200,v1_gpt2_large_full_sequence,positive,2.208415721733569
0.030758568839573164,0.02850444991296725,0.029675610030577976,v1_base,v1_rad_scalar_reward,latency_per_token,200,v1_gpt2_large_full_sequence,positive,0.008124746314334734
0.9747194414481055,0.9015973243082408,0.9400446842057864,v1_base,v1_rad_scalar_reward,total_latency,200,v1_gpt2_large_full_sequence,positive,0.2649612826691418
1.0,0.985,0.995,v1_fixed,v1_rad_scalar_reward,alignment_success,200,v1_gpt2_large_full_sequence,positive,0.07053367989832943
0.997729920744896,0.9813659006927629,0.9921833195479121,v1_fixed,v1_rad_scalar_reward,target_probability,200,v1_gpt2_large_full_sequence,positive,0.0703535784909338
8.034312336444854,6.893108950257301,7.416544934511185,v1_fixed,v1_rad_scalar_reward,perplexity,200,v1_gpt2_large_full_sequence,positive,4.25924271476361
0.24454311235121926,0.0771445351071565,0.15038654787530567,v1_fixed,v1_rad_scalar_reward,ppl_degradation,200,v1_gpt2_large_full_sequence,positive,0.5985798055825264
0.5584197746130286,0.5286112136109318,0.5438411256553655,v1_fixed,v1_rad_scalar_reward,coherence,200,v1_gpt2_large_full_sequence,positive,0.1097492164045621
0.35439863249692055,0.2993990318065734,0.3263014606849696,v1_fixed,v1_rad_scalar_reward,repeated_unigram_rate,200,v1_gpt2_large_full_sequence,positive,0.18890005713622426
0.2203821501580607,0.16372105411043156,0.19110107416503916,v1_fixed,v1_rad_scalar_reward,repeated_bigram_rate,200,v1_gpt2_large_full_sequence,positive,0.19923511539918312
0.17417288743248502,0.1212966537197047,0.14629115409970103,v1_fixed,v1_rad_scalar_reward,repeated_trigram_rate,200,v1_gpt2_large_full_sequence,positive,0.19047007936780241
0.6914703089440679,0.6349624516961863,0.6636985393150303,v1_fixed,v1_rad_scalar_reward,distinct_1,200,v1_gpt2_large_full_sequence,positive,0.19762895125049215
0.8236414158322586,0.7618225775048912,0.7938989258349608,v1_fixed,v1_rad_scalar_reward,distinct_2,200,v1_gpt2_large_full_sequence,positive,0.22076367224517407
0.8671984354160405,0.807121243137499,0.8387088459002987,v1_fixed,v1_rad_scalar_reward,distinct_3,200,v1_gpt2_large_full_sequence,positive,0.216021102004841
31.545,30.3,30.985,v1_fixed,v1_rad_scalar_reward,generation_length,200,v1_gpt2_large_full_sequence,positive,4.481604065510473
0.03172210115427845,0.029371974008150326,0.030576062543852412,v1_fixed,v1_rad_scalar_reward,latency_per_token,200,v1_gpt2_large_full_sequence,positive,0.00813117169603172
0.9835778030200163,0.9025219519605162,0.9444423228153027,v1_fixed,v1_rad_scalar_reward,total_latency,200,v1_gpt2_large_full_sequence,positive,0.2792113870127879
0.99,0.945,0.97,v1_heuristic,v1_rad_scalar_reward,alignment_success,200,v1_gpt2_large_full_sequence,positive,0.1705872210923198
0.9878285267925822,0.943312705415301,0.9677158407215029,v1_heuristic,v1_rad_scalar_reward,target_probability,200,v1_gpt2_large_full_sequence,positive,0.1673191893404094
11.812661800384522,6.845053246021271,8.539513143897057,v1_heuristic,v1_rad_scalar_reward,perplexity,200,v1_gpt2_large_full_sequence,positive,18.65068970707076
0.3228957894575001,0.06068723819703248,0.17437500637424908,v1_heuristic,v1_rad_scalar_reward,ppl_degradation,200,v1_gpt2_large_full_sequence,positive,0.9232883573365955
0.5618098176158529,0.5320898675026074,0.5459572461781523,v1_heuristic,v1_rad_scalar_reward,coherence,200,v1_gpt2_large_full_sequence,positive,0.1122920476542649
0.3442972979487871,0.29044879468172907,0.31574477967682224,v1_heuristic,v1_rad_scalar_reward,repeated_unigram_rate,200,v1_gpt2_large_full_sequence,positive,0.18895825087735318
0.2110716039246122,0.15228574667377537,0.18056552500710257,v1_heuristic,v1_rad_scalar_reward,repeated_bigram_rate,200,v1_gpt2_large_full_sequence,positive,0.19835629638627267
0.1651034991332108,0.11030822123939579,0.13694551812574463,v1_heuristic,v1_rad_scalar_reward,repeated_trigram_rate,200,v1_gpt2_large_full_sequence,positive,0.1849762974017824
0.7019890035708879,0.6435954220606759,0.6742552203231772,v1_heuristic,v1_rad_scalar_reward,distinct_1,200,v1_gpt2_large_full_sequence,positive,0.19821787250672504
0.8345101617167446,0.7715556439994897,0.8044344749928969,v1_heuristic,v1_rad_scalar_reward,distinct_2,200,v1_gpt2_large_full_sequence,positive,0.22068813870678633
0.8732240570191094,0.8101132934462822,0.8430544818742552,v1_heuristic,v1_rad_scalar_reward,distinct_3,200,v1_gpt2_large_full_sequence,positive,0.21985997788465927
31.6,30.235,30.95,v1_heuristic,v1_rad_scalar_reward,generation_length,200,v1_gpt2_large_full_sequence,positive,4.896682550462098
0.031603101048353587,0.029462497772796224,0.030518777566777015,v1_heuristic,v1_rad_scalar_reward,latency_per_token,200,v1_gpt2_large_full_sequence,positive,0.008082355389100123
0.9770034265267895,0.8980919912696117,0.9357827977684792,v1_heuristic,v1_rad_scalar_reward,total_latency,200,v1_gpt2_large_full_sequence,positive,0.2798768885189488
0.99,0.945,0.97,v1_router,v1_rad_scalar_reward,alignment_success,200,v1_gpt2_large_full_sequence,positive,0.1705872210923198
0.9880040090740658,0.9442261259362568,0.9683300804364262,v1_router,v1_rad_scalar_reward,target_probability,200,v1_gpt2_large_full_sequence,positive,0.16644140029175175
7.2087353682518005,6.396503435969353,6.779218022227287,v1_router,v1_rad_scalar_reward,perplexity,200,v1_gpt2_large_full_sequence,positive,3.030778735704595
0.06629133624808949,-0.012063624844150933,0.025023075792754156,v1_router,v1_rad_scalar_reward,ppl_degradation,200,v1_gpt2_large_full_sequence,positive,0.2794228202833037
0.5691971148294779,0.5474452408983493,0.5583497745191959,v1_router,v1_rad_scalar_reward,coherence,200,v1_gpt2_large_full_sequence,positive,0.08163258528250346
0.3540581929526176,0.3032036676604045,0.32713699999757473,v1_router,v1_rad_scalar_reward,repeated_unigram_rate,200,v1_gpt2_large_full_sequence,positive,0.17988608962943906
0.21471274895403944,0.15872296915477593,0.18523326972358967,v1_router,v1_rad_scalar_reward,repeated_bigram_rate,200,v1_gpt2_large_full_sequence,positive,0.2016016707065294
0.16734150410780843,0.11677728242515224,0.14057765107681072,v1_router,v1_rad_scalar_reward,repeated_trigram_rate,200,v1_gpt2_large_full_sequence,positive,0.19303145567302854
0.6966300656931043,0.6456505608071095,0.6728630000024249,v1_router,v1_rad_scalar_reward,distinct_1,200,v1_gpt2_large_full_sequence,positive,0.17988608962943906
0.8366454937736172,0.779906113773067,0.8097667302764101,v1_router,v1_rad_scalar_reward,distinct_2,200,v1_gpt2_large_full_sequence,positive,0.2092030136839047
0.8806383309975346,0.8252664407030978,0.8544223489231892,v1_router,v1_rad_scalar_reward,distinct_3,200,v1_gpt2_large_full_sequence,positive,0.2020652527489085
31.79,30.78,31.33,v1_router,v1_rad_scalar_reward,generation_length,200,v1_gpt2_large_full_sequence,positive,3.576464734902331
0.03297983371458395,0.030800271577796526,0.0318499092319793,v1_router,v1_rad_scalar_reward,latency_per_token,200,v1_gpt2_large_full_sequence,positive,0.007844376891417367
1.0375044505257391,0.9610956798540429,0.9984037408465519,v1_router,v1_rad_scalar_reward,total_latency,200,v1_gpt2_large_full_sequence,positive,0.2733397807251143
0.935,0.85,0.895,v2_base,v2_autoregressive_sentiment_guide,alignment_success,200,v2_gpt2_medium_conditional,positive,0.30655342111938666
0.9331061128899455,0.8501366060934379,0.8936641407452407,v2_base,v2_autoregressive_sentiment_guide,target_probability,200,v2_gpt2_medium_conditional,positive,0.3007189074493057
3.9645902593698508,3.6304872293779953,3.800132754261504,v2_base,v2_autoregressive_sentiment_guide,perplexity,200,v2_gpt2_medium_conditional,positive,1.219352116720938
0.0,0.0,0.0,v2_base,v2_autoregressive_sentiment_guide,ppl_degradation,200,v2_gpt2_medium_conditional,positive,0.0
0.5625155235784396,0.5341601475645174,0.5486519838043417,v2_base,v2_autoregressive_sentiment_guide,coherence,200,v2_gpt2_medium_conditional,positive,0.10262781693401327
0.33964711327911223,0.28976000513532063,0.31483886823165413,v2_base,v2_autoregressive_sentiment_guide,repeated_unigram_rate,200,v2_gpt2_medium_conditional,positive,0.1842500806994755
0.2020685543065497,0.14582667417262618,0.17367643403539457,v2_base,v2_autoregressive_sentiment_guide,repeated_bigram_rate,200,v2_gpt2_medium_conditional,positive,0.20357811403861029
0.1561217470212069,0.10237481309347139,0.12812526964337265,v2_base,v2_autoregressive_sentiment_guide,repeated_trigram_rate,200,v2_gpt2_medium_conditional,positive,0.1945218486003791
0.7060963253016042,0.6527489870874921,0.680161131768346,v2_base,v2_autoregressive_sentiment_guide,distinct_1,200,v2_gpt2_medium_conditional,positive,0.18914201953941034
0.8508914145926076,0.7907961886138726,0.8213235659646055,v2_base,v2_autoregressive_sentiment_guide,distinct_2,200,v2_gpt2_medium_conditional,positive,0.21138184447857264
0.891018452591378,0.8333840788957203,0.8618747303566272,v2_base,v2_autoregressive_sentiment_guide,distinct_3,200,v2_gpt2_medium_conditional,positive,0.21254703994655244
32.0,32.0,32.0,v2_base,v2_autoregressive_sentiment_guide,generation_length,200,v2_gpt2_medium_conditional,positive,0.0
0.014531321070353442,0.014505941183670075,0.014519262166359112,v2_base,v2_autoregressive_sentiment_guide,latency_per_token,200,v2_gpt2_medium_conditional,positive,8.747911812810968e-05
0.46500227425131013,0.4641901178774424,0.4646163893234916,v2_base,v2_autoregressive_sentiment_guide,total_latency,200,v2_gpt2_medium_conditional,positive,0.0027993317800995097
0.98,0.915,0.95,v2_fixed,v2_autoregressive_sentiment_guide,alignment_success,200,v2_gpt2_medium_conditional,positive,0.21794494717703367
0.9749722822429612,0.9142904790665489,0.9472567262651864,v2_fixed,v2_autoregressive_sentiment_guide,target_probability,200,v2_gpt2_medium_conditional,positive,0.21384005223770228
5.242927629729604,4.719791643226264,4.979456811534288,v2_fixed,v2_autoregressive_sentiment_guide,perplexity,200,v2_gpt2_medium_conditional,positive,1.7352500917295612
0.506861715812327,0.31267950725663224,0.4003116529112638,v2_fixed,v2_autoregressive_sentiment_guide,ppl_degradation,200,v2_gpt2_medium_conditional,positive,0.6977130378894181
0.5583001736932041,0.5379703670145184,0.5491185850756597,v2_fixed,v2_autoregressive_sentiment_guide,coherence,200,v2_gpt2_medium_conditional,positive,0.07279856998578076
0.3435098905468689,0.29867308818997457,0.3211978375418786,v2_fixed,v2_autoregressive_sentiment_guide,repeated_unigram_rate,200,v2_gpt2_medium_conditional,positive,0.15990135092375596
0.18038778539865633,0.12774756343041482,0.15362206528075575,v2_fixed,v2_autoregressive_sentiment_guide,repeated_bigram_rate,200,v2_gpt2_medium_conditional,positive,0.18725948754296176
0.13784207722284925,0.08755752733162776,0.11221942683059614,v2_fixed,v2_autoregressive_sentiment_guide,repeated_trigram_rate,200,v2_gpt2_medium_conditional,positive,0.17687946098585605
0.701305003493087,0.6564287775881358,0.6788021624581212,v2_fixed,v2_autoregressive_sentiment_guide,distinct_1,200,v2_gpt2_medium_conditional,positive,0.15990135092375596
0.871772141876245,0.8195618718298534,0.8463779347192443,v2_fixed,v2_autoregressive_sentiment_guide,distinct_2,200,v2_gpt2_medium_conditional,positive,0.18725948754296176
0.9115499798482928,0.8619608329382318,0.8877805731694035,v2_fixed,v2_autoregressive_sentiment_guide,distinct_3,200,v2_gpt2_medium_conditional,positive,0.17687946098585605
32.0,32.0,32.0,v2_fixed,v2_autoregressive_sentiment_guide,generation_length,200,v2_gpt2_medium_conditional,positive,0.0
0.045358826244191734,0.04531234734939062,0.04533670522076136,v2_fixed,v2_autoregressive_sentiment_guide,latency_per_token,200,v2_gpt2_medium_conditional,positive,0.00016601676497203228
1.4514824398141355,1.4499951151805,1.4507745670643635,v2_fixed,v2_autoregressive_sentiment_guide,total_latency,200,v2_gpt2_medium_conditional,positive,0.005312536479105033
0.96,0.885,0.925,v2_heuristic,v2_autoregressive_sentiment_guide,alignment_success,200,v2_gpt2_medium_conditional,positive,0.26339134382131846
0.9573893214229611,0.8854658888350241,0.9232222808760707,v2_heuristic,v2_autoregressive_sentiment_guide,target_probability,200,v2_gpt2_medium_conditional,positive,0.25749351432339007
4.001503593778821,3.651309236640639,3.832346332266931,v2_heuristic,v2_autoregressive_sentiment_guide,perplexity,200,v2_gpt2_medium_conditional,positive,1.2080956560323979
0.11872271348917833,0.001639508788301265,0.05021235561464968,v2_heuristic,v2_autoregressive_sentiment_guide,ppl_degradation,200,v2_gpt2_medium_conditional,positive,0.4378221673955954
0.5668086107252851,0.5401839427375207,0.5537352024265723,v2_heuristic,v2_autoregressive_sentiment_guide,coherence,200,v2_gpt2_medium_conditional,positive,0.09629174385709845
0.3497298545555056,0.30072064511266583,0.3253181325303033,v2_heuristic,v2_autoregressive_sentiment_guide,repeated_unigram_rate,200,v2_gpt2_medium_conditional,positive,0.1859802251778959
0.212709908989894,0.15579066670446376,0.1839336177063179,v2_heuristic,v2_autoregressive_sentiment_guide,repeated_bigram_rate,200,v2_gpt2_medium_conditional,positive,0.20899747024910076
0.16691051114640934,0.11303092189716113,0.14007759467268735,v2_heuristic,v2_autoregressive_sentiment_guide,repeated_trigram_rate,200,v2_gpt2_medium_conditional,positive,0.19868675105850217
0.694817378891032,0.6428310792482559,0.6696818674696968,v2_heuristic,v2_autoregressive_sentiment_guide,distinct_1,200,v2_gpt2_medium_conditional,positive,0.190553044667142
0.8403121778413388,0.7807158016951713,0.8110663822936821,v2_heuristic,v2_autoregressive_sentiment_guide,distinct_2,200,v2_gpt2_medium_conditional,positive,0.2163691438108969
0.8788899869767861,0.818680288702986,0.8499224053273129,v2_heuristic,v2_autoregressive_sentiment_guide,distinct_3,200,v2_gpt2_medium_conditional,positive,0.2158121246657135
32.0,32.0,32.0,v2_heuristic,v2_autoregressive_sentiment_guide,generation_length,200,v2_gpt2_medium_conditional,positive,0.0
0.046371716561188804,0.04631505830235255,0.046343360910686894,v2_heuristic,v2_autoregressive_sentiment_guide,latency_per_token,200,v2_gpt2_medium_conditional,positive,0.0002036693660503371
1.4838949299580417,1.4820818656752817,1.4829875491419806,v2_heuristic,v2_autoregressive_sentiment_guide,total_latency,200,v2_gpt2_medium_conditional,positive,0.006517419713610787
0.975,0.91,0.945,v2_history,v2_autoregressive_sentiment_guide,alignment_success,200,v2_gpt2_medium_conditional,positive,0.22798026230355994
0.9715630424174014,0.9097140088467859,0.9428085342200938,v2_history,v2_autoregressive_sentiment_guide,target_probability,200,v2_gpt2_medium_conditional,positive,0.22069619534870413
4.928338782348148,4.455308352349081,4.700768674016182,v2_history,v2_autoregressive_sentiment_guide,perplexity,200,v2_gpt2_medium_conditional,positive,1.6047543212817421
0.393038070305226,0.23423662762261344,0.3089768093544861,v2_history,v2_autoregressive_sentiment_guide,ppl_degradation,200,v2_gpt2_medium_conditional,positive,0.564812382857457
0.5584592630010992,0.5350730163970252,0.5476287496400104,v2_history,v2_autoregressive_sentiment_guide,coherence,200,v2_gpt2_medium_conditional,positive,0.08367486426582565
0.35412418277237434,0.3075943325969041,0.3308118899176239,v2_history,v2_autoregressive_sentiment_guide,repeated_unigram_rate,200,v2_gpt2_medium_conditional,positive,0.16632479679206158
0.19971260749110173,0.14631594037322632,0.17238210689941813,v2_history,v2_autoregressive_sentiment_guide,repeated_bigram_rate,200,v2_gpt2_medium_conditional,positive,0.19340638521551012
0.15454281703914383,0.10382754782559882,0.12868261399464542,v2_history,v2_autoregressive_sentiment_guide,repeated_trigram_rate,200,v2_gpt2_medium_conditional,positive,0.18313441716146828
0.6873457000767211,0.6396029234913925,0.6641881100823762,v2_history,v2_autoregressive_sentiment_guide,distinct_1,200,v2_gpt2_medium_conditional,positive,0.17126242766218264
0.8504663766581838,0.7943631573980241,0.8226178931005823,v2_history,v2_autoregressive_sentiment_guide,distinct_2,200,v2_gpt2_medium_conditional,positive,0.20163632800945397
0.892580762564383,0.838294728073026,0.866317386005354,v2_history,v2_autoregressive_sentiment_guide,distinct_3,200,v2_gpt2_medium_conditional,positive,0.19294141237464868
32.0,32.0,32.0,v2_history,v2_autoregressive_sentiment_guide,generation_length,200,v2_gpt2_medium_conditional,positive,0.0
0.05384703083283966,0.05379232836130541,0.053819739412683705,v2_history,v2_autoregressive_sentiment_guide,latency_per_token,200,v2_gpt2_medium_conditional,positive,0.00020189382726839495
1.7231049866508692,1.721354507561773,1.7222316612058786,v2_history,v2_autoregressive_sentiment_guide,total_latency,200,v2_gpt2_medium_conditional,positive,0.0064606024725886385
0.975,0.91,0.945,v2_same_average,v2_autoregressive_sentiment_guide,alignment_success,200,v2_gpt2_medium_conditional,positive,0.22798026230355994
0.9718772513326257,0.9099524955928792,0.9431461361201946,v2_same_average,v2_autoregressive_sentiment_guide,target_probability,200,v2_gpt2_medium_conditional,positive,0.2207123499889541
5.097815192713951,4.626463870672916,4.8589445783128875,v2_same_average,v2_autoregressive_sentiment_guide,perplexity,200,v2_gpt2_medium_conditional,positive,1.639862500326932
0.47079558970172153,0.28156565745074813,0.36865054296331307,v2_same_average,v2_autoregressive_sentiment_guide,ppl_degradation,200,v2_gpt2_medium_conditional,positive,0.6820557236478172
0.5591043019887365,0.5387007277358243,0.5496795620550375,v2_same_average,v2_autoregressive_sentiment_guide,coherence,200,v2_gpt2_medium_conditional,positive,0.07301752280748583
0.3459674195558631,0.3021061962777538,0.32378681560301287,v2_same_average,v2_autoregressive_sentiment_guide,repeated_unigram_rate,200,v2_gpt2_medium_conditional,positive,0.1602797747337027
0.1860262532322938,0.1333746555051455,0.15874986293149193,v2_same_average,v2_autoregressive_sentiment_guide,repeated_bigram_rate,200,v2_gpt2_medium_conditional,positive,0.18872724755282422
0.14279232389161176,0.09291194809272023,0.11674895841012772,v2_same_average,v2_autoregressive_sentiment_guide,repeated_trigram_rate,200,v2_gpt2_medium_conditional,positive,0.17836410080125228
0.69765426796487,0.6539544098406949,0.6762131843969871,v2_same_average,v2_autoregressive_sentiment_guide,distinct_1,200,v2_gpt2_medium_conditional,positive,0.1602797747337027
0.866348167612403,0.8139265437131579,0.8412501370685083,v2_same_average,v2_autoregressive_sentiment_guide,distinct_2,200,v2_gpt2_medium_conditional,positive,0.18872724755282422
0.9069440430578368,0.856859614393047,0.8832510415898718,v2_same_average,v2_autoregressive_sentiment_guide,distinct_3,200,v2_gpt2_medium_conditional,positive,0.17836410080125228
32.0,32.0,32.0,v2_same_average,v2_autoregressive_sentiment_guide,generation_length,200,v2_gpt2_medium_conditional,positive,0.0
0.04535765185435594,0.04530709103411937,0.04533274142555456,v2_same_average,v2_autoregressive_sentiment_guide,latency_per_token,200,v2_gpt2_medium_conditional,positive,0.00018557386452017875
1.45144485933939,1.4498269130918198,1.450647725617746,v2_same_average,v2_autoregressive_sentiment_guide,total_latency,200,v2_gpt2_medium_conditional,positive,0.00593836366464572
0.975,0.91,0.945,v2_state,v2_autoregressive_sentiment_guide,alignment_success,200,v2_gpt2_medium_conditional,positive,0.22798026230355994
0.9715636169584468,0.9097147097974084,0.9428070309909526,v2_state,v2_autoregressive_sentiment_guide,target_probability,200,v2_gpt2_medium_conditional,positive,0.22069581527559262
4.910298053897406,4.446476764159697,4.680955887245816,v2_state,v2_autoregressive_sentiment_guide,perplexity,200,v2_gpt2_medium_conditional,positive,1.5743656200066738
0.38884176815470456,0.2306386611996391,0.30352598009825993,v2_state,v2_autoregressive_sentiment_guide,ppl_degradation,200,v2_gpt2_medium_conditional,positive,0.5580822809299686
0.5585056106065894,0.5349263357575841,0.5476609413045551,v2_state,v2_autoregressive_sentiment_guide,coherence,200,v2_gpt2_medium_conditional,positive,0.08378648010238744
0.35590369381050607,0.30934762687091594,0.3323266454366898,v2_state,v2_autoregressive_sentiment_guide,repeated_unigram_rate,200,v2_gpt2_medium_conditional,positive,0.1653722560374768
0.20031229651263913,0.14683038443812138,0.17323755905734406,v2_state,v2_autoregressive_sentiment_guide,repeated_bigram_rate,200,v2_gpt2_medium_conditional,positive,0.19254875569555735
0.15520601439345813,0.10442618169492233,0.1293694271814586,v2_state,v2_autoregressive_sentiment_guide,repeated_trigram_rate,200,v2_gpt2_medium_conditional,positive,0.18222501929325235
0.6859733840278349,0.638266739400898,0.6626733545633102,v2_state,v2_autoregressive_sentiment_guide,distinct_1,200,v2_gpt2_medium_conditional,positive,0.17029303160305145
0.8495739510641898,0.7934141310604028,0.8217624409426564,v2_state,v2_autoregressive_sentiment_guide,distinct_2,200,v2_gpt2_medium_conditional,positive,0.2007925489885867
0.892103418675832,0.8379351751516287,0.8656305728185407,v2_state,v2_autoregressive_sentiment_guide,distinct_3,200,v2_gpt2_medium_conditional,positive,0.19206057217610178
32.0,32.0,32.0,v2_state,v2_autoregressive_sentiment_guide,generation_length,200,v2_gpt2_medium_conditional,positive,0.0
0.047244810874362886,0.047191536657737745,0.047218230034268345,v2_state,v2_autoregressive_sentiment_guide,latency_per_token,200,v2_gpt2_medium_conditional,positive,0.00019768651018807284
1.5118339479796123,1.5101291730476079,1.510983361096587,v2_state,v2_autoregressive_sentiment_guide,total_latency,200,v2_gpt2_medium_conditional,positive,0.006325968326018331
