state_id,weight,top1_token_id_audit_only,top1_probability,entropy,top1_top2_margin,top1_differs_from_w1,w1_top_token_rank,w1_top_token_probability_change,top1_logprob_margin_change_vs_w1
f60_a0_p00_s00,0.0,13,0.47410011291503906,3.3632869720458984,0.4179175794124603,1.0,3,-0.0263809971511364,2.0
f60_a0_p00_s00,0.25,13,0.19572210311889648,4.758688926696777,0.14613905549049377,1.0,1,-0.0054920874536037445,1.240234375
f60_a0_p00_s00,0.5,2266,0.05748886615037918,5.220473766326904,0.0032716989517211914,0.0,0,0.0024135038256645203,-0.07421875
f60_a0_p00_s00,0.75,2266,0.057816118001937866,5.295495510101318,0.009884875267744064,0.0,0,0.0027401410043239594,0.0546875
f60_a0_p00_s00,1.0,2266,0.05507626757025719,5.296962738037109,0.006849873811006546,0.0,0,7.82310962677002e-08,0.0
f60_a0_p00_s01,0.0,1691,0.9999879598617554,0.00018095372070092708,0.999982476234436,0.0,0,0.00010764598846435547,2.7109375
f60_a0_p00_s01,0.25,1691,0.9999815225601196,0.0002626192581374198,0.9999707341194153,0.0,0,0.0001010894775390625,2.0332021713256836
f60_a0_p00_s01,0.5,1691,0.9999668598175049,0.00044122192775830626,0.9999456405639648,0.0,0,8.654594421386719e-05,1.3554677963256836
f60_a0_p00_s01,0.75,1691,0.999937891960144,0.0007798773585818708,0.9998961687088013,0.0,0,5.745887756347656e-05,0.677734375
f60_a0_p00_s01,1.0,1691,0.999880313873291,0.0014108530012890697,0.9997981190681458,0.0,0,1.7881393432617188e-07,0.0
f60_a0_p00_s02,0.0,29871,0.3913244903087616,1.71494722366333,0.05133587121963501,1.0,1,-0.17879608273506165,-0.84375
f60_a0_p00_s02,0.25,777,0.38746246695518494,1.7154591083526611,0.05082923173904419,0.0,0,-0.13133004307746887,-0.84375
f60_a0_p00_s02,0.5,777,0.4336203634738922,1.7090895175933838,0.14924517273902893,0.0,0,-0.08516845107078552,-0.5625000596046448
f60_a0_p00_s02,0.75,777,0.47766610980033875,1.6905573606491089,0.24120423197746277,0.0,0,-0.04112052917480469,-0.28125
f60_a0_p00_s02,1.0,777,0.518805742263794,1.6611149311065674,0.3249422013759613,0.0,0,1.0132789611816406e-05,0.0
f60_a0_p00_s03,0.0,29901,0.39562496542930603,2.0420467853546143,0.18714524805545807,0.0,0,-0.12676462531089783,-0.359375
f60_a0_p00_s03,0.25,29901,0.43156880140304565,1.949460744857788,0.23087066411972046,0.0,0,-0.09080719947814941,-0.234375
f60_a0_p00_s03,0.5,29901,0.4647357761859894,1.8748087882995605,0.26485538482666016,0.0,0,-0.05763927102088928,-0.15625005960464478
f60_a0_p00_s03,0.75,29901,0.49508923292160034,1.8133289813995361,0.2981563210487366,0.0,0,-0.027282655239105225,-0.078125
f60_a0_p00_s03,1.0,29901,0.5223990082740784,1.7643508911132812,0.3302191495895386,0.0,0,2.962350845336914e-05,0.0
f60_a0_p00_s04,0.0,12818,0.9995453953742981,0.004810679703950882,0.999254047870636,0.0,0,-8.046627044677734e-05,-0.9609375
f60_a0_p00_s04,0.25,12818,0.9996250867843628,0.004081327468156815,0.9993959665298462,0.0,0,-8.344650268554688e-07,-0.720703125
f60_a0_p00_s04,0.5,12818,0.9996604919433594,0.003821810707449913,0.9994803071022034,0.0,0,3.463029861450195e-05,-0.4804697036743164
f60_a0_p00_s04,0.75,12818,0.9996620416641235,0.003913991153240204,0.9995203018188477,0.0,0,3.629922866821289e-05,-0.2402353286743164
f60_a0_p00_s04,1.0,12818,0.9996259212493896,0.0044060661457479,0.9995144605636597,0.0,0,0.0,0.0
f60_a1_p00_s00,0.0,13,0.47410011291503906,3.3632869720458984,0.4179175794124603,1.0,3,-0.023839853703975677,2.0234375
f60_a1_p00_s00,0.25,13,0.17897413671016693,4.832185745239258,0.12903155386447906,1.0,1,-0.0025912560522556305,1.1669921875
f60_a1_p00_s00,0.5,2266,0.056640416383743286,5.264556884765625,0.004866879433393478,0.0,0,0.0041062235832214355,-0.01953125
f60_a1_p00_s00,0.75,2266,0.0559091791510582,5.3284592628479,0.008180830627679825,0.0,0,0.0033743418753147125,0.048828125
f60_a1_p00_s00,1.0,2266,0.052535124123096466,5.334811210632324,0.0054429396986961365,0.0,0,-2.60770320892334e-08,0.0
f60_a1_p00_s01,0.0,1691,0.9999879598617554,0.00018095372070092708,0.999982476234436,0.0,0,0.00011944770812988281,2.7890625
f60_a1_p00_s01,0.25,1691,0.9999808073043823,0.00027184883947484195,0.9999698400497437,0.0,0,0.00011235475540161133,2.091796875
f60_a1_p00_s01,0.5,1691,0.9999650716781616,0.00046600776840932667,0.9999430179595947,0.0,0,9.655952453613281e-05,1.39453125
f60_a1_p00_s01,0.75,1691,0.9999330043792725,0.0008396320627070963,0.9998887181282043,0.0,0,6.449222564697266e-05,0.6972646713256836
f60_a1_p00_s01,1.0,1691,0.9998685121536255,0.0015490030637010932,0.9997796416282654,0.0,0,1.1920928955078125e-07,0.0
f60_a1_p00_s02,0.0,29871,0.3913244903087616,1.71494722366333,0.05133587121963501,1.0,1,-0.16457930207252502,-0.8124999403953552
f60_a1_p00_s02,0.25,777,0.38435807824134827,1.725647211074829,0.047802895307540894,0.0,0,-0.12021782994270325,-0.8203123807907104
f60_a1_p00_s02,0.5,777,0.42705148458480835,1.729367733001709,0.14257386326789856,0.0,0,-0.07752147316932678,-0.5468749403953552
f60_a1_p00_s02,0.75,777,0.4673599302768707,1.7213218212127686,0.23051342368125916,0.0,0,-0.03721046447753906,-0.2734374403953552
f60_a1_p00_s02,1.0,777,0.5045889616012573,1.7030339241027832,0.3100525736808777,0.0,0,1.0251998901367188e-05,0.0
f60_a1_p00_s03,0.0,29901,0.39562496542930603,2.0420467853546143,0.18714524805545807,0.0,0,-0.10692569613456726,-0.328125
f60_a1_p00_s03,0.25,29901,0.4264143705368042,1.9612276554107666,0.22655798494815826,0.0,0,-0.07612332701683044,-0.21093744039535522
f60_a1_p00_s03,0.5,29901,0.4544782042503357,1.8996132612228394,0.25593137741088867,0.0,0,-0.04805845022201538,-0.140625
f60_a1_p00_s03,0.75,29901,0.4799100160598755,1.852310061454773,0.2844880521297455,0.0,0,-0.022624194622039795,-0.07031244039535522
f60_a1_p00_s03,1.0,29901,0.5025600790977478,1.8185288906097412,0.311809778213501,0.0,0,2.2590160369873047e-05,0.0
f60_a1_p00_s04,0.0,12818,0.9995453953742981,0.004810679703950882,0.999254047870636,0.0,0,-3.153085708618164e-05,-0.765625
f60_a1_p00_s04,0.25,12818,0.9996070265769958,0.004259761422872543,0.9993664622306824,0.0,0,3.0040740966796875e-05,-0.5742177963256836
f60_a1_p00_s04,0.5,12818,0.9996308088302612,0.0041225869208574295,0.9994321465492249,0.0,0,5.3763389587402344e-05,-0.3828125
f60_a1_p00_s04,0.75,12818,0.9996229410171509,0.004320097155869007,0.9994588494300842,0.0,0,4.6193599700927734e-05,-0.19140625
f60_a1_p00_s04,1.0,12818,0.999576985836029,0.004927999339997768,0.9994415044784546,0.0,0,1.7881393432617188e-07,0.0
f60_a2_p00_s00,0.0,13,0.47410011291503906,3.3632869720458984,0.4179175794124603,1.0,3,-0.021486110985279083,2.0390625
f60_a2_p00_s00,0.25,13,0.16360363364219666,4.898985385894775,0.11306986212730408,1.0,2,5.860626697540283e-05,1.0810546875
f60_a2_p00_s00,0.5,2266,0.055755384266376495,5.30241584777832,0.003988258540630341,0.0,0,0.005574818700551987,-0.01953125
f60_a2_p00_s00,0.75,2266,0.05409496650099754,5.359522342681885,0.006820250302553177,0.0,0,0.003913793712854385,0.041015625
f60_a2_p00_s00,1.0,2266,0.05018138140439987,5.372096061706543,0.00449071079492569,0.0,0,-1.1175870895385742e-08,0.0
f60_a2_p00_s01,0.0,1691,0.9999879598617554,0.00018095372070092708,0.999982476234436,0.0,0,0.00013113021850585938,2.8515625
f60_a2_p00_s01,0.25,1691,0.9999803304672241,0.0002807045239023864,0.9999691843986511,0.0,0,0.0001233220100402832,2.1386709213256836
f60_a2_p00_s01,0.5,1691,0.9999632835388184,0.0004911489086225629,0.9999405741691589,0.0,0,0.00010633468627929688,1.42578125
f60_a2_p00_s01,0.75,1691,0.99992835521698,0.0009008714114315808,0.9998819828033447,0.0,0,7.140636444091797e-05,0.712890625
f60_a2_p00_s01,1.0,1691,0.9998568296432495,0.0016931254649534822,0.999762237071991,0.0,0,-2.384185791015625e-07,0.0
f60_a2_p00_s02,0.0,18577,0.38035985827445984,1.9000657796859741,0.025825470685958862,0.0,0,-0.1669347882270813,-0.9765625
f60_a2_p00_s02,0.25,18577,0.4291679263114929,1.9466480016708374,0.1157945990562439,0.0,0,-0.11812427639961243,-0.732421875
f60_a2_p00_s02,0.5,18577,0.4747887849807739,1.9926111698150635,0.2032034695148468,0.0,0,-0.07250362634658813,-0.4882813096046448
f60_a2_p00_s02,0.75,18577,0.5148819088935852,2.0409414768218994,0.2841622829437256,0.0,0,-0.032413482666015625,-0.244140625
f60_a2_p00_s02,1.0,18577,0.5473054647445679,2.0961973667144775,0.3551831841468811,0.0,0,1.0073184967041016e-05,0.0
f60_a2_p00_s03,0.0,297,0.8177068829536438,0.9175652861595154,0.7575395703315735,0.0,0,0.036944687366485596,-0.421875
f60_a2_p00_s03,0.25,297,0.8142157793045044,0.964185357093811,0.7603022456169128,0.0,0,0.03345423936843872,-0.3164060115814209
f60_a2_p00_s03,0.5,297,0.8072354197502136,1.0304608345031738,0.7591344118118286,0.0,0,0.02647387981414795,-0.2109375
f60_a2_p00_s03,0.75,297,0.7963467836380005,1.118276834487915,0.7536444664001465,0.0,0,0.015584588050842285,-0.10546875
f60_a2_p00_s03,1.0,297,0.780767023563385,1.232229232788086,0.7430908679962158,0.0,0,4.112720489501953e-06,0.0
f60_a2_p00_s04,0.0,2285,0.8881266713142395,0.44188550114631653,0.7988054156303406,0.0,0,-0.019899189472198486,-0.828125
f60_a2_p00_s04,0.25,2285,0.9002872109413147,0.42702701687812805,0.8283804655075073,0.0,0,-0.007737398147583008,-0.5976560115814209
f60_a2_p00_s04,0.5,2285,0.9077131152153015,0.4237220883369446,0.8501365184783936,0.0,0,-0.0003108382225036621,-0.3671875
f60_a2_p00_s04,0.75,2285,0.9103719592094421,0.4342274069786072,0.8645129203796387,0.0,0,0.0023471713066101074,-0.13671875
f60_a2_p00_s04,1.0,2285,0.9080278277397156,0.46139270067214966,0.8681318759918213,0.0,0,2.2649765014648438e-06,0.0
f60_a3_p00_s00,0.0,13,0.47410011291503906,3.3632869720458984,0.4179175794124603,1.0,3,-0.018942199647426605,2.0859375
f60_a3_p00_s00,0.25,13,0.15189847350120544,4.950832843780518,0.10086958110332489,1.0,2,0.0026020146906375885,1.0439453125
f60_a3_p00_s00,0.5,2266,0.054583847522735596,5.332767009735107,0.0029048994183540344,0.0,0,0.006947152316570282,0.0078125
f60_a3_p00_s00,0.75,2266,0.05206524580717087,5.388035774230957,0.0049362629652023315,0.0,0,0.004427909851074219,0.052734375
f60_a3_p00_s00,1.0,2266,0.047637470066547394,5.407201290130615,0.0021814778447151184,0.0,0,4.842877388000488e-08,0.0
f60_a3_p00_s01,0.0,13,0.30390313267707825,2.0588226318359375,0.009350121021270752,1.0,1,-0.05893173813819885,-0.2109375
f60_a3_p00_s01,0.25,29506,0.3648514747619629,2.2826108932495117,0.09159034490585327,0.0,0,0.01137620210647583,0.046875
f60_a3_p00_s01,0.5,29506,0.38560739159584045,2.4168949127197266,0.09225276112556458,0.0,0,0.03212708234786987,0.03125
f60_a3_p00_s01,0.75,29506,0.377562940120697,2.599972724914551,0.08580490946769714,0.0,0,0.024079561233520508,0.015625
f60_a3_p00_s01,1.0,29506,0.3534974753856659,2.865969181060791,0.07603415846824646,0.0,0,1.245737075805664e-05,0.0
f60_a3_p00_s02,0.0,398,0.7171033024787903,0.8695105314254761,0.48062771558761597,0.0,0,0.15862536430358887,0.015625
f60_a3_p00_s02,0.25,398,0.6998348832130432,0.9537158608436584,0.46815061569213867,0.0,0,0.1413588523864746,0.01171875
f60_a3_p00_s02,0.5,398,0.6710821986198425,1.078851342201233,0.44804710149765015,0.0,0,0.11260777711868286,0.007812380790710449
f60_a3_p00_s02,0.75,398,0.6257069706916809,1.2420600652694702,0.4169384837150574,0.0,0,0.06723129749298096,0.0039061307907104492
f60_a3_p00_s02,1.0,398,0.5584805607795715,1.4277838468551636,0.371412992477417,0.0,0,2.5033950805664062e-06,0.0
f60_a3_p00_s03,0.0,833,0.999961256980896,0.00053589534945786,0.99995356798172,0.0,0,4.38690185546875e-05,0.328125
f60_a3_p00_s03,0.25,833,0.99996018409729,0.0005548572517000139,0.9999534487724304,0.0,0,4.291534423828125e-05,0.4628915786743164
f60_a3_p00_s03,0.5,833,0.9999545812606812,0.0006407165783457458,0.9999467134475708,0.0,0,3.713369369506836e-05,0.30859375
f60_a3_p00_s03,0.75,833,0.9999423027038574,0.0008164574392139912,0.999933123588562,0.0,0,2.4974346160888672e-05,0.154296875
f60_a3_p00_s03,1.0,833,0.9999173879623413,0.0011648971121758223,0.9999067187309265,0.0,0,-1.1920928955078125e-07,0.0
f60_a3_p00_s04,0.0,11773,0.22613877058029175,3.258246421813965,0.031194955110549927,1.0,1,0.0512164831161499,-0.07812488079071045
f60_a3_p00_s04,0.25,11773,0.2007838785648346,3.3906805515289307,0.010685533285140991,1.0,1,0.046371474862098694,-0.17187488079071045
f60_a3_p00_s04,0.5,350,0.1793593168258667,3.546665906906128,0.006871119141578674,0.0,0,0.03563256561756134,-0.1875
f60_a3_p00_s04,0.75,350,0.16360126435756683,3.702932357788086,0.02034720778465271,0.0,0,0.019874170422554016,-0.09374988079071045
f60_a3_p00_s04,1.0,350,0.1437312513589859,3.8449573516845703,0.02913869172334671,0.0,0,3.1888484954833984e-06,0.0
f60_a4_p00_s00,0.0,13,0.47410011291503906,3.3632869720458984,0.4179175794124603,1.0,4,-0.022937292233109474,2.1328125
f60_a4_p00_s00,0.25,13,0.14191678166389465,4.9947943687438965,0.09041744470596313,1.0,3,-0.0038099177181720734,1.013671875
f60_a4_p00_s00,0.5,2266,0.05332067981362343,5.35785436630249,0.0016405098140239716,1.0,2,0.0017612539231777191,0.03125
f60_a4_p00_s00,0.75,2266,0.050012435764074326,5.412753582000732,0.0031217746436595917,1.0,1,0.0017794817686080933,0.064453125
f60_a4_p00_s00,1.0,450,0.0451112762093544,5.437716960906982,0.0,0.0,0,3.3527612686157227e-08,0.0
f60_a4_p00_s01,0.0,304,0.8578774333000183,0.7323561906814575,0.827113687992096,0.0,0,0.2122281789779663,1.4531248807907104
f60_a4_p00_s01,0.25,304,0.8196685910224915,0.8772929310798645,0.7778919339179993,0.0,0,0.17401927709579468,1.1015626192092896
f60_a4_p00_s01,0.5,304,0.7718436121940613,1.0477585792541504,0.7150509357452393,0.0,0,0.12620234489440918,0.7343748807907104
f60_a4_p00_s01,0.75,304,0.7137930393218994,1.2393009662628174,0.6379697322845459,0.0,0,0.0681503415107727,0.36718738079071045
f60_a4_p00_s01,1.0,304,0.6456596851348877,1.4455286264419556,0.5466445684432983,0.0,0,1.519918441772461e-05,0.0
f60_a4_p00_s02,0.0,398,0.7064100503921509,0.8988410830497742,0.47346073389053345,0.0,0,0.1529374122619629,0.078125
f60_a4_p00_s02,0.25,398,0.6930391788482666,0.9812900424003601,0.4758148789405823,0.0,0,0.1395685076713562,0.12890613079071045
f60_a4_p00_s02,0.5,398,0.6662689447402954,1.098960518836975,0.46777552366256714,0.0,0,0.11280184984207153,0.1796875
f60_a4_p00_s02,0.75,398,0.6211910247802734,1.2458701133728027,0.4452902674674988,0.0,0,0.06772083044052124,0.23046875
f60_a4_p00_s02,1.0,398,0.5534753799438477,1.40574049949646,0.35612767934799194,0.0,0,2.9206275939941406e-06,0.0
f60_a4_p00_s03,0.0,309,0.9571415781974792,0.2940234839916229,0.9420291781425476,0.0,0,-0.020737111568450928,-1.53125
f60_a4_p00_s03,0.25,309,0.9664645791053772,0.2405225783586502,0.9560584425926208,0.0,0,-0.011413872241973877,-1.1484379768371582
f60_a4_p00_s03,0.5,309,0.9723000526428223,0.20803916454315186,0.9651608467102051,0.0,0,-0.005578577518463135,-0.765625
f60_a4_p00_s03,0.75,309,0.9759125709533691,0.1879107803106308,0.9710259437561035,0.0,0,-0.001965761184692383,-0.3828120231628418
f60_a4_p00_s03,1.0,309,0.9778785705566406,0.17702101171016693,0.9745394587516785,0.0,0,-5.960464477539063e-08,0.0
f60_a4_p00_s04,0.0,1771,0.6369948983192444,1.6989619731903076,0.5075815320014954,0.0,0,0.25636470317840576,0.671875
f60_a4_p00_s04,0.25,1771,0.58412766456604,1.917514443397522,0.44374972581863403,0.0,0,0.20350152254104614,0.50390625
f60_a4_p00_s04,0.5,1771,0.5214871168136597,2.1861705780029297,0.37324124574661255,0.0,0,0.14086180925369263,0.3359375
f60_a4_p00_s04,0.75,1771,0.4527597725391388,2.4789373874664307,0.3005106747150421,0.0,0,0.07213333249092102,0.16796875
f60_a4_p00_s04,1.0,1771,0.3806331753730774,2.7831804752349854,0.22922775149345398,0.0,0,3.814697265625e-06,0.0
f60_a0_p01_s00,0.0,13,0.5729671716690063,2.523899555206299,0.4989754259586334,1.0,1,-0.1730499491095543,0.8984373807907104
f60_a0_p01_s00,0.25,306,0.19762134552001953,4.277102470397949,0.060599297285079956,0.0,0,-0.04941442608833313,-0.7822266817092896
f60_a0_p01_s00,0.5,306,0.23875930905342102,4.3570685386657715,0.18651533126831055,0.0,0,-0.008275508880615234,0.37109363079071045
f60_a0_p01_s00,0.75,306,0.2481534779071808,4.2178850173950195,0.18278351426124573,0.0,0,0.0011134147644042969,0.185546875
f60_a0_p01_s00,1.0,306,0.2470417469739914,4.1011152267456055,0.16869693994522095,0.0,0,2.5331974029541016e-07,0.0
f60_a0_p01_s01,0.0,29941,0.7187455296516418,1.1239138841629028,0.5976890325546265,0.0,0,-0.03423100709915161,-0.32812488079071045
f60_a0_p01_s01,0.25,29941,0.731471836566925,1.0766935348510742,0.6179746985435486,0.0,0,-0.02150559425354004,-0.24609375
f60_a0_p01_s01,0.5,29941,0.7408121228218079,1.046233892440796,0.6349185705184937,0.0,0,-0.012165367603302002,-0.1640625
f60_a0_p01_s01,0.75,29941,0.747909426689148,1.0229988098144531,0.6494210958480835,0.0,0,-0.0050681233406066895,-0.0820310115814209
f60_a0_p01_s01,1.0,29941,0.7529774308204651,1.0055806636810303,0.6616308689117432,0.0,0,-5.960464477539063e-08,0.0
f60_a0_p01_s02,0.0,263,0.3986867666244507,3.1925342082977295,0.30249911546707153,0.0,0,0.0649336576461792,0.1015625
f60_a0_p01_s02,0.25,263,0.3871985971927643,3.290761709213257,0.2913803160190582,0.0,0,0.05344611406326294,0.076171875
f60_a0_p01_s02,0.5,263,0.37200087308883667,3.409707546234131,0.277576208114624,0.0,0,0.038248538970947266,0.05078136920928955
f60_a0_p01_s02,0.75,263,0.35406816005706787,3.5421929359436035,0.2618842124938965,0.0,0,0.02031537890434265,0.02539074420928955
f60_a0_p01_s02,1.0,263,0.33375492691993713,3.684704303741455,0.244625061750412,0.0,0,1.519918441772461e-06,0.0
f60_a0_p01_s03,0.0,29931,0.9975211024284363,0.024494843557476997,0.9968503713607788,0.0,0,0.00026494264602661133,0.3828125
f60_a0_p01_s03,0.25,29931,0.9976987242698669,0.02204752340912819,0.9969605207443237,0.0,0,0.00044232606887817383,0.287109375
f60_a0_p01_s03,0.5,29931,0.9976075887680054,0.02231360226869583,0.9967952966690063,0.0,0,0.00035136938095092773,0.19140625
f60_a0_p01_s03,0.75,29931,0.9974516034126282,0.023260224610567093,0.996557891368866,0.0,0,0.0001957416534423828,0.095703125
f60_a0_p01_s03,1.0,29931,0.9972571730613708,0.024576373398303986,0.9962738752365112,0.0,0,1.5497207641601562e-06,0.0
f60_a0_p01_s04,0.0,29871,0.8486480712890625,1.2591421604156494,0.8370065093040466,0.0,0,0.07224780321121216,0.5312497615814209
f60_a0_p01_s04,0.25,29871,0.8392548561096191,1.331336259841919,0.8261069059371948,0.0,0,0.06285011768341064,0.3984372615814209
f60_a0_p01_s04,0.5,29871,0.8233190178871155,1.4464346170425415,0.8085887432098389,0.0,0,0.046913325786590576,0.2656247615814209
f60_a0_p01_s04,0.75,29871,0.8024646639823914,1.5924352407455444,0.7860682606697083,0.0,0,0.026058495044708252,0.1328122615814209
f60_a0_p01_s04,1.0,29871,0.776427686214447,1.7690680027008057,0.7583099603652954,0.0,0,2.3484230041503906e-05,0.0
f60_a1_p01_s00,0.0,13,0.5729671716690063,2.523899555206299,0.4989754259586334,1.0,1,-0.17421001940965652,0.8593748807907104
f60_a1_p01_s00,0.25,306,0.19781941175460815,4.300716400146484,0.06494487822055817,0.0,0,-0.05037635564804077,-0.7895509004592896
f60_a1_p01_s00,0.5,306,0.23801836371421814,4.384767055511475,0.18694385886192322,0.0,0,-0.010176539421081543,0.35156238079071045
f60_a1_p01_s00,0.75,306,0.2478734850883484,4.257490158081055,0.1844625174999237,0.0,0,-0.0003265589475631714,0.17578136920928955
f60_a1_p01_s00,1.0,306,0.24820181727409363,4.151775360107422,0.17250454425811768,0.0,0,2.5331974029541016e-07,0.0
f60_a1_p01_s01,0.0,29941,0.7187455296516418,1.1239138841629028,0.5976890325546265,0.0,0,-0.009987294673919678,-0.18749988079071045
f60_a1_p01_s01,0.25,29941,0.7252188324928284,1.0936537981033325,0.6086655855178833,0.0,0,-0.0035149455070495605,-0.14062488079071045
f60_a1_p01_s01,0.5,29941,0.7284793257713318,1.079939842224121,0.6167634129524231,0.0,0,-0.0002544522285461426,-0.09374988079071045
f60_a1_p01_s01,0.75,29941,0.7296052575111389,1.0732542276382446,0.622840404510498,0.0,0,0.0008713603019714355,-0.04687511920928955
f60_a1_p01_s01,1.0,29941,0.7287337183952332,1.0722696781158447,0.6269797086715698,0.0,0,-1.1920928955078125e-07,0.0
f60_a1_p01_s02,0.0,263,0.3986867666244507,3.1925342082977295,0.30249911546707153,0.0,0,0.07760033011436462,0.203125
f60_a1_p01_s02,0.25,263,0.38263359665870667,3.2958574295043945,0.28551003336906433,0.0,0,0.06154760718345642,0.15234386920928955
f60_a1_p01_s02,0.5,263,0.36380520462989807,3.4179651737213135,0.26665034890174866,0.0,0,0.04271900653839111,0.10156238079071045
f60_a1_p01_s02,0.75,263,0.34317171573638916,3.5518832206726074,0.24675306677818298,0.0,0,0.022085249423980713,0.05078125
f60_a1_p01_s02,1.0,263,0.3210882544517517,3.6943373680114746,0.2261747419834137,0.0,0,1.430511474609375e-06,0.0
f60_a1_p01_s03,0.0,29931,0.9975211024284363,0.024494843557476997,0.9968503713607788,0.0,0,0.0004042387008666992,0.4140625
f60_a1_p01_s03,0.25,29931,0.9976633787155151,0.022396601736545563,0.9969193935394287,0.0,0,0.0005465149879455566,0.310546875
f60_a1_p01_s03,0.5,29931,0.9975430965423584,0.022928927093744278,0.9967181086540222,0.0,0,0.0004260540008544922,0.20703125
f60_a1_p01_s03,0.75,29931,0.9973529577255249,0.024158859625458717,0.9964381456375122,0.0,0,0.00023627281188964844,0.103515625
f60_a1_p01_s03,1.0,29931,0.9971178770065308,0.025801673531532288,0.9961035251617432,0.0,0,1.2516975402832031e-06,0.0
f60_a1_p01_s04,0.0,29871,0.8486480712890625,1.2591421604156494,0.8370065093040466,0.0,0,0.09747058153152466,0.640625
f60_a1_p01_s04,0.25,29871,0.8340798616409302,1.368866205215454,0.8206507563591003,0.0,0,0.08289730548858643,0.4804692268371582
f60_a1_p01_s04,0.5,29871,0.8123887777328491,1.5248372554779053,0.7970370054244995,0.0,0,0.061205387115478516,0.3203125
f60_a1_p01_s04,0.75,29871,0.7849020957946777,1.7161966562271118,0.767493486404419,0.0,0,0.033720433712005615,0.16015625
f60_a1_p01_s04,1.0,29871,0.7512049078941345,1.9430118799209595,0.7316496968269348,0.0,0,2.5331974029541016e-05,0.0
f60_a2_p01_s00,0.0,13,0.5729671716690063,2.523899555206299,0.4989754259586334,1.0,1,-0.1748000755906105,0.8046876192092896
f60_a2_p01_s00,0.25,306,0.1975734680891037,4.320478439331055,0.06698538362979889,0.0,0,-0.051211804151535034,-0.8281248807907104
f60_a2_p01_s00,0.5,306,0.23705314099788666,4.414690017700195,0.18755781650543213,0.0,0,-0.011732250452041626,0.32421886920928955
f60_a2_p01_s00,0.75,306,0.247275710105896,4.300691604614258,0.18655972182750702,0.0,0,-0.0015140771865844727,0.16210949420928955
f60_a2_p01_s00,1.0,306,0.2487918734550476,4.206935882568359,0.17695274949073792,0.0,0,1.4901161193847656e-07,0.0
f60_a2_p01_s01,0.0,29941,0.7187455296516418,1.1239138841629028,0.5976890325546265,0.0,0,0.014638304710388184,-0.06249988079071045
f60_a2_p01_s01,0.25,29941,0.7191742062568665,1.1103250980377197,0.5999234318733215,0.0,0,0.015066146850585938,-0.046875
f60_a2_p01_s01,0.5,29941,0.7163622379302979,1.1131293773651123,0.5994192957878113,0.0,0,0.012254059314727783,-0.03125
f60_a2_p01_s01,0.75,29941,0.7113192677497864,1.1228286027908325,0.5969998836517334,0.0,0,0.007211148738861084,-0.015625
f60_a2_p01_s01,1.0,29941,0.7041081190109253,1.13816499710083,0.5927020311355591,0.0,0,0.0,0.0
f60_a2_p01_s02,0.0,263,0.3986867666244507,3.1925342082977295,0.30249911546707153,0.0,0,0.09319186210632324,0.3125
f60_a2_p01_s02,0.25,263,0.3775518834590912,3.3006179332733154,0.27906158566474915,0.0,0,0.07205700874328613,0.234375
f60_a2_p01_s02,0.5,263,0.3544062376022339,3.425175905227661,0.25444138050079346,0.0,0,0.04891151189804077,0.15625
f60_a2_p01_s02,0.75,263,0.33025532960891724,3.559555768966675,0.2295331507921219,0.0,0,0.024760156869888306,0.07812511920928955
f60_a2_p01_s02,1.0,263,0.3054967224597931,3.700726270675659,0.20475459098815918,0.0,0,1.2218952178955078e-06,0.0
f60_a2_p01_s03,0.0,29931,0.9975211024284363,0.024494843557476997,0.9968503713607788,0.0,0,0.0007011890411376953,0.5078125
f60_a2_p01_s03,0.25,29931,0.9975983500480652,0.02300889790058136,0.9968397617340088,0.0,0,0.0007784366607666016,0.384765625
f60_a2_p01_s03,0.5,29931,0.9974141120910645,0.024092286825180054,0.9965563416481018,0.0,0,0.0005942583084106445,0.26171875
f60_a2_p01_s03,0.75,29931,0.9971486926078796,0.02593778260052204,0.9961750507354736,0.0,0,0.0003287196159362793,0.134765625
f60_a2_p01_s03,1.0,29931,0.9968209266662598,0.028306543827056885,0.9957072138786316,0.0,0,1.1324882507324219e-06,0.0
f60_a2_p01_s04,0.0,29871,0.8486480712890625,1.2591421604156494,0.8370065093040466,0.0,0,0.12308251857757568,0.7421875
f60_a2_p01_s04,0.25,29871,0.8292092084884644,1.404405951499939,0.8155152201652527,0.0,0,0.10364025831222534,0.556640625
f60_a2_p01_s04,0.5,29871,0.8017864227294922,1.600978136062622,0.7858457565307617,0.0,0,0.07621502876281738,0.37109375
f60_a2_p01_s04,0.75,29871,0.767423152923584,1.8388988971710205,0.749055027961731,0.0,0,0.04185420274734497,0.1855466365814209
f60_a2_p01_s04,1.0,29871,0.7255929708480835,2.1180596351623535,0.7046853303909302,0.0,0,2.4616718292236328e-05,0.0
f60_a3_p01_s00,0.0,13,0.5729671716690063,2.523899555206299,0.4989754259586334,1.0,1,-0.1720878705382347,0.7421875
f60_a3_p01_s00,0.25,306,0.1970975697040558,4.345977783203125,0.06990393996238708,0.0,0,-0.04897613823413849,-0.86669921875
f60_a3_p01_s00,0.5,306,0.23486380279064178,4.4512810707092285,0.1873343586921692,0.0,0,-0.011209413409233093,0.29296875
f60_a3_p01_s00,0.75,306,0.24445411562919617,4.354277610778809,0.1871795952320099,0.0,0,-0.0016241073608398438,0.146484375
f60_a3_p01_s00,1.0,306,0.24607966840267181,4.276295185089111,0.1793287694454193,0.0,0,0.0,0.0
f60_a3_p01_s01,0.0,263,0.25766876339912415,2.715235471725464,0.04900224506855011,1.0,1,0.012271389365196228,0.09375
f60_a3_p01_s01,0.25,263,0.23808176815509796,2.8060901165008545,0.028794467449188232,1.0,1,0.01289212703704834,0.01171875
f60_a3_p01_s01,0.5,263,0.21738393604755402,2.9061124324798584,0.009954720735549927,1.0,1,0.011034190654754639,-0.0703125
f60_a3_p01_s01,0.75,297,0.20312270522117615,3.0107553005218506,0.007016971707344055,0.0,0,0.006727680563926697,-0.08203125
f60_a3_p01_s01,1.0,297,0.196400448679924,3.1171724796295166,0.021718278527259827,0.0,0,5.02169132232666e-06,0.0
f60_a3_p01_s02,0.0,29909,0.22763846814632416,4.317849636077881,0.07717861235141754,1.0,1,-0.11660537123680115,-1.1796875
f60_a3_p01_s02,0.25,13,0.1849602311849594,4.390115737915039,0.015562355518341064,0.0,0,-0.08210434019565582,-1.505859375
f60_a3_p01_s02,0.5,13,0.21781954169273376,4.395515441894531,0.09705737978219986,0.0,0,-0.049245595932006836,-1.0039061307907104
f60_a3_p01_s02,0.75,13,0.24617113173007965,4.348836898803711,0.163552924990654,0.0,0,-0.020895838737487793,-0.501953125
f60_a3_p01_s02,1.0,13,0.26707014441490173,4.267797946929932,0.21281154453754425,0.0,0,1.1622905731201172e-06,0.0
f60_a3_p01_s03,0.0,884,0.4873386025428772,2.0042643547058105,0.2744361162185669,0.0,0,0.087331622838974,-0.0859375
f60_a3_p01_s03,0.25,884,0.4708276391029358,2.1217074394226074,0.2695102393627167,0.0,0,0.07082191109657288,-0.064453125
f60_a3_p01_s03,0.5,884,0.4510125517845154,2.256657838821411,0.26226669549942017,0.0,0,0.051007360219955444,-0.04296875
f60_a3_p01_s03,0.75,884,0.4275225102901459,2.409982204437256,0.25240999460220337,0.0,0,0.027517318725585938,-0.021484375
f60_a3_p01_s03,1.0,884,0.40001770853996277,2.5820376873016357,0.23965369164943695,0.0,0,1.2010335922241211e-05,0.0
f60_a3_p01_s04,0.0,583,0.9999994039535522,8.401050763495732e-06,0.9999991059303284,0.0,0,1.3470649719238281e-05,3.5
f60_a3_p01_s04,0.25,583,0.9999990463256836,1.7171751096611843e-05,0.9999983310699463,0.0,0,1.2934207916259766e-05,2.6250009536743164
f60_a3_p01_s04,0.5,583,0.9999974966049194,3.7447949580382556e-05,0.999995768070221,0.0,0,1.1444091796875e-05,1.75
f60_a3_p01_s04,0.75,583,0.9999943971633911,8.34077363833785e-05,0.9999902248382568,0.0,0,8.165836334228516e-06,0.875
f60_a3_p01_s04,1.0,583,0.9999860525131226,0.00019400462042540312,0.9999760985374451,0.0,0,-2.980232238769531e-07,0.0
f60_a4_p01_s00,0.0,13,0.5729671716690063,2.523899555206299,0.4989754259586334,1.0,1,-0.16699481755495071,0.6718748807907104
f60_a4_p01_s00,0.25,306,0.19632253050804138,4.374259948730469,0.07256390899419785,0.0,0,-0.044656917452812195,-0.9135743379592896
f60_a4_p01_s00,0.5,306,0.23182448744773865,4.493756294250488,0.18653078377246857,0.0,0,-0.009155690670013428,0.25781238079071045
f60_a4_p01_s00,0.75,306,0.24008966982364655,4.4167046546936035,0.18672728538513184,0.0,0,-0.0008947849273681641,0.12890636920928955
f60_a4_p01_s00,1.0,306,0.24098661541938782,4.357215404510498,0.1800556629896164,0.0,0,8.940696716308594e-08,0.0
f60_a4_p01_s01,0.0,263,0.25766876339912415,2.715235471725464,0.04900224506855011,1.0,1,-0.003119558095932007,-0.03125
f60_a4_p01_s01,0.25,263,0.2357158362865448,2.7942075729370117,0.021930858492851257,1.0,1,0.001998886466026306,-0.14453125
f60_a4_p01_s01,0.5,297,0.21608798205852509,2.879594087600708,0.0033501386642456055,0.0,0,0.004302114248275757,-0.2265625
f60_a4_p01_s01,0.75,297,0.21545064449310303,2.967224359512329,0.026057377457618713,0.0,0,0.0036651790142059326,-0.11328125
f60_a4_p01_s01,1.0,297,0.21179139614105225,3.0545613765716553,0.04555444419384003,0.0,0,4.947185516357422e-06,0.0
f60_a4_p01_s02,0.0,29909,0.22763846814632416,4.317849636077881,0.07717861235141754,1.0,1,-0.09100645780563354,-0.8359375
f60_a4_p01_s02,0.25,13,0.18020878732204437,4.355257987976074,0.00035162270069122314,0.0,0,-0.06125682592391968,-1.248046875
f60_a4_p01_s02,0.5,13,0.20726747810840607,4.3504533767700195,0.07080613076686859,0.0,0,-0.03419813513755798,-0.83203125
f60_a4_p01_s02,0.75,13,0.22868777811527252,4.306783676147461,0.12936516106128693,0.0,0,-0.012780770659446716,-0.416015625
f60_a4_p01_s02,1.0,13,0.24147123098373413,4.22973108291626,0.17228856682777405,0.0,0,1.7434358596801758e-06,0.0
f60_a4_p01_s03,0.0,884,0.4873386025428772,2.0042643547058105,0.2744361162185669,0.0,0,0.1322236955165863,0.125
f60_a4_p01_s03,0.25,884,0.45944446325302124,2.1353261470794678,0.2523565888404846,0.0,0,0.10433077812194824,0.09375
f60_a4_p01_s03,0.5,884,0.4281215965747833,2.282320976257324,0.22902655601501465,0.0,0,0.07300814986228943,0.06250005960464478
f60_a4_p01_s03,0.75,884,0.3932986557483673,2.4442200660705566,0.20459190011024475,0.0,0,0.038184523582458496,0.03125
f60_a4_p01_s03,1.0,884,0.35512563586235046,2.618926525115967,0.17932568490505219,0.0,0,1.1235475540161133e-05,0.0
f60_a4_p01_s04,0.0,583,0.9999997615814209,5.516941655514529e-06,0.9999995827674866,0.0,0,1.1801719665527344e-05,3.78125
f60_a4_p01_s04,0.25,583,0.9999991655349731,1.2628081094590016e-05,0.9999987483024597,0.0,0,1.138448715209961e-05,2.8359375
f60_a4_p01_s04,0.5,583,0.9999980926513672,2.9113738492014818e-05,0.9999970197677612,0.0,0,1.0371208190917969e-05,1.890625
f60_a4_p01_s04,0.75,583,0.9999954700469971,6.938594015082344e-05,0.9999926090240479,0.0,0,7.450580596923828e-06,0.9453125
f60_a4_p01_s04,1.0,583,0.9999878406524658,0.0001735397963784635,0.9999805688858032,0.0,0,-5.960464477539063e-08,0.0
f60_a0_p02_s00,0.0,13,0.5084822177886963,2.7121102809906006,0.4158807396888733,1.0,2,-0.11828497052192688,0.5390625
f60_a0_p02_s00,0.25,13,0.30719709396362305,3.7010505199432373,0.15151716768741608,1.0,1,-0.050964564085006714,-0.484375
f60_a0_p02_s00,0.5,306,0.1948898881673813,4.24315071105957,0.06302078068256378,0.0,0,-0.01175495982170105,-0.7734375
f60_a0_p02_s00,0.75,306,0.20892752707004547,4.421025276184082,0.1511366367340088,0.0,0,0.002282187342643738,0.12109375
f60_a0_p02_s00,1.0,306,0.20664595067501068,4.468896865844727,0.14212793111801147,0.0,0,1.043081283569336e-07,0.0
f60_a0_p02_s01,0.0,29889,0.5086767673492432,1.8633897304534912,0.3301144242286682,0.0,0,0.0685654878616333,0.2656249403953552
f60_a0_p02_s01,0.25,29889,0.49536311626434326,1.8844871520996094,0.3095349669456482,0.0,0,0.05525106191635132,0.19921875
f60_a0_p02_s01,0.5,29889,0.479276180267334,1.9205281734466553,0.28713810443878174,0.0,0,0.03916254639625549,0.13281255960464478
f60_a0_p02_s01,0.75,29889,0.46083909273147583,1.966786503791809,0.2634074091911316,0.0,0,0.020723611116409302,0.06640630960464478
f60_a0_p02_s01,1.0,29889,0.44014692306518555,2.021411180496216,0.23863297700881958,0.0,0,2.917647361755371e-05,0.0
f60_a0_p02_s02,0.0,3063,0.9264200925827026,0.59517502784729,0.9140060544013977,0.0,0,0.03884601593017578,0.0625
f60_a0_p02_s02,0.25,3063,0.9201818704605103,0.6382503509521484,0.907657265663147,0.0,0,0.03260791301727295,0.046875
f60_a0_p02_s02,0.5,3063,0.911731481552124,0.6957327127456665,0.8991264700889587,0.0,0,0.024158239364624023,0.03125
f60_a0_p02_s02,0.75,3063,0.9010003805160522,0.7668631672859192,0.8883475661277771,0.0,0,0.013427257537841797,0.015625
f60_a0_p02_s02,1.0,3063,0.8875759243965149,0.8530364632606506,0.874915361404419,0.0,0,2.8014183044433594e-06,0.0
f60_a0_p02_s03,0.0,306,0.5570321679115295,1.6675324440002441,0.34560662508010864,0.0,0,-0.05589944124221802,-0.5
f60_a0_p02_s03,0.25,306,0.5749890804290771,1.6497712135314941,0.38239187002182007,0.0,0,-0.03794240951538086,-0.375
f60_a0_p02_s03,0.5,306,0.5902549028396606,1.6372801065444946,0.4157758951187134,0.0,0,-0.022676467895507812,-0.25
f60_a0_p02_s03,0.75,306,0.6028860807418823,1.6304454803466797,0.4456138610839844,0.0,0,-0.010045468807220459,-0.125
f60_a0_p02_s03,1.0,306,0.6129316091537476,1.6297751665115356,0.4718267321586609,0.0,0,-5.960464477539063e-08,0.0
f60_a0_p02_s04,0.0,565,0.7993025183677673,0.9640670418739319,0.7110136151313782,0.0,0,0.07607871294021606,0.25000011920928955
f60_a0_p02_s04,0.25,565,0.7838916778564453,1.018412709236145,0.6917206645011902,0.0,0,0.0606684684753418,0.18750011920928955
f60_a0_p02_s04,0.5,565,0.766076922416687,1.0828285217285156,0.6701911687850952,0.0,0,0.042853474617004395,0.12500011920928955
f60_a0_p02_s04,0.75,565,0.7459057569503784,1.1552560329437256,0.6465234160423279,0.0,0,0.022682249546051025,0.06249988079071045
f60_a0_p02_s04,1.0,565,0.7232245206832886,1.2351888418197632,0.6206494569778442,0.0,0,4.172325134277344e-07,0.0
f60_a1_p02_s00,0.0,13,0.5084822177886963,2.7121102809906006,0.4158807396888733,1.0,2,-0.1110602617263794,0.6601563692092896
f60_a1_p02_s00,0.25,13,0.2359248399734497,3.9586093425750732,0.06566233932971954,1.0,1,-0.029156118631362915,-0.7167967557907104
f60_a1_p02_s00,0.5,306,0.20503120124340057,4.411892414093018,0.1366221010684967,0.0,0,0.005612298846244812,0.05468761920928955
f60_a1_p02_s00,0.75,306,0.20892255008220673,4.494759559631348,0.1456388533115387,0.0,0,0.009502261877059937,0.15136730670928955
f60_a1_p02_s00,1.0,306,0.1994212418794632,4.519737243652344,0.12914380431175232,0.0,0,-7.450580596923828e-08,0.0
f60_a1_p02_s01,0.0,29889,0.5086767673492432,1.8633897304534912,0.3301144242286682,0.0,0,0.09847232699394226,0.40625
f60_a1_p02_s01,0.25,29889,0.4885792136192322,1.9005320072174072,0.2987377941608429,0.0,0,0.07837405800819397,0.3046875
f60_a1_p02_s01,0.5,29889,0.4651656746864319,1.9532830715179443,0.2651004195213318,0.0,0,0.05495867133140564,0.203125
f60_a1_p02_s01,0.75,29889,0.43898195028305054,2.015997886657715,0.2299952208995819,0.0,0,0.02877327799797058,0.1015625
f60_a1_p02_s01,1.0,29889,0.4102400839328766,2.0861189365386963,0.19405874609947205,0.0,0,2.9295682907104492e-05,0.0
f60_a1_p02_s02,0.0,363,0.8770812153816223,0.6826587915420532,0.8403096795082092,0.0,0,0.006684482097625732,0.1875
f60_a1_p02_s02,0.25,363,0.8769628405570984,0.6750472784042358,0.8384317755699158,0.0,0,0.00656658411026001,0.140625
f60_a1_p02_s02,0.5,363,0.8753871321678162,0.6787971258163452,0.8350794911384583,0.0,0,0.004990935325622559,0.09375
f60_a1_p02_s02,0.75,363,0.8731584548950195,0.6872377991676331,0.8310239315032959,0.0,0,0.0027622580528259277,0.046875
f60_a1_p02_s02,1.0,363,0.8703968524932861,0.6991958618164062,0.8263799548149109,0.0,0,4.76837158203125e-07,0.0
f60_a1_p02_s03,0.0,367,0.9231890439987183,0.608717679977417,0.9151392579078674,0.0,0,0.011787772178649902,0.0703125
f60_a1_p02_s03,0.25,367,0.9234417676925659,0.6058300733566284,0.9156830906867981,0.0,0,0.012040853500366211,0.107421875
f60_a1_p02_s03,0.5,367,0.9209898710250854,0.6221160888671875,0.9135336875915527,0.0,0,0.009589016437530518,0.14453125
f60_a1_p02_s03,0.75,367,0.916965663433075,0.6487755179405212,0.9093511700630188,0.0,0,0.005564749240875244,0.119140625
f60_a1_p02_s03,1.0,367,0.9114019274711609,0.6852238774299622,0.9028760194778442,0.0,0,1.0132789611816406e-06,0.0
f60_a1_p02_s04,0.0,881,0.9921886920928955,0.07249508798122406,0.9909127950668335,0.0,0,-0.001927018165588379,-0.0625
f60_a1_p02_s04,0.25,881,0.9947813153266907,0.05181388929486275,0.9940053820610046,0.0,0,0.0006657838821411133,0.4375
f60_a1_p02_s04,0.5,881,0.9948908090591431,0.05029326677322388,0.9940385222434998,0.0,0,0.0007750391960144043,0.3437495231628418
f60_a1_p02_s04,0.75,881,0.9946439266204834,0.05177530646324158,0.9936934113502502,0.0,0,0.0005283355712890625,0.2343745231628418
f60_a1_p02_s04,1.0,881,0.9941158294677734,0.0555279403924942,0.9929149150848389,0.0,0,2.980232238769531e-07,0.0
f60_a2_p02_s00,0.0,13,0.5084822177886963,2.7121102809906006,0.4158807396888733,1.0,2,-0.10267838835716248,0.7734375
f60_a2_p02_s00,0.25,306,0.18226106464862823,4.15434455871582,0.005866199731826782,0.0,0,-0.008772119879722595,-0.8969724178314209
f60_a2_p02_s00,0.5,306,0.2089606076478958,4.489070892333984,0.15138590335845947,0.0,0,0.017925187945365906,0.359375
f60_a2_p02_s00,0.75,306,0.20503905415534973,4.529730796813965,0.13742434978485107,0.0,0,0.01400025188922882,0.17968761920928955
f60_a2_p02_s00,1.0,306,0.19103936851024628,4.5585784912109375,0.11564052104949951,0.0,0,-1.341104507446289e-07,0.0
f60_a2_p02_s01,0.0,11302,0.2956216037273407,2.846031904220581,0.12452894449234009,0.0,0,0.1103672981262207,0.53125
f60_a2_p02_s01,0.25,11302,0.26685279607772827,2.9685027599334717,0.09047387540340424,0.0,0,0.08159846067428589,0.3984375
f60_a2_p02_s01,0.5,11302,0.23866470158100128,3.1049375534057617,0.0585111528635025,0.0,0,0.05340927839279175,0.265625
f60_a2_p02_s01,0.75,11302,0.2113901674747467,3.255530834197998,0.029160454869270325,0.0,0,0.02613358199596405,0.1328125
f60_a2_p02_s01,1.0,11302,0.18525975942611694,3.4215283393859863,0.002872183918952942,0.0,0,2.2351741790771484e-06,0.0
f60_a2_p02_s02,0.0,11314,0.16332168877124786,3.8221397399902344,0.05869390070438385,0.0,0,-0.0017571896314620972,-0.0625
f60_a2_p02_s02,0.25,11314,0.16640439629554749,3.906567335128784,0.07195967435836792,0.0,0,0.0013258904218673706,0.05859363079071045
f60_a2_p02_s02,0.5,11314,0.16778996586799622,3.9955594539642334,0.07293013483285904,0.0,0,0.002711758017539978,0.0625
f60_a2_p02_s02,0.75,11314,0.16737519204616547,4.087153434753418,0.06974613666534424,0.0,0,0.0022964030504226685,0.03125011920928955
f60_a2_p02_s02,1.0,11314,0.16508233547210693,4.179495334625244,0.06573405116796494,0.0,0,3.1888484954833984e-06,0.0
f60_a2_p02_s03,0.0,29915,0.22228173911571503,3.108706474304199,0.07988269627094269,0.0,0,0.013939902186393738,-0.09375
f60_a2_p02_s03,0.25,29915,0.22075946629047394,3.1230592727661133,0.08261170983314514,0.0,0,0.012417465448379517,-0.0703125
f60_a2_p02_s03,0.5,29915,0.21782170236110687,3.143420696258545,0.08466996252536774,0.0,0,0.009479835629463196,-0.046875
f60_a2_p02_s03,0.75,29915,0.21365401148796082,3.1664624214172363,0.08607538044452667,0.0,0,0.005312055349349976,-0.0234375
f60_a2_p02_s03,1.0,29915,0.20834971964359283,3.1907482147216797,0.08682040125131607,0.0,0,4.410743713378906e-06,0.0
f60_a2_p02_s04,0.0,29889,0.7258417010307312,1.4601728916168213,0.6349919438362122,0.0,0,-0.010520458221435547,-0.015625
f60_a2_p02_s04,0.25,29889,0.7382339835166931,1.3741672039031982,0.6461933851242065,0.0,0,0.0018715858459472656,-0.01171875
f60_a2_p02_s04,0.5,29889,0.7401490211486816,1.3438997268676758,0.6482294201850891,0.0,0,0.0037877559661865234,-0.0078125
f60_a2_p02_s04,0.75,29889,0.739091157913208,1.334322452545166,0.6476607918739319,0.0,0,0.0027303695678710938,-0.00390625
f60_a2_p02_s04,1.0,29889,0.7363831996917725,1.3365809917449951,0.6456429958343506,0.0,0,2.3543834686279297e-05,0.0
f60_a3_p02_s00,0.0,13,0.5084822177886963,2.7121102809906006,0.4158807396888733,1.0,2,-0.09268954396247864,0.89453125
f60_a3_p02_s00,0.25,306,0.19047601521015167,4.288079738616943,0.05798839032649994,0.0,0,0.009430646896362305,-0.445556640625
f60_a3_p02_s00,0.5,306,0.20835170149803162,4.529356002807617,0.14736157655715942,0.0,0,0.027304664254188538,0.419921875
f60_a3_p02_s00,0.75,306,0.19864286482334137,4.56294584274292,0.12690965831279755,0.0,0,0.017593026161193848,0.20996105670928955
f60_a3_p02_s00,1.0,306,0.18105052411556244,4.601808071136475,0.10039540380239487,0.0,0,-1.4901161193847656e-08,0.0
f60_a3_p02_s01,0.0,11302,0.2956216037273407,2.846031904220581,0.12452894449234009,0.0,0,0.09334464371204376,0.3359375
f60_a3_p02_s01,0.25,11302,0.2727320194244385,2.9718029499053955,0.10105772316455841,0.0,0,0.07045425474643707,0.251953125
f60_a3_p02_s01,0.5,11302,0.24941162765026093,3.1148695945739746,0.0786619782447815,0.0,0,0.04713378846645355,0.16796875
f60_a3_p02_s01,0.75,11302,0.22587178647518158,3.2745559215545654,0.05768996477127075,0.0,0,0.0235929936170578,0.083984375
f60_a3_p02_s01,1.0,11302,0.20228241384029388,3.4505615234375,0.038469135761260986,0.0,0,2.3245811462402344e-06,0.0
f60_a3_p02_s02,0.0,11314,0.16332168877124786,3.8221397399902344,0.05869390070438385,0.0,0,-0.03774847090244293,-0.3749997615814209
f60_a3_p02_s02,0.25,11314,0.1757025122642517,3.883255958557129,0.07321615517139435,0.0,0,-0.025367140769958496,-0.2812497615814209
f60_a3_p02_s02,0.5,11314,0.1863919347524643,3.9460506439208984,0.0873999372124672,0.0,0,-0.014677107334136963,-0.18749988079071045
f60_a3_p02_s02,0.75,11314,0.19497664272785187,4.009305000305176,0.10069208592176437,0.0,0,-0.006092756986618042,-0.09375
f60_a3_p02_s02,1.0,11314,0.20107361674308777,4.071718692779541,0.11254209280014038,0.0,0,4.157423973083496e-06,0.0
f60_a3_p02_s03,0.0,29915,0.22228173911571503,3.108706474304199,0.07988269627094269,0.0,0,0.01892276108264923,-0.078125
f60_a3_p02_s03,0.25,29915,0.21960659325122833,3.130253791809082,0.08164244890213013,0.0,0,0.016247421503067017,-0.05859375
f60_a3_p02_s03,0.5,29915,0.21545132994651794,3.1575896739959717,0.08271563053131104,0.0,0,0.012091904878616333,-0.0390625
f60_a3_p02_s03,0.75,29915,0.2100052833557129,3.1871049404144287,0.08312724530696869,0.0,0,0.006646007299423218,-0.01953113079071045
f60_a3_p02_s03,1.0,29915,0.20336686074733734,3.2171788215637207,0.08287598192691803,0.0,0,3.7550926208496094e-06,0.0
f60_a3_p02_s04,0.0,29915,0.3016364574432373,3.327827215194702,0.22655320167541504,0.0,0,-0.030169248580932617,0.1874997615814209
f60_a3_p02_s04,0.25,29915,0.3134218156337738,3.272327423095703,0.231660857796669,0.0,0,-0.01838374137878418,0.14062488079071045
f60_a3_p02_s04,0.5,29915,0.321975976228714,3.2188713550567627,0.23395264148712158,0.0,0,-0.009829103946685791,0.09374988079071045
f60_a3_p02_s04,0.75,29915,0.32796186208724976,3.1705899238586426,0.23399922251701355,0.0,0,-0.0038436949253082275,0.04687488079071045
f60_a3_p02_s04,1.0,29915,0.33181241154670715,3.1288836002349854,0.2321842759847641,0.0,0,6.8247318267822266e-06,0.0
f60_a4_p02_s00,0.0,13,0.5084822177886963,2.7121102809906006,0.4158807396888733,1.0,2,-0.0844879299402237,0.9999998807907104
f60_a4_p02_s00,0.25,306,0.19617970287799835,4.3717451095581055,0.09376741945743561,0.0,0,0.023336261510849,-0.05310070514678955
f60_a4_p02_s00,0.5,306,0.20702531933784485,4.55031681060791,0.14314189553260803,0.0,0,0.034180402755737305,0.47265613079071045
f60_a4_p02_s00,0.75,306,0.19333277642726898,4.586272716522217,0.11777031421661377,0.0,0,0.020484372973442078,0.236328125
f60_a4_p02_s00,1.0,306,0.1728489100933075,4.631257057189941,0.08728250861167908,0.0,0,-5.960464477539063e-08,0.0
f60_a4_p02_s01,0.0,29885,0.7696231007575989,0.7632328271865845,0.6316372752189636,0.0,0,0.023887038230895996,0.21875
f60_a4_p02_s01,0.25,29885,0.7647709250450134,0.7669255137443542,0.6199476718902588,0.0,0,0.019034743309020996,0.16406238079071045
f60_a4_p02_s01,0.5,29885,0.7591331601142883,0.7721799612045288,0.6072969436645508,0.0,0,0.013396382331848145,0.109375
f60_a4_p02_s01,0.75,29885,0.7527835965156555,0.7787675857543945,0.5937539935112,0.0,0,0.00704580545425415,0.05468761920928955
f60_a4_p02_s01,1.0,29885,0.7457805871963501,0.7865764498710632,0.5793744325637817,0.0,0,4.297494888305664e-05,0.0
f60_a4_p02_s02,0.0,1438,0.9575222134590149,0.31514742970466614,0.9478369951248169,0.0,0,0.030625522136688232,0.609375
f60_a4_p02_s02,0.25,1438,0.9543483853340149,0.33141952753067017,0.9431067705154419,0.0,0,0.02745187282562256,0.45703125
f60_a4_p02_s02,0.5,1438,0.9478793144226074,0.37008780241012573,0.9348765015602112,0.0,0,0.020983874797821045,0.3046875
f60_a4_p02_s02,0.75,1438,0.9389879107475281,0.42209479212760925,0.9239873886108398,0.0,0,0.012091994285583496,0.1523432731628418
f60_a4_p02_s02,1.0,1438,0.926897406578064,0.4900636076927185,0.90965336561203,0.0,0,7.152557373046875e-07,0.0
f60_a4_p02_s03,0.0,451,0.9610950946807861,0.35691189765930176,0.9590253233909607,0.0,0,0.017450392246246338,0.65625
f60_a4_p02_s03,0.25,451,0.9605541825294495,0.36488306522369385,0.9582866430282593,0.0,0,0.016909301280975342,0.564453125
f60_a4_p02_s03,0.5,451,0.9565076231956482,0.3992905020713806,0.9538934826850891,0.0,0,0.0128631591796875,0.4179682731628418
f60_a4_p02_s03,0.75,451,0.9509487748146057,0.4457870125770569,0.9477519989013672,0.0,0,0.007304012775421143,0.2109375
f60_a4_p02_s03,1.0,451,0.9436447024345398,0.5057488083839417,0.9397274851799011,0.0,0,2.384185791015625e-07,0.0
f60_a4_p02_s04,0.0,23196,0.9296588897705078,0.5569288730621338,0.9123634696006775,0.0,0,-0.014331996440887451,-0.4296877384185791
f60_a4_p02_s04,0.25,23196,0.9520714282989502,0.44334676861763,0.9440565705299377,0.0,0,0.008073985576629639,0.3632807731628418
f60_a4_p02_s04,0.5,23196,0.9519923329353333,0.43997618556022644,0.9429464936256409,0.0,0,0.007993519306182861,0.2421875
f60_a4_p02_s04,0.75,23196,0.948853075504303,0.458592027425766,0.9386764168739319,0.0,0,0.004854381084442139,0.12109375
f60_a4_p02_s04,1.0,23196,0.9440034031867981,0.4900664687156677,0.9325754046440125,0.0,0,4.291534423828125e-06,0.0
f60_a0_p03_s00,0.0,13,0.41047707200050354,3.7994964122772217,0.34922629594802856,1.0,1,-0.07649977132678032,0.91015625
f60_a0_p03_s00,0.25,306,0.11265882104635239,5.134725093841553,0.05447735637426376,0.0,0,-0.0250905379652977,-0.331390380859375
f60_a0_p03_s00,0.5,306,0.12892112135887146,5.119786739349365,0.08222898840904236,0.0,0,-0.008829250931739807,0.0234375
f60_a0_p03_s00,0.75,306,0.13601860404014587,5.011940956115723,0.0869479775428772,0.0,0,-0.0017317533493041992,0.0273435115814209
f60_a0_p03_s00,1.0,306,0.1377505660057068,4.889071464538574,0.08667750656604767,0.0,0,1.043081283569336e-07,0.0
f60_a0_p03_s01,0.0,2675,0.09405815601348877,4.084922790527344,0.017290130257606506,0.0,0,-0.006984300911426544,-0.1015625
f60_a0_p03_s01,0.25,2675,0.09785474836826324,4.104535102844238,0.02399010956287384,0.0,0,-0.003187514841556549,-0.0234375
f60_a0_p03_s01,0.5,2675,0.10031124204397202,4.125411033630371,0.03028271347284317,0.0,0,-0.0007306188344955444,0.0546875
f60_a0_p03_s01,0.75,2675,0.10138643532991409,4.144144535064697,0.034243084490299225,0.0,0,0.0003444179892539978,0.107421875
f60_a0_p03_s01,1.0,2675,0.10104453563690186,4.159117698669434,0.026538975536823273,0.0,0,2.1904706954956055e-06,0.0
f60_a0_p03_s02,0.0,2675,0.14455774426460266,4.345915794372559,0.09301410615444183,0.0,0,-0.06519857048988342,0.11718761920928955
f60_a0_p03_s02,0.25,2675,0.1629914492368698,4.328304767608643,0.10555214434862137,0.0,0,-0.04676428437232971,0.1289064884185791
f60_a0_p03_s02,0.5,2675,0.1803438663482666,4.306338787078857,0.11399907618761063,0.0,0,-0.029411718249320984,0.0859377384185791
f60_a0_p03_s02,0.75,2675,0.19611547887325287,4.280383586883545,0.12080100178718567,0.0,0,-0.013640105724334717,0.04296875
f60_a0_p03_s02,1.0,2675,0.2097570300102234,4.2538275718688965,0.12566706538200378,0.0,0,1.2367963790893555e-06,0.0
f60_a0_p03_s03,0.0,29889,0.7031922340393066,1.1643476486206055,0.5335391759872437,0.0,0,0.10425293445587158,0.5156250596046448
f60_a0_p03_s03,0.25,29889,0.682211697101593,1.2007273435592651,0.49497541785240173,0.0,0,0.08327227830886841,0.3867186903953552
f60_a0_p03_s03,0.5,29889,0.6575862169265747,1.2534563541412354,0.4522777795791626,0.0,0,0.058645427227020264,0.2578125596046448
f60_a0_p03_s03,0.75,29889,0.6298417448997498,1.3173792362213135,0.4061402976512909,0.0,0,0.030898571014404297,0.12890630960464478
f60_a0_p03_s03,1.0,29889,0.5989790558815002,1.3924193382263184,0.35696959495544434,0.0,0,3.2901763916015625e-05,0.0
f60_a0_p03_s04,0.0,590,0.9575703144073486,0.21914635598659515,0.9242880344390869,0.0,0,0.06742984056472778,0.921875
f60_a0_p03_s04,0.25,590,0.9466418623924255,0.26515573263168335,0.9052115082740784,0.0,0,0.05650222301483154,0.6914064884185791
f60_a0_p03_s04,0.5,590,0.9323725700378418,0.3258916735649109,0.880990207195282,0.0,0,0.042233824729919434,0.4609375
f60_a0_p03_s04,0.75,590,0.9139619469642639,0.40401995182037354,0.8505393266677856,0.0,0,0.023823142051696777,0.23046875
f60_a0_p03_s04,1.0,590,0.8901404738426208,0.5052424669265747,0.8123608827590942,0.0,0,0.0,0.0
f60_a1_p03_s00,0.0,13,0.41047707200050354,3.7994964122772217,0.34922629594802856,1.0,1,-0.07307137176394463,0.95703125
f60_a1_p03_s00,0.25,306,0.11274819076061249,5.160945892333984,0.06303305923938751,0.0,0,-0.02157270908355713,-0.12646484375
f60_a1_p03_s00,0.5,306,0.1271531581878662,5.132030487060547,0.07926683872938156,0.0,0,-0.00716833770275116,0.03125
f60_a1_p03_s00,0.75,306,0.13319528102874756,5.030032157897949,0.08224353194236755,0.0,0,-0.0011266767978668213,0.015624761581420898
f60_a1_p03_s00,1.0,306,0.1343221664428711,4.914648056030273,0.08213020116090775,0.0,0,2.384185791015625e-07,0.0
f60_a1_p03_s01,0.0,2675,0.09405815601348877,4.084922790527344,0.017290130257606506,0.0,0,0.0047664642333984375,0.015625
f60_a1_p03_s01,0.25,2675,0.09449471533298492,4.115400314331055,0.021901458501815796,0.0,0,0.005203254520893097,0.076171875
f60_a1_p03_s01,0.5,2675,0.09380011260509491,4.150145530700684,0.025973990559577942,0.0,0,0.004508651793003082,0.13671875
f60_a1_p03_s01,0.75,2675,0.09204805642366409,4.186008453369141,0.02548883855342865,0.0,0,0.002756461501121521,0.13671875
f60_a1_p03_s01,1.0,2675,0.08929377049207687,4.221643924713135,0.015266641974449158,0.0,0,1.9371509552001953e-06,0.0
f60_a1_p03_s02,0.0,2675,0.14455774426460266,4.345915794372559,0.09301410615444183,0.0,0,-0.052621424198150635,0.09375011920928955
f60_a1_p03_s02,0.25,2675,0.16016735136508942,4.342655181884766,0.10405302792787552,0.0,0,-0.03701150417327881,0.111328125
f60_a1_p03_s02,0.5,2675,0.17438992857933044,4.3386616706848145,0.11098287999629974,0.0,0,-0.022788584232330322,0.07421875
f60_a1_p03_s02,0.75,2675,0.18686531484127045,4.333696365356445,0.11635362356901169,0.0,0,-0.010313257575035095,0.03710949420928955
f60_a1_p03_s02,1.0,2675,0.1971798837184906,4.3304853439331055,0.1199631318449974,0.0,0,1.2218952178955078e-06,0.0
f60_a1_p03_s03,0.0,29889,0.7031922340393066,1.1643476486206055,0.5335391759872437,0.0,0,0.0684325098991394,0.265625
f60_a1_p03_s03,0.25,29889,0.6901991367340088,1.1951767206192017,0.5122475624084473,0.0,0,0.05543923377990723,0.19921863079071045
f60_a1_p03_s03,0.5,29889,0.6743395924568176,1.2441644668579102,0.48853951692581177,0.0,0,0.039578378200531006,0.1328125
f60_a1_p03_s03,0.75,29889,0.6559667587280273,1.3068263530731201,0.46281927824020386,0.0,0,0.021203160285949707,0.06640625
f60_a1_p03_s03,1.0,29889,0.6347994804382324,1.3841705322265625,0.43505096435546875,0.0,0,3.4868717193603516e-05,0.0
f60_a1_p03_s04,0.0,590,0.9575703144073486,0.21914635598659515,0.9242880344390869,0.0,0,0.07003176212310791,0.953125
f60_a1_p03_s04,0.25,590,0.9462611675262451,0.2665656507015228,0.9045226573944092,0.0,0,0.058723509311676025,0.71484375
f60_a1_p03_s04,0.5,590,0.9314480423927307,0.329097718000412,0.87930828332901,0.0,0,0.0439109206199646,0.4765625
f60_a1_p03_s04,0.75,590,0.912301242351532,0.40936607122421265,0.8474925756454468,0.0,0,0.024764597415924072,0.23828125
f60_a1_p03_s04,1.0,590,0.8875385522842407,0.512974202632904,0.8075245022773743,0.0,0,4.172325134277344e-07,0.0
f60_a2_p03_s00,0.0,13,0.41047707200050354,3.7994964122772217,0.34922629594802856,1.0,1,-0.06729043647646904,1.0546875
f60_a2_p03_s00,0.25,306,0.11194214969873428,5.180427074432373,0.0673384815454483,0.0,0,-0.01659724861383438,0.072509765625
f60_a2_p03_s00,0.5,306,0.12420163303613663,5.148435592651367,0.07508626580238342,0.0,0,-0.0043390244245529175,0.080078125
f60_a2_p03_s00,0.75,306,0.12863442301750183,5.055169582366943,0.07568806409835815,0.0,0,9.325146675109863e-05,0.0400388240814209
f60_a2_p03_s00,1.0,306,0.1285412311553955,4.950071334838867,0.07347187399864197,0.0,0,1.341104507446289e-07,0.0
f60_a2_p03_s01,0.0,2675,0.09405815601348877,4.084922790527344,0.017290130257606506,0.0,0,0.01586224138736725,0.1484375
f60_a2_p03_s01,0.25,2675,0.0912834033370018,4.126679420471191,0.019913576543331146,0.0,0,0.013087622821331024,0.19140625
f60_a2_p03_s01,0.5,2675,0.08762439340353012,4.174107074737549,0.02199675142765045,0.0,0,0.009428530931472778,0.234375
f60_a2_p03_s01,0.75,2675,0.0832260400056839,4.224129676818848,0.016742736101150513,0.0,0,0.005029924213886261,0.169921875
f60_a2_p03_s01,1.0,2675,0.07819799333810806,4.275540351867676,0.004161618649959564,0.0,0,1.55717134475708e-06,0.0
f60_a2_p03_s02,0.0,508,0.5772185921669006,1.1898372173309326,0.3745958209037781,0.0,0,0.05512988567352295,-0.015625
f60_a2_p03_s02,0.25,508,0.5661762356758118,1.2308738231658936,0.3697451651096344,0.0,0,0.04408740997314453,-0.00390625
f60_a2_p03_s02,0.5,508,0.553366482257843,1.2805557250976562,0.36361637711524963,0.0,0,0.03127789497375488,0.0078125
f60_a2_p03_s02,0.75,508,0.538737416267395,1.3376333713531494,0.3561558425426483,0.0,0,0.016648948192596436,0.01953125
f60_a2_p03_s02,1.0,508,0.5221022963523865,1.402492880821228,0.34166857600212097,0.0,0,1.3828277587890625e-05,0.0
f60_a2_p03_s03,0.0,322,0.31929582357406616,2.543060302734375,0.0928812026977539,0.0,0,0.04483833909034729,-0.171875
f60_a2_p03_s03,0.25,322,0.312907874584198,2.614912509918213,0.10035514831542969,0.0,0,0.038450390100479126,-0.12890625
f60_a2_p03_s03,0.5,322,0.30304285883903503,2.7012767791748047,0.10584910213947296,0.0,0,0.028585314750671387,-0.0859375
f60_a2_p03_s03,0.75,322,0.2901414632797241,2.7965354919433594,0.109283447265625,0.0,0,0.015683799982070923,-0.04296875
f60_a2_p03_s03,1.0,322,0.2744619846343994,2.8970963954925537,0.11057326197624207,0.0,0,2.652406692504883e-06,0.0
f60_a2_p03_s04,0.0,29889,0.44747456908226013,1.4281251430511475,0.11493971943855286,1.0,1,0.06304749846458435,0.203125
f60_a2_p03_s04,0.25,29889,0.40207207202911377,1.5247094631195068,0.0726260244846344,1.0,1,0.05996093153953552,0.10546875
f60_a2_p03_s04,0.5,29889,0.35201963782310486,1.6386491060256958,0.03399643301963806,1.0,1,0.04853987693786621,0.0078125
f60_a2_p03_s04,0.75,29889,0.2991048991680145,1.7613037824630737,0.0011661052703857422,1.0,1,0.028451144695281982,-0.08984375
f60_a2_p03_s04,1.0,29892,0.26949813961982727,1.8875300884246826,0.024117276072502136,0.0,0,1.0520219802856445e-05,0.0
f60_a3_p03_s00,0.0,13,0.41047707200050354,3.7994964122772217,0.34922629594802856,1.0,1,-0.06299448385834694,1.1328125
f60_a3_p03_s00,0.25,306,0.11126433312892914,5.192805290222168,0.06815814971923828,0.0,0,-0.01297866553068161,0.1787109375
f60_a3_p03_s00,0.5,306,0.12200058251619339,5.15995979309082,0.07183375954627991,0.0,0,-0.0022444427013397217,0.119140625
f60_a3_p03_s00,0.75,306,0.12524960935115814,5.073113441467285,0.07058551907539368,0.0,0,0.0010043010115623474,0.0595703125
f60_a3_p03_s00,1.0,306,0.12424527853727341,4.97616720199585,0.06669111549854279,0.0,0,2.086162567138672e-07,0.0
f60_a3_p03_s01,0.0,2675,0.09405815601348877,4.084922790527344,0.017290130257606506,1.0,4,-0.028728105127811432,0.125
f60_a3_p03_s01,0.25,2675,0.08833770453929901,4.1377177238464355,0.018456831574440002,1.0,4,-0.021926399320364,0.15625
f60_a3_p03_s01,0.5,2675,0.08201933652162552,4.196036338806152,0.019132934510707855,1.0,2,-0.01478097215294838,0.1875
f60_a3_p03_s01,0.75,2675,0.07529453188180923,4.256643295288086,0.008847340941429138,1.0,1,-0.007409989833831787,0.046875
f60_a3_p03_s01,1.0,7291,0.07385870069265366,4.318225383758545,0.005550570785999298,0.0,0,1.3485550880432129e-06,0.0
f60_a3_p03_s02,0.0,2107,0.551713764667511,1.9318475723266602,0.4709801971912384,0.0,0,0.14250192046165466,0.27343761920928955
f60_a3_p03_s02,0.25,2107,0.5197553038597107,2.050546407699585,0.43831726908683777,0.0,0,0.1105445921421051,0.20507824420928955
f60_a3_p03_s02,0.5,2107,0.48512136936187744,2.181199789047241,0.4037321209907532,0.0,0,0.0759105384349823,0.13671863079071045
f60_a3_p03_s02,0.75,2107,0.4481829106807709,2.3199005126953125,0.36767104268074036,0.0,0,0.03897273540496826,0.06835925579071045
f60_a3_p03_s02,1.0,2107,0.4092160761356354,2.4646692276000977,0.3305032551288605,0.0,0,4.351139068603516e-06,0.0
f60_a3_p03_s03,0.0,2969,0.9246511459350586,0.4354569613933563,0.8914929032325745,0.0,0,0.054972708225250244,0.453125
f60_a3_p03_s03,0.25,2969,0.9145955443382263,0.48293620347976685,0.8778639435768127,0.0,0,0.044917166233062744,0.33984375
f60_a3_p03_s03,0.5,2969,0.9020636081695557,0.5445963740348816,0.8614897727966309,0.0,0,0.03238600492477417,0.2265622615814209
f60_a3_p03_s03,0.75,2969,0.8871928453445435,0.6181358695030212,0.8425014615058899,0.0,0,0.017515122890472412,0.11328125
f60_a3_p03_s03,1.0,2969,0.8696794509887695,0.7047166228294373,0.8206154704093933,0.0,0,1.6093254089355469e-06,0.0
f60_a3_p03_s04,0.0,445,0.9268748760223389,0.3979688882827759,0.8841964602470398,0.0,0,0.1381847858428955,0.96875
f60_a3_p03_s04,0.25,445,0.9087490439414978,0.46235769987106323,0.8554386496543884,0.0,0,0.12006163597106934,0.7265625
f60_a3_p03_s04,0.5,445,0.8800298571586609,0.5716962218284607,0.8142570853233337,0.0,0,0.09134256839752197,0.4843752384185791
f60_a3_p03_s04,0.75,445,0.8407345414161682,0.7119354605674744,0.7606796026229858,0.0,0,0.05204683542251587,0.2421875
f60_a3_p03_s04,1.0,445,0.7886901497840881,0.8812140822410583,0.6930111646652222,0.0,0,2.384185791015625e-07,0.0
f60_a4_p03_s00,0.0,13,0.41047707200050354,3.7994964122772217,0.34922629594802856,1.0,1,-0.05818238481879234,1.21484375
f60_a4_p03_s00,0.25,306,0.11024589836597443,5.200296878814697,0.06664930284023285,0.0,0,-0.009185172617435455,0.240234375
f60_a4_p03_s00,0.5,306,0.11954237520694733,5.171236038208008,0.06832829117774963,0.0,0,0.00010951608419418335,0.16015625
f60_a4_p03_s00,0.75,306,0.12149082124233246,5.090988636016846,0.06510257720947266,0.0,0,0.0020579397678375244,0.080078125
f60_a4_p03_s00,1.0,306,0.11943317949771881,5.003269672393799,0.05937840789556503,0.0,0,1.1175870895385742e-07,0.0
f60_a4_p03_s01,0.0,2675,0.09405815601348877,4.084922790527344,0.017290130257606506,1.0,4,-0.029005207121372223,-0.015625
f60_a4_p03_s01,0.25,2675,0.08566881716251373,4.148076057434082,0.01710035651922226,1.0,3,-0.021970394998788834,0.00390625
f60_a4_p03_s01,0.5,2675,0.0769728422164917,4.215078353881836,0.016082312911748886,1.0,3,-0.014654342085123062,0.015625
f60_a4_p03_s01,0.75,2675,0.06821136176586151,4.28230619430542,0.0013193264603614807,1.0,1,-0.007242374122142792,-0.19921875
f60_a4_p03_s01,1.0,7291,0.07413580268621445,4.348167419433594,0.01456601545214653,0.0,0,1.430511474609375e-06,0.0
f60_a4_p03_s02,0.0,29915,0.4521780014038086,1.9257416725158691,0.257698655128479,0.0,0,0.11021500825881958,0.3906249403953552
f60_a4_p03_s02,0.25,29915,0.42501604557037354,1.991733431816101,0.2234669029712677,0.0,0,0.08305415511131287,0.2929686903953552
f60_a4_p03_s02,0.5,29915,0.3973963260650635,2.062779188156128,0.18961283564567566,0.0,0,0.055434226989746094,0.1953125
f60_a4_p03_s02,0.75,29915,0.3696552515029907,2.1368613243103027,0.15654928982257843,0.0,0,0.02768939733505249,0.09765625
f60_a4_p03_s02,1.0,29915,0.34198036789894104,2.2143313884735107,0.12460443377494812,0.0,0,1.4990568161010742e-05,0.0
f60_a4_p03_s03,0.0,263,0.2252875417470932,3.3578226566314697,0.048457324504852295,1.0,1,0.029571041464805603,0.203125
f60_a4_p03_s03,0.25,263,0.20441484451293945,3.4601521492004395,0.03228028118610382,1.0,1,0.024875223636627197,0.1328125
f60_a4_p03_s03,0.5,263,0.1831476092338562,3.577331781387329,0.017687544226646423,1.0,1,0.018200695514678955,0.0625
f60_a4_p03_s03,0.75,263,0.1621098667383194,3.7039523124694824,0.004987612366676331,1.0,1,0.009862720966339111,-0.0078125
f60_a4_p03_s03,1.0,3699,0.14726050198078156,3.8378303050994873,0.005641460418701172,0.0,0,9.685754776000977e-07,0.0
f60_a4_p03_s04,0.0,1781,0.9685012698173523,0.2308746725320816,0.953328549861908,0.0,0,0.1202738881111145,1.109375
f60_a4_p03_s04,0.25,1781,0.9554545283317566,0.31812596321105957,0.9357020258903503,0.0,0,0.10723060369491577,0.83203125
f60_a4_p03_s04,0.5,1781,0.9341950416564941,0.4582550823688507,0.9087092280387878,0.0,0,0.08597356081008911,0.5546875
f60_a4_p03_s04,0.75,1781,0.9006432890892029,0.6712360978126526,0.8682195544242859,0.0,0,0.05242091417312622,0.27734375
f60_a4_p03_s04,1.0,1781,0.848227858543396,0.9865065217018127,0.8079309463500977,0.0,0,3.635883331298828e-06,0.0
f60_a0_p04_s00,0.0,13,0.4172719717025757,3.6305148601531982,0.3277328312397003,1.0,1,-0.15855305641889572,0.9453125
f60_a0_p04_s00,0.25,306,0.17578990757465363,4.87327766418457,0.08787066489458084,0.0,0,-0.07229998707771301,0.0991208553314209
f60_a0_p04_s00,0.5,306,0.2129753828048706,4.8189697265625,0.1310262680053711,0.0,0,-0.03511388599872589,0.361328125
f60_a0_p04_s00,0.75,306,0.23396697640419006,4.605082035064697,0.12611433863639832,0.0,0,-0.014124572277069092,0.1806640625
f60_a0_p04_s00,1.0,306,0.24809223413467407,4.391590118408203,0.11108268797397614,0.0,0,5.364418029785156e-07,0.0
f60_a0_p04_s01,0.0,263,0.554466962814331,2.2597575187683105,0.4782463312149048,0.0,0,0.17678901553153992,1.1796875
f60_a0_p04_s01,0.25,263,0.5156462788581848,2.386575222015381,0.420447438955307,0.0,0,0.1379682719707489,0.884765625
f60_a0_p04_s01,0.5,263,0.4723775386810303,2.520303249359131,0.35525187849998474,0.0,0,0.09469997882843018,0.5898436307907104
f60_a0_p04_s01,0.75,263,0.42596691846847534,2.652514696121216,0.2841194272041321,0.0,0,0.04828926920890808,0.294921875
f60_a0_p04_s01,1.0,263,0.3776783049106598,2.7780208587646484,0.20877012610435486,0.0,0,2.980232238769531e-07,0.0
f60_a0_p04_s02,0.0,679,0.1850748062133789,3.8638484477996826,0.09627493470907211,0.0,0,0.0007365196943283081,0.21093738079071045
f60_a0_p04_s02,0.25,679,0.1863252967596054,3.8086166381835938,0.09208448231220245,0.0,0,0.001987174153327942,0.158203125
f60_a0_p04_s02,0.5,679,0.18652629852294922,3.761345863342285,0.08707520365715027,0.0,0,0.0021883100271224976,0.10546875
f60_a0_p04_s02,0.75,679,0.1858331561088562,3.7202398777008057,0.08138638734817505,0.0,0,0.0014953166246414185,0.05273425579071045
f60_a0_p04_s02,1.0,679,0.18433859944343567,3.684305429458618,0.07512158900499344,0.0,0,7.897615432739258e-07,0.0
f60_a0_p04_s03,0.0,1781,0.38781675696372986,2.1946873664855957,0.06124231219291687,0.0,0,0.0849011242389679,0.140625
f60_a0_p04_s03,0.25,1781,0.36837178468704224,2.2959959506988525,0.04707220196723938,0.0,0,0.06545650959014893,0.10546875
f60_a0_p04_s03,0.5,1781,0.3475324809551239,2.411358118057251,0.033563047647476196,0.0,0,0.044617295265197754,0.0703125
f60_a0_p04_s03,0.75,1781,0.32563549280166626,2.538212776184082,0.02092185616493225,0.0,0,0.022719979286193848,0.03515625
f60_a0_p04_s03,1.0,1781,0.3029167950153351,2.674874782562256,0.009319812059402466,0.0,0,9.834766387939453e-07,0.0
f60_a0_p04_s04,0.0,2337,0.24570494890213013,3.503164291381836,0.150977224111557,0.0,0,0.028717458248138428,0.18749988079071045
f60_a0_p04_s04,0.25,2337,0.2403855323791504,3.537412166595459,0.14661619067192078,0.0,0,0.02339814603328705,0.1757810115814209
f60_a0_p04_s04,0.5,2337,0.23372218012809753,3.5772693157196045,0.13892026245594025,0.0,0,0.016734853386878967,0.1367185115814209
f60_a0_p04_s04,0.75,2337,0.22588489949703217,3.621175527572632,0.12777960300445557,0.0,0,0.008897095918655396,0.068359375
f60_a0_p04_s04,1.0,2337,0.21699045598506927,3.6682331562042236,0.11608051508665085,0.0,0,2.086162567138672e-06,0.0
f60_a1_p04_s00,0.0,13,0.4172719717025757,3.6305148601531982,0.3277328312397003,1.0,1,-0.1501556858420372,0.8828126192092896
f60_a1_p04_s00,0.25,306,0.17528532445430756,4.919391632080078,0.09664368629455566,0.0,0,-0.0644073635339737,0.14526379108428955
f60_a1_p04_s00,0.5,306,0.20864157378673553,4.869663238525391,0.13083001971244812,0.0,0,-0.031050249934196472,0.33007800579071045
f60_a1_p04_s00,0.75,306,0.22710728645324707,4.684345245361328,0.12721088528633118,0.0,0,-0.012586593627929688,0.16503894329071045
f60_a1_p04_s00,1.0,306,0.23969486355781555,4.503372669219971,0.11534277349710464,0.0,0,0.0,0.0
f60_a1_p04_s01,0.0,4318,0.3057563304901123,2.5144801139831543,0.09230400621891022,0.0,0,0.1023111343383789,0.265625
f60_a1_p04_s01,0.25,4318,0.28276780247688293,2.652534246444702,0.07181017100811005,0.0,0,0.07932189106941223,0.19921875
f60_a1_p04_s01,0.5,4318,0.25762611627578735,2.802335500717163,0.05222867429256439,0.0,0,0.05417990684509277,0.1328125
f60_a1_p04_s01,0.75,4318,0.23096778988838196,2.9604380130767822,0.03418076038360596,0.0,0,0.027520835399627686,0.06640625
f60_a1_p04_s01,1.0,4318,0.203452467918396,3.124897003173828,0.018206879496574402,0.0,0,2.8461217880249023e-06,0.0
f60_a1_p04_s02,0.0,2599,0.712264895439148,1.791653037071228,0.652877926826477,0.0,0,0.12885797023773193,0.296875
f60_a1_p04_s02,0.25,2599,0.6864956021308899,1.935837745666504,0.624847412109375,0.0,0,0.10309028625488281,0.22265625
f60_a1_p04_s02,0.5,2599,0.6564504504203796,2.1041300296783447,0.5929586887359619,0.0,0,0.07304519414901733,0.1484375
f60_a1_p04_s02,0.75,2599,0.6221113801002502,2.2953217029571533,0.5573052167892456,0.0,0,0.038704752922058105,0.07421875
f60_a1_p04_s02,1.0,2599,0.5834102630615234,2.5086371898651123,0.5179534554481506,0.0,0,3.039836883544922e-06,0.0
f60_a1_p04_s03,0.0,2743,0.41614529490470886,1.915019154548645,0.08694726228713989,1.0,1,-0.11501720547676086,-0.78125
f60_a1_p04_s03,0.25,1492,0.3717702329158783,2.0461132526397705,0.02793896198272705,0.0,0,-0.07244279980659485,-0.9375
f60_a1_p04_s03,0.5,1492,0.40677154064178467,2.1742727756500244,0.13153612613677979,0.0,0,-0.03743910789489746,-0.625
f60_a1_p04_s03,0.75,1492,0.4315395653247833,2.2967541217803955,0.21791201829910278,0.0,0,-0.01267319917678833,-0.3124999403953552
f60_a1_p04_s03,1.0,1492,0.44421660900115967,2.416067123413086,0.28333204984664917,0.0,0,1.6689300537109375e-06,0.0
f60_a1_p04_s04,0.0,29915,0.9426606297492981,0.45110294222831726,0.9355193376541138,0.0,0,0.01814371347427368,0.46875
f60_a1_p04_s04,0.25,29915,0.9400181174278259,0.4623996317386627,0.9320114254951477,0.0,0,0.015503227710723877,0.3515625
f60_a1_p04_s04,0.5,29915,0.935721755027771,0.48552852869033813,0.9267607927322388,0.0,0,0.011209547519683838,0.234375
f60_a1_p04_s04,0.75,29915,0.9305521249771118,0.5140659213066101,0.9205327033996582,0.0,0,0.006043493747711182,0.1171875
f60_a1_p04_s04,1.0,29915,0.9245396256446838,0.5473607778549194,0.9133472442626953,0.0,0,3.325939178466797e-05,0.0
f60_a2_p04_s00,0.0,13,0.4172719717025757,3.6305148601531982,0.3277328312397003,1.0,1,-0.1423105224967003,0.8124998807907104
f60_a2_p04_s00,0.25,306,0.17448560893535614,4.9583845138549805,0.10278939455747604,0.0,0,-0.0573614239692688,0.16284167766571045
f60_a2_p04_s00,0.5,306,0.2045135796070099,4.918425559997559,0.13087642192840576,0.0,0,-0.02733387053012848,0.29492175579071045
f60_a2_p04_s00,0.75,306,0.22074119746685028,4.761255264282227,0.12863266468048096,0.0,0,-0.011107459664344788,0.14746081829071045
f60_a2_p04_s00,1.0,306,0.23184970021247864,4.611451625823975,0.1197345182299614,0.0,0,1.4901161193847656e-08,0.0
f60_a2_p04_s01,0.0,4318,0.3057563304901123,2.5144801139831543,0.09230400621891022,0.0,0,0.10631033778190613,0.2578125
f60_a2_p04_s01,0.25,4318,0.28178203105926514,2.6616506576538086,0.07197003066539764,0.0,0,0.08233541250228882,0.193359375
f60_a2_p04_s01,0.5,4318,0.25562575459480286,2.8215878009796143,0.052617669105529785,0.0,0,0.05617848038673401,0.12890625
f60_a2_p04_s01,0.75,4318,0.22794753313064575,2.990737199783325,0.03486843407154083,0.0,0,0.028499692678451538,0.064453125
f60_a2_p04_s01,1.0,4318,0.19945326447486877,3.1671433448791504,0.019262254238128662,0.0,0,2.8759241104125977e-06,0.0
f60_a2_p04_s02,0.0,2599,0.712264895439148,1.791653037071228,0.652877926826477,0.0,0,0.11812794208526611,0.2109375
f60_a2_p04_s02,0.25,2599,0.6883888840675354,1.9292594194412231,0.6278846263885498,0.0,0,0.09425318241119385,0.158203125
f60_a2_p04_s02,0.5,2599,0.6607780456542969,2.089015245437622,0.5995557308197021,0.0,0,0.06664258241653442,0.10546875
f60_a2_p04_s02,0.75,2599,0.6294000744819641,2.270231008529663,0.5679272413253784,0.0,0,0.03526341915130615,0.052734375
f60_a2_p04_s02,1.0,2599,0.5941402912139893,2.4729950428009033,0.5329689979553223,0.0,0,2.9802322387695312e-06,0.0
f60_a2_p04_s03,0.0,2743,0.41614529490470886,1.915019154548645,0.08694726228713989,1.0,1,-0.11733144521713257,-0.7109375596046448
f60_a2_p04_s03,0.25,1492,0.37017014622688293,2.032892942428589,0.021747678518295288,0.0,0,-0.07635754346847534,-0.8847655653953552
f60_a2_p04_s03,0.5,1492,0.4047829508781433,2.1490306854248047,0.12109291553497314,0.0,0,-0.041742295026779175,-0.5898438096046448
f60_a2_p04_s03,0.75,1492,0.43080347776412964,2.2603256702423096,0.2059921771287918,0.0,0,-0.01572394371032715,-0.2949219346046448
f60_a2_p04_s03,1.0,1492,0.44653084874153137,2.369236707687378,0.2730276584625244,0.0,0,1.519918441772461e-06,0.0
f60_a2_p04_s04,0.0,29915,0.9426606297492981,0.45110294222831726,0.9355193376541138,0.0,0,0.023103952407836914,0.5234375
f60_a2_p04_s04,0.25,29915,0.9390475749969482,0.46961936354637146,0.9311268925666809,0.0,0,0.019493818283081055,0.4160151481628418
f60_a2_p04_s04,0.5,29915,0.9336056113243103,0.5010769963264465,0.924559473991394,0.0,0,0.014053702354431152,0.2773432731628418
f60_a2_p04_s04,0.75,29915,0.9271249771118164,0.538773238658905,0.9168053865432739,0.0,0,0.007576704025268555,0.138671875
f60_a2_p04_s04,1.0,29915,0.9195793867111206,0.5823980569839478,0.9078212976455688,0.0,0,3.49879264831543e-05,0.0
f60_a3_p04_s00,0.0,13,0.4172719717025757,3.6305148601531982,0.3277328312397003,1.0,1,-0.13036123663187027,0.7695313692092896
f60_a3_p04_s00,0.25,306,0.17244833707809448,4.992990970611572,0.10507919639348984,0.0,0,-0.047449156641960144,0.17037951946258545
f60_a3_p04_s00,0.5,306,0.19853872060775757,4.9722700119018555,0.12857230007648468,0.0,0,-0.021359965205192566,0.27343761920928955
f60_a3_p04_s00,0.75,306,0.21153835952281952,4.846225738525391,0.12606912851333618,0.0,0,-0.008361786603927612,0.13671886920928955
f60_a3_p04_s00,1.0,306,0.21990041434764862,4.7296624183654785,0.11803589016199112,0.0,0,1.6391277313232422e-07,0.0
f60_a3_p04_s01,0.0,2820,0.257773220539093,2.844700336456299,0.030289143323898315,0.0,0,0.019745588302612305,-0.265625
f60_a3_p04_s01,0.25,2820,0.25774258375167847,2.961652994155884,0.04489952325820923,0.0,0,0.019715100526809692,-0.19921875
f60_a3_p04_s01,0.5,2820,0.2544832229614258,3.101231813430786,0.05783383548259735,0.0,0,0.01645544171333313,-0.1328125
f60_a3_p04_s01,0.75,2820,0.24798648059368134,3.2571518421173096,0.06866942346096039,0.0,0,0.009957969188690186,-0.06640625
f60_a3_p04_s01,1.0,2820,0.23803114891052246,3.4281063079833984,0.07697120308876038,0.0,0,1.7285346984863281e-06,0.0
f60_a3_p04_s02,0.0,1965,0.9908855557441711,0.0752687081694603,0.9868360161781311,0.0,0,0.0015652775764465332,-0.203125
f60_a3_p04_s02,0.25,1965,0.9907798767089844,0.07720580697059631,0.9869312644004822,0.0,0,0.0014594793319702148,-0.1523432731628418
f60_a3_p04_s02,0.5,1965,0.9904822111129761,0.08095219731330872,0.9868252873420715,0.0,0,0.0011619329452514648,-0.1015625
f60_a3_p04_s02,0.75,1965,0.9900065660476685,0.08631874620914459,0.9865323305130005,0.0,0,0.0006862282752990723,-0.0507817268371582
f60_a3_p04_s02,1.0,1965,0.9893203973770142,0.09356531500816345,0.9860205054283142,0.0,0,-1.1920928955078125e-07,0.0
f60_a3_p04_s03,0.0,306,0.2970251441001892,2.7862019538879395,0.06021606922149658,0.0,0,-0.13945740461349487,-1.3359375
f60_a3_p04_s03,0.25,306,0.36761438846588135,2.876420497894287,0.22449558973312378,0.0,0,-0.06886529922485352,-0.619140625
f60_a3_p04_s03,0.5,306,0.4042055010795593,2.92484188079834,0.3171307444572449,0.0,0,-0.0322745144367218,-0.02734375
f60_a3_p04_s03,0.75,306,0.425639271736145,2.9432361125946045,0.33659452199935913,0.0,0,-0.010842651128768921,0.0019532442092895508
f60_a3_p04_s03,1.0,306,0.43648263812065125,2.9610652923583984,0.34499090909957886,0.0,0,5.960464477539063e-08,0.0
f60_a3_p04_s04,0.0,310,0.7328596711158752,1.1207540035247803,0.6204720139503479,0.0,0,0.0032933950424194336,-0.015624761581420898
f60_a3_p04_s04,0.25,310,0.7333675026893616,1.116856336593628,0.6213403940200806,0.0,0,0.0038013458251953125,-0.01171863079071045
f60_a3_p04_s04,0.5,310,0.7327419519424438,1.121726632118225,0.6212468147277832,0.0,0,0.0031756162643432617,-0.0078125
f60_a3_p04_s04,0.75,310,0.7314547896385193,1.1307166814804077,0.6205893754959106,0.0,0,0.001888573169708252,-0.003906369209289551
f60_a3_p04_s04,1.0,310,0.7295666337013245,1.1429443359375,0.6194185614585876,0.0,0,1.1920928955078125e-07,0.0
f60_a4_p04_s00,0.0,13,0.4172719717025757,3.6305148601531982,0.3277328312397003,1.0,1,-0.11917940527200699,0.7226561307907104
f60_a4_p04_s00,0.25,306,0.17051635682582855,5.0239949226379395,0.1068291887640953,0.0,0,-0.03819948434829712,0.16844165325164795
f60_a4_p04_s00,0.5,306,0.19302281737327576,5.021584987640381,0.12657597661018372,0.0,0,-0.015693500638008118,0.24999988079071045
f60_a4_p04_s00,0.75,306,0.2030145823955536,4.924118995666504,0.12382286787033081,0.0,0,-0.005703285336494446,0.12499988079071045
f60_a4_p04_s00,1.0,306,0.20871858298778534,4.83815860748291,0.1164613664150238,0.0,0,-2.2351741790771484e-07,0.0
f60_a4_p04_s01,0.0,2820,0.257773220539093,2.844700336456299,0.030289143323898315,0.0,0,0.015533223748207092,-0.2578125
f60_a4_p04_s01,0.25,2820,0.2589780390262604,2.950483798980713,0.0446966290473938,0.0,0,0.016738221049308777,-0.193359375
f60_a4_p04_s01,0.5,2820,0.25689825415611267,3.080500602722168,0.05760569870471954,0.0,0,0.014658018946647644,-0.12890625
f60_a4_p04_s01,0.75,2820,0.2514341175556183,3.228466749191284,0.06855568289756775,0.0,0,0.009193286299705505,-0.064453125
f60_a4_p04_s01,1.0,2820,0.24224351346492767,3.3931527137756348,0.07704780995845795,0.0,0,1.7434358596801758e-06,0.0
f60_a4_p04_s02,0.0,1965,0.9908855557441711,0.0752687081694603,0.9868360161781311,0.0,0,0.0024940967559814453,-0.09375
f60_a4_p04_s02,0.25,1965,0.9905718564987183,0.07879811525344849,0.986617386341095,0.0,0,0.0021803975105285645,-0.0703120231628418
f60_a4_p04_s02,0.5,1965,0.99006187915802,0.08423967659473419,0.9862009882926941,0.0,0,0.0016701817512512207,-0.0468754768371582
f60_a4_p04_s02,0.75,1965,0.9893513321876526,0.09158030897378922,0.9855825901031494,0.0,0,0.0009596347808837891,-0.0234375
f60_a4_p04_s02,1.0,1965,0.9883915781974792,0.10123182088136673,0.9847137331962585,0.0,0,5.960464477539063e-08,0.0
f60_a4_p04_s03,0.0,306,0.2970251441001892,2.7862019538879395,0.06021606922149658,0.0,0,-0.14121755957603455,-1.2734375
f60_a4_p04_s03,0.25,306,0.38253137469291687,2.9140679836273193,0.2746334373950958,0.0,0,-0.05570816993713379,-0.234375
f60_a4_p04_s03,0.5,306,0.41831833124160767,2.941166877746582,0.32820335030555725,0.0,0,-0.019921720027923584,0.03515636920928955
f60_a4_p04_s03,0.75,306,0.4336700737476349,2.9460372924804688,0.3385913074016571,0.0,0,-0.004571288824081421,0.0175783634185791
f60_a4_p04_s03,1.0,306,0.4382427930831909,2.967151403427124,0.34045761823654175,0.0,0,-1.1920928955078125e-07,0.0
f60_a4_p04_s04,0.0,885,0.6531773209571838,2.1023895740509033,0.6065948605537415,0.0,0,0.058748066425323486,0.265625
f60_a4_p04_s04,0.25,885,0.6409831643104553,2.1587867736816406,0.5921316742897034,0.0,0,0.046553969383239746,0.19921875
f60_a4_p04_s04,0.5,885,0.6270321011543274,2.2257773876190186,0.5759627223014832,0.0,0,0.032603323459625244,0.1328125
f60_a4_p04_s04,0.75,885,0.6115034818649292,2.301490068435669,0.5582792162895203,0.0,0,0.017075002193450928,0.06640625
f60_a4_p04_s04,1.0,885,0.594430685043335,2.3853578567504883,0.539139986038208,0.0,0,1.9669532775878906e-06,0.0
f60_a0_p05_s00,0.0,13,0.3283601701259613,4.30299711227417,0.2562290132045746,1.0,1,-0.07970543205738068,0.4179685115814209
f60_a0_p05_s00,0.25,306,0.11839644610881805,5.379941940307617,0.06108774244785309,0.0,0,-0.03343935310840607,-0.37207019329071045
f60_a0_p05_s00,0.5,306,0.1346278339624405,5.375782489776611,0.07706340402364731,0.0,0,-0.017208054661750793,-0.24804699420928955
f60_a0_p05_s00,0.75,306,0.14451082050800323,5.298040390014648,0.08992786705493927,0.0,0,-0.0073255449533462524,-0.12402355670928955
f60_a0_p05_s00,1.0,306,0.15183664858341217,5.225546836853027,0.10117603093385696,0.0,0,1.9371509552001953e-07,0.0
f60_a0_p05_s01,0.0,1854,0.6484425663948059,2.0537681579589844,0.6082643866539001,0.0,0,0.03249639272689819,0.34375
f60_a0_p05_s01,0.25,1854,0.6536991596221924,2.0498149394989014,0.6095605492591858,0.0,0,0.03775429725646973,0.2578125
f60_a0_p05_s01,0.5,1854,0.6492682695388794,2.086055278778076,0.6014947891235352,0.0,0,0.033324241638183594,0.1718747615814209
f60_a0_p05_s01,0.75,1854,0.6364861726760864,2.158454656600952,0.5854504704475403,0.0,0,0.02054154872894287,0.0859375
f60_a0_p05_s01,1.0,1854,0.6159496903419495,2.265199661254883,0.5621286034584045,0.0,0,3.039836883544922e-06,0.0
f60_a0_p05_s02,0.0,1016,0.38138166069984436,2.470935106277466,0.2211512178182602,0.0,0,0.01603025197982788,0.023437559604644775
f60_a0_p05_s02,0.25,1016,0.37993323802948,2.48002028465271,0.21937331557273865,0.0,0,0.014581799507141113,0.01757824420928955
f60_a0_p05_s02,0.5,1016,0.3765867352485657,2.4993765354156494,0.21650579571723938,0.0,0,0.011235415935516357,0.01171875
f60_a0_p05_s02,0.75,1016,0.37169966101646423,2.5248098373413086,0.2127676159143448,0.0,0,0.0063485801219940186,0.005859434604644775
f60_a0_p05_s02,1.0,1016,0.36535948514938354,2.554868221282959,0.20822033286094666,0.0,0,8.672475814819336e-06,0.0
f60_a0_p05_s03,0.0,825,0.576313853263855,1.1419792175292969,0.24794012308120728,0.0,0,-0.04754483699798584,-0.296875
f60_a0_p05_s03,0.25,825,0.5910826921463013,1.1230828762054443,0.27838489413261414,0.0,0,-0.03277558088302612,-0.22265625
f60_a0_p05_s03,0.5,825,0.6035292744636536,1.118673324584961,0.30708566308021545,0.0,0,-0.020328879356384277,-0.1484375
f60_a0_p05_s03,0.75,825,0.6143864989280701,1.1215943098068237,0.3341965079307556,0.0,0,-0.009471714496612549,-0.07421875
f60_a0_p05_s03,1.0,825,0.6238592863082886,1.1295703649520874,0.35970062017440796,0.0,0,3.5762786865234375e-07,0.0
f60_a0_p05_s04,0.0,29220,0.47118932008743286,2.082749843597412,0.33724188804626465,1.0,1,-0.32105472683906555,0.234375
f60_a0_p05_s04,0.25,29220,0.336300253868103,2.3730392456054688,0.11488594114780426,1.0,1,-0.23358045518398285,-0.60546875
f60_a0_p05_s04,0.5,716,0.3179827928543091,2.5071423053741455,0.10944458842277527,0.0,0,-0.13700464367866516,-0.6015625
f60_a0_p05_s04,0.75,716,0.4000477194786072,2.4826645851135254,0.24968235194683075,0.0,0,-0.05494162440299988,-0.044921875
f60_a0_p05_s04,1.0,716,0.4550078213214874,2.385849952697754,0.2914973497390747,0.0,0,5.602836608886719e-06,0.0
f60_a1_p05_s00,0.0,13,0.3283601701259613,4.30299711227417,0.2562290132045746,1.0,1,-0.08022315800189972,0.33203125
f60_a1_p05_s00,0.25,306,0.11927136778831482,5.406973838806152,0.06287651509046555,0.0,0,-0.0330822616815567,-0.43457019329071045
f60_a1_p05_s00,0.5,306,0.1345899999141693,5.388913631439209,0.07967707514762878,0.0,0,-0.017764270305633545,-0.28710925579071045
f60_a1_p05_s00,0.75,306,0.14451977610588074,5.317934989929199,0.09363970160484314,0.0,0,-0.00783468782901764,-0.13964855670928955
f60_a1_p05_s00,1.0,306,0.1523543745279312,5.25265645980835,0.10570704936981201,0.0,0,1.341104507446289e-07,0.0
f60_a1_p05_s01,0.0,541,0.639900267124176,1.9600480794906616,0.5848532915115356,0.0,0,-0.16497433185577393,-0.78125
f60_a1_p05_s01,0.25,541,0.6971781849861145,1.677257776260376,0.652083694934845,0.0,0,-0.10769569873809814,-0.49609375
f60_a1_p05_s01,0.5,541,0.7421448826789856,1.4492948055267334,0.7060515880584717,0.0,0,-0.0627279281616211,-0.2109375
f60_a1_p05_s01,0.75,541,0.7774554491043091,1.264689564704895,0.747427761554718,0.0,0,-0.02741849422454834,0.01953125
f60_a1_p05_s01,1.0,541,0.8048746585845947,1.1171982288360596,0.7731748223304749,0.0,0,0.0,0.0
f60_a1_p05_s02,0.0,1371,0.519782543182373,2.4675538539886475,0.41662853956222534,0.0,0,0.1764669418334961,0.18750011920928955
f60_a1_p05_s02,0.25,1371,0.48549091815948486,2.650087356567383,0.39810651540756226,0.0,0,0.1421777307987213,0.28515636920928955
f60_a1_p05_s02,0.5,1371,0.44343143701553345,2.8431224822998047,0.37104323506355286,0.0,0,0.10011762380599976,0.3828125
f60_a1_p05_s02,0.75,1371,0.3952808082103729,3.0357236862182617,0.3196926712989807,0.0,0,0.051965415477752686,0.224609375
f60_a1_p05_s02,1.0,1371,0.3433193564414978,3.217289686203003,0.2611342966556549,0.0,0,2.1457672119140625e-06,0.0
f60_a1_p05_s03,0.0,29889,0.3736979067325592,2.4924063682556152,0.24455134570598602,0.0,0,0.08790788054466248,0.15624988079071045
f60_a1_p05_s03,0.25,29889,0.3539699614048004,2.53818678855896,0.22874028980731964,0.0,0,0.06817981600761414,0.1328125
f60_a1_p05_s03,0.5,29889,0.33214348554611206,2.601407527923584,0.21184909343719482,0.0,0,0.04635348916053772,0.109375
f60_a1_p05_s03,0.75,29889,0.3092912435531616,2.6720993518829346,0.19461694359779358,0.0,0,0.02350020408630371,0.08593738079071045
f60_a1_p05_s03,1.0,29889,0.28580930829048157,2.7476346492767334,0.1703319251537323,0.0,0,1.704692840576172e-05,0.0
f60_a1_p05_s04,0.0,29885,0.9806190729141235,0.11844643205404282,0.969022810459137,0.0,0,0.008445203304290771,0.3125
f60_a1_p05_s04,0.25,29885,0.9789363145828247,0.12590450048446655,0.9664192795753479,0.0,0,0.006753742694854736,0.234375
f60_a1_p05_s04,0.5,29885,0.9769726991653442,0.13480974733829498,0.963465690612793,0.0,0,0.004791557788848877,0.1562504768371582
f60_a1_p05_s04,0.75,29885,0.9747329354286194,0.14491745829582214,0.9601618647575378,0.0,0,0.0025535225868225098,0.078125
f60_a1_p05_s04,1.0,29885,0.9721941351890564,0.15623420476913452,0.956480085849762,0.0,0,1.621246337890625e-05,0.0
f60_a2_p05_s00,0.0,13,0.3283601701259613,4.30299711227417,0.2562290132045746,1.0,1,-0.07907655835151672,0.3281247615814209
f60_a2_p05_s00,0.25,306,0.11961767822504044,5.428829193115234,0.06431528925895691,0.0,0,-0.03158942610025406,-0.41601550579071045
f60_a2_p05_s00,0.5,306,0.13387729227542877,5.405226707458496,0.08165457844734192,0.0,0,-0.017330199480056763,-0.24609386920928955
f60_a2_p05_s00,0.75,306,0.14345139265060425,5.343146800994873,0.09623844921588898,0.0,0,-0.007755890488624573,-0.07617199420928955
f60_a2_p05_s00,1.0,306,0.15120777487754822,5.286658763885498,0.10509201139211655,0.0,0,1.1920928955078125e-07,0.0
f60_a2_p05_s01,0.0,541,0.639900267124176,1.9600480794906616,0.5848532915115356,0.0,0,-0.12417054176330566,-0.546875
f60_a2_p05_s01,0.25,541,0.6834529042243958,1.7380988597869873,0.6373052597045898,0.0,0,-0.08061760663986206,-0.3046875
f60_a2_p05_s01,0.5,541,0.717378556728363,1.560899257659912,0.6793588995933533,0.0,0,-0.046691834926605225,-0.0625
f60_a2_p05_s01,0.75,541,0.7438595294952393,1.4174554347991943,0.7096081376075745,0.0,0,-0.020210981369018555,0.078125
f60_a2_p05_s01,1.0,541,0.7640708684921265,1.3033936023712158,0.7260299921035767,0.0,0,0.0,0.0
f60_a2_p05_s02,0.0,29889,0.44838714599609375,2.271528959274292,0.23986774682998657,0.0,0,0.10088148713111877,0.265625
f60_a2_p05_s02,0.25,29889,0.4326576590538025,2.308650016784668,0.2176383137702942,0.0,0,0.08515295386314392,0.19921875
f60_a2_p05_s02,0.5,29889,0.40784990787506104,2.3952667713165283,0.19124248623847961,0.0,0,0.060347527265548706,0.1328125
f60_a2_p05_s02,0.75,29889,0.3790653944015503,2.49931263923645,0.1639224886894226,0.0,0,0.03154823184013367,0.06640625
f60_a2_p05_s02,1.0,29889,0.34753620624542236,2.6153597831726074,0.13674484193325043,0.0,0,1.5467405319213867e-05,0.0
f60_a2_p05_s03,0.0,21682,0.08184771239757538,4.6145501136779785,0.005557253956794739,1.0,2,-0.0175863578915596,-0.03125
f60_a2_p05_s03,0.25,21682,0.07891710847616196,4.58784818649292,0.0024280324578285217,1.0,2,-0.012768872082233429,-0.0703125
f60_a2_p05_s03,0.5,437,0.0788409560918808,4.560244083404541,0.002723604440689087,0.0,0,-0.008208587765693665,-0.06640625
f60_a2_p05_s03,0.75,437,0.08311056345701218,4.5317792892456055,0.00787963718175888,0.0,0,-0.003938905894756317,-0.001953125
f60_a2_p05_s03,1.0,437,0.0870501920580864,4.50279426574707,0.008406899869441986,0.0,0,5.662441253662109e-07,0.0
f60_a2_p05_s04,0.0,2675,0.7662384510040283,1.3107608556747437,0.6575627326965332,0.0,0,-0.04392355680465698,-0.359375
f60_a2_p05_s04,0.25,2675,0.78013676404953,1.2498705387115479,0.678997278213501,0.0,0,-0.030024349689483643,-0.26953125
f60_a2_p05_s04,0.5,2675,0.7916978597640991,1.2017751932144165,0.6978788375854492,0.0,0,-0.018463313579559326,-0.1796875
f60_a2_p05_s04,0.75,2675,0.8016197681427002,1.1617051362991333,0.7147875428199768,0.0,0,-0.008539974689483643,-0.0898435115814209
f60_a2_p05_s04,1.0,2675,0.8101633787155151,1.127935767173767,0.7299463748931885,0.0,0,2.9802322387695312e-06,0.0
f60_a3_p05_s00,0.0,13,0.3283601701259613,4.30299711227417,0.2562290132045746,1.0,1,-0.07495057582855225,0.3359372615814209
f60_a3_p05_s00,0.25,306,0.11926014721393585,5.448557376861572,0.06561028957366943,0.0,0,-0.027821049094200134,-0.38085925579071045
f60_a3_p05_s00,0.5,306,0.13200643658638,5.427474498748779,0.08325391262769699,0.0,0,-0.0150747150182724,-0.18359386920928955
f60_a3_p05_s00,0.75,306,0.14042748510837555,5.37714147567749,0.09784973412752151,0.0,0,-0.006654173135757446,0.01367175579071045
f60_a3_p05_s00,1.0,306,0.14708179235458374,5.332263946533203,0.10187256336212158,0.0,0,-7.450580596923828e-08,0.0
f60_a3_p05_s01,0.0,541,0.6626654267311096,1.8054314851760864,0.6074139475822449,0.0,0,-0.06868332624435425,-0.28125
f60_a3_p05_s01,0.25,541,0.6891607046127319,1.6672471761703491,0.6413377523422241,0.0,0,-0.04218798875808716,-0.0976564884185791
f60_a3_p05_s01,0.5,541,0.7085430026054382,1.563506841659546,0.6625340580940247,0.0,0,-0.02280527353286743,-0.0312502384185791
f60_a3_p05_s01,0.75,541,0.7224230766296387,1.4840259552001953,0.676240086555481,0.0,0,-0.00892549753189087,-0.015625
f60_a3_p05_s01,1.0,541,0.7313488721847534,1.4263132810592651,0.6853201389312744,0.0,0,-5.960464477539063e-08,0.0
f60_a3_p05_s02,0.0,30010,0.878070056438446,0.6092084646224976,0.8406773209571838,0.0,0,0.06761568784713745,0.6875
f60_a3_p05_s02,0.25,30010,0.8641256093978882,0.6562430262565613,0.8219354748725891,0.0,0,0.05367499589920044,0.5507814884185791
f60_a3_p05_s02,0.5,30010,0.8482274413108826,0.7093150615692139,0.7984674572944641,0.0,0,0.037768661975860596,0.3671875
f60_a3_p05_s02,0.75,30010,0.8303751349449158,0.7670321464538574,0.7718454599380493,0.0,0,0.019917845726013184,0.1835935115814209
f60_a3_p05_s02,1.0,30010,0.8104814887046814,0.8288319110870361,0.7418412566184998,0.0,0,2.658367156982422e-05,0.0
f60_a3_p05_s03,0.0,12220,0.4319179356098175,1.4610815048217773,0.14419856667518616,1.0,1,-0.1785622239112854,-0.15625
f60_a3_p05_s03,0.25,12220,0.39061158895492554,1.5038280487060547,0.05910387635231018,1.0,1,-0.13477161526679993,-0.3984375596046448
f60_a3_p05_s03,0.5,304,0.3768482506275177,1.5428706407546997,0.02832058072090149,0.0,0,-0.08943018317222595,-0.4843750596046448
f60_a3_p05_s03,0.75,304,0.42237189412117004,1.5770528316497803,0.11576277017593384,0.0,0,-0.04390835762023926,-0.24218755960464478
f60_a3_p05_s03,1.0,304,0.4662870168685913,1.6082290410995483,0.20060470700263977,0.0,0,7.569789886474609e-06,0.0
f60_a3_p05_s04,0.0,445,0.5046709179878235,1.6472259759902954,0.20331814885139465,0.0,0,0.06647855043411255,0.023437440395355225
f60_a3_p05_s04,0.25,445,0.49046584963798523,1.7453845739364624,0.19587424397468567,0.0,0,0.05227378010749817,0.017578125
f60_a3_p05_s04,0.5,445,0.47468647360801697,1.8563169240951538,0.18789702653884888,0.0,0,0.03649485111236572,0.01171875
f60_a3_p05_s04,0.75,445,0.45728710293769836,1.9800184965133667,0.1793861985206604,0.0,0,0.01909574866294861,0.005859315395355225
f60_a3_p05_s04,1.0,445,0.4381946325302124,2.1170132160186768,0.17033159732818604,0.0,0,2.562999725341797e-06,0.0
f60_a4_p05_s00,0.0,13,0.3283601701259613,4.30299711227417,0.2562290132045746,1.0,1,-0.06839405000209808,0.3437497615814209
f60_a4_p05_s00,0.25,306,0.11843203008174896,5.4675469398498535,0.06674341857433319,0.0,0,-0.02209228277206421,-0.34277331829071045
f60_a4_p05_s00,0.5,306,0.1292913854122162,5.4539079666137695,0.08434690535068512,0.0,0,-0.011232942342758179,-0.11523449420928955
f60_a4_p05_s00,0.75,306,0.13587190210819244,5.416825294494629,0.09705783426761627,0.0,0,-0.00465315580368042,0.08105456829071045
f60_a4_p05_s00,1.0,306,0.14052526652812958,5.385198593139648,0.09699257463216782,0.0,0,5.960464477539063e-08,0.0
f60_a4_p05_s01,0.0,10753,0.33266234397888184,2.9331297874450684,0.16275502741336823,0.0,0,-0.014295369386672974,-0.4921875
f60_a4_p05_s01,0.25,10753,0.34127524495124817,2.976433038711548,0.18864752352237701,0.0,0,-0.005682647228240967,-0.359375
f60_a4_p05_s01,0.5,10753,0.34653159976005554,3.0349748134613037,0.21082787215709686,0.0,0,-0.0004273951053619385,-0.22656261920928955
f60_a4_p05_s01,0.75,10753,0.3485037386417389,3.104628562927246,0.22900132834911346,0.0,0,0.001544266939163208,-0.09375
f60_a4_p05_s01,1.0,10753,0.34696459770202637,3.1854681968688965,0.23863697052001953,0.0,0,4.470348358154297e-06,0.0
f60_a4_p05_s02,0.0,4556,0.5279776453971863,2.2553021907806396,0.37312227487564087,0.0,0,0.15883415937423706,0.234375
f60_a4_p05_s02,0.25,4556,0.4931974411010742,2.4330344200134277,0.3398140072822571,0.0,0,0.12405624985694885,0.17578125
f60_a4_p05_s02,0.5,4556,0.4546184539794922,2.6318604946136475,0.30470120906829834,0.0,0,0.08547645807266235,0.1171875
f60_a4_p05_s02,0.75,4556,0.41300931572914124,2.845459222793579,0.2685946524143219,0.0,0,0.04386588931083679,0.05859375
f60_a4_p05_s02,1.0,4556,0.3691485524177551,3.068199634552002,0.23228126764297485,0.0,0,3.7550926208496094e-06,0.0
f60_a4_p05_s03,0.0,4556,0.9168152213096619,0.5468014478683472,0.8916073441505432,0.0,0,0.08076101541519165,0.5078125
f60_a4_p05_s03,0.25,4556,0.9056893587112427,0.6112664937973022,0.8776913285255432,0.0,0,0.0696374773979187,0.390625
f60_a4_p05_s03,0.5,4556,0.8884426355361938,0.7119402289390564,0.8575630784034729,0.0,0,0.0523906946182251,0.2734375
f60_a4_p05_s03,0.75,4556,0.8655107617378235,0.843982458114624,0.8316880464553833,0.0,0,0.029458940029144287,0.15625
f60_a4_p05_s03,1.0,4556,0.8360570073127747,1.0111877918243408,0.7978599071502686,0.0,0,5.066394805908203e-06,0.0
f60_a4_p05_s04,0.0,592,0.9902982115745544,0.0860266461968422,0.9884452819824219,0.0,0,-0.00010770559310913086,-0.2265625
f60_a4_p05_s04,0.25,592,0.9925127029418945,0.0700720027089119,0.9912635087966919,0.0,0,0.0021071434020996094,0.1699213981628418
f60_a4_p05_s04,0.5,592,0.9924752116203308,0.07132058590650558,0.9915772080421448,0.0,0,0.0020696520805358887,0.5
f60_a4_p05_s04,0.75,592,0.9917452931404114,0.0777978003025055,0.9905931353569031,0.0,0,0.0013394951820373535,0.2499995231628418
f60_a4_p05_s04,1.0,592,0.9904059767723083,0.08899278193712234,0.9889285564422607,0.0,0,0.0,0.0
f60_a0_p06_s00,0.0,306,0.20795907080173492,3.3065712451934814,0.0757722407579422,0.0,0,-0.05389420688152313,-0.4609375
f60_a0_p06_s00,0.25,306,0.23551008105278015,3.244608163833618,0.10210442543029785,0.0,0,-0.02634263038635254,-0.34570324420928955
f60_a0_p06_s00,0.5,306,0.2466706931591034,3.203568935394287,0.12215142697095871,0.0,0,-0.015182048082351685,-0.23046875
f60_a0_p06_s00,0.75,306,0.25517362356185913,3.179450035095215,0.1403822898864746,0.0,0,-0.0066794753074646,-0.11523425579071045
f60_a0_p06_s00,1.0,306,0.2618533670902252,3.1620032787323,0.15687836706638336,0.0,0,2.682209014892578e-07,0.0
f60_a0_p06_s01,0.0,310,0.9963542222976685,0.037925105541944504,0.9957248568534851,0.0,0,-0.0014075040817260742,-0.3515625
f60_a0_p06_s01,0.25,310,0.9971405267715454,0.031107332557439804,0.9967858195304871,0.0,0,-0.0006211400032043457,0.22265625
f60_a0_p06_s01,0.5,310,0.997510552406311,0.027763012796640396,0.997165322303772,0.0,0,-0.00025081634521484375,0.2500004768371582
f60_a0_p06_s01,0.75,310,0.9976925849914551,0.025990376248955727,0.9973012804985046,0.0,0,-6.914138793945312e-05,0.125
f60_a0_p06_s01,1.0,310,0.9977617263793945,0.025199126452207565,0.9973183274269104,0.0,0,0.0,0.0
f60_a0_p06_s02,0.0,577,0.6724507808685303,1.5949968099594116,0.5882837176322937,0.0,0,0.034338414669036865,0.0390625
f60_a0_p06_s02,0.25,577,0.6669189929962158,1.6452391147613525,0.5886547565460205,0.0,0,0.02880716323852539,0.103515625
f60_a0_p06_s02,0.5,577,0.6593252420425415,1.706883192062378,0.5833003520965576,0.0,0,0.021213412284851074,0.12109375
f60_a0_p06_s02,0.75,577,0.649729311466217,1.7799301147460938,0.570134699344635,0.0,0,0.011617481708526611,0.060546875
f60_a0_p06_s02,1.0,577,0.6381131410598755,1.8648526668548584,0.5550622940063477,0.0,0,9.5367431640625e-07,0.0
f60_a0_p06_s03,0.0,29889,0.5282288789749146,1.6012599468231201,0.24548837542533875,0.0,0,-0.005837142467498779,-0.515625
f60_a0_p06_s03,0.25,29889,0.5395603775978088,1.6630899906158447,0.2856837511062622,0.0,0,0.00549471378326416,-0.3867186903953552
f60_a0_p06_s03,0.5,29889,0.5446478128433228,1.7424694299697876,0.31937170028686523,0.0,0,0.010583341121673584,-0.2578125
f60_a0_p06_s03,0.75,29889,0.5430196523666382,1.8398858308792114,0.3455812335014343,0.0,0,0.008955240249633789,-0.12890625
f60_a0_p06_s03,1.0,29889,0.5340873599052429,1.9557113647460938,0.3633827567100525,0.0,0,2.2530555725097656e-05,0.0
f60_a0_p06_s04,0.0,372,0.9620386958122253,0.26301512122154236,0.948738157749176,0.0,0,0.023417234420776367,0.484375
f60_a0_p06_s04,0.25,372,0.9580060839653015,0.2862204611301422,0.9430562853813171,0.0,0,0.01938474178314209,0.3632817268371582
f60_a0_p06_s04,0.5,372,0.9527266025543213,0.31792986392974854,0.9359452724456787,0.0,0,0.014104902744293213,0.2421875
f60_a0_p06_s04,0.75,372,0.9463181495666504,0.3566414415836334,0.9275040030479431,0.0,0,0.007696568965911865,0.12109375
f60_a0_p06_s04,1.0,372,0.9386217594146729,0.4031684100627899,0.9175583720207214,0.0,0,-5.960464477539063e-08,0.0
f60_a1_p06_s00,0.0,306,0.20795907080173492,3.3065712451934814,0.0757722407579422,0.0,0,-0.048640355467796326,-0.39843761920928955
f60_a1_p06_s00,0.25,306,0.23431499302387238,3.2436583042144775,0.09949617087841034,0.0,0,-0.02228379249572754,-0.298828125
f60_a1_p06_s00,0.5,306,0.24390505254268646,3.205749273300171,0.11687353253364563,0.0,0,-0.012693911790847778,-0.19921886920928955
f60_a1_p06_s00,0.75,306,0.2510831952095032,3.1847503185272217,0.13271132111549377,0.0,0,-0.0055162906646728516,-0.09960949420928955
f60_a1_p06_s00,1.0,306,0.2565995156764984,3.170907735824585,0.14709630608558655,0.0,0,2.980232238769531e-07,0.0
f60_a1_p06_s01,0.0,310,0.9963542222976685,0.037925105541944504,0.9957248568534851,0.0,0,-0.0012335777282714844,-0.3046875
f60_a1_p06_s01,0.25,310,0.9970645308494568,0.031815748661756516,0.9966935515403748,0.0,0,-0.0005232095718383789,0.2246088981628418
f60_a1_p06_s01,0.5,310,0.9973936080932617,0.028912149369716644,0.9970402121543884,0.0,0,-0.00019413232803344727,0.2734375
f60_a1_p06_s01,0.75,310,0.9975467324256897,0.027470095083117485,0.9971414804458618,0.0,0,-4.13060188293457e-05,0.13671875
f60_a1_p06_s01,1.0,310,0.9975878000259399,0.026988200843334198,0.9971231818199158,0.0,0,-5.960464477539063e-08,0.0
f60_a1_p06_s02,0.0,577,0.6724507808685303,1.5949968099594116,0.5882837176322937,0.0,0,0.04626357555389404,0.078125
f60_a1_p06_s02,0.25,577,0.6640267968177795,1.6552820205688477,0.5851834416389465,0.0,0,0.03784024715423584,0.130859375
f60_a1_p06_s02,0.5,577,0.6534872651100159,1.7274842262268066,0.5766493678092957,0.0,0,0.027300655841827393,0.140625
f60_a1_p06_s02,0.75,577,0.6408819556236267,1.8116649389266968,0.5600370168685913,0.0,0,0.014695227146148682,0.0703125
f60_a1_p06_s02,1.0,577,0.6261879801750183,1.9083489179611206,0.5414426326751709,0.0,0,1.1920928955078125e-06,0.0
f60_a1_p06_s03,0.0,29889,0.5282288789749146,1.6012599468231201,0.24548837542533875,0.0,0,-0.01164311170578003,-0.53125
f60_a1_p06_s03,0.25,29889,0.5410095453262329,1.6604280471801758,0.28744348883628845,0.0,0,0.0011382102966308594,-0.3984375
f60_a1_p06_s03,0.5,29889,0.547529399394989,1.7373909950256348,0.32282376289367676,0.0,0,0.007659256458282471,-0.265625
f60_a1_p06_s03,0.75,29889,0.54734867811203,1.832753300666809,0.35065484046936035,0.0,0,0.007477700710296631,-0.1328125
f60_a1_p06_s03,1.0,29889,0.5398933291435242,1.9471449851989746,0.37000834941864014,0.0,0,2.276897430419922e-05,0.0
f60_a1_p06_s04,0.0,372,0.9620386958122253,0.26301512122154236,0.948738157749176,0.0,0,0.025756895542144775,0.5
f60_a1_p06_s04,0.25,372,0.9576132893562317,0.28881850838661194,0.9426111578941345,0.0,0,0.021331429481506348,0.375
f60_a1_p06_s04,0.5,372,0.9518455266952515,0.3236772418022156,0.9349482655525208,0.0,0,0.015563726425170898,0.25
f60_a1_p06_s04,0.75,372,0.9448068141937256,0.36635369062423706,0.9258012771606445,0.0,0,0.008525073528289795,0.125
f60_a1_p06_s04,1.0,372,0.9362820982933044,0.41798135638237,0.9149402976036072,0.0,0,-5.960464477539063e-08,0.0
f60_a2_p06_s00,0.0,306,0.20795907080173492,3.3065712451934814,0.0757722407579422,0.0,0,-0.04388396441936493,-0.3515625
f60_a2_p06_s00,0.25,306,0.23328252136707306,3.2446296215057373,0.09747554361820221,0.0,0,-0.018559768795967102,-0.263671875
f60_a2_p06_s00,0.5,306,0.24153229594230652,3.210693597793579,0.11275337636470795,0.0,0,-0.01031041145324707,-0.17578136920928955
f60_a2_p06_s00,0.75,306,0.2474861741065979,3.1936936378479004,0.12663522362709045,0.0,0,-0.0043569207191467285,-0.08789074420928955
f60_a2_p06_s00,1.0,306,0.251843124628067,3.184399366378784,0.13921192288398743,0.0,0,1.4901161193847656e-07,0.0
f60_a2_p06_s01,0.0,310,0.9954172372817993,0.04529886320233345,0.9944659471511841,0.0,0,-0.0016794800758361816,-0.984375
f60_a2_p06_s01,0.25,310,0.9963089823722839,0.0381450317800045,0.995648205280304,0.0,0,-0.0007877349853515625,-0.6191401481628418
f60_a2_p06_s01,0.5,310,0.9967731833457947,0.03443305194377899,0.9963143467903137,0.0,0,-0.00032335519790649414,-0.2539057731628418
f60_a2_p06_s01,0.75,310,0.9970120191574097,0.032503318041563034,0.9966307878494263,0.0,0,-8.499622344970703e-05,-0.068359375
f60_a2_p06_s01,1.0,310,0.9970968961715698,0.031830236315727234,0.9967408180236816,0.0,0,-1.7881393432617188e-07,0.0
f60_a2_p06_s02,0.0,577,0.6570001840591431,1.695572018623352,0.5701445937156677,0.0,0,0.05875706672668457,0.14843761920928955
f60_a2_p06_s02,0.25,577,0.6450247168540955,1.758110523223877,0.5579004883766174,0.0,0,0.04678159952163696,0.12695348262786865
f60_a2_p06_s02,0.5,577,0.6312116384506226,1.8313016891479492,0.5441015958786011,0.0,0,0.03296905755996704,0.1054689884185791
f60_a2_p06_s02,0.75,577,0.615618109703064,1.9152147769927979,0.5286452770233154,0.0,0,0.017375171184539795,0.08203136920928955
f60_a2_p06_s02,1.0,577,0.5982440710067749,2.010279655456543,0.5065003633499146,0.0,0,8.940696716308594e-07,0.0
f60_a2_p06_s03,0.0,1131,0.16187784075737,3.502931594848633,0.006201446056365967,0.0,0,0.02986249327659607,-0.5625
f60_a2_p06_s03,0.25,1131,0.1571279764175415,3.626152515411377,0.02686430513858795,0.0,0,0.02511259913444519,-0.4140625
f60_a2_p06_s03,0.5,1131,0.15034520626068115,3.743600606918335,0.04289833456277847,0.0,0,0.018330112099647522,-0.265625
f60_a2_p06_s03,0.75,1131,0.14185687899589539,3.854278564453125,0.05446139723062515,0.0,0,0.009840592741966248,-0.1171875
f60_a2_p06_s03,1.0,1131,0.13202093541622162,3.957200288772583,0.05967942625284195,0.0,0,3.3080577850341797e-06,0.0
f60_a2_p06_s04,0.0,306,0.6751810908317566,1.4987082481384277,0.5336554646492004,0.0,0,-0.1154298186302185,-0.953125
f60_a2_p06_s04,0.25,306,0.7416766881942749,1.3762149810791016,0.6758491396903992,0.0,0,-0.04893290996551514,-0.09375
f60_a2_p06_s04,0.5,306,0.7728410363197327,1.2829288244247437,0.7190013527870178,0.0,0,-0.01776754856109619,0.1484375
f60_a2_p06_s04,0.75,306,0.7861841917037964,1.2212531566619873,0.7271953821182251,0.0,0,-0.004425644874572754,0.0742185115814209
f60_a2_p06_s04,1.0,306,0.7906109690666199,1.18555748462677,0.7267197966575623,0.0,0,-5.960464477539063e-08,0.0
f60_a3_p06_s00,0.0,306,0.20795907080173492,3.3065712451934814,0.0757722407579422,0.0,0,-0.03916412591934204,-0.3125
f60_a3_p06_s00,0.25,306,0.23232720792293549,3.2452759742736816,0.09574909508228302,0.0,0,-0.014795348048210144,-0.234375
f60_a3_p06_s00,0.5,306,0.23930589854717255,3.2145211696624756,0.10919752717018127,0.0,0,-0.00781683623790741,-0.15625011920928955
f60_a3_p06_s00,0.75,306,0.24401244521141052,3.2008659839630127,0.12131527066230774,0.0,0,-0.00311066210269928,-0.07812511920928955
f60_a3_p06_s00,1.0,306,0.24712328612804413,3.195568799972534,0.13220027089118958,0.0,0,1.9371509552001953e-07,0.0
f60_a3_p06_s01,0.0,13,0.5999963283538818,2.3314003944396973,0.547569215297699,1.0,1,-0.2214110940694809,2.1171875
f60_a3_p06_s01,0.25,13,0.5150241255760193,2.5922956466674805,0.4253513813018799,1.0,1,-0.18416404724121094,1.427734375
f60_a3_p06_s01,0.5,13,0.408547043800354,2.8326008319854736,0.26680436730384827,1.0,1,-0.13209134340286255,0.73828125
f60_a3_p06_s01,0.75,13,0.2972283959388733,2.9821360111236572,0.0917460173368454,1.0,1,-0.06835108995437622,0.048828125
f60_a3_p06_s01,1.0,739,0.2738382816314697,3.00923490524292,0.07505300641059875,0.0,0,2.5331974029541016e-06,0.0
f60_a3_p06_s02,0.0,2398,0.3226241171360016,2.2656161785125732,0.04232344031333923,1.0,1,-0.04494452476501465,-0.2265625
f60_a3_p06_s02,0.25,2398,0.30223390460014343,2.2988593578338623,0.004103988409042358,1.0,1,-0.02711385488510132,-0.353515625
f60_a3_p06_s02,0.5,960,0.3122797906398773,2.3623464107513428,0.03344529867172241,0.0,0,-0.0129624605178833,-0.25390625
f60_a3_p06_s02,0.75,960,0.321812242269516,2.4520645141601562,0.06872507929801941,0.0,0,-0.003430306911468506,-0.126953125
f60_a3_p06_s02,1.0,960,0.32524731755256653,2.5688958168029785,0.09995508193969727,0.0,0,3.4570693969726562e-06,0.0
f60_a3_p06_s03,0.0,4480,0.1979907751083374,2.9232053756713867,0.014879226684570312,0.0,0,0.06476627290248871,-0.015625
f60_a3_p06_s03,0.25,4480,0.18546071648597717,3.0459954738616943,0.020508527755737305,0.0,0,0.05223760008811951,0.0234375
f60_a3_p06_s03,0.5,4480,0.17018970847129822,3.181293249130249,0.024618729948997498,0.0,0,0.03696650266647339,0.0625
f60_a3_p06_s03,0.75,4480,0.1525832861661911,3.328491449356079,0.027071699500083923,0.0,0,0.01935972273349762,0.1015625
f60_a3_p06_s03,1.0,4480,0.13322633504867554,3.4875874519348145,0.011922366917133331,0.0,0,1.341104507446289e-06,0.0
f60_a3_p06_s04,0.0,29892,0.9595040678977966,0.24232107400894165,0.9386345148086548,0.0,0,0.12128192186355591,1.265625
f60_a3_p06_s04,0.25,29892,0.9444021582603455,0.32139497995376587,0.9162159562110901,0.0,0,0.10618257522583008,0.94921875
f60_a3_p06_s04,0.5,29892,0.9224866032600403,0.43533235788345337,0.8847073316574097,0.0,0,0.08427125215530396,0.6328125
f60_a3_p06_s04,0.75,29892,0.8895983099937439,0.6060917973518372,0.8396062850952148,0.0,0,0.05138891935348511,0.31640625
f60_a3_p06_s04,1.0,29892,0.8382258415222168,0.8711833953857422,0.7735887765884399,0.0,0,1.6391277313232422e-05,0.0
f60_a4_p06_s00,0.0,306,0.20795907080173492,3.3065712451934814,0.0757722407579422,0.0,0,-0.0352218896150589,-0.28125
f60_a4_p06_s00,0.25,306,0.23160384595394135,3.245816469192505,0.094383105635643,0.0,0,-0.011576488614082336,-0.21093761920928955
f60_a4_p06_s00,0.5,306,0.23754853010177612,3.2177906036376953,0.10636177659034729,0.0,0,-0.005631938576698303,-0.140625
f60_a4_p06_s00,0.75,306,0.24118110537528992,3.2073023319244385,0.11703171581029892,0.0,0,-0.0019997358322143555,-0.07031238079071045
f60_a4_p06_s00,1.0,306,0.243181049823761,3.2059974670410156,0.12650151550769806,0.0,0,1.4901161193847656e-08,0.0
f60_a4_p06_s01,0.0,13,0.5999963283538818,2.3314003944396973,0.547569215297699,1.0,1,-0.2522677928209305,1.71875
f60_a4_p06_s01,0.25,13,0.49477195739746094,2.672821521759033,0.399602472782135,1.0,1,-0.20952358096837997,0.9296875
f60_a4_p06_s01,0.5,13,0.3687160909175873,2.957411527633667,0.21259190142154694,1.0,1,-0.14856375753879547,0.14062511920928955
f60_a4_p06_s01,0.75,13,0.24619005620479584,3.0954861640930176,0.01671569049358368,1.0,1,-0.07521358132362366,-0.6484375
f60_a4_p06_s01,1.0,739,0.3046949803829193,3.0708370208740234,0.15619850158691406,0.0,0,2.86102294921875e-06,0.0
f60_a4_p06_s02,0.0,2398,0.3226241171360016,2.2656161785125732,0.04232344031333923,1.0,1,-0.04929584264755249,-0.328125
f60_a4_p06_s02,0.25,960,0.30021458864212036,2.306345224380493,0.003497600555419922,0.0,0,-0.029379963874816895,-0.45703125
f60_a4_p06_s02,0.5,960,0.3158721625804901,2.3769030570983887,0.04779496788978577,0.0,0,-0.013721346855163574,-0.3046875
f60_a4_p06_s02,0.75,960,0.3261878788471222,2.473015069961548,0.08847413957118988,0.0,0,-0.0034058690071105957,-0.15234375
f60_a4_p06_s02,1.0,960,0.32959863543510437,2.5952224731445312,0.12334108352661133,0.0,0,3.546476364135742e-06,0.0
f60_a4_p06_s03,0.0,4480,0.1979907751083374,2.9232053756713867,0.014879226684570312,0.0,0,0.0595378577709198,-0.171875
f60_a4_p06_s03,0.25,4480,0.18677590787410736,3.0464038848876953,0.021301627159118652,0.0,0,0.04832395911216736,-0.12890625
f60_a4_p06_s03,0.5,4480,0.1729159653186798,3.1847403049468994,0.02616409957408905,0.0,0,0.03446434438228607,-0.0859375
f60_a4_p06_s03,0.75,4480,0.1566719263792038,3.3382608890533447,0.02929854393005371,0.0,0,0.0182197242975235,-0.04296875
f60_a4_p06_s03,1.0,4480,0.13845475018024445,3.5072221755981445,0.030626095831394196,0.0,0,1.4603137969970703e-06,0.0
f60_a4_p06_s04,0.0,3309,0.9497063755989075,0.3100646436214447,0.9331084489822388,0.0,0,0.12951618432998657,0.8515625
f60_a4_p06_s04,0.25,3309,0.931681215763092,0.4087583124637604,0.9115352034568787,0.0,0,0.11149364709854126,0.6386716365814209
f60_a4_p06_s04,0.5,3309,0.9063156247138977,0.544707179069519,0.8820685744285583,0.0,0,0.08612942695617676,0.42578125
f60_a4_p06_s04,0.75,3309,0.8705366849899292,0.7322985529899597,0.8417213559150696,0.0,0,0.05035114288330078,0.2128903865814209
f60_a4_p06_s04,1.0,3309,0.8201919198036194,0.9907508492469788,0.7866020202636719,0.0,0,4.5299530029296875e-06,0.0
f60_a0_p07_s00,0.0,29973,0.7683782577514648,1.39712655544281,0.7215068936347961,0.0,0,0.012844681739807129,-0.0625
f60_a0_p07_s00,0.25,29973,0.7736970782279968,1.379183292388916,0.7272329330444336,0.0,0,0.018161535263061523,-0.046875
f60_a0_p07_s00,0.5,29973,0.7708545327186584,1.3961191177368164,0.7252788543701172,0.0,0,0.015318572521209717,-0.03125
f60_a0_p07_s00,0.75,29973,0.7644392251968384,1.4297648668289185,0.7199435234069824,0.0,0,0.008902490139007568,-0.015625
f60_a0_p07_s00,1.0,29973,0.7555488348007202,1.4747064113616943,0.7122524380683899,0.0,0,1.0907649993896484e-05,0.0
f60_a0_p07_s01,0.0,304,0.5932211875915527,1.0178256034851074,0.24448445439338684,0.0,0,0.04394793510437012,0.10937505960464478
f60_a0_p07_s01,0.25,304,0.5833141207695007,1.0540804862976074,0.2308955192565918,0.0,0,0.03404051065444946,0.08203125
f60_a0_p07_s01,0.5,304,0.572702169418335,1.0970826148986816,0.21710333228111267,0.0,0,0.02342844009399414,0.0546875
f60_a0_p07_s01,0.75,304,0.561386227607727,1.1466301679611206,0.20315080881118774,0.0,0,0.012112259864807129,0.027343809604644775
f60_a0_p07_s01,1.0,304,0.5492759943008423,1.2034870386123657,0.189052015542984,0.0,0,1.8477439880371094e-06,0.0
f60_a0_p07_s02,0.0,1965,0.997757613658905,0.021630387753248215,0.9971323013305664,0.0,0,0.003954708576202393,1.4375
f60_a0_p07_s02,0.25,1965,0.9971876740455627,0.026441611349582672,0.9962924718856812,0.0,0,0.0033847689628601074,1.078125
f60_a0_p07_s02,0.5,1965,0.9963962435722351,0.03300788626074791,0.9951149225234985,0.0,0,0.0025931596755981445,0.71875
f60_a0_p07_s02,0.75,1965,0.9953075051307678,0.04179732874035835,0.9934741258621216,0.0,0,0.0015047192573547363,0.359375
f60_a0_p07_s02,1.0,1965,0.9938029050827026,0.05358846113085747,0.9911806583404541,0.0,0,1.7881393432617188e-07,0.0
f60_a0_p07_s03,0.0,278,0.9268314838409424,0.42620542645454407,0.9028921723365784,0.0,0,0.03602832555770874,0.4375
f60_a0_p07_s03,0.25,278,0.9196011424064636,0.4603743851184845,0.8931032419204712,0.0,0,0.028797924518585205,0.3281252384185791
f60_a0_p07_s03,0.5,278,0.9112734198570251,0.49929139018058777,0.8819805979728699,0.0,0,0.020470738410949707,0.21875
f60_a0_p07_s03,0.75,278,0.9017347097396851,0.5428334474563599,0.8693982362747192,0.0,0,0.010931611061096191,0.109375
f60_a0_p07_s03,1.0,278,0.890803337097168,0.5912854671478271,0.8551667332649231,0.0,0,1.1920928955078125e-07,0.0
f60_a0_p07_s04,0.0,896,0.8484295010566711,0.9663248062133789,0.8041614890098572,0.0,0,0.08337801694869995,0.546875
f60_a0_p07_s04,0.25,896,0.8318396806716919,1.0510047674179077,0.7820785641670227,0.0,0,0.06678909063339233,0.41015625
f60_a0_p07_s04,0.5,896,0.8125529289245605,1.147392988204956,0.7568243145942688,0.0,0,0.04750251770019531,0.2734377384185791
f60_a0_p07_s04,0.75,896,0.7903658747673035,1.2556878328323364,0.728217363357544,0.0,0,0.02531576156616211,0.13671875
f60_a0_p07_s04,1.0,896,0.7650526762008667,1.3761652708053589,0.6960811018943787,0.0,0,1.9073486328125e-06,0.0
f60_a1_p07_s00,0.0,29973,0.7683782577514648,1.39712655544281,0.7215068936347961,0.0,0,0.02095210552215576,-0.0390625
f60_a1_p07_s00,0.25,29973,0.7724037170410156,1.38618803024292,0.7257446646690369,0.0,0,0.024976134300231934,-0.029296875
f60_a1_p07_s00,0.5,29973,0.7675004005432129,1.4132604598999023,0.721588134765625,0.0,0,0.0200728178024292,-0.01953125
f60_a1_p07_s00,0.75,29973,0.7588130831718445,1.4578254222869873,0.7138615846633911,0.0,0,0.01138448715209961,-0.009765625
f60_a1_p07_s00,1.0,29973,0.7474414110183716,1.5139433145523071,0.7035938501358032,0.0,0,1.1920928955078125e-05,0.0
f60_a1_p07_s01,0.0,982,0.990706741809845,0.08999466896057129,0.9888091087341309,0.0,0,0.0017418861389160156,0.46875
f60_a1_p07_s01,0.25,982,0.9906721711158752,0.09037218242883682,0.9885386824607849,0.0,0,0.0017074942588806152,0.3515625
f60_a1_p07_s01,0.5,982,0.9903213381767273,0.0935530811548233,0.9879234433174133,0.0,0,0.0013568997383117676,0.2343754768371582
f60_a1_p07_s01,0.75,982,0.9897500872612,0.09861835092306137,0.9870555996894836,0.0,0,0.0007851123809814453,0.1171875
f60_a1_p07_s01,1.0,982,0.9889650344848633,0.10548955202102661,0.9859379529953003,0.0,0,0.0,0.0
f60_a1_p07_s02,0.0,29889,0.39416322112083435,2.1964097023010254,0.21925434470176697,0.0,0,0.06987309455871582,0.3125
f60_a1_p07_s02,0.25,29889,0.3800370991230011,2.2019057273864746,0.19981765747070312,0.0,0,0.05574265122413635,0.24609363079071045
f60_a1_p07_s02,0.5,29889,0.36281293630599976,2.2292041778564453,0.17605283856391907,0.0,0,0.03851744532585144,0.1640625
f60_a1_p07_s02,0.75,29889,0.34407734870910645,2.2671258449554443,0.15181991457939148,0.0,0,0.019781827926635742,0.08203125
f60_a1_p07_s02,1.0,29889,0.3243110775947571,2.3121514320373535,0.12760646641254425,0.0,0,1.5556812286376953e-05,0.0
f60_a1_p07_s03,0.0,304,0.7982100248336792,0.8304648995399475,0.6595019102096558,0.0,0,-0.0018317699432373047,-0.09375
f60_a1_p07_s03,0.25,304,0.8003745675086975,0.8278727531433105,0.6645122170448303,0.0,0,0.000333249568939209,-0.07031261920928955
f60_a1_p07_s03,0.5,304,0.8012063503265381,0.834683895111084,0.6683533191680908,0.0,0,0.001164078712463379,-0.046875
f60_a1_p07_s03,0.75,304,0.8010963201522827,0.8474730253219604,0.671338677406311,0.0,0,0.0010538101196289062,-0.02343738079071045
f60_a1_p07_s03,1.0,304,0.8000608086585999,0.8658699989318848,0.6734728217124939,0.0,0,1.8477439880371094e-05,0.0
f60_a1_p07_s04,0.0,1073,0.5846068859100342,1.6730833053588867,0.39775532484054565,0.0,0,0.010389983654022217,-0.078125
f60_a1_p07_s04,0.25,1073,0.5840342044830322,1.6815470457077026,0.40097612142562866,0.0,0,0.009817540645599365,-0.05859386920928955
f60_a1_p07_s04,0.5,1073,0.5821296572685242,1.6971322298049927,0.40319764614105225,0.0,0,0.007913351058959961,-0.0390625
f60_a1_p07_s04,0.75,1073,0.5788795948028564,1.7195382118225098,0.4043881297111511,0.0,0,0.004662811756134033,-0.01953125
f60_a1_p07_s04,1.0,1073,0.5742174386978149,1.748858094215393,0.40447908639907837,0.0,0,8.344650268554688e-07,0.0
f60_a2_p07_s00,0.0,29973,0.7683782577514648,1.39712655544281,0.7215068936347961,0.0,0,0.02740347385406494,-0.03125
f60_a2_p07_s00,0.25,29973,0.7715118527412415,1.3917382955551147,0.7249066829681396,0.0,0,0.03053504228591919,-0.021484375
f60_a2_p07_s00,0.5,29973,0.7649637460708618,1.4275344610214233,0.7192031741142273,0.0,0,0.02398681640625,-0.01171875
f60_a2_p07_s00,0.75,29973,0.7544324398040771,1.4815342426300049,0.7097404599189758,0.0,0,0.013454258441925049,-0.001953125
f60_a2_p07_s00,1.0,29973,0.7409900426864624,1.5473484992980957,0.6971800327301025,0.0,0,1.4066696166992188e-05,0.0
f60_a2_p07_s01,0.0,577,0.3434874415397644,2.5318291187286377,0.09608271718025208,0.0,0,0.07054716348648071,-0.203125
f60_a2_p07_s01,0.25,577,0.32888779044151306,2.66703200340271,0.10372798144817352,0.0,0,0.0559481680393219,-0.15234375
f60_a2_p07_s01,0.5,577,0.31212422251701355,2.808912754058838,0.10902111232280731,0.0,0,0.03918468952178955,-0.1015625
f60_a2_p07_s01,0.75,577,0.29339155554771423,2.955925226211548,0.11193081736564636,0.0,0,0.020451635122299194,-0.05078125
f60_a2_p07_s01,1.0,577,0.27294179797172546,3.106797933578491,0.11248759925365448,0.0,0,1.430511474609375e-06,0.0
f60_a2_p07_s02,0.0,306,0.19540256261825562,4.213252067565918,0.13809117674827576,0.0,0,-0.03342939913272858,-0.125
f60_a2_p07_s02,0.25,306,0.20490102469921112,4.200310230255127,0.14721880853176117,0.0,0,-0.023930922150611877,-0.083984375
f60_a2_p07_s02,0.5,306,0.21366246044635773,4.1886444091796875,0.15593092143535614,0.0,0,-0.01516944169998169,-0.04296863079071045
f60_a2_p07_s02,0.75,306,0.22165453433990479,4.178561687469482,0.1641703099012375,0.0,0,-0.007177382707595825,-0.001953125
f60_a2_p07_s02,1.0,306,0.2288322150707245,4.170820713043213,0.16960230469703674,0.0,0,2.682209014892578e-07,0.0
f60_a2_p07_s03,0.0,13,0.22217431664466858,3.9493658542633057,0.027631983160972595,1.0,1,-0.04567597806453705,-1.6484375
f60_a2_p07_s03,0.25,306,0.21730190515518188,4.1677374839782715,0.06351244449615479,0.0,0,-0.022916048765182495,-1.435546875
f60_a2_p07_s03,0.5,306,0.23106156289577484,4.320187091827393,0.12972314655780792,0.0,0,-0.00915612280368805,-0.9570313692092896
f60_a2_p07_s03,0.75,306,0.23827500641345978,4.428443431854248,0.17351482808589935,0.0,0,-0.0019429177045822144,-0.4785153865814209
f60_a2_p07_s03,1.0,306,0.2402183711528778,4.510145664215088,0.19975899159908295,0.0,0,-2.9802322387695312e-08,0.0
f60_a2_p07_s04,0.0,1784,0.9680458307266235,0.18694192171096802,0.94492107629776,0.0,0,0.024521291255950928,0.71875
f60_a2_p07_s04,0.25,1784,0.9641022086143494,0.19680766761302948,0.9365382194519043,0.0,0,0.02057778835296631,0.5390625
f60_a2_p07_s04,0.5,1784,0.9585602283477783,0.21515986323356628,0.9257600903511047,0.0,0,0.01503610610961914,0.3593747615814209
f60_a2_p07_s04,0.75,1784,0.9517335295677185,0.23809067904949188,0.9127565026283264,0.0,0,0.008209168910980225,0.1796875
f60_a2_p07_s04,1.0,1784,0.9435248970985413,0.265067458152771,0.89727783203125,0.0,0,5.364418029785156e-07,0.0
f60_a3_p07_s00,0.0,29973,0.7683782577514648,1.39712655544281,0.7215068936347961,0.0,0,0.03589355945587158,0.046875
f60_a3_p07_s00,0.25,29973,0.7700291872024536,1.3997912406921387,0.723148763179779,0.0,0,0.037542760372161865,0.0488278865814209
f60_a3_p07_s00,0.5,29973,0.7613494992256165,1.4464988708496094,0.7150879502296448,0.0,0,0.02886331081390381,0.05078125
f60_a3_p07_s00,0.75,29973,0.7484979629516602,1.5120664834976196,0.7031060457229614,0.0,0,0.016010284423828125,0.052734375
f60_a3_p07_s00,1.0,29973,0.7324999570846558,1.5897631645202637,0.6856728196144104,0.0,0,1.4185905456542969e-05,0.0
f60_a3_p07_s01,0.0,577,0.3434874415397644,2.5318291187286377,0.09608271718025208,0.0,0,0.07484027743339539,-0.1640625
f60_a3_p07_s01,0.25,577,0.3276015818119049,2.670245409011841,0.10112136602401733,0.0,0,0.05895507335662842,-0.123046875
f60_a3_p07_s01,0.5,577,0.3096979558467865,2.8164210319519043,0.10419893264770508,0.0,0,0.0410514771938324,-0.08203125
f60_a3_p07_s01,0.75,577,0.28996604681015015,2.9688801765441895,0.10529206693172455,0.0,0,0.02131912112236023,-0.041015625
f60_a3_p07_s01,1.0,577,0.2686486840248108,3.1263937950134277,0.1044270247220993,0.0,0,1.2218952178955078e-06,0.0
f60_a3_p07_s02,0.0,306,0.19540256261825562,4.213252067565918,0.13809117674827576,0.0,0,-0.032713547348976135,-0.140625
f60_a3_p07_s02,0.25,306,0.2048797458410263,4.205486297607422,0.14742837846279144,0.0,0,-0.023236334323883057,-0.095703125
f60_a3_p07_s02,0.5,306,0.2135152369737625,4.199023246765137,0.15627242624759674,0.0,0,-0.014600887894630432,-0.05078125
f60_a3_p07_s02,0.75,306,0.22127535939216614,4.19427490234375,0.1645580232143402,0.0,0,-0.006840735673904419,-0.005859375
f60_a3_p07_s02,1.0,306,0.22811636328697205,4.192118167877197,0.16998714208602905,0.0,0,2.682209014892578e-07,0.0
f60_a3_p07_s03,0.0,393,0.5001798272132874,2.4815776348114014,0.431956946849823,0.0,0,0.029642343521118164,0.0859375
f60_a3_p07_s03,0.25,393,0.49417275190353394,2.499044179916382,0.42570775747299194,0.0,0,0.023635566234588623,0.0703127384185791
f60_a3_p07_s03,0.5,393,0.4871603548526764,2.521489143371582,0.4186040163040161,0.0,0,0.01662302017211914,0.05468738079071045
f60_a3_p07_s03,0.75,393,0.47926074266433716,2.5481021404266357,0.41075399518013,0.0,0,0.00872337818145752,0.0390625
f60_a3_p07_s03,1.0,393,0.47053754329681396,2.5786635875701904,0.4005983769893646,0.0,0,0.0,0.0
f60_a3_p07_s04,0.0,278,0.5230674147605896,2.554952383041382,0.40543991327285767,0.0,0,0.018537700176239014,-0.18749988079071045
f60_a3_p07_s04,0.25,278,0.5208147764205933,2.5893192291259766,0.4090571999549866,0.0,0,0.016283929347991943,-0.140625
f60_a3_p07_s04,0.5,278,0.5169770121574402,2.6315314769744873,0.41112300753593445,0.0,0,0.01244652271270752,-0.09375
f60_a3_p07_s04,0.75,278,0.5115552544593811,2.6815760135650635,0.411607950925827,0.0,0,0.007024526596069336,-0.04687511920928955
f60_a3_p07_s04,1.0,278,0.5045315623283386,2.7396392822265625,0.4104706048965454,0.0,0,8.940696716308594e-07,0.0
f60_a4_p07_s00,0.0,29973,0.7683782577514648,1.39712655544281,0.7215068936347961,0.0,0,0.04198986291885376,0.109375
f60_a4_p07_s00,0.25,29973,0.7691149711608887,1.4058036804199219,0.7221986651420593,0.0,0,0.042724788188934326,0.109375
f60_a4_p07_s00,0.5,29973,0.7588945031166077,1.4614360332489014,0.7126016616821289,0.0,0,0.03250539302825928,0.109375
f60_a4_p07_s00,0.75,29973,0.7443352937698364,1.5365852117538452,0.698930561542511,0.0,0,0.017943918704986572,0.109375
f60_a4_p07_s00,1.0,29973,0.7264036536216736,1.624260425567627,0.6769712567329407,0.0,0,1.3589859008789062e-05,0.0
f60_a4_p07_s01,0.0,577,0.24845890700817108,3.55328369140625,0.16124162077903748,0.0,0,0.08410671353340149,0.53125
f60_a4_p07_s01,0.25,577,0.22715653479099274,3.671799898147583,0.1360912322998047,0.0,0,0.06280462443828583,0.3984375
f60_a4_p07_s01,0.5,577,0.20588839054107666,3.7956738471984863,0.11162581294775009,0.0,0,0.041536495089530945,0.265625
f60_a4_p07_s01,0.75,577,0.18488267064094543,3.9238228797912598,0.08821452409029007,0.0,0,0.020530447363853455,0.1328125
f60_a4_p07_s01,1.0,577,0.164353147149086,4.055517673492432,0.06621340662240982,0.0,0,4.470348358154297e-07,0.0
f60_a4_p07_s02,0.0,306,0.19371122121810913,4.204564571380615,0.13600119948387146,0.0,0,-0.03500570356845856,-0.1640625
f60_a4_p07_s02,0.25,306,0.20402030646800995,4.199265003204346,0.14636124670505524,0.0,0,-0.02469630539417267,-0.11132800579071045
f60_a4_p07_s02,0.5,306,0.21332116425037384,4.194881439208984,0.15613038837909698,0.0,0,-0.015395447611808777,-0.05859375
f60_a4_p07_s02,0.75,306,0.22156961262226105,4.1920881271362305,0.1648876816034317,0.0,0,-0.007147178053855896,-0.01171863079071045
f60_a4_p07_s02,1.0,306,0.22871702909469604,4.192020416259766,0.17088830471038818,0.0,0,2.2351741790771484e-07,0.0
f60_a4_p07_s03,0.0,13,0.2451276332139969,3.815349578857422,0.05570767819881439,1.0,1,-0.06084302067756653,-1.2421873807907104
f60_a4_p07_s03,0.25,306,0.22200019657611847,4.126855850219727,0.07740078866481781,0.0,0,-0.0282621830701828,-1.071288824081421
f60_a4_p07_s03,0.5,306,0.23982679843902588,4.29902982711792,0.1612023562192917,0.0,0,-0.01043538749217987,-0.38476550579071045
f60_a4_p07_s03,0.75,306,0.2481917440891266,4.395843505859375,0.19270440936088562,0.0,0,-0.002070888876914978,-0.0019530057907104492
f60_a4_p07_s03,1.0,306,0.250262975692749,4.46122932434082,0.19442175328731537,0.0,0,1.1920928955078125e-07,0.0
f60_a4_p07_s04,0.0,1784,0.967776358127594,0.1887470930814743,0.9442939758300781,0.0,0,0.044100284576416016,1.09375
f60_a4_p07_s04,0.25,1784,0.9614103436470032,0.20624560117721558,0.9307463765144348,0.0,0,0.03773486614227295,0.8203122615814209
f60_a4_p07_s04,0.5,1784,0.9520077705383301,0.23645879328250885,0.9120949506759644,0.0,0,0.028332889080047607,0.546875
f60_a4_p07_s04,0.75,1784,0.9396181106567383,0.2747119665145874,0.8878364562988281,0.0,0,0.015942871570587158,0.2734377384185791
f60_a4_p07_s04,1.0,1784,0.9236763715744019,0.32055044174194336,0.8567655086517334,0.0,0,1.7881393432617188e-07,0.0
f60_a0_p08_s00,0.0,29973,0.39549440145492554,3.0524954795837402,0.31761693954467773,0.0,0,0.031704992055892944,0.203125
f60_a0_p08_s00,0.25,29973,0.39821872115135193,3.025226593017578,0.33179956674575806,0.0,0,0.0344291627407074,0.36914074420928955
f60_a0_p08_s00,0.5,29973,0.3906526565551758,3.0321667194366455,0.31696391105651855,0.0,0,0.026863455772399902,0.24609375
f60_a0_p08_s00,0.75,29973,0.3787655830383301,3.0509226322174072,0.29796406626701355,0.0,0,0.0149766206741333,0.12304675579071045
f60_a0_p08_s00,1.0,29973,0.36380088329315186,3.076357364654541,0.2760298550128937,0.0,0,1.195073127746582e-05,0.0
f60_a0_p08_s01,0.0,29881,0.47353455424308777,1.1002941131591797,0.08096063137054443,1.0,1,-0.045578569173812866,0.109375
f60_a0_p08_s01,0.25,29881,0.4576062560081482,1.1046175956726074,0.05218958854675293,1.0,1,-0.03275379538536072,0.04296875
f60_a0_p08_s01,0.5,29881,0.4408341646194458,1.1098793745040894,0.023460745811462402,1.0,1,-0.020795434713363647,-0.0234375
f60_a0_p08_s01,0.75,29885,0.4283379018306732,1.1154118776321411,0.004990279674530029,0.0,0,-0.009828150272369385,-0.06640625
f60_a0_p08_s01,1.0,29885,0.4381882846355438,1.1209280490875244,0.03293037414550781,0.0,0,2.41696834564209e-05,0.0
f60_a0_p08_s02,0.0,29915,0.296676903963089,3.5128672122955322,0.2068997025489807,0.0,0,0.04651308059692383,0.2109375
f60_a0_p08_s02,0.25,29915,0.2871735692024231,3.5261452198028564,0.2019529640674591,0.0,0,0.03700953722000122,0.23046875
f60_a0_p08_s02,0.5,29915,0.2761808931827545,3.5454955101013184,0.19293178617954254,0.0,0,0.026016145944595337,0.21484375
f60_a0_p08_s02,0.75,29915,0.26380935311317444,3.5696675777435303,0.17664417624473572,0.0,0,0.013644635677337646,0.123046875
f60_a0_p08_s02,1.0,29915,0.2501705586910248,3.597332000732422,0.1566886603832245,0.0,0,5.334615707397461e-06,0.0
f60_a0_p08_s03,0.0,2599,0.1499064415693283,3.8530585765838623,0.05755174905061722,0.0,0,-0.046866804361343384,-0.1171875
f60_a0_p08_s03,0.25,2599,0.16360953450202942,3.808480739593506,0.06572281569242477,0.0,0,-0.03316313028335571,-0.087890625
f60_a0_p08_s03,0.5,2599,0.1761302947998047,3.7584056854248047,0.07379491627216339,0.0,0,-0.020642518997192383,-0.05859375
f60_a0_p08_s03,0.75,2599,0.1872406154870987,3.7050933837890625,0.0815909132361412,0.0,0,-0.009532392024993896,-0.029296875
f60_a0_p08_s03,1.0,2599,0.1967754364013672,3.6508688926696777,0.08895138651132584,0.0,0,2.115964889526367e-06,0.0
f60_a0_p08_s04,0.0,2086,0.2284238189458847,2.876314640045166,0.0505271852016449,0.0,0,-0.071745365858078,-0.296875
f60_a0_p08_s04,0.25,2086,0.24762848019599915,2.8821280002593994,0.06857028603553772,0.0,0,-0.05253998935222626,-0.22265625
f60_a0_p08_s04,0.5,2086,0.266162246465683,2.8892581462860107,0.08746936917304993,0.0,0,-0.03400611877441406,-0.1484375
f60_a0_p08_s04,0.75,2086,0.2837689220905304,2.898399829864502,0.10688318312168121,0.0,0,-0.01639917492866516,-0.07421875
f60_a0_p08_s04,1.0,2086,0.3001713454723358,2.9106974601745605,0.12644550204277039,0.0,0,3.0100345611572266e-06,0.0
f60_a1_p08_s00,0.0,29973,0.39549440145492554,3.0524954795837402,0.31761693954467773,0.0,0,0.03959473967552185,0.23437511920928955
f60_a1_p08_s00,0.25,29973,0.3960396647453308,3.031226634979248,0.3294658660888672,0.0,0,0.04013964533805847,0.39257824420928955
f60_a1_p08_s00,0.5,29973,0.38637322187423706,3.0445027351379395,0.3123439848423004,0.0,0,0.03047311305999756,0.26171875
f60_a1_p08_s00,0.75,29973,0.3725951910018921,3.068655490875244,0.2912250757217407,0.0,0,0.01669609546661377,0.130859375
f60_a1_p08_s00,1.0,29973,0.35591113567352295,3.0983147621154785,0.26731786131858826,0.0,0,1.1444091796875e-05,0.0
f60_a1_p08_s01,0.0,29881,0.47353455424308777,1.1002941131591797,0.08096063137054443,1.0,1,-0.037175267934799194,0.15625
f60_a1_p08_s01,0.25,29881,0.4605030417442322,1.1032077074050903,0.05727308988571167,1.0,1,-0.026516258716583252,0.1015625
f60_a1_p08_s01,0.5,29881,0.4465952217578888,1.107445478439331,0.033562153577804565,1.0,1,-0.016733258962631226,0.046875
f60_a1_p08_s01,0.75,29881,0.4319189786911011,1.112370252609253,0.010005354881286621,1.0,1,-0.007850587368011475,-0.0078125
f60_a1_p08_s01,1.0,29885,0.42978498339653015,1.1177231073379517,0.013223111629486084,0.0,0,2.2411346435546875e-05,0.0
f60_a1_p08_s02,0.0,29885,0.5863792896270752,1.1461706161499023,0.4018668532371521,0.0,0,-0.0017819404602050781,-0.125
f60_a1_p08_s02,0.25,29885,0.5889601111412048,1.144408941268921,0.4202202260494232,0.0,0,0.0007997751235961914,-0.03125
f60_a1_p08_s02,0.5,29885,0.5900574326515198,1.144139289855957,0.4361317753791809,0.0,0,0.0018975138664245605,0.0625
f60_a1_p08_s02,0.75,29885,0.5897846817970276,1.1444436311721802,0.4371274709701538,0.0,0,0.0016252398490905762,0.0703125
f60_a1_p08_s02,1.0,29885,0.5882154703140259,1.1449954509735107,0.4248739182949066,0.0,0,5.6684017181396484e-05,0.0
f60_a1_p08_s03,0.0,29873,0.9993630051612854,0.00800300296396017,0.9992434978485107,0.0,0,-0.00025767087936401367,-0.4921875
f60_a1_p08_s03,0.25,29873,0.9994713664054871,0.0067757307551801205,0.9993656873703003,0.0,0,-0.0001493692398071289,-0.3691415786743164
f60_a1_p08_s03,0.5,29873,0.9995371103286743,0.006033527664840221,0.9994436502456665,0.0,0,-8.386373519897461e-05,-0.24609375
f60_a1_p08_s03,0.75,29873,0.9995847344398499,0.005501017905771732,0.9995020627975464,0.0,0,-3.606081008911133e-05,-0.1230459213256836
f60_a1_p08_s03,1.0,29873,0.9996210336685181,0.005101694259792566,0.9995479583740234,0.0,0,3.5762786865234375e-07,0.0
f60_a1_p08_s04,0.0,3492,0.1313895285129547,3.8873229026794434,0.04037865996360779,1.0,1,-0.2481822967529297,-0.625
f60_a1_p08_s04,0.25,8439,0.15134675800800323,3.72686767578125,0.060619764029979706,0.0,0,-0.1878432184457779,-0.48046875
f60_a1_p08_s04,0.5,8439,0.2205096334218979,3.452423334121704,0.1334795355796814,0.0,0,-0.11867181956768036,-0.06250011920928955
f60_a1_p08_s04,0.75,8439,0.2867352068424225,3.1231143474578857,0.200135737657547,0.0,0,-0.052446335554122925,0.205078125
f60_a1_p08_s04,1.0,8439,0.3391960859298706,2.792043447494507,0.2134341299533844,0.0,0,1.5348196029663086e-05,0.0
f60_a2_p08_s00,0.0,29973,0.39549440145492554,3.0524954795837402,0.31761693954467773,0.0,0,0.047534674406051636,0.27343761920928955
f60_a2_p08_s00,0.25,29973,0.3938833475112915,3.037580966949463,0.3270222544670105,0.0,0,0.045923054218292236,0.42187511920928955
f60_a2_p08_s00,0.5,29973,0.382127970457077,3.0572304725646973,0.30746808648109436,0.0,0,0.03416752815246582,0.28125
f60_a2_p08_s00,0.75,29973,0.36643022298812866,3.0867269039154053,0.2840273380279541,0.0,0,0.018470555543899536,0.140625
f60_a2_p08_s00,1.0,29973,0.34797120094299316,3.120476484298706,0.2579038739204407,0.0,0,1.1444091796875e-05,0.0
f60_a2_p08_s01,0.0,1554,0.9477088451385498,0.3226286470890045,0.9297999739646912,0.0,0,0.007508516311645508,0.21875
f60_a2_p08_s01,0.25,1554,0.9468653798103333,0.3254387080669403,0.9279666543006897,0.0,0,0.006665349006652832,0.1640625
f60_a2_p08_s01,0.5,1554,0.9452024102210999,0.33411580324172974,0.9252764582633972,0.0,0,0.005002200603485107,0.109375
f60_a2_p08_s01,0.75,1554,0.9429734349250793,0.3464027941226959,0.9219770431518555,0.0,0,0.002773106098175049,0.0546875
f60_a2_p08_s01,1.0,1554,0.9402008056640625,0.36203092336654663,0.9180893898010254,0.0,0,4.172325134277344e-07,0.0
f60_a2_p08_s02,0.0,1492,0.2594202160835266,2.7611820697784424,0.06962434947490692,1.0,1,-0.09239909052848816,-0.359375
f60_a2_p08_s02,0.25,1492,0.22536630928516388,2.7201273441314697,0.010320276021957397,1.0,1,-0.06714865565299988,-0.625
f60_a2_p08_s02,0.5,541,0.23915927112102509,2.678396463394165,0.04698939621448517,0.0,0,-0.043035075068473816,-0.453125
f60_a2_p08_s02,0.75,541,0.2617396414279938,2.6297755241394043,0.10048653185367584,0.0,0,-0.02045503258705139,-0.1875
f60_a2_p08_s02,1.0,541,0.2821950614452362,2.5761632919311523,0.13806390762329102,0.0,0,3.5762786865234375e-07,0.0
f60_a2_p08_s03,0.0,13,0.5944265723228455,1.5119436979293823,0.32227823138237,0.0,0,0.13139450550079346,-0.7031250596046448
f60_a2_p08_s03,0.25,13,0.723476767539978,1.7253477573394775,0.6717799305915833,0.0,0,0.26047009229660034,1.154296875
f60_a2_p08_s03,0.5,13,0.6675702929496765,2.0625452995300293,0.597483217716217,0.0,0,0.20455551147460938,0.7695310115814209
f60_a2_p08_s03,0.75,13,0.5716753005981445,2.512627601623535,0.48349085450172424,0.0,0,0.10864663124084473,0.384765625
f60_a2_p08_s03,1.0,13,0.46303218603134155,2.983499765396118,0.35808873176574707,0.0,0,3.5762786865234375e-07,0.0
f60_a2_p08_s04,0.0,304,0.772911012172699,0.6944357752799988,0.6385992169380188,0.0,0,-0.04126995801925659,0.0
f60_a2_p08_s04,0.25,304,0.7860376834869385,0.6640316247940063,0.6494448184967041,0.0,0,-0.028142809867858887,0.0
f60_a2_p08_s04,0.5,304,0.7971107959747314,0.6360105872154236,0.6585937142372131,0.0,0,-0.017069458961486816,0.0
f60_a2_p08_s04,0.75,304,0.8064089417457581,0.6104199290275574,0.6662760972976685,0.0,0,-0.007771670818328857,0.0
f60_a2_p08_s04,1.0,304,0.8141809105873108,0.5873135328292847,0.6726974844932556,0.0,0,5.960464477539063e-08,0.0
f60_a3_p08_s00,0.0,29973,0.39549440145492554,3.0524954795837402,0.31761693954467773,0.0,0,0.05648219585418701,0.30468761920928955
f60_a3_p08_s00,0.25,29973,0.3913980722427368,3.044896364212036,0.3244377374649048,0.0,0,0.0523853600025177,0.4453125
f60_a3_p08_s00,0.5,29973,0.3772842288017273,3.071863889694214,0.3024098873138428,0.0,0,0.038271427154541016,0.296875
f60_a3_p08_s00,0.75,29973,0.3594394624233246,3.1077089309692383,0.2766917943954468,0.0,0,0.020427078008651733,0.14843761920928955
f60_a3_p08_s00,1.0,29973,0.3390236794948578,3.146576404571533,0.24848678708076477,0.0,0,1.1235475540161133e-05,0.0
f60_a3_p08_s01,0.0,306,0.9246527552604675,0.5679032802581787,0.9138878583908081,0.0,0,0.010630667209625244,0.078125
f60_a3_p08_s01,0.25,306,0.9239436388015747,0.5752341747283936,0.9129748344421387,0.0,0,0.009921789169311523,0.05859375
f60_a3_p08_s01,0.5,306,0.9219202995300293,0.5920538306236267,0.9107596278190613,0.0,0,0.007898092269897461,0.0390625
f60_a3_p08_s01,0.75,306,0.9186622500419617,0.6174989342689514,0.9073216915130615,0.0,0,0.00464022159576416,0.01953125
f60_a3_p08_s01,1.0,306,0.9140222072601318,0.6524865031242371,0.9025163650512695,0.0,0,-1.1920928955078125e-07,0.0
f60_a3_p08_s02,0.0,363,0.27478134632110596,2.887545347213745,0.06409917771816254,1.0,1,-0.03791971504688263,0.0078125
f60_a3_p08_s02,0.25,363,0.2562854290008545,2.9183380603790283,0.03231225907802582,1.0,1,-0.024628132581710815,-0.123046875
f60_a3_p08_s02,0.5,363,0.2354220449924469,2.9769394397735596,0.0009178370237350464,1.0,1,-0.014096766710281372,-0.25390625
f60_a3_p08_s02,0.75,304,0.24283826351165771,3.045762300491333,0.02895238995552063,0.0,0,-0.005762994289398193,-0.130859375
f60_a3_p08_s02,1.0,304,0.24860617518424988,3.1245639324188232,0.056498199701309204,0.0,0,4.947185516357422e-06,0.0
f60_a3_p08_s03,0.0,29889,0.48397383093833923,1.7709197998046875,0.19497987627983093,0.0,0,-0.05258062481880188,-0.2812500596046448
f60_a3_p08_s03,0.25,29889,0.503445565700531,1.718979835510254,0.22323590517044067,0.0,0,-0.0331076979637146,-0.21093755960464478
f60_a3_p08_s03,0.5,29889,0.5161710381507874,1.7173190116882324,0.2483850121498108,0.0,0,-0.0203821063041687,-0.14062505960464478
f60_a3_p08_s03,0.75,29889,0.5271583199501038,1.7275643348693848,0.2722412049770355,0.0,0,-0.00939410924911499,-0.0703125
f60_a3_p08_s03,1.0,29889,0.5365789532661438,1.7461721897125244,0.29472389817237854,0.0,0,2.5451183319091797e-05,0.0
f60_a3_p08_s04,0.0,541,0.784757137298584,1.327736258506775,0.7531166672706604,0.0,0,0.05793309211730957,0.40625
f60_a3_p08_s04,0.25,541,0.7768190503120422,1.3721283674240112,0.7465214729309082,0.0,0,0.049995243549346924,0.439453125
f60_a3_p08_s04,0.5,541,0.7646756172180176,1.4356565475463867,0.7358256578445435,0.0,0,0.03785228729248047,0.47265625
f60_a3_p08_s04,0.75,541,0.7481333017349243,1.5173084735870361,0.7125916481018066,0.0,0,0.021309494972229004,0.2421875
f60_a3_p08_s04,1.0,541,0.7268243432044983,1.6169840097427368,0.6828328371047974,0.0,0,5.960464477539063e-08,0.0
f60_a4_p08_s00,0.0,29973,0.39549440145492554,3.0524954795837402,0.31761693954467773,0.0,0,0.06378978490829468,0.33593761920928955
f60_a4_p08_s00,0.25,29973,0.3894333243370056,3.0508382320404053,0.32228660583496094,0.0,0,0.0577278733253479,0.46875011920928955
f60_a4_p08_s00,0.5,29973,0.37341195344924927,3.0835909843444824,0.2981390953063965,0.0,0,0.041706860065460205,0.3125
f60_a4_p08_s00,0.75,29973,0.3537883162498474,3.1243176460266113,0.2704101800918579,0.0,0,0.02208283543586731,0.15625
f60_a4_p08_s00,1.0,29973,0.3317160904407501,3.166942596435547,0.2403186857700348,0.0,0,1.0788440704345703e-05,0.0
f60_a4_p08_s01,0.0,306,0.9246527552604675,0.5679032802581787,0.9138878583908081,0.0,0,0.017870068550109863,0.1796875
f60_a4_p08_s01,0.25,306,0.9224613308906555,0.5845888257026672,0.9112284779548645,0.0,0,0.015678584575653076,0.134765625
f60_a4_p08_s01,0.5,306,0.9187842607498169,0.6117616891860962,0.9070821404457092,0.0,0,0.012001454830169678,0.08984375
f60_a4_p08_s01,0.75,306,0.9136331081390381,0.6489843130111694,0.9014619588851929,0.0,0,0.006850302219390869,0.0449213981628418
f60_a4_p08_s01,1.0,306,0.9067828059196472,0.6976345777511597,0.8941478729248047,0.0,0,-1.1920928955078125e-07,0.0
f60_a4_p08_s02,0.0,363,0.27478134632110596,2.887545347213745,0.06409917771816254,1.0,1,-0.012341126799583435,0.1171875
f60_a4_p08_s02,0.25,363,0.2569102942943573,2.93393874168396,0.03844708204269409,1.0,1,-0.004559442400932312,0.013671875
f60_a4_p08_s02,0.5,363,0.23634323477745056,3.0113253593444824,0.013450324535369873,1.0,1,-0.0001291334629058838,-0.08984375
f60_a4_p08_s02,0.75,304,0.2245296686887741,3.10162615776062,0.009863123297691345,0.0,0,0.0015070289373397827,-0.103515625
f60_a4_p08_s02,1.0,304,0.22302758693695068,3.2039642333984375,0.030765801668167114,0.0,0,4.1425228118896484e-06,0.0
f60_a4_p08_s03,0.0,29889,0.48397383093833923,1.7709197998046875,0.19497987627983093,0.0,0,-0.047897785902023315,-0.28125
f60_a4_p08_s03,0.25,29889,0.502800703048706,1.7236435413360596,0.22294995188713074,0.0,0,-0.029070258140563965,-0.21093755960464478
f60_a4_p08_s03,0.5,29889,0.5143968462944031,1.730949878692627,0.24753129482269287,0.0,0,-0.01747351884841919,-0.140625
f60_a4_p08_s03,0.75,29889,0.5240921974182129,1.7507048845291138,0.2706577777862549,0.0,0,-0.007777273654937744,-0.07031244039535522
f60_a4_p08_s03,1.0,29889,0.5318961143493652,1.7805466651916504,0.2921517491340637,0.0,0,2.574920654296875e-05,0.0
f60_a4_p08_s04,0.0,304,0.8466681838035583,0.5585676431655884,0.7284467816352844,0.0,0,0.039311349391937256,0.21874988079071045
f60_a4_p08_s04,0.25,304,0.8379368782043457,0.5807139277458191,0.7143579125404358,0.0,0,0.030580103397369385,0.1640622615814209
f60_a4_p08_s04,0.5,304,0.8284373879432678,0.6061490774154663,0.6993917226791382,0.0,0,0.02108234167098999,0.1093747615814209
f60_a4_p08_s04,0.75,304,0.8182559609413147,0.6336016058921814,0.6836316585540771,0.0,0,0.010901033878326416,0.05468738079071045
f60_a4_p08_s04,1.0,304,0.8073590993881226,0.6630915403366089,0.6670610904693604,0.0,0,4.0531158447265625e-06,0.0
f60_a0_p09_s00,0.0,13,0.4076008200645447,3.157839298248291,0.31302982568740845,1.0,2,-0.050139330327510834,1.3515626192092896
f60_a0_p09_s00,0.25,13,0.1338229775428772,4.2621169090271,0.0074308812618255615,1.0,1,0.002024903893470764,-0.05224609375
f60_a0_p09_s00,0.5,1724,0.13679470121860504,4.474319934844971,0.01748024672269821,0.0,0,0.012426629662513733,0.02734375
f60_a0_p09_s00,0.75,1724,0.13270941376686096,4.501983165740967,0.01536480337381363,0.0,0,0.008340895175933838,0.013671875
f60_a0_p09_s00,1.0,1724,0.12436901032924652,4.5273237228393555,0.01288534700870514,0.0,0,1.4901161193847656e-07,0.0
f60_a0_p09_s01,0.0,12949,0.5886203050613403,0.8174687027931213,0.20259368419647217,0.0,0,0.04473942518234253,0.078125
f60_a0_p09_s01,0.25,12949,0.5809454321861267,0.8318421244621277,0.19243770837783813,0.0,0,0.037064552307128906,0.05859375
f60_a0_p09_s01,0.5,12949,0.5708267688751221,0.8645145893096924,0.1815567910671234,0.0,0,0.026946544647216797,0.0390625
f60_a0_p09_s01,0.75,12949,0.5586246252059937,0.9068008661270142,0.170162171125412,0.0,0,0.01474374532699585,0.01953125
f60_a0_p09_s01,1.0,12949,0.5438878536224365,0.9580618739128113,0.15821364521980286,0.0,0,7.68899917602539e-06,0.0
f60_a0_p09_s02,0.0,1724,0.2627955973148346,2.828944683074951,0.09312200546264648,0.0,0,-0.04688185453414917,-0.40625
f60_a0_p09_s02,0.25,1724,0.29546526074409485,2.916731595993042,0.13101407885551453,0.0,0,-0.014211148023605347,-0.2578125
f60_a0_p09_s02,0.5,1724,0.31112733483314514,2.9779253005981445,0.1522190421819687,0.0,0,0.0014510750770568848,-0.171875
f60_a0_p09_s02,0.75,1724,0.3147432506084442,3.040147066116333,0.16722604632377625,0.0,0,0.005066365003585815,-0.0859375
f60_a0_p09_s02,1.0,1724,0.30967801809310913,3.1115260124206543,0.17648717761039734,0.0,0,6.854534149169922e-07,0.0
f60_a0_p09_s03,0.0,1339,0.9964884519577026,0.03002050332725048,0.9951868057250977,0.0,0,0.0053594112396240234,1.453125
f60_a0_p09_s03,0.25,1339,0.9977037310600281,0.01948581077158451,0.9961132407188416,0.0,0,0.0065749287605285645,1.25390625
f60_a0_p09_s03,0.5,1339,0.9965503215789795,0.027317842468619347,0.9941373467445374,0.0,0,0.00542140007019043,0.8359375
f60_a0_p09_s03,0.75,1339,0.9945077300071716,0.04115147516131401,0.9908502101898193,0.0,0,0.0033792853355407715,0.41796875
f60_a0_p09_s03,1.0,1339,0.9911292791366577,0.062848761677742,0.9855929017066956,0.0,0,8.940696716308594e-07,0.0
f60_a0_p09_s04,0.0,526,0.7496635913848877,0.8749440908432007,0.5925256013870239,0.0,0,0.1551864743232727,0.484375
f60_a0_p09_s04,0.25,526,0.7217715978622437,0.9817737340927124,0.55100417137146,0.0,0,0.12729746103286743,0.36328125
f60_a0_p09_s04,0.5,526,0.6880122423171997,1.129162311553955,0.5042772889137268,0.0,0,0.0935397744178772,0.2421875
f60_a0_p09_s04,0.75,526,0.6465286016464233,1.3321878910064697,0.45164573192596436,0.0,0,0.052055180072784424,0.12109375
f60_a0_p09_s04,1.0,526,0.5944774150848389,1.614346981048584,0.39221668243408203,0.0,0,1.7881393432617188e-06,0.0
f60_a1_p09_s00,0.0,13,0.4076008200645447,3.157839298248291,0.31302982568740845,1.0,2,-0.04817233979701996,1.3554688692092896
f60_a1_p09_s00,0.25,1724,0.1299125850200653,4.34220552444458,0.01803027093410492,0.0,0,0.007514633238315582,0.0439455509185791
f60_a1_p09_s00,0.5,1724,0.137203186750412,4.505294322967529,0.01729847490787506,0.0,0,0.014802403748035431,0.029296875
f60_a1_p09_s00,0.75,1724,0.13141660392284393,4.53309440612793,0.014874190092086792,0.0,0,0.009014807641506195,0.0146484375
f60_a1_p09_s00,1.0,1724,0.12240201979875565,4.569854259490967,0.012252122163772583,0.0,0,1.4901161193847656e-07,0.0
f60_a1_p09_s01,0.0,12949,0.5886203050613403,0.8174687027931213,0.20259368419647217,0.0,0,0.05121111869812012,0.109375
f60_a1_p09_s01,0.25,12949,0.579124927520752,0.8332899212837219,0.18879711627960205,0.0,0,0.04171562194824219,0.08203125
f60_a1_p09_s01,0.5,12949,0.567308247089386,0.8666669726371765,0.17434531450271606,0.0,0,0.029900074005126953,0.0546875
f60_a1_p09_s01,0.75,12949,0.5535387396812439,0.9093637466430664,0.15948471426963806,0.0,0,0.016129672527313232,0.02734375
f60_a1_p09_s01,1.0,12949,0.5374161601066589,0.9610245823860168,0.14423415064811707,0.0,0,7.748603820800781e-06,0.0
f60_a1_p09_s02,0.0,1724,0.2627955973148346,2.828944683074951,0.09312200546264648,0.0,0,-0.041531890630722046,-0.375
f60_a1_p09_s02,0.25,1724,0.30160245299339294,2.9344711303710938,0.13241881132125854,0.0,0,-0.00272253155708313,-0.234375
f60_a1_p09_s02,0.5,1724,0.3152327537536621,2.9943974018096924,0.15169216692447662,0.0,0,0.010908335447311401,-0.15625
f60_a1_p09_s02,0.75,1724,0.314200758934021,3.059326648712158,0.1634455919265747,0.0,0,0.009874165058135986,-0.078125
f60_a1_p09_s02,1.0,1724,0.304328054189682,3.1395797729492188,0.16928330063819885,0.0,0,5.960464477539062e-07,0.0
f60_a1_p09_s03,0.0,1339,0.9964884519577026,0.03002050332725048,0.9951868057250977,0.0,0,0.006023049354553223,1.515625
f60_a1_p09_s03,0.25,1339,0.9976587295532227,0.019843855872750282,0.9960432648658752,0.0,0,0.007193565368652344,1.3007817268371582
f60_a1_p09_s03,0.5,1339,0.9964255690574646,0.028214946389198303,0.99393630027771,0.0,0,0.005960583686828613,0.8671875
f60_a1_p09_s03,0.75,1339,0.9942078590393066,0.04315139353275299,0.9903759956359863,0.0,0,0.003743112087249756,0.43359375
f60_a1_p09_s03,1.0,1339,0.9904656410217285,0.06698178499937057,0.9845761060714722,0.0,0,9.5367431640625e-07,0.0
f60_a1_p09_s04,0.0,526,0.7496635913848877,0.8749440908432007,0.5925256013870239,0.0,0,0.15141397714614868,0.46875
f60_a1_p09_s04,0.25,526,0.7228156924247742,0.9799717664718628,0.5524680018424988,0.0,0,0.12456917762756348,0.3515625
f60_a1_p09_s04,0.5,526,0.6900948882102966,1.1260921955108643,0.50723797082901,0.0,0,0.09184974431991577,0.234375
f60_a1_p09_s04,0.75,526,0.6495637893676758,1.3288205862045288,0.4560471773147583,0.0,0,0.05131775140762329,0.1171875
f60_a1_p09_s04,1.0,526,0.5982499122619629,1.6123799085617065,0.3978613018989563,0.0,0,1.6689300537109375e-06,0.0
f60_a2_p09_s00,0.0,13,0.4076008200645447,3.157839298248291,0.31302982568740845,1.0,2,-0.04649967700242996,1.3554688692092896
f60_a2_p09_s00,0.25,1724,0.1321650892496109,4.395871162414551,0.018342889845371246,0.0,0,0.011439427733421326,0.0439455509185791
f60_a2_p09_s00,0.5,1724,0.13701319694519043,4.530411243438721,0.01727452129125595,0.0,0,0.016285568475723267,0.029296875
f60_a2_p09_s00,0.75,1724,0.13017231225967407,4.566097736358643,0.014733359217643738,0.0,0,0.00944337248802185,0.0146484375
f60_a2_p09_s00,1.0,1724,0.12072935700416565,4.614386558532715,0.012084700167179108,0.0,0,2.9802322387695312e-08,0.0
f60_a2_p09_s01,0.0,12949,0.5886203050613403,0.8174687027931213,0.20259368419647217,0.0,0,0.05442327260971069,0.125
f60_a2_p09_s01,0.25,12949,0.5781871676445007,0.8345597386360168,0.1869661509990692,0.0,0,0.043990254402160645,0.09375
f60_a2_p09_s01,0.5,12949,0.5655229091644287,0.8686185479164124,0.1707243025302887,0.0,0,0.0313267707824707,0.0625
f60_a2_p09_s01,0.75,12949,0.5509873032569885,0.9118464589118958,0.15412604808807373,0.0,0,0.01679074764251709,0.03125
f60_a2_p09_s01,1.0,12949,0.5342040061950684,0.9641746282577515,0.13721731305122375,0.0,0,7.808208465576172e-06,0.0
f60_a2_p09_s02,0.0,1724,0.2627955973148346,2.828944683074951,0.09312200546264648,0.0,0,-0.034447550773620605,-0.3515625
f60_a2_p09_s02,0.25,1724,0.3068789541721344,2.9471545219421387,0.13372384011745453,0.0,0,0.009638816118240356,-0.216796875
f60_a2_p09_s02,0.5,1724,0.31694531440734863,3.004957437515259,0.15057800710201263,0.0,0,0.019705384969711304,-0.14453125
f60_a2_p09_s02,0.75,1724,0.3111332058906555,3.0776851177215576,0.15920254588127136,0.0,0,0.01389080286026001,-0.072265625
f60_a2_p09_s02,1.0,1724,0.29724371433258057,3.171677589416504,0.16221466660499573,0.0,0,5.066394805908203e-07,0.0
f60_a2_p09_s03,0.0,1339,0.9964884519577026,0.03002050332725048,0.9951868057250977,0.0,0,0.006782889366149902,1.59375
f60_a2_p09_s03,0.25,1339,0.9976059198379517,0.02025778405368328,0.995958685874939,0.0,0,0.007900595664978027,1.359375
f60_a2_p09_s03,0.5,1339,0.9962826371192932,0.02921431139111519,0.9936946034431458,0.0,0,0.006577610969543457,0.90625
f60_a2_p09_s03,0.75,1339,0.9938642978668213,0.04536260664463043,0.9898025989532471,0.0,0,0.004159450531005859,0.453125
f60_a2_p09_s03,1.0,1339,0.9897058010101318,0.07153557240962982,0.9833425879478455,0.0,0,1.4901161193847656e-06,0.0
f60_a2_p09_s04,0.0,1339,0.9955293536186218,0.03344648703932762,0.9925527572631836,0.0,0,0.008145451545715332,1.4375
f60_a2_p09_s04,0.25,1339,0.995561957359314,0.02962682768702507,0.9912980794906616,0.0,0,0.008178234100341797,1.078125
f60_a2_p09_s04,0.5,1339,0.9937665462493896,0.03881528601050377,0.987669825553894,0.0,0,0.00638270378112793,0.7187504768371582
f60_a2_p09_s04,0.75,1339,0.9911404252052307,0.051744334399700165,0.9824303388595581,0.0,0,0.003756582736968994,0.3593754768371582
f60_a2_p09_s04,1.0,1339,0.9873839616775513,0.06901762634515762,0.9749546051025391,0.0,0,1.7881393432617188e-07,0.0
f60_a3_p09_s00,0.0,13,0.4076008200645447,3.157839298248291,0.31302982568740845,1.0,2,-0.04413331300020218,1.3632813692092896
f60_a3_p09_s00,0.25,1724,0.13369989395141602,4.438259124755859,0.018330782651901245,0.0,0,0.015340611338615417,0.0498046875
f60_a3_p09_s00,0.5,1724,0.13618014752864838,4.5538458824157715,0.016703695058822632,0.0,0,0.017818555235862732,0.033203125
f60_a3_p09_s00,0.75,1724,0.12833786010742188,4.59991979598999,0.013856902718544006,0.0,0,0.009975552558898926,0.0166015625
f60_a3_p09_s00,1.0,1724,0.11836299300193787,4.659277439117432,0.011012420058250427,0.0,0,8.940696716308594e-08,0.0
f60_a3_p09_s01,0.0,12949,0.5886203050613403,0.8174687027931213,0.20259368419647217,0.0,0,0.0645020604133606,0.171875
f60_a3_p09_s01,0.25,12949,0.5754570364952087,0.8363765478134155,0.18149349093437195,0.0,0,0.051339030265808105,0.12890625
f60_a3_p09_s01,0.5,12949,0.560176432132721,0.8715364933013916,0.15983641147613525,0.0,0,0.03605908155441284,0.0859375
f60_a3_p09_s01,0.75,12949,0.5431689620018005,0.9155272841453552,0.13794025778770447,0.0,0,0.019051432609558105,0.04296875
f60_a3_p09_s01,1.0,12949,0.5241252183914185,0.968569278717041,0.11593613028526306,0.0,0,7.867813110351562e-06,0.0
f60_a3_p09_s02,0.0,1724,0.2627955973148346,2.828944683074951,0.09312200546264648,0.0,0,-0.024181604385375977,-0.3125
f60_a3_p09_s02,0.25,1724,0.31053319573402405,2.956291913986206,0.13359670341014862,0.0,0,0.023559868335723877,-0.1875
f60_a3_p09_s02,0.5,1724,0.31543564796447754,3.015763759613037,0.14659512042999268,0.0,0,0.02846166491508484,-0.125
f60_a3_p09_s02,0.75,1724,0.3046509325504303,3.1025538444519043,0.15146282315254211,0.0,0,0.017674744129180908,-0.0625
f60_a3_p09_s02,1.0,1724,0.28697776794433594,3.213524103164673,0.15141907334327698,0.0,0,3.5762786865234375e-07,0.0
f60_a3_p09_s03,0.0,1339,0.9964884519577026,0.03002050332725048,0.9951868057250977,0.0,0,0.007849454879760742,1.6875
f60_a3_p09_s03,0.25,1339,0.9975357055664062,0.020818522199988365,0.9958494901657104,0.0,0,0.008897006511688232,1.4296879768371582
f60_a3_p09_s03,0.5,1339,0.9960924983024597,0.030561234802007675,0.9933807849884033,0.0,0,0.007453978061676025,0.9531254768371582
f60_a3_p09_s03,0.75,1339,0.9933956265449524,0.04840494692325592,0.9890401363372803,0.0,0,0.004757821559906006,0.4765625
f60_a3_p09_s03,1.0,1339,0.988639235496521,0.07795588672161102,0.9816581606864929,0.0,0,1.430511474609375e-06,0.0
f60_a3_p09_s04,0.0,1339,0.9955293536186218,0.03344648703932762,0.9925527572631836,0.0,0,0.009375452995300293,1.53125
f60_a3_p09_s04,0.25,1339,0.9954527020454407,0.030270874500274658,0.9910881519317627,0.0,0,0.009298920631408691,1.1484375
f60_a3_p09_s04,0.5,1339,0.9934654831886292,0.040405046194791794,0.987078070640564,0.0,0,0.007311701774597168,0.7656245231628418
f60_a3_p09_s04,0.75,1339,0.9904966354370117,0.05486421659588814,0.9811581373214722,0.0,0,0.004342973232269287,0.3828120231628418
f60_a3_p09_s04,1.0,1339,0.9861539602279663,0.07449712604284286,0.9725199937820435,0.0,0,-1.1920928955078125e-07,0.0
f60_a4_p09_s00,0.0,13,0.4076008200645447,3.157839298248291,0.31302982568740845,1.0,2,-0.04123438894748688,1.3789063692092896
f60_a4_p09_s00,0.25,1724,0.1342952400445938,4.467499732971191,0.017958864569664,0.0,0,0.018835030496120453,0.0615236759185791
f60_a4_p09_s00,0.5,1724,0.1348038613796234,4.575253009796143,0.015607297420501709,0.0,0,0.019341282546520233,0.041015625
f60_a4_p09_s00,0.75,1724,0.12603457272052765,4.631649971008301,0.012282967567443848,0.0,0,0.01057087630033493,0.0205078125
f60_a4_p09_s00,1.0,1724,0.11546406894922256,4.7005510330200195,0.00909358263015747,0.0,0,1.1920928955078125e-07,0.0
f60_a4_p09_s01,0.0,1724,0.19500194489955902,3.1782872676849365,0.0015175044536590576,0.0,0,0.00524061918258667,-0.38281261920928955
f60_a4_p09_s01,0.25,1724,0.2421107292175293,3.3970534801483154,0.09468838572502136,0.0,0,0.05235512554645538,0.1054685115814209
f60_a4_p09_s01,0.5,1724,0.2304723709821701,3.4425880908966064,0.08511529862880707,0.0,0,0.040713727474212646,0.07031261920928955
f60_a4_p09_s01,0.75,1724,0.21151354908943176,3.524454116821289,0.07334040105342865,0.0,0,0.021753311157226562,0.03515636920928955
f60_a4_p09_s01,1.0,1724,0.18976175785064697,3.619130849838257,0.06136254966259003,0.0,0,5.364418029785156e-07,0.0
f60_a4_p09_s02,0.0,451,0.9936049580574036,0.0574801005423069,0.9921111464500427,0.0,0,0.029181361198425293,1.546875
f60_a4_p09_s02,0.25,451,0.9915095567703247,0.07397960126399994,0.9897735714912415,0.0,0,0.02708721160888672,1.39453125
f60_a4_p09_s02,0.5,451,0.9869809746742249,0.10884204506874084,0.9842303395271301,0.0,0,0.02255922555923462,0.9296875
f60_a4_p09_s02,0.75,451,0.9788331389427185,0.16840265691280365,0.9744908809661865,0.0,0,0.014411509037017822,0.46484375
f60_a4_p09_s02,1.0,451,0.964423656463623,0.2674115300178528,0.9576135873794556,0.0,0,1.1920928955078125e-06,0.0
f60_a4_p09_s03,0.0,4362,0.9997891783714294,0.002416162518784404,0.9996828436851501,0.0,0,-0.00019508600234985352,-2.796875
f60_a4_p09_s03,0.25,4362,0.9999327659606934,0.0008584792376495898,0.9999004006385803,0.0,0,-5.14984130859375e-05,-1.607421875
f60_a4_p09_s03,0.5,4362,0.9999674558639526,0.00044434494338929653,0.9999576210975647,0.0,0,-1.6570091247558594e-05,-0.4179697036743164
f60_a4_p09_s03,0.75,4362,0.9999796152114868,0.0002908799215219915,0.9999726414680481,0.0,0,-4.76837158203125e-06,-0.0703134536743164
f60_a4_p09_s03,1.0,4362,0.9999842643737793,0.00022397577413357794,0.9999777674674988,0.0,0,1.1920928955078125e-07,0.0
f60_a4_p09_s04,0.0,526,0.7287856340408325,0.7569239735603333,0.48467302322387695,0.0,0,0.1029428243637085,0.1875
f60_a4_p09_s04,0.25,526,0.711827278137207,0.8364130854606628,0.4619523882865906,0.0,0,0.0859864354133606,0.140625
f60_a4_p09_s04,0.5,526,0.6903853416442871,0.9513250589370728,0.43640679121017456,0.0,0,0.06454557180404663,0.09375
f60_a4_p09_s04,0.75,526,0.6626719236373901,1.1136512756347656,0.40718916058540344,0.0,0,0.03683215379714966,0.046875
f60_a4_p09_s04,1.0,526,0.6258435249328613,1.342687964439392,0.37297987937927246,0.0,0,2.562999725341797e-06,0.0
