feature_family,prompt_id,state_id,is_actionable,selected_alpha,selected_delta,selected_weight,intervened,predicted_max_advantage,selected_utility,fixed_w1_utility,true_advantage,oracle_utility,oracle_set_membership,predicted_advantages,training_prompt_count,held_out_prompt_excluded_from_tuning,tuning_audit
logit_k64,pku_round0_00058,f60_a0_p00_s00,True,100.0,0.05,1.0,False,0.0,0.5466586003500206,0.5466586003500206,0.0,0.5466586003500206,True,"[-0.09008663123754758, -0.08687261102396897, -0.07344032678641521, -0.049789778524885156, 0.0]",9,True,"{""delta_training_mip"": {""0.0"": 0.6003912610583664, ""0.0001"": 0.6003912610583664, ""0.0005"": 0.6003912610583664, ""0.001"": 0.6003912610583664, ""0.0025"": 0.6003912610583664, ""0.005"": 0.6005518302710051, ""0.01"": 0.6007826286028732, ""0.02"": 0.5995298052279094, ""0.05"": 0.6018991033626147}, ""ridge_mae"": {""0.1"": 0.08673989620768088, ""1.0"": 0.08096651257005512, ""10.0"": 0.06646937505739242, ""100.0"": 0.05407638304136511}}"
logit_k64,pku_round0_00058,f60_a0_p00_s01,False,100.0,0.05,1.0,False,0.024210001696170443,0.3639511267636065,0.3639511267636065,0.0,0.3639511267636065,True,"[-0.15685410736918656, -0.15097557834964645, -0.0906208753278575, 0.024210001696170443, 0.0]",9,True,"{""delta_training_mip"": {""0.0"": 0.6003912610583664, ""0.0001"": 0.6003912610583664, ""0.0005"": 0.6003912610583664, ""0.001"": 0.6003912610583664, ""0.0025"": 0.6003912610583664, ""0.005"": 0.6005518302710051, ""0.01"": 0.6007826286028732, ""0.02"": 0.5995298052279094, ""0.05"": 0.6018991033626147}, ""ridge_mae"": {""0.1"": 0.08673989620768088, ""1.0"": 0.08096651257005512, ""10.0"": 0.06646937505739242, ""100.0"": 0.05407638304136511}}"
logit_k64,pku_round0_00058,f60_a0_p00_s02,True,100.0,0.05,1.0,False,0.0,0.7016831233930386,0.7016831233930386,0.0,0.7016831233930386,True,"[-0.015126036810985306, -0.024046825313917428, -0.034289253007585244, -0.04585331989198896, 0.0]",9,True,"{""delta_training_mip"": {""0.0"": 0.6003912610583664, ""0.0001"": 0.6003912610583664, ""0.0005"": 0.6003912610583664, ""0.001"": 0.6003912610583664, ""0.0025"": 0.6003912610583664, ""0.005"": 0.6005518302710051, ""0.01"": 0.6007826286028732, ""0.02"": 0.5995298052279094, ""0.05"": 0.6018991033626147}, ""ridge_mae"": {""0.1"": 0.08673989620768088, ""1.0"": 0.08096651257005512, ""10.0"": 0.06646937505739242, ""100.0"": 0.05407638304136511}}"
logit_k64,pku_round0_00058,f60_a0_p00_s03,False,100.0,0.05,1.0,False,0.08662328105679461,0.7045189378389475,0.7045189378389475,0.0,0.7045189378389475,True,"[0.08662328105679461, 0.04404643048608269, -0.0018347651605379314, -0.05102030588306664, 0.0]",9,True,"{""delta_training_mip"": {""0.0"": 0.6003912610583664, ""0.0001"": 0.6003912610583664, ""0.0005"": 0.6003912610583664, ""0.001"": 0.6003912610583664, ""0.0025"": 0.6003912610583664, ""0.005"": 0.6005518302710051, ""0.01"": 0.6007826286028732, ""0.02"": 0.5995298052279094, ""0.05"": 0.6018991033626147}, ""ridge_mae"": {""0.1"": 0.08673989620768088, ""1.0"": 0.08096651257005512, ""10.0"": 0.06646937505739242, ""100.0"": 0.05407638304136511}}"
logit_k64,pku_round0_00058,f60_a0_p00_s04,False,100.0,0.05,1.0,False,0.0,0.7478663872264115,0.7478663872264115,0.0,0.7478663872264115,True,"[-0.0750547600394702, -0.08526249899164995, -0.09652555892495696, -0.10884393983939049, 0.0]",9,True,"{""delta_training_mip"": {""0.0"": 0.6003912610583664, ""0.0001"": 0.6003912610583664, ""0.0005"": 0.6003912610583664, ""0.001"": 0.6003912610583664, ""0.0025"": 0.6003912610583664, ""0.005"": 0.6005518302710051, ""0.01"": 0.6007826286028732, ""0.02"": 0.5995298052279094, ""0.05"": 0.6018991033626147}, ""ridge_mae"": {""0.1"": 0.08673989620768088, ""1.0"": 0.08096651257005512, ""10.0"": 0.06646937505739242, ""100.0"": 0.05407638304136511}}"
logit_k64,pku_round0_00058,f60_a1_p00_s00,True,100.0,0.05,1.0,False,0.0,0.6149859197138573,0.6149859197138573,0.0,0.6149859197138573,True,"[-0.07738431942705734, -0.08003868094765702, -0.0722603995554148, -0.05404947525032984, 0.0]",9,True,"{""delta_training_mip"": {""0.0"": 0.6003912610583664, ""0.0001"": 0.6003912610583664, ""0.0005"": 0.6003912610583664, ""0.001"": 0.6003912610583664, ""0.0025"": 0.6003912610583664, ""0.005"": 0.6005518302710051, ""0.01"": 0.6007826286028732, ""0.02"": 0.5995298052279094, ""0.05"": 0.6018991033626147}, ""ridge_mae"": {""0.1"": 0.08673989620768088, ""1.0"": 0.08096651257005512, ""10.0"": 0.06646937505739242, ""100.0"": 0.05407638304136511}}"
logit_k64,pku_round0_00058,f60_a1_p00_s01,False,100.0,0.05,1.0,False,0.0,0.4748389354621051,0.4748389354621051,0.0,0.4748389354621051,True,"[-0.07653267924247299, -0.0885172770860789, -0.09734237292181193, -0.10300796674968198, 0.0]",9,True,"{""delta_training_mip"": {""0.0"": 0.6003912610583664, ""0.0001"": 0.6003912610583664, ""0.0005"": 0.6003912610583664, ""0.001"": 0.6003912610583664, ""0.0025"": 0.6003912610583664, ""0.005"": 0.6005518302710051, ""0.01"": 0.6007826286028732, ""0.02"": 0.5995298052279094, ""0.05"": 0.6018991033626147}, ""ridge_mae"": {""0.1"": 0.08673989620768088, ""1.0"": 0.08096651257005512, ""10.0"": 0.06646937505739242, ""100.0"": 0.05407638304136511}}"
logit_k64,pku_round0_00058,f60_a1_p00_s02,True,100.0,0.05,0.0,True,0.05091321764805993,0.7113272113773923,0.726305689968113,-0.014978478590720656,0.726305689968113,False,"[0.05091321764805993, 0.03281825308844398, 0.008951346997134879, -0.020687500625866967, 0.0]",9,True,"{""delta_training_mip"": {""0.0"": 0.6003912610583664, ""0.0001"": 0.6003912610583664, ""0.0005"": 0.6003912610583664, ""0.001"": 0.6003912610583664, ""0.0025"": 0.6003912610583664, ""0.005"": 0.6005518302710051, ""0.01"": 0.6007826286028732, ""0.02"": 0.5995298052279094, ""0.05"": 0.6018991033626147}, ""ridge_mae"": {""0.1"": 0.08673989620768088, ""1.0"": 0.08096651257005512, ""10.0"": 0.06646937505739242, ""100.0"": 0.05407638304136511}}"
logit_k64,pku_round0_00058,f60_a1_p00_s03,False,100.0,0.05,1.0,False,0.07378500093833246,0.7246114629075004,0.7246114629075004,0.0,0.7246114629075004,True,"[0.07378500093833246, 0.04806806501977484, 0.022441606213304884, -0.003094375481076804, 0.0]",9,True,"{""delta_training_mip"": {""0.0"": 0.6003912610583664, ""0.0001"": 0.6003912610583664, ""0.0005"": 0.6003912610583664, ""0.001"": 0.6003912610583664, ""0.0025"": 0.6003912610583664, ""0.005"": 0.6005518302710051, ""0.01"": 0.6007826286028732, ""0.02"": 0.5995298052279094, ""0.05"": 0.6018991033626147}, ""ridge_mae"": {""0.1"": 0.08673989620768088, ""1.0"": 0.08096651257005512, ""10.0"": 0.06646937505739242, ""100.0"": 0.05407638304136511}}"
logit_k64,pku_round0_00058,f60_a1_p00_s04,False,100.0,0.05,1.0,False,0.029840591180007696,0.7554307487486527,0.7554307487486527,0.0,0.7554307487486527,True,"[0.029840591180007696, 0.0038391362319080908, -0.016954762064427607, -0.03254110370900113, 0.0]",9,True,"{""delta_training_mip"": {""0.0"": 0.6003912610583664, ""0.0001"": 0.6003912610583664, ""0.0005"": 0.6003912610583664, ""0.001"": 0.6003912610583664, ""0.0025"": 0.6003912610583664, ""0.005"": 0.6005518302710051, ""0.01"": 0.6007826286028732, ""0.02"": 0.5995298052279094, ""0.05"": 0.6018991033626147}, ""ridge_mae"": {""0.1"": 0.08673989620768088, ""1.0"": 0.08096651257005512, ""10.0"": 0.06646937505739242, ""100.0"": 0.05407638304136511}}"
logit_k64,pku_round0_00058,f60_a2_p00_s00,True,100.0,0.05,1.0,False,0.0,0.6101651983405186,0.6101651983405186,0.0,0.6101651983405186,True,"[-0.03381330109479443, -0.039336323915584455, -0.03571937610859579, -0.022962457673827243, 0.0]",9,True,"{""delta_training_mip"": {""0.0"": 0.6003912610583664, ""0.0001"": 0.6003912610583664, ""0.0005"": 0.6003912610583664, ""0.001"": 0.6003912610583664, ""0.0025"": 0.6003912610583664, ""0.005"": 0.6005518302710051, ""0.01"": 0.6007826286028732, ""0.02"": 0.5995298052279094, ""0.05"": 0.6018991033626147}, ""ridge_mae"": {""0.1"": 0.08673989620768088, ""1.0"": 0.08096651257005512, ""10.0"": 0.06646937505739242, ""100.0"": 0.05407638304136511}}"
logit_k64,pku_round0_00058,f60_a2_p00_s01,False,100.0,0.05,1.0,False,0.0,0.646733812159396,0.646733812159396,0.0,0.646733812159396,True,"[-0.15780207490729659, -0.1483777330857698, -0.127867772788393, -0.09627219401517169, 0.0]",9,True,"{""delta_training_mip"": {""0.0"": 0.6003912610583664, ""0.0001"": 0.6003912610583664, ""0.0005"": 0.6003912610583664, ""0.001"": 0.6003912610583664, ""0.0025"": 0.6003912610583664, ""0.005"": 0.6005518302710051, ""0.01"": 0.6007826286028732, ""0.02"": 0.5995298052279094, ""0.05"": 0.6018991033626147}, ""ridge_mae"": {""0.1"": 0.08673989620768088, ""1.0"": 0.08096651257005512, ""10.0"": 0.06646937505739242, ""100.0"": 0.05407638304136511}}"
logit_k64,pku_round0_00058,f60_a2_p00_s02,False,100.0,0.05,1.0,False,0.025669213207440526,0.6547047929859349,0.6547047929859349,0.0,0.6547047929859349,True,"[0.025669213207440526, 0.0010927158746546302, -0.01937150884048828, -0.03572346093798807, 0.0]",9,True,"{""delta_training_mip"": {""0.0"": 0.6003912610583664, ""0.0001"": 0.6003912610583664, ""0.0005"": 0.6003912610583664, ""0.001"": 0.6003912610583664, ""0.0025"": 0.6003912610583664, ""0.005"": 0.6005518302710051, ""0.01"": 0.6007826286028732, ""0.02"": 0.5995298052279094, ""0.05"": 0.6018991033626147}, ""ridge_mae"": {""0.1"": 0.08673989620768088, ""1.0"": 0.08096651257005512, ""10.0"": 0.06646937505739242, ""100.0"": 0.05407638304136511}}"
logit_k64,pku_round0_00058,f60_a2_p00_s03,False,100.0,0.05,1.0,False,0.024148711783299588,0.6956410152658906,0.6956410152658906,0.0,0.6956410152658906,True,"[0.024148711783299588, 0.004114827016151574, -0.004313377805787821, -0.0011359026825180493, 0.0]",9,True,"{""delta_training_mip"": {""0.0"": 0.6003912610583664, ""0.0001"": 0.6003912610583664, ""0.0005"": 0.6003912610583664, ""0.001"": 0.6003912610583664, ""0.0025"": 0.6003912610583664, ""0.005"": 0.6005518302710051, ""0.01"": 0.6007826286028732, ""0.02"": 0.5995298052279094, ""0.05"": 0.6018991033626147}, ""ridge_mae"": {""0.1"": 0.08673989620768088, ""1.0"": 0.08096651257005512, ""10.0"": 0.06646937505739242, ""100.0"": 0.05407638304136511}}"
logit_k64,pku_round0_00058,f60_a2_p00_s04,False,100.0,0.05,1.0,False,0.05878060634551782,0.5488495940987534,0.5488495940987534,0.0,0.5488495940987534,True,"[0.05878060634551782, 0.03626180400031075, 0.019518863755953932, 0.008551785612447703, 0.0]",9,True,"{""delta_training_mip"": {""0.0"": 0.6003912610583664, ""0.0001"": 0.6003912610583664, ""0.0005"": 0.6003912610583664, ""0.001"": 0.6003912610583664, ""0.0025"": 0.6003912610583664, ""0.005"": 0.6005518302710051, ""0.01"": 0.6007826286028732, ""0.02"": 0.5995298052279094, ""0.05"": 0.6018991033626147}, ""ridge_mae"": {""0.1"": 0.08673989620768088, ""1.0"": 0.08096651257005512, ""10.0"": 0.06646937505739242, ""100.0"": 0.05407638304136511}}"
logit_k64,pku_round0_00058,f60_a3_p00_s00,True,100.0,0.05,1.0,False,0.0,0.6749607583793846,0.6749607583793846,0.0,0.6761125773228667,False,"[-0.047114970116473476, -0.04789697161724282, -0.03984516303884319, -0.022959544381273875, 0.0]",9,True,"{""delta_training_mip"": {""0.0"": 0.6003912610583664, ""0.0001"": 0.6003912610583664, ""0.0005"": 0.6003912610583664, ""0.001"": 0.6003912610583664, ""0.0025"": 0.6003912610583664, ""0.005"": 0.6005518302710051, ""0.01"": 0.6007826286028732, ""0.02"": 0.5995298052279094, ""0.05"": 0.6018991033626147}, ""ridge_mae"": {""0.1"": 0.08673989620768088, ""1.0"": 0.08096651257005512, ""10.0"": 0.06646937505739242, ""100.0"": 0.05407638304136511}}"
logit_k64,pku_round0_00058,f60_a3_p00_s01,True,100.0,0.05,0.0,True,0.08738299367574016,0.7173243910283359,0.701951697395813,0.015372693632522916,0.7173243910283359,True,"[0.08738299367574016, 0.054828425914445325, 0.028617764856751035, 0.008751010502657617, 0.0]",9,True,"{""delta_training_mip"": {""0.0"": 0.6003912610583664, ""0.0001"": 0.6003912610583664, ""0.0005"": 0.6003912610583664, ""0.001"": 0.6003912610583664, ""0.0025"": 0.6003912610583664, ""0.005"": 0.6005518302710051, ""0.01"": 0.6007826286028732, ""0.02"": 0.5995298052279094, ""0.05"": 0.6018991033626147}, ""ridge_mae"": {""0.1"": 0.08673989620768088, ""1.0"": 0.08096651257005512, ""10.0"": 0.06646937505739242, ""100.0"": 0.05407638304136511}}"
logit_k64,pku_round0_00058,f60_a3_p00_s02,False,100.0,0.05,1.0,False,0.08249673412708783,0.6859520067335756,0.6859520067335756,0.0,0.6859520067335756,True,"[0.08249673412708783, 0.038625265639687385, 0.0016760955964131097, -0.028350776002733218, 0.0]",9,True,"{""delta_training_mip"": {""0.0"": 0.6003912610583664, ""0.0001"": 0.6003912610583664, ""0.0005"": 0.6003912610583664, ""0.001"": 0.6003912610583664, ""0.0025"": 0.6003912610583664, ""0.005"": 0.6005518302710051, ""0.01"": 0.6007826286028732, ""0.02"": 0.5995298052279094, ""0.05"": 0.6018991033626147}, ""ridge_mae"": {""0.1"": 0.08673989620768088, ""1.0"": 0.08096651257005512, ""10.0"": 0.06646937505739242, ""100.0"": 0.05407638304136511}}"
logit_k64,pku_round0_00058,f60_a3_p00_s03,False,100.0,0.05,1.0,False,0.06319021175046362,0.6913456270670186,0.6913456270670186,0.0,0.6913456270670186,True,"[0.06319021175046362, 0.004862149088105152, -0.047544695407509906, -0.09403032173639352, 0.0]",9,True,"{""delta_training_mip"": {""0.0"": 0.6003912610583664, ""0.0001"": 0.6003912610583664, ""0.0005"": 0.6003912610583664, ""0.001"": 0.6003912610583664, ""0.0025"": 0.6003912610583664, ""0.005"": 0.6005518302710051, ""0.01"": 0.6007826286028732, ""0.02"": 0.5995298052279094, ""0.05"": 0.6018991033626147}, ""ridge_mae"": {""0.1"": 0.08673989620768088, ""1.0"": 0.08096651257005512, ""10.0"": 0.06646937505739242, ""100.0"": 0.05407638304136511}}"
logit_k64,pku_round0_00058,f60_a3_p00_s04,True,100.0,0.05,1.0,False,0.0177685453096168,0.690823568177268,0.690823568177268,0.0,0.7045580997720772,False,"[0.0177685453096168, 0.005421246705815439, 0.00207651998923468, 0.007734365159876224, 0.0]",9,True,"{""delta_training_mip"": {""0.0"": 0.6003912610583664, ""0.0001"": 0.6003912610583664, ""0.0005"": 0.6003912610583664, ""0.001"": 0.6003912610583664, ""0.0025"": 0.6003912610583664, ""0.005"": 0.6005518302710051, ""0.01"": 0.6007826286028732, ""0.02"": 0.5995298052279094, ""0.05"": 0.6018991033626147}, ""ridge_mae"": {""0.1"": 0.08673989620768088, ""1.0"": 0.08096651257005512, ""10.0"": 0.06646937505739242, ""100.0"": 0.05407638304136511}}"
logit_k64,pku_round0_00058,f60_a4_p00_s00,True,100.0,0.05,1.0,False,0.0,0.7405080418239994,0.7405080418239994,0.0,0.7753049979829667,False,"[-0.08216264281359115, -0.07561309142292696, -0.058534121666417145, -0.0309257335440618, 0.0]",9,True,"{""delta_training_mip"": {""0.0"": 0.6003912610583664, ""0.0001"": 0.6003912610583664, ""0.0005"": 0.6003912610583664, ""0.001"": 0.6003912610583664, ""0.0025"": 0.6003912610583664, ""0.005"": 0.6005518302710051, ""0.01"": 0.6007826286028732, ""0.02"": 0.5995298052279094, ""0.05"": 0.6018991033626147}, ""ridge_mae"": {""0.1"": 0.08673989620768088, ""1.0"": 0.08096651257005512, ""10.0"": 0.06646937505739242, ""100.0"": 0.05407638304136511}}"
logit_k64,pku_round0_00058,f60_a4_p00_s01,False,100.0,0.05,1.0,False,0.022998026199718104,0.754289014560224,0.754289014560224,0.0,0.754289014560224,True,"[0.022998026199718104, 0.01252924926181585, 0.005740801996416315, 0.0026326844035204156, 0.0]",9,True,"{""delta_training_mip"": {""0.0"": 0.6003912610583664, ""0.0001"": 0.6003912610583664, ""0.0005"": 0.6003912610583664, ""0.001"": 0.6003912610583664, ""0.0025"": 0.6003912610583664, ""0.005"": 0.6005518302710051, ""0.01"": 0.6007826286028732, ""0.02"": 0.5995298052279094, ""0.05"": 0.6018991033626147}, ""ridge_mae"": {""0.1"": 0.08673989620768088, ""1.0"": 0.08096651257005512, ""10.0"": 0.06646937505739242, ""100.0"": 0.05407638304136511}}"
logit_k64,pku_round0_00058,f60_a4_p00_s02,False,100.0,0.05,1.0,False,0.0,0.7421367022382805,0.7421367022382805,0.0,0.7421367022382805,True,"[-0.04405090142419772, -0.03932005014511716, -0.025435772258730602, -0.00239806776503746, 0.0]",9,True,"{""delta_training_mip"": {""0.0"": 0.6003912610583664, ""0.0001"": 0.6003912610583664, ""0.0005"": 0.6003912610583664, ""0.001"": 0.6003912610583664, ""0.0025"": 0.6003912610583664, ""0.005"": 0.6005518302710051, ""0.01"": 0.6007826286028732, ""0.02"": 0.5995298052279094, ""0.05"": 0.6018991033626147}, ""ridge_mae"": {""0.1"": 0.08673989620768088, ""1.0"": 0.08096651257005512, ""10.0"": 0.06646937505739242, ""100.0"": 0.05407638304136511}}"
logit_k64,pku_round0_00058,f60_a4_p00_s03,False,100.0,0.05,1.0,False,0.0,0.7355594197959915,0.7355594197959915,0.0,0.7355594197959915,True,"[-0.21356335304080082, -0.17698222590735055, -0.13200418444865814, -0.07862922866472723, 0.0]",9,True,"{""delta_training_mip"": {""0.0"": 0.6003912610583664, ""0.0001"": 0.6003912610583664, ""0.0005"": 0.6003912610583664, ""0.001"": 0.6003912610583664, ""0.0025"": 0.6003912610583664, ""0.005"": 0.6005518302710051, ""0.01"": 0.6007826286028732, ""0.02"": 0.5995298052279094, ""0.05"": 0.6018991033626147}, ""ridge_mae"": {""0.1"": 0.08673989620768088, ""1.0"": 0.08096651257005512, ""10.0"": 0.06646937505739242, ""100.0"": 0.05407638304136511}}"
logit_k64,pku_round0_00058,f60_a4_p00_s04,False,100.0,0.05,1.0,False,0.0,0.7486826642879872,0.7486826642879872,0.0,0.7486826642879872,True,"[-0.03646522025555714, -0.045999332270981914, -0.04699174974888463, -0.039442472689264194, 0.0]",9,True,"{""delta_training_mip"": {""0.0"": 0.6003912610583664, ""0.0001"": 0.6003912610583664, ""0.0005"": 0.6003912610583664, ""0.001"": 0.6003912610583664, ""0.0025"": 0.6003912610583664, ""0.005"": 0.6005518302710051, ""0.01"": 0.6007826286028732, ""0.02"": 0.5995298052279094, ""0.05"": 0.6018991033626147}, ""ridge_mae"": {""0.1"": 0.08673989620768088, ""1.0"": 0.08096651257005512, ""10.0"": 0.06646937505739242, ""100.0"": 0.05407638304136511}}"
logit_k64,pku_round0_00094,f60_a0_p01_s00,True,100.0,0.01,1.0,False,0.004905995565196582,0.5654289912062745,0.5654289912062745,0.0,0.5654289912062745,True,"[0.004905995565196582, -6.702635406353086e-05, -0.0017040541141369735, -5.087715023896402e-06, 0.0]",9,True,"{""delta_training_mip"": {""0.0"": 0.611171899853967, ""0.0001"": 0.611171899853967, ""0.0005"": 0.611171899853967, ""0.001"": 0.611171899853967, ""0.0025"": 0.611171899853967, ""0.005"": 0.6112843533837171, ""0.01"": 0.6112843533837171, ""0.02"": 0.6103288233851698, ""0.05"": 0.6111426104712504}, ""ridge_mae"": {""0.1"": 0.06422851494663437, ""1.0"": 0.0602194675883589, ""10.0"": 0.05124005420204306, ""100.0"": 0.04209200877971}}"
logit_k64,pku_round0_00094,f60_a0_p01_s01,False,100.0,0.01,1.0,False,0.0,0.6003365166475813,0.6003365166475813,0.0,0.6003365166475813,True,"[-0.07914111739876543, -0.10801675591252713, -0.1339712120302462, -0.15700448575192197, 0.0]",9,True,"{""delta_training_mip"": {""0.0"": 0.611171899853967, ""0.0001"": 0.611171899853967, ""0.0005"": 0.611171899853967, ""0.001"": 0.611171899853967, ""0.0025"": 0.611171899853967, ""0.005"": 0.6112843533837171, ""0.01"": 0.6112843533837171, ""0.02"": 0.6103288233851698, ""0.05"": 0.6111426104712504}, ""ridge_mae"": {""0.1"": 0.06422851494663437, ""1.0"": 0.0602194675883589, ""10.0"": 0.05124005420204306, ""100.0"": 0.04209200877971}}"
logit_k64,pku_round0_00094,f60_a0_p01_s02,False,100.0,0.01,1.0,False,0.0164043515762655,0.5299137912408445,0.5299137912408445,0.0,0.5299137912408445,True,"[0.0164043515762655, 0.013379809006801122, 0.00891461653398764, 0.003008774157824791, 0.0]",9,True,"{""delta_training_mip"": {""0.0"": 0.611171899853967, ""0.0001"": 0.611171899853967, ""0.0005"": 0.611171899853967, ""0.001"": 0.611171899853967, ""0.0025"": 0.611171899853967, ""0.005"": 0.6112843533837171, ""0.01"": 0.6112843533837171, ""0.02"": 0.6103288233851698, ""0.05"": 0.6111426104712504}, ""ridge_mae"": {""0.1"": 0.06422851494663437, ""1.0"": 0.0602194675883589, ""10.0"": 0.05124005420204306, ""100.0"": 0.04209200877971}}"
logit_k64,pku_round0_00094,f60_a0_p01_s03,False,100.0,0.01,1.0,False,0.0,0.5283270855389669,0.5283270855389669,0.0,0.5283270855389669,True,"[-0.10198752110777573, -0.0996014696743724, -0.0952370380284628, -0.08889422617004696, 0.0]",9,True,"{""delta_training_mip"": {""0.0"": 0.611171899853967, ""0.0001"": 0.611171899853967, ""0.0005"": 0.611171899853967, ""0.001"": 0.611171899853967, ""0.0025"": 0.611171899853967, ""0.005"": 0.6112843533837171, ""0.01"": 0.6112843533837171, ""0.02"": 0.6103288233851698, ""0.05"": 0.6111426104712504}, ""ridge_mae"": {""0.1"": 0.06422851494663437, ""1.0"": 0.0602194675883589, ""10.0"": 0.05124005420204306, ""100.0"": 0.04209200877971}}"
logit_k64,pku_round0_00094,f60_a0_p01_s04,False,100.0,0.01,1.0,False,0.03024600066802749,0.39467244992761924,0.39467244992761924,0.0,0.39467244992761924,True,"[0.03024600066802749, 0.016665690838838967, 0.0028475267084995884, -0.011208491722991345, 0.0]",9,True,"{""delta_training_mip"": {""0.0"": 0.611171899853967, ""0.0001"": 0.611171899853967, ""0.0005"": 0.611171899853967, ""0.001"": 0.611171899853967, ""0.0025"": 0.611171899853967, ""0.005"": 0.6112843533837171, ""0.01"": 0.6112843533837171, ""0.02"": 0.6103288233851698, ""0.05"": 0.6111426104712504}, ""ridge_mae"": {""0.1"": 0.06422851494663437, ""1.0"": 0.0602194675883589, ""10.0"": 0.05124005420204306, ""100.0"": 0.04209200877971}}"
logit_k64,pku_round0_00094,f60_a1_p01_s00,True,100.0,0.01,0.75,True,0.022221796511185415,0.5779488321616872,0.5779488321616872,0.0,0.5779488321616872,True,"[0.021645616790790544, 0.01929055136306601, 0.019482611269864468, 0.022221796511185415, 0.0]",9,True,"{""delta_training_mip"": {""0.0"": 0.611171899853967, ""0.0001"": 0.611171899853967, ""0.0005"": 0.611171899853967, ""0.001"": 0.611171899853967, ""0.0025"": 0.611171899853967, ""0.005"": 0.6112843533837171, ""0.01"": 0.6112843533837171, ""0.02"": 0.6103288233851698, ""0.05"": 0.6111426104712504}, ""ridge_mae"": {""0.1"": 0.06422851494663437, ""1.0"": 0.0602194675883589, ""10.0"": 0.05124005420204306, ""100.0"": 0.04209200877971}}"
logit_k64,pku_round0_00094,f60_a1_p01_s01,False,100.0,0.01,1.0,False,0.0,0.5955633488714004,0.5955633488714004,0.0,0.5955633488714004,True,"[-0.04025146946648918, -0.05568288775997212, -0.06850223072391078, -0.07870949835830562, 0.0]",9,True,"{""delta_training_mip"": {""0.0"": 0.611171899853967, ""0.0001"": 0.611171899853967, ""0.0005"": 0.611171899853967, ""0.001"": 0.611171899853967, ""0.0025"": 0.611171899853967, ""0.005"": 0.6112843533837171, ""0.01"": 0.6112843533837171, ""0.02"": 0.6103288233851698, ""0.05"": 0.6111426104712504}, ""ridge_mae"": {""0.1"": 0.06422851494663437, ""1.0"": 0.0602194675883589, ""10.0"": 0.05124005420204306, ""100.0"": 0.04209200877971}}"
logit_k64,pku_round0_00094,f60_a1_p01_s02,False,100.0,0.01,1.0,False,0.009017190814330306,0.5459723052523276,0.5459723052523276,0.0,0.5459723052523276,True,"[0.009017190814330306, 0.007994231109398078, 0.006286996993483071, 0.0038954884665849676, 0.0]",9,True,"{""delta_training_mip"": {""0.0"": 0.611171899853967, ""0.0001"": 0.611171899853967, ""0.0005"": 0.611171899853967, ""0.001"": 0.611171899853967, ""0.0025"": 0.611171899853967, ""0.005"": 0.6112843533837171, ""0.01"": 0.6112843533837171, ""0.02"": 0.6103288233851698, ""0.05"": 0.6111426104712504}, ""ridge_mae"": {""0.1"": 0.06422851494663437, ""1.0"": 0.0602194675883589, ""10.0"": 0.05124005420204306, ""100.0"": 0.04209200877971}}"
logit_k64,pku_round0_00094,f60_a1_p01_s03,False,100.0,0.01,1.0,False,0.0,0.557044209671901,0.557044209671901,0.0,0.557044209671901,True,"[-0.09156940005981573, -0.09240600665144671, -0.09341567343293115, -0.0945984004042694, 0.0]",9,True,"{""delta_training_mip"": {""0.0"": 0.611171899853967, ""0.0001"": 0.611171899853967, ""0.0005"": 0.611171899853967, ""0.001"": 0.611171899853967, ""0.0025"": 0.611171899853967, ""0.005"": 0.6112843533837171, ""0.01"": 0.6112843533837171, ""0.02"": 0.6103288233851698, ""0.05"": 0.6111426104712504}, ""ridge_mae"": {""0.1"": 0.06422851494663437, ""1.0"": 0.0602194675883589, ""10.0"": 0.05124005420204306, ""100.0"": 0.04209200877971}}"
logit_k64,pku_round0_00094,f60_a1_p01_s04,False,100.0,0.01,1.0,False,0.033633546595275024,0.4442750759304589,0.4442750759304589,0.0,0.4442750759304589,True,"[0.033633546595275024, 0.019429151149494412, 0.002352454027654457, -0.017596544770245102, 0.0]",9,True,"{""delta_training_mip"": {""0.0"": 0.611171899853967, ""0.0001"": 0.611171899853967, ""0.0005"": 0.611171899853967, ""0.001"": 0.611171899853967, ""0.0025"": 0.611171899853967, ""0.005"": 0.6112843533837171, ""0.01"": 0.6112843533837171, ""0.02"": 0.6103288233851698, ""0.05"": 0.6111426104712504}, ""ridge_mae"": {""0.1"": 0.06422851494663437, ""1.0"": 0.0602194675883589, ""10.0"": 0.05124005420204306, ""100.0"": 0.04209200877971}}"
logit_k64,pku_round0_00094,f60_a2_p01_s00,True,100.0,0.01,1.0,False,0.006731822065935136,0.5904686731170998,0.5904686731170998,0.0,0.6650752948953398,False,"[-0.005201424282946568, -0.004759053788239039, -0.000781305005278307, 0.006731822065935136, 0.0]",9,True,"{""delta_training_mip"": {""0.0"": 0.611171899853967, ""0.0001"": 0.611171899853967, ""0.0005"": 0.611171899853967, ""0.001"": 0.611171899853967, ""0.0025"": 0.611171899853967, ""0.005"": 0.6112843533837171, ""0.01"": 0.6112843533837171, ""0.02"": 0.6103288233851698, ""0.05"": 0.6111426104712504}, ""ridge_mae"": {""0.1"": 0.06422851494663437, ""1.0"": 0.0602194675883589, ""10.0"": 0.05124005420204306, ""100.0"": 0.04209200877971}}"
logit_k64,pku_round0_00094,f60_a2_p01_s01,False,100.0,0.01,1.0,False,0.0,0.5907901810952194,0.5907901810952194,0.0,0.5907901810952194,True,"[-0.08766034937608536, -0.08086364465785235, -0.07300217303498963, -0.06407593450749553, 0.0]",9,True,"{""delta_training_mip"": {""0.0"": 0.611171899853967, ""0.0001"": 0.611171899853967, ""0.0005"": 0.611171899853967, ""0.001"": 0.611171899853967, ""0.0025"": 0.611171899853967, ""0.005"": 0.6112843533837171, ""0.01"": 0.6112843533837171, ""0.02"": 0.6103288233851698, ""0.05"": 0.6111426104712504}, ""ridge_mae"": {""0.1"": 0.06422851494663437, ""1.0"": 0.0602194675883589, ""10.0"": 0.05124005420204306, ""100.0"": 0.04209200877971}}"
logit_k64,pku_round0_00094,f60_a2_p01_s02,False,100.0,0.01,1.0,False,0.032223547829980374,0.5620308192638108,0.5620308192638108,0.0,0.5620308192638108,True,"[0.032223547829980374, 0.02837693470639151, 0.022310068866237532, 0.014022950309517751, 0.0]",9,True,"{""delta_training_mip"": {""0.0"": 0.611171899853967, ""0.0001"": 0.611171899853967, ""0.0005"": 0.611171899853967, ""0.001"": 0.611171899853967, ""0.0025"": 0.611171899853967, ""0.005"": 0.6112843533837171, ""0.01"": 0.6112843533837171, ""0.02"": 0.6103288233851698, ""0.05"": 0.6111426104712504}, ""ridge_mae"": {""0.1"": 0.06422851494663437, ""1.0"": 0.0602194675883589, ""10.0"": 0.05124005420204306, ""100.0"": 0.04209200877971}}"
logit_k64,pku_round0_00094,f60_a2_p01_s03,False,100.0,0.01,1.0,False,0.0,0.5857613338048353,0.5857613338048353,0.0,0.5857613338048353,True,"[-0.04547783813181074, -0.04889459180435563, -0.05407484979202983, -0.061018612094832884, 0.0]",9,True,"{""delta_training_mip"": {""0.0"": 0.611171899853967, ""0.0001"": 0.611171899853967, ""0.0005"": 0.611171899853967, ""0.001"": 0.611171899853967, ""0.0025"": 0.611171899853967, ""0.005"": 0.6112843533837171, ""0.01"": 0.6112843533837171, ""0.02"": 0.6103288233851698, ""0.05"": 0.6111426104712504}, ""ridge_mae"": {""0.1"": 0.06422851494663437, ""1.0"": 0.0602194675883589, ""10.0"": 0.05124005420204306, ""100.0"": 0.04209200877971}}"
logit_k64,pku_round0_00094,f60_a2_p01_s04,False,100.0,0.01,1.0,False,0.0007275216582529988,0.4938777019332985,0.4938777019332985,0.0,0.4938777019332985,True,"[0.0007275216582529988, -0.0031116414121648804, -0.01159793344943957, -0.024731354453571087, 0.0]",9,True,"{""delta_training_mip"": {""0.0"": 0.611171899853967, ""0.0001"": 0.611171899853967, ""0.0005"": 0.611171899853967, ""0.001"": 0.611171899853967, ""0.0025"": 0.611171899853967, ""0.005"": 0.6112843533837171, ""0.01"": 0.6112843533837171, ""0.02"": 0.6103288233851698, ""0.05"": 0.6111426104712504}, ""ridge_mae"": {""0.1"": 0.06422851494663437, ""1.0"": 0.0602194675883589, ""10.0"": 0.05124005420204306, ""100.0"": 0.04209200877971}}"
logit_k64,pku_round0_00094,f60_a3_p01_s00,True,100.0,0.01,0.0,True,0.012583468142385026,0.7497367896994674,0.08343752583932387,0.6662992638601436,0.7497367896994674,True,"[0.012583468142385026, 0.008966295774207938, 0.006943373679996865, 0.006514701859751364, 0.0]",9,True,"{""delta_training_mip"": {""0.0"": 0.611171899853967, ""0.0001"": 0.611171899853967, ""0.0005"": 0.611171899853967, ""0.001"": 0.611171899853967, ""0.0025"": 0.611171899853967, ""0.005"": 0.6112843533837171, ""0.01"": 0.6112843533837171, ""0.02"": 0.6103288233851698, ""0.05"": 0.6111426104712504}, ""ridge_mae"": {""0.1"": 0.06422851494663437, ""1.0"": 0.0602194675883589, ""10.0"": 0.05124005420204306, ""100.0"": 0.04209200877971}}"
logit_k64,pku_round0_00094,f60_a3_p01_s01,True,100.0,0.01,0.0,True,0.019922740844914986,0.5847543887188408,0.6005907465692503,-0.015836357850409488,0.6005907465692503,False,"[0.019922740844914986, 0.017882048032727818, 0.01425434523927157, 0.009039632464545833, 0.0]",9,True,"{""delta_training_mip"": {""0.0"": 0.611171899853967, ""0.0001"": 0.611171899853967, ""0.0005"": 0.611171899853967, ""0.001"": 0.611171899853967, ""0.0025"": 0.611171899853967, ""0.005"": 0.6112843533837171, ""0.01"": 0.6112843533837171, ""0.02"": 0.6103288233851698, ""0.05"": 0.6111426104712504}, ""ridge_mae"": {""0.1"": 0.06422851494663437, ""1.0"": 0.0602194675883589, ""10.0"": 0.05124005420204306, ""100.0"": 0.04209200877971}}"
logit_k64,pku_round0_00094,f60_a3_p01_s02,True,100.0,0.01,1.0,False,0.0,0.7570929576120328,0.7570929576120328,0.0,0.7621451955082998,False,"[-0.04780648575181486, -0.035177462886401244, -0.020711406547664825, -0.004408316735606358, 0.0]",9,True,"{""delta_training_mip"": {""0.0"": 0.611171899853967, ""0.0001"": 0.611171899853967, ""0.0005"": 0.611171899853967, ""0.001"": 0.611171899853967, ""0.0025"": 0.611171899853967, ""0.005"": 0.6112843533837171, ""0.01"": 0.6112843533837171, ""0.02"": 0.6103288233851698, ""0.05"": 0.6111426104712504}, ""ridge_mae"": {""0.1"": 0.06422851494663437, ""1.0"": 0.0602194675883589, ""10.0"": 0.05124005420204306, ""100.0"": 0.04209200877971}}"
logit_k64,pku_round0_00094,f60_a3_p01_s03,False,100.0,0.01,1.0,False,0.028650877889742965,0.7811206570545497,0.7811206570545497,0.0,0.7811206570545497,True,"[0.028650877889742965, 0.024857788858926883, 0.02032394853833829, 0.015049356927976444, 0.0]",9,True,"{""delta_training_mip"": {""0.0"": 0.611171899853967, ""0.0001"": 0.611171899853967, ""0.0005"": 0.611171899853967, ""0.001"": 0.611171899853967, ""0.0025"": 0.611171899853967, ""0.005"": 0.6112843533837171, ""0.01"": 0.6112843533837171, ""0.02"": 0.6103288233851698, ""0.05"": 0.6111426104712504}, ""ridge_mae"": {""0.1"": 0.06422851494663437, ""1.0"": 0.0602194675883589, ""10.0"": 0.05124005420204306, ""100.0"": 0.04209200877971}}"
logit_k64,pku_round0_00094,f60_a3_p01_s04,False,100.0,0.01,1.0,False,0.06294047783008944,0.7406427663712221,0.7406427663712221,0.0,0.7406427663712221,True,"[0.06294047783008944, 0.015859372679688198, -0.027329449185866876, -0.06662598776657566, 0.0]",9,True,"{""delta_training_mip"": {""0.0"": 0.611171899853967, ""0.0001"": 0.611171899853967, ""0.0005"": 0.611171899853967, ""0.001"": 0.611171899853967, ""0.0025"": 0.611171899853967, ""0.005"": 0.6112843533837171, ""0.01"": 0.6112843533837171, ""0.02"": 0.6103288233851698, ""0.05"": 0.6111426104712504}, ""ridge_mae"": {""0.1"": 0.06422851494663437, ""1.0"": 0.0602194675883589, ""10.0"": 0.05124005420204306, ""100.0"": 0.04209200877971}}"
logit_k64,pku_round0_00094,f60_a4_p01_s00,True,100.0,0.01,0.75,True,0.010191783013337077,0.11125003445243184,0.11125003445243184,0.0,0.8798524684227802,False,"[0.007579723571323677, 0.0057522684563175025, 0.006622954936988831, 0.010191783013337077, 0.0]",9,True,"{""delta_training_mip"": {""0.0"": 0.611171899853967, ""0.0001"": 0.611171899853967, ""0.0005"": 0.611171899853967, ""0.001"": 0.611171899853967, ""0.0025"": 0.611171899853967, ""0.005"": 0.6112843533837171, ""0.01"": 0.6112843533837171, ""0.02"": 0.6103288233851698, ""0.05"": 0.6111426104712504}, ""ridge_mae"": {""0.1"": 0.06422851494663437, ""1.0"": 0.0602194675883589, ""10.0"": 0.05124005420204306, ""100.0"": 0.04209200877971}}"
logit_k64,pku_round0_00094,f60_a4_p01_s01,True,100.0,0.01,0.0,True,0.025093393970293077,0.6402827855605473,0.6764108584042635,-0.03612807284371622,0.6764108584042635,False,"[0.025093393970293077, 0.020543356773614095, 0.014147872252180324, 0.005906940405991257, 0.0]",9,True,"{""delta_training_mip"": {""0.0"": 0.611171899853967, ""0.0001"": 0.611171899853967, ""0.0005"": 0.611171899853967, ""0.001"": 0.611171899853967, ""0.0025"": 0.611171899853967, ""0.005"": 0.6112843533837171, ""0.01"": 0.6112843533837171, ""0.02"": 0.6103288233851698, ""0.05"": 0.6111426104712504}, ""ridge_mae"": {""0.1"": 0.06422851494663437, ""1.0"": 0.0602194675883589, ""10.0"": 0.05124005420204306, ""100.0"": 0.04209200877971}}"
logit_k64,pku_round0_00094,f60_a4_p01_s02,True,100.0,0.01,0.75,True,0.01347688182429758,0.842017434183327,0.842017434183327,0.0,0.8515388335283549,False,"[-0.044105550873912235, -0.02858109635560152, -0.009386952122864913, 0.01347688182429758, 0.0]",9,True,"{""delta_training_mip"": {""0.0"": 0.611171899853967, ""0.0001"": 0.611171899853967, ""0.0005"": 0.611171899853967, ""0.001"": 0.611171899853967, ""0.0025"": 0.611171899853967, ""0.005"": 0.6112843533837171, ""0.01"": 0.6112843533837171, ""0.02"": 0.6103288233851698, ""0.05"": 0.6111426104712504}, ""ridge_mae"": {""0.1"": 0.06422851494663437, ""1.0"": 0.0602194675883589, ""10.0"": 0.05124005420204306, ""100.0"": 0.04209200877971}}"
logit_k64,pku_round0_00094,f60_a4_p01_s03,False,100.0,0.01,1.0,False,0.009111656798824901,0.8322454716976404,0.8322454716976404,0.0,0.8322454716976404,True,"[0.009111656798824901, 0.007278249279724491, 0.005965429008944867, 0.005173195986485416, 0.0]",9,True,"{""delta_training_mip"": {""0.0"": 0.611171899853967, ""0.0001"": 0.611171899853967, ""0.0005"": 0.611171899853967, ""0.001"": 0.611171899853967, ""0.0025"": 0.611171899853967, ""0.005"": 0.6112843533837171, ""0.01"": 0.6112843533837171, ""0.02"": 0.6103288233851698, ""0.05"": 0.6111426104712504}, ""ridge_mae"": {""0.1"": 0.06422851494663437, ""1.0"": 0.0602194675883589, ""10.0"": 0.05124005420204306, ""100.0"": 0.04209200877971}}"
logit_k64,pku_round0_00094,f60_a4_p01_s04,False,100.0,0.01,1.0,False,0.0,0.7828845329878903,0.7828845329878903,0.0,0.7828845329878903,True,"[-0.014958252342645563, -0.03120434463486966, -0.04043835858344883, -0.0426602941883849, 0.0]",9,True,"{""delta_training_mip"": {""0.0"": 0.611171899853967, ""0.0001"": 0.611171899853967, ""0.0005"": 0.611171899853967, ""0.001"": 0.611171899853967, ""0.0025"": 0.611171899853967, ""0.005"": 0.6112843533837171, ""0.01"": 0.6112843533837171, ""0.02"": 0.6103288233851698, ""0.05"": 0.6111426104712504}, ""ridge_mae"": {""0.1"": 0.06422851494663437, ""1.0"": 0.0602194675883589, ""10.0"": 0.05124005420204306, ""100.0"": 0.04209200877971}}"
logit_k64,pku_round0_00115,f60_a0_p02_s00,True,100.0,0.0025,0.0,True,0.038152174123994846,0.5296437136745674,0.5845369790203747,-0.054893265345807296,0.5845369790203747,False,"[0.038152174123994846, -7.99997648466633e-05, -0.028737325051181158, -0.04781980173501051, 0.0]",9,True,"{""delta_training_mip"": {""0.0"": 0.6070537192522899, ""0.0001"": 0.6070537192522899, ""0.0005"": 0.6070537192522899, ""0.001"": 0.6070537192522899, ""0.0025"": 0.6070537192522899, ""0.005"": 0.6057930571901456, ""0.01"": 0.6059055107198958, ""0.02"": 0.6059675250972087, ""0.05"": 0.6063735704073061}, ""ridge_mae"": {""0.1"": 0.09320225089264952, ""1.0"": 0.0860754510741363, ""10.0"": 0.0692192952107194, ""100.0"": 0.05450239864327808}}"
logit_k64,pku_round0_00115,f60_a0_p02_s01,False,100.0,0.0025,1.0,False,0.00016908568901887865,0.556178834561286,0.556178834561286,0.0,0.556178834561286,True,"[0.00016908568901887865, -0.002204052350945903, -0.0076677237575764135, -0.016221928530871364, 0.0]",9,True,"{""delta_training_mip"": {""0.0"": 0.6070537192522899, ""0.0001"": 0.6070537192522899, ""0.0005"": 0.6070537192522899, ""0.001"": 0.6070537192522899, ""0.0025"": 0.6070537192522899, ""0.005"": 0.6057930571901456, ""0.01"": 0.6059055107198958, ""0.02"": 0.6059675250972087, ""0.05"": 0.6063735704073061}, ""ridge_mae"": {""0.1"": 0.09320225089264952, ""1.0"": 0.0860754510741363, ""10.0"": 0.0692192952107194, ""100.0"": 0.05450239864327808}}"
logit_k64,pku_round0_00115,f60_a0_p02_s02,False,100.0,0.0025,1.0,False,0.019011421358193906,0.5056405699716959,0.5056405699716959,0.0,0.5056405699716959,True,"[0.019011421358193906, 0.015289625615652086, 0.01331134817743886, 0.013076589043554711, 0.0]",9,True,"{""delta_training_mip"": {""0.0"": 0.6070537192522899, ""0.0001"": 0.6070537192522899, ""0.0005"": 0.6070537192522899, ""0.001"": 0.6070537192522899, ""0.0025"": 0.6070537192522899, ""0.005"": 0.6057930571901456, ""0.01"": 0.6059055107198958, ""0.02"": 0.6059675250972087, ""0.05"": 0.6063735704073061}, ""ridge_mae"": {""0.1"": 0.09320225089264952, ""1.0"": 0.0860754510741363, ""10.0"": 0.0692192952107194, ""100.0"": 0.05450239864327808}}"
logit_k64,pku_round0_00115,f60_a0_p02_s03,False,100.0,0.0025,1.0,False,0.0,0.49924310762050866,0.49924310762050866,0.0,0.49924310762050866,True,"[-0.0034837926485637603, -0.006903987825344825, -0.010884903037038297, -0.015426538283644133, 0.0]",9,True,"{""delta_training_mip"": {""0.0"": 0.6070537192522899, ""0.0001"": 0.6070537192522899, ""0.0005"": 0.6070537192522899, ""0.001"": 0.6070537192522899, ""0.0025"": 0.6070537192522899, ""0.005"": 0.6057930571901456, ""0.01"": 0.6059055107198958, ""0.02"": 0.6059675250972087, ""0.05"": 0.6063735704073061}, ""ridge_mae"": {""0.1"": 0.09320225089264952, ""1.0"": 0.0860754510741363, ""10.0"": 0.0692192952107194, ""100.0"": 0.05450239864327808}}"
logit_k64,pku_round0_00115,f60_a0_p02_s04,False,100.0,0.0025,1.0,False,0.053207363890620855,0.5293061167167211,0.5293061167167211,0.0,0.5293061167167211,True,"[0.053207363890620855, 0.03170248514123026, 0.008989596409018207, -0.01493130230601624, 0.0]",9,True,"{""delta_training_mip"": {""0.0"": 0.6070537192522899, ""0.0001"": 0.6070537192522899, ""0.0005"": 0.6070537192522899, ""0.001"": 0.6070537192522899, ""0.0025"": 0.6070537192522899, ""0.005"": 0.6057930571901456, ""0.01"": 0.6059055107198958, ""0.02"": 0.6059675250972087, ""0.05"": 0.6063735704073061}, ""ridge_mae"": {""0.1"": 0.09320225089264952, ""1.0"": 0.0860754510741363, ""10.0"": 0.0692192952107194, ""100.0"": 0.05450239864327808}}"
logit_k64,pku_round0_00115,f60_a1_p02_s00,True,100.0,0.0025,0.0,True,0.027527542457165523,0.6067662116317051,0.5943888243794926,0.01237738725221249,0.6067662116317051,True,"[0.027527542457165523, -0.006379194767854966, -0.030457289142665676, -0.04470674066726695, 0.0]",9,True,"{""delta_training_mip"": {""0.0"": 0.6070537192522899, ""0.0001"": 0.6070537192522899, ""0.0005"": 0.6070537192522899, ""0.001"": 0.6070537192522899, ""0.0025"": 0.6070537192522899, ""0.005"": 0.6057930571901456, ""0.01"": 0.6059055107198958, ""0.02"": 0.6059675250972087, ""0.05"": 0.6063735704073061}, ""ridge_mae"": {""0.1"": 0.09320225089264952, ""1.0"": 0.0860754510741363, ""10.0"": 0.0692192952107194, ""100.0"": 0.05450239864327808}}"
logit_k64,pku_round0_00115,f60_a1_p02_s01,False,100.0,0.0025,1.0,False,0.01163476816045967,0.6181553109239726,0.6181553109239726,0.0,0.6181553109239726,True,"[-0.06776443203358719, -0.047477021558001875, -0.021010621493320232, 0.01163476816045967, 0.0]",9,True,"{""delta_training_mip"": {""0.0"": 0.6070537192522899, ""0.0001"": 0.6070537192522899, ""0.0005"": 0.6070537192522899, ""0.001"": 0.6070537192522899, ""0.0025"": 0.6070537192522899, ""0.005"": 0.6057930571901456, ""0.01"": 0.6059055107198958, ""0.02"": 0.6059675250972087, ""0.05"": 0.6063735704073061}, ""ridge_mae"": {""0.1"": 0.09320225089264952, ""1.0"": 0.0860754510741363, ""10.0"": 0.0692192952107194, ""100.0"": 0.05450239864327808}}"
logit_k64,pku_round0_00115,f60_a1_p02_s02,False,100.0,0.0025,1.0,False,0.0015562544969513576,0.5758202171132316,0.5758202171132316,0.0,0.5758202171132316,True,"[0.0015562544969513576, 0.0008946404741807237, -0.001978703166530341, -0.007063776425181319, 0.0]",9,True,"{""delta_training_mip"": {""0.0"": 0.6070537192522899, ""0.0001"": 0.6070537192522899, ""0.0005"": 0.6070537192522899, ""0.001"": 0.6070537192522899, ""0.0025"": 0.6070537192522899, ""0.005"": 0.6057930571901456, ""0.01"": 0.6059055107198958, ""0.02"": 0.6059675250972087, ""0.05"": 0.6063735704073061}, ""ridge_mae"": {""0.1"": 0.09320225089264952, ""1.0"": 0.0860754510741363, ""10.0"": 0.0692192952107194, ""100.0"": 0.05450239864327808}}"
logit_k64,pku_round0_00115,f60_a1_p02_s03,False,100.0,0.0025,1.0,False,0.0,0.5367000642831294,0.5367000642831294,0.0,0.5367000642831294,True,"[-0.028906125327727454, -0.03341284891581319, -0.035418099794485056, -0.03492187796374221, 0.0]",9,True,"{""delta_training_mip"": {""0.0"": 0.6070537192522899, ""0.0001"": 0.6070537192522899, ""0.0005"": 0.6070537192522899, ""0.001"": 0.6070537192522899, ""0.0025"": 0.6070537192522899, ""0.005"": 0.6057930571901456, ""0.01"": 0.6059055107198958, ""0.02"": 0.6059675250972087, ""0.05"": 0.6063735704073061}, ""ridge_mae"": {""0.1"": 0.09320225089264952, ""1.0"": 0.0860754510741363, ""10.0"": 0.0692192952107194, ""100.0"": 0.05450239864327808}}"
logit_k64,pku_round0_00115,f60_a1_p02_s04,False,100.0,0.0025,1.0,False,0.0,0.5783821156240401,0.5783821156240401,0.0,0.5783821156240401,True,"[-0.1524954750755258, -0.1087904014644637, -0.06830568875863612, -0.031041336958042738, 0.0]",9,True,"{""delta_training_mip"": {""0.0"": 0.6070537192522899, ""0.0001"": 0.6070537192522899, ""0.0005"": 0.6070537192522899, ""0.001"": 0.6070537192522899, ""0.0025"": 0.6070537192522899, ""0.005"": 0.6057930571901456, ""0.01"": 0.6059055107198958, ""0.02"": 0.6059675250972087, ""0.05"": 0.6063735704073061}, ""ridge_mae"": {""0.1"": 0.09320225089264952, ""1.0"": 0.0860754510741363, ""10.0"": 0.0692192952107194, ""100.0"": 0.05450239864327808}}"
logit_k64,pku_round0_00115,f60_a2_p02_s00,True,100.0,0.0025,0.0,True,0.08359712041406595,0.6805635813419608,0.647248479504507,0.03331510183745379,0.6805635813419608,True,"[0.08359712041406595, 0.03171954372618656, -0.012656295404690161, -0.049530396978564935, 0.0]",9,True,"{""delta_training_mip"": {""0.0"": 0.6070537192522899, ""0.0001"": 0.6070537192522899, ""0.0005"": 0.6070537192522899, ""0.001"": 0.6070537192522899, ""0.0025"": 0.6070537192522899, ""0.005"": 0.6057930571901456, ""0.01"": 0.6059055107198958, ""0.02"": 0.6059675250972087, ""0.05"": 0.6063735704073061}, ""ridge_mae"": {""0.1"": 0.09320225089264952, ""1.0"": 0.0860754510741363, ""10.0"": 0.0692192952107194, ""100.0"": 0.05450239864327808}}"
logit_k64,pku_round0_00115,f60_a2_p02_s01,False,100.0,0.0025,1.0,False,0.0235904562788736,0.5727449626444286,0.5727449626444286,0.0,0.5727449626444286,True,"[0.0235904562788736, 0.015348204542118632, 0.0089821204465355, 0.0044922039921252285, 0.0]",9,True,"{""delta_training_mip"": {""0.0"": 0.6070537192522899, ""0.0001"": 0.6070537192522899, ""0.0005"": 0.6070537192522899, ""0.001"": 0.6070537192522899, ""0.0025"": 0.6070537192522899, ""0.005"": 0.6057930571901456, ""0.01"": 0.6059055107198958, ""0.02"": 0.6059675250972087, ""0.05"": 0.6063735704073061}, ""ridge_mae"": {""0.1"": 0.09320225089264952, ""1.0"": 0.0860754510741363, ""10.0"": 0.0692192952107194, ""100.0"": 0.05450239864327808}}"
logit_k64,pku_round0_00115,f60_a2_p02_s02,False,100.0,0.0025,1.0,False,0.023346843651302317,0.46493745414263254,0.46493745414263254,0.0,0.46493745414263254,True,"[0.023346843651302317, 0.014876343377513052, 0.007627764716825191, 0.0016011076692397297, 0.0]",9,True,"{""delta_training_mip"": {""0.0"": 0.6070537192522899, ""0.0001"": 0.6070537192522899, ""0.0005"": 0.6070537192522899, ""0.001"": 0.6070537192522899, ""0.0025"": 0.6070537192522899, ""0.005"": 0.6057930571901456, ""0.01"": 0.6059055107198958, ""0.02"": 0.6059675250972087, ""0.05"": 0.6063735704073061}, ""ridge_mae"": {""0.1"": 0.09320225089264952, ""1.0"": 0.0860754510741363, ""10.0"": 0.0692192952107194, ""100.0"": 0.05450239864327808}}"
logit_k64,pku_round0_00115,f60_a2_p02_s03,False,100.0,0.0025,1.0,False,0.0,0.6467360277237568,0.6467360277237568,0.0,0.6467360277237568,True,"[-0.001001156143266099, -0.004704904345333526, -0.004896898355441481, -0.001577138173589892, 0.0]",9,True,"{""delta_training_mip"": {""0.0"": 0.6070537192522899, ""0.0001"": 0.6070537192522899, ""0.0005"": 0.6070537192522899, ""0.001"": 0.6070537192522899, ""0.0025"": 0.6070537192522899, ""0.005"": 0.6057930571901456, ""0.01"": 0.6059055107198958, ""0.02"": 0.6059675250972087, ""0.05"": 0.6063735704073061}, ""ridge_mae"": {""0.1"": 0.09320225089264952, ""1.0"": 0.0860754510741363, ""10.0"": 0.0692192952107194, ""100.0"": 0.05450239864327808}}"
logit_k64,pku_round0_00115,f60_a2_p02_s04,False,100.0,0.0025,1.0,False,0.002563129653592947,0.6102591662431194,0.6102591662431194,0.0,0.6102591662431194,True,"[-0.04267613849770127, -0.02375326655857672, -0.008673510508145701, 0.002563129653592947, 0.0]",9,True,"{""delta_training_mip"": {""0.0"": 0.6070537192522899, ""0.0001"": 0.6070537192522899, ""0.0005"": 0.6070537192522899, ""0.001"": 0.6070537192522899, ""0.0025"": 0.6070537192522899, ""0.005"": 0.6057930571901456, ""0.01"": 0.6059055107198958, ""0.02"": 0.6059675250972087, ""0.05"": 0.6063735704073061}, ""ridge_mae"": {""0.1"": 0.09320225089264952, ""1.0"": 0.0860754510741363, ""10.0"": 0.0692192952107194, ""100.0"": 0.05450239864327808}}"
logit_k64,pku_round0_00115,f60_a3_p02_s00,True,100.0,0.0025,0.0,True,0.04398616060610694,0.7482925448409774,0.6744517871650638,0.07384075767591358,0.7482925448409774,True,"[0.04398616060610694, -0.006751152943339494, -0.05362235042251486, -0.09662743183141906, 0.0]",9,True,"{""delta_training_mip"": {""0.0"": 0.6070537192522899, ""0.0001"": 0.6070537192522899, ""0.0005"": 0.6070537192522899, ""0.001"": 0.6070537192522899, ""0.0025"": 0.6070537192522899, ""0.005"": 0.6057930571901456, ""0.01"": 0.6059055107198958, ""0.02"": 0.6059675250972087, ""0.05"": 0.6063735704073061}, ""ridge_mae"": {""0.1"": 0.09320225089264952, ""1.0"": 0.0860754510741363, ""10.0"": 0.0692192952107194, ""100.0"": 0.05450239864327808}}"
logit_k64,pku_round0_00115,f60_a3_p02_s01,False,100.0,0.0025,1.0,False,0.0,0.6267233574162356,0.6267233574162356,0.0,0.6267233574162356,True,"[-0.01010080219309814, -0.017333765020947987, -0.02211290007192507, -0.024438207346028223, 0.0]",9,True,"{""delta_training_mip"": {""0.0"": 0.6070537192522899, ""0.0001"": 0.6070537192522899, ""0.0005"": 0.6070537192522899, ""0.001"": 0.6070537192522899, ""0.0025"": 0.6070537192522899, ""0.005"": 0.6057930571901456, ""0.01"": 0.6059055107198958, ""0.02"": 0.6059675250972087, ""0.05"": 0.6063735704073061}, ""ridge_mae"": {""0.1"": 0.09320225089264952, ""1.0"": 0.0860754510741363, ""10.0"": 0.0692192952107194, ""100.0"": 0.05450239864327808}}"
logit_k64,pku_round0_00115,f60_a3_p02_s02,False,100.0,0.0025,1.0,False,0.0,0.6268912191245659,0.6268912191245659,0.0,0.6268912191245659,True,"[-0.037697821149724454, -0.034808297052447916, -0.029133025910786786, -0.0206720077247402, 0.0]",9,True,"{""delta_training_mip"": {""0.0"": 0.6070537192522899, ""0.0001"": 0.6070537192522899, ""0.0005"": 0.6070537192522899, ""0.001"": 0.6070537192522899, ""0.0025"": 0.6070537192522899, ""0.005"": 0.6057930571901456, ""0.01"": 0.6059055107198958, ""0.02"": 0.6059675250972087, ""0.05"": 0.6063735704073061}, ""ridge_mae"": {""0.1"": 0.09320225089264952, ""1.0"": 0.0860754510741363, ""10.0"": 0.0692192952107194, ""100.0"": 0.05450239864327808}}"
logit_k64,pku_round0_00115,f60_a3_p02_s03,False,100.0,0.0025,1.0,False,0.0,0.6205066685356644,0.6205066685356644,0.0,0.6205066685356644,True,"[-0.004126268050980202, -0.009640542964584213, -0.010790607828262504, -0.007576462642015056, 0.0]",9,True,"{""delta_training_mip"": {""0.0"": 0.6070537192522899, ""0.0001"": 0.6070537192522899, ""0.0005"": 0.6070537192522899, ""0.001"": 0.6070537192522899, ""0.0025"": 0.6070537192522899, ""0.005"": 0.6057930571901456, ""0.01"": 0.6059055107198958, ""0.02"": 0.6059675250972087, ""0.05"": 0.6063735704073061}, ""ridge_mae"": {""0.1"": 0.09320225089264952, ""1.0"": 0.0860754510741363, ""10.0"": 0.0692192952107194, ""100.0"": 0.05450239864327808}}"
logit_k64,pku_round0_00115,f60_a3_p02_s04,False,100.0,0.0025,1.0,False,0.025129926915493487,0.6705710600984317,0.6705710600984317,0.0,0.6705710600984317,True,"[0.025129926915493487, 0.019587547729191416, 0.016275616703477838, 0.01519413383835368, 0.0]",9,True,"{""delta_training_mip"": {""0.0"": 0.6070537192522899, ""0.0001"": 0.6070537192522899, ""0.0005"": 0.6070537192522899, ""0.001"": 0.6070537192522899, ""0.0025"": 0.6070537192522899, ""0.005"": 0.6057930571901456, ""0.01"": 0.6059055107198958, ""0.02"": 0.6059675250972087, ""0.05"": 0.6063735704073061}, ""ridge_mae"": {""0.1"": 0.09320225089264952, ""1.0"": 0.0860754510741363, ""10.0"": 0.0692192952107194, ""100.0"": 0.05450239864327808}}"
logit_k64,pku_round0_00115,f60_a4_p02_s00,True,100.0,0.0025,0.0,True,0.11140224792456221,0.85792819361515,0.6994626673448575,0.15846552627029253,0.85792819361515,True,"[0.11140224792456221, 0.04915036611993779, -0.00757370680932814, -0.058769970863235634, 0.0]",9,True,"{""delta_training_mip"": {""0.0"": 0.6070537192522899, ""0.0001"": 0.6070537192522899, ""0.0005"": 0.6070537192522899, ""0.001"": 0.6070537192522899, ""0.0025"": 0.6070537192522899, ""0.005"": 0.6057930571901456, ""0.01"": 0.6059055107198958, ""0.02"": 0.6059675250972087, ""0.05"": 0.6063735704073061}, ""ridge_mae"": {""0.1"": 0.09320225089264952, ""1.0"": 0.0860754510741363, ""10.0"": 0.0692192952107194, ""100.0"": 0.05450239864327808}}"
logit_k64,pku_round0_00115,f60_a4_p02_s01,False,100.0,0.0025,1.0,False,0.0,0.7156709705062126,0.7156709705062126,0.0,0.7156709705062126,True,"[-0.08581725472159242, -0.07619411034874209, -0.061057573544105896, -0.040407644307683774, 0.0]",9,True,"{""delta_training_mip"": {""0.0"": 0.6070537192522899, ""0.0001"": 0.6070537192522899, ""0.0005"": 0.6070537192522899, ""0.001"": 0.6070537192522899, ""0.0025"": 0.6070537192522899, ""0.005"": 0.6057930571901456, ""0.01"": 0.6059055107198958, ""0.02"": 0.6059675250972087, ""0.05"": 0.6063735704073061}, ""ridge_mae"": {""0.1"": 0.09320225089264952, ""1.0"": 0.0860754510741363, ""10.0"": 0.0692192952107194, ""100.0"": 0.05450239864327808}}"
logit_k64,pku_round0_00115,f60_a4_p02_s02,False,100.0,0.0025,1.0,False,0.009725486556965937,0.7115523388816365,0.7115523388816365,0.0,0.7115523388816365,True,"[-0.006330428140803615, -0.0025174166452417096, 0.0028345549206812, 0.009725486556965937, 0.0]",9,True,"{""delta_training_mip"": {""0.0"": 0.6070537192522899, ""0.0001"": 0.6070537192522899, ""0.0005"": 0.6070537192522899, ""0.001"": 0.6070537192522899, ""0.0025"": 0.6070537192522899, ""0.005"": 0.6057930571901456, ""0.01"": 0.6059055107198958, ""0.02"": 0.6059675250972087, ""0.05"": 0.6063735704073061}, ""ridge_mae"": {""0.1"": 0.09320225089264952, ""1.0"": 0.0860754510741363, ""10.0"": 0.0692192952107194, ""100.0"": 0.05450239864327808}}"
logit_k64,pku_round0_00115,f60_a4_p02_s03,False,100.0,0.0025,1.0,False,0.0,0.729984389916337,0.729984389916337,0.0,0.729984389916337,True,"[-0.0416030604869438, -0.028747454886411943, -0.017156973013959145, -0.00683161486958469, 0.0]",9,True,"{""delta_training_mip"": {""0.0"": 0.6070537192522899, ""0.0001"": 0.6070537192522899, ""0.0005"": 0.6070537192522899, ""0.001"": 0.6070537192522899, ""0.0025"": 0.6070537192522899, ""0.005"": 0.6057930571901456, ""0.01"": 0.6059055107198958, ""0.02"": 0.6059675250972087, ""0.05"": 0.6063735704073061}, ""ridge_mae"": {""0.1"": 0.09320225089264952, ""1.0"": 0.0860754510741363, ""10.0"": 0.0692192952107194, ""100.0"": 0.05450239864327808}}"
logit_k64,pku_round0_00115,f60_a4_p02_s04,False,100.0,0.0025,1.0,False,0.0,0.7243936998403913,0.7243936998403913,0.0,0.7243936998403913,True,"[-0.12450443414951062, -0.09472182500468422, -0.06244990311023007, -0.027688668466145795, 0.0]",9,True,"{""delta_training_mip"": {""0.0"": 0.6070537192522899, ""0.0001"": 0.6070537192522899, ""0.0005"": 0.6070537192522899, ""0.001"": 0.6070537192522899, ""0.0025"": 0.6070537192522899, ""0.005"": 0.6057930571901456, ""0.01"": 0.6059055107198958, ""0.02"": 0.6059675250972087, ""0.05"": 0.6063735704073061}, ""ridge_mae"": {""0.1"": 0.09320225089264952, ""1.0"": 0.0860754510741363, ""10.0"": 0.0692192952107194, ""100.0"": 0.05450239864327808}}"
logit_k64,pku_round0_00123,f60_a0_p03_s00,True,100.0,0.001,0.0,True,0.005288787290826273,0.4892333578203661,0.4331585031220967,0.056074854698269394,0.4892333578203661,True,"[0.005288787290826273, -0.00885371430970153, -0.024016594247096793, -0.04019985252136467, 0.0]",9,True,"{""delta_training_mip"": {""0.0"": 0.6141215586566082, ""0.0001"": 0.6141215586566082, ""0.0005"": 0.6141215586566082, ""0.001"": 0.6141215586566082, ""0.0025"": 0.6139734915373306, ""0.005"": 0.61101216147573, ""0.01"": 0.6081385089852157, ""0.02"": 0.6091992622035136, ""0.05"": 0.6104778317479953}, ""ridge_mae"": {""0.1"": 0.08263967643471452, ""1.0"": 0.07776405222493407, ""10.0"": 0.06532989847632024, ""100.0"": 0.05212233052067003}}"
logit_k64,pku_round0_00123,f60_a0_p03_s01,False,100.0,0.001,1.0,False,0.0,0.338496316141996,0.338496316141996,0.0,0.338496316141996,True,"[-0.029237040341235355, -0.03125027103562081, -0.028909054418283554, -0.0222133904892224, 0.0]",9,True,"{""delta_training_mip"": {""0.0"": 0.6141215586566082, ""0.0001"": 0.6141215586566082, ""0.0005"": 0.6141215586566082, ""0.001"": 0.6141215586566082, ""0.0025"": 0.6139734915373306, ""0.005"": 0.61101216147573, ""0.01"": 0.6081385089852157, ""0.02"": 0.6091992622035136, ""0.05"": 0.6104778317479953}, ""ridge_mae"": {""0.1"": 0.08263967643471452, ""1.0"": 0.07776405222493407, ""10.0"": 0.06532989847632024, ""100.0"": 0.05212233052067003}}"
logit_k64,pku_round0_00123,f60_a0_p03_s02,False,100.0,0.001,1.0,False,0.0,0.6333534991249488,0.6333534991249488,0.0,0.6333534991249488,True,"[-0.05977547678144976, -0.053605454185879725, -0.04328418913774707, -0.02881168163705303, 0.0]",9,True,"{""delta_training_mip"": {""0.0"": 0.6141215586566082, ""0.0001"": 0.6141215586566082, ""0.0005"": 0.6141215586566082, ""0.001"": 0.6141215586566082, ""0.0025"": 0.6139734915373306, ""0.005"": 0.61101216147573, ""0.01"": 0.6081385089852157, ""0.02"": 0.6091992622035136, ""0.05"": 0.6104778317479953}, ""ridge_mae"": {""0.1"": 0.08263967643471452, ""1.0"": 0.07776405222493407, ""10.0"": 0.06532989847632024, ""100.0"": 0.05212233052067003}}"
logit_k64,pku_round0_00123,f60_a0_p03_s03,False,100.0,0.001,1.0,False,0.030972075591945574,0.7114059157790118,0.7114059157790118,0.0,0.7114059157790118,True,"[0.030972075591945574, 0.009828616510351978, -0.011644301237029388, -0.03344667765019866, 0.0]",9,True,"{""delta_training_mip"": {""0.0"": 0.6141215586566082, ""0.0001"": 0.6141215586566082, ""0.0005"": 0.6141215586566082, ""0.001"": 0.6141215586566082, ""0.0025"": 0.6139734915373306, ""0.005"": 0.61101216147573, ""0.01"": 0.6081385089852157, ""0.02"": 0.6091992622035136, ""0.05"": 0.6104778317479953}, ""ridge_mae"": {""0.1"": 0.08263967643471452, ""1.0"": 0.07776405222493407, ""10.0"": 0.06532989847632024, ""100.0"": 0.05212233052067003}}"
logit_k64,pku_round0_00123,f60_a0_p03_s04,False,100.0,0.001,1.0,False,0.011071108169441204,0.774063911155284,0.774063911155284,0.0,0.774063911155284,True,"[0.011071108169441204, 0.004743999136902458, 3.504784657610508e-05, -0.003055745701537255, 0.0]",9,True,"{""delta_training_mip"": {""0.0"": 0.6141215586566082, ""0.0001"": 0.6141215586566082, ""0.0005"": 0.6141215586566082, ""0.001"": 0.6141215586566082, ""0.0025"": 0.6139734915373306, ""0.005"": 0.61101216147573, ""0.01"": 0.6081385089852157, ""0.02"": 0.6091992622035136, ""0.05"": 0.6104778317479953}, ""ridge_mae"": {""0.1"": 0.08263967643471452, ""1.0"": 0.07776405222493407, ""10.0"": 0.06532989847632024, ""100.0"": 0.05212233052067003}}"
logit_k64,pku_round0_00123,f60_a1_p03_s00,True,100.0,0.001,0.0,True,0.0869844965472952,0.5036072115945573,0.550980792731089,-0.04737358113653167,0.550980792731089,False,"[0.0869844965472952, 0.05634210106152771, 0.034394358846319396, 0.02114126990166993, 0.0]",9,True,"{""delta_training_mip"": {""0.0"": 0.6141215586566082, ""0.0001"": 0.6141215586566082, ""0.0005"": 0.6141215586566082, ""0.001"": 0.6141215586566082, ""0.0025"": 0.6139734915373306, ""0.005"": 0.61101216147573, ""0.01"": 0.6081385089852157, ""0.02"": 0.6091992622035136, ""0.05"": 0.6104778317479953}, ""ridge_mae"": {""0.1"": 0.08263967643471452, ""1.0"": 0.07776405222493407, ""10.0"": 0.06532989847632024, ""100.0"": 0.05212233052067003}}"
logit_k64,pku_round0_00123,f60_a1_p03_s01,False,100.0,0.001,1.0,False,0.0,0.6100273810221079,0.6100273810221079,0.0,0.6100273810221079,True,"[-0.055833166016657935, -0.053071294552924024, -0.04374625535479618, -0.027858048422273938, 0.0]",9,True,"{""delta_training_mip"": {""0.0"": 0.6141215586566082, ""0.0001"": 0.6141215586566082, ""0.0005"": 0.6141215586566082, ""0.001"": 0.6141215586566082, ""0.0025"": 0.6139734915373306, ""0.005"": 0.61101216147573, ""0.01"": 0.6081385089852157, ""0.02"": 0.6091992622035136, ""0.05"": 0.6104778317479953}, ""ridge_mae"": {""0.1"": 0.08263967643471452, ""1.0"": 0.07776405222493407, ""10.0"": 0.06532989847632024, ""100.0"": 0.05212233052067003}}"
logit_k64,pku_round0_00123,f60_a1_p03_s02,False,100.0,0.001,1.0,False,0.005719132845760832,0.610225259121625,0.610225259121625,0.0,0.610225259121625,True,"[0.005719132845760832, 0.0020284046656204287, 0.00018375523060411032, 0.00018518454071477387, 0.0]",9,True,"{""delta_training_mip"": {""0.0"": 0.6141215586566082, ""0.0001"": 0.6141215586566082, ""0.0005"": 0.6141215586566082, ""0.001"": 0.6141215586566082, ""0.0025"": 0.6139734915373306, ""0.005"": 0.61101216147573, ""0.01"": 0.6081385089852157, ""0.02"": 0.6091992622035136, ""0.05"": 0.6104778317479953}, ""ridge_mae"": {""0.1"": 0.08263967643471452, ""1.0"": 0.07776405222493407, ""10.0"": 0.06532989847632024, ""100.0"": 0.05212233052067003}}"
logit_k64,pku_round0_00123,f60_a1_p03_s03,False,100.0,0.001,1.0,False,0.12188619721322076,0.6764693881874251,0.6764693881874251,0.0,0.6764693881874251,True,"[0.12188619721322076, 0.07593635085856955, 0.02299246986822452, -0.03694544575781603, 0.0]",9,True,"{""delta_training_mip"": {""0.0"": 0.6141215586566082, ""0.0001"": 0.6141215586566082, ""0.0005"": 0.6141215586566082, ""0.001"": 0.6141215586566082, ""0.0025"": 0.6139734915373306, ""0.005"": 0.61101216147573, ""0.01"": 0.6081385089852157, ""0.02"": 0.6091992622035136, ""0.05"": 0.6104778317479953}, ""ridge_mae"": {""0.1"": 0.08263967643471452, ""1.0"": 0.07776405222493407, ""10.0"": 0.06532989847632024, ""100.0"": 0.05212233052067003}}"
logit_k64,pku_round0_00123,f60_a1_p03_s04,False,100.0,0.001,1.0,False,0.10961458126962595,0.7059234648735251,0.7059234648735251,0.0,0.7059234648735251,True,"[0.10961458126962595, 0.07280359328590659, 0.029503703264955782, -0.020285088793227702, 0.0]",9,True,"{""delta_training_mip"": {""0.0"": 0.6141215586566082, ""0.0001"": 0.6141215586566082, ""0.0005"": 0.6141215586566082, ""0.001"": 0.6141215586566082, ""0.0025"": 0.6139734915373306, ""0.005"": 0.61101216147573, ""0.01"": 0.6081385089852157, ""0.02"": 0.6091992622035136, ""0.05"": 0.6104778317479953}, ""ridge_mae"": {""0.1"": 0.08263967643471452, ""1.0"": 0.07776405222493407, ""10.0"": 0.06532989847632024, ""100.0"": 0.05212233052067003}}"
logit_k64,pku_round0_00123,f60_a2_p03_s00,True,100.0,0.001,0.0,True,0.08381042071114517,0.5179810653687487,0.5599618231304362,-0.041980757761687526,0.5599618231304362,False,"[0.08381042071114517, 0.046193174604154404, 0.01826001145029572, 1.093124956922948e-05, 0.0]",9,True,"{""delta_training_mip"": {""0.0"": 0.6141215586566082, ""0.0001"": 0.6141215586566082, ""0.0005"": 0.6141215586566082, ""0.001"": 0.6141215586566082, ""0.0025"": 0.6139734915373306, ""0.005"": 0.61101216147573, ""0.01"": 0.6081385089852157, ""0.02"": 0.6091992622035136, ""0.05"": 0.6104778317479953}, ""ridge_mae"": {""0.1"": 0.08263967643471452, ""1.0"": 0.07776405222493407, ""10.0"": 0.06532989847632024, ""100.0"": 0.05212233052067003}}"
logit_k64,pku_round0_00123,f60_a2_p03_s01,False,100.0,0.001,1.0,False,0.0039872423435111425,0.5943984735581624,0.5943984735581624,0.0,0.5943984735581624,True,"[0.0039872423435111425, -0.004695501217558041, -0.009005169800435541, -0.00894176340511994, 0.0]",9,True,"{""delta_training_mip"": {""0.0"": 0.6141215586566082, ""0.0001"": 0.6141215586566082, ""0.0005"": 0.6141215586566082, ""0.001"": 0.6141215586566082, ""0.0025"": 0.6139734915373306, ""0.005"": 0.61101216147573, ""0.01"": 0.6081385089852157, ""0.02"": 0.6091992622035136, ""0.05"": 0.6104778317479953}, ""ridge_mae"": {""0.1"": 0.08263967643471452, ""1.0"": 0.07776405222493407, ""10.0"": 0.06532989847632024, ""100.0"": 0.05212233052067003}}"
logit_k64,pku_round0_00123,f60_a2_p03_s02,False,100.0,0.001,1.0,False,0.09467038640250862,0.5754214530724123,0.5754214530724123,0.0,0.5754214530724123,True,"[0.09467038640250862, 0.06949642272455978, 0.038039282710023575, 0.00029896635890138985, 0.0]",9,True,"{""delta_training_mip"": {""0.0"": 0.6141215586566082, ""0.0001"": 0.6141215586566082, ""0.0005"": 0.6141215586566082, ""0.001"": 0.6141215586566082, ""0.0025"": 0.6139734915373306, ""0.005"": 0.61101216147573, ""0.01"": 0.6081385089852157, ""0.02"": 0.6091992622035136, ""0.05"": 0.6104778317479953}, ""ridge_mae"": {""0.1"": 0.08263967643471452, ""1.0"": 0.07776405222493407, ""10.0"": 0.06532989847632024, ""100.0"": 0.05212233052067003}}"
logit_k64,pku_round0_00123,f60_a2_p03_s03,False,100.0,0.001,1.0,False,0.0,0.517037071312909,0.517037071312909,0.0,0.517037071312909,True,"[-0.006008407675885354, -0.011722066068474101, -0.013629540705770826, -0.011730831587775482, 0.0]",9,True,"{""delta_training_mip"": {""0.0"": 0.6141215586566082, ""0.0001"": 0.6141215586566082, ""0.0005"": 0.6141215586566082, ""0.001"": 0.6141215586566082, ""0.0025"": 0.6139734915373306, ""0.005"": 0.61101216147573, ""0.01"": 0.6081385089852157, ""0.02"": 0.6091992622035136, ""0.05"": 0.6104778317479953}, ""ridge_mae"": {""0.1"": 0.08263967643471452, ""1.0"": 0.07776405222493407, ""10.0"": 0.06532989847632024, ""100.0"": 0.05212233052067003}}"
logit_k64,pku_round0_00123,f60_a2_p03_s04,True,100.0,0.001,0.0,True,0.04373621599677874,0.5698912842261872,0.6119184180589297,-0.04202713383274248,0.6119184180589297,False,"[0.04373621599677874, 0.01690172004515106, -0.011158693212448771, -0.04044502377601992, 0.0]",9,True,"{""delta_training_mip"": {""0.0"": 0.6141215586566082, ""0.0001"": 0.6141215586566082, ""0.0005"": 0.6141215586566082, ""0.001"": 0.6141215586566082, ""0.0025"": 0.6139734915373306, ""0.005"": 0.61101216147573, ""0.01"": 0.6081385089852157, ""0.02"": 0.6091992622035136, ""0.05"": 0.6104778317479953}, ""ridge_mae"": {""0.1"": 0.08263967643471452, ""1.0"": 0.07776405222493407, ""10.0"": 0.06532989847632024, ""100.0"": 0.05212233052067003}}"
logit_k64,pku_round0_00123,f60_a3_p03_s00,True,100.0,0.001,0.0,True,0.16303455776313427,0.5887735821318804,0.6104229105368992,-0.021649328405018875,0.6104229105368992,False,"[0.16303455776313427, 0.123600256997892, 0.08948547759219304, 0.06069021954603851, 0.0]",9,True,"{""delta_training_mip"": {""0.0"": 0.6141215586566082, ""0.0001"": 0.6141215586566082, ""0.0005"": 0.6141215586566082, ""0.001"": 0.6141215586566082, ""0.0025"": 0.6139734915373306, ""0.005"": 0.61101216147573, ""0.01"": 0.6081385089852157, ""0.02"": 0.6091992622035136, ""0.05"": 0.6104778317479953}, ""ridge_mae"": {""0.1"": 0.08263967643471452, ""1.0"": 0.07776405222493407, ""10.0"": 0.06532989847632024, ""100.0"": 0.05212233052067003}}"
logit_k64,pku_round0_00123,f60_a3_p03_s01,True,100.0,0.001,0.0,True,0.010975487263433507,0.5787695660942169,0.5514562147337377,0.027313351360479188,0.5787695660942169,True,"[0.010975487263433507, -0.000245723416124481, -0.005771268734842116, -0.005601148692716928, 0.0]",9,True,"{""delta_training_mip"": {""0.0"": 0.6141215586566082, ""0.0001"": 0.6141215586566082, ""0.0005"": 0.6141215586566082, ""0.001"": 0.6141215586566082, ""0.0025"": 0.6139734915373306, ""0.005"": 0.61101216147573, ""0.01"": 0.6081385089852157, ""0.02"": 0.6091992622035136, ""0.05"": 0.6104778317479953}, ""ridge_mae"": {""0.1"": 0.08263967643471452, ""1.0"": 0.07776405222493407, ""10.0"": 0.06532989847632024, ""100.0"": 0.05212233052067003}}"
logit_k64,pku_round0_00123,f60_a3_p03_s02,False,100.0,0.001,1.0,False,0.02403232011455799,0.5527244969871433,0.5527244969871433,0.0,0.5527244969871433,True,"[0.02403232011455799, 0.010503421986015258, 0.0016250750353998785, -0.0026027207372883478, 0.0]",9,True,"{""delta_training_mip"": {""0.0"": 0.6141215586566082, ""0.0001"": 0.6141215586566082, ""0.0005"": 0.6141215586566082, ""0.001"": 0.6141215586566082, ""0.0025"": 0.6139734915373306, ""0.005"": 0.61101216147573, ""0.01"": 0.6081385089852157, ""0.02"": 0.6091992622035136, ""0.05"": 0.6104778317479953}, ""ridge_mae"": {""0.1"": 0.08263967643471452, ""1.0"": 0.07776405222493407, ""10.0"": 0.06532989847632024, ""100.0"": 0.05212233052067003}}"
logit_k64,pku_round0_00123,f60_a3_p03_s03,False,100.0,0.001,1.0,False,0.09325486380399839,0.48610172345076796,0.48610172345076796,0.0,0.48610172345076796,True,"[0.09325486380399839, 0.06252244281424192, 0.029683112692819834, -0.005263126560268834, 0.0]",9,True,"{""delta_training_mip"": {""0.0"": 0.6141215586566082, ""0.0001"": 0.6141215586566082, ""0.0005"": 0.6141215586566082, ""0.001"": 0.6141215586566082, ""0.0025"": 0.6139734915373306, ""0.005"": 0.61101216147573, ""0.01"": 0.6081385089852157, ""0.02"": 0.6091992622035136, ""0.05"": 0.6104778317479953}, ""ridge_mae"": {""0.1"": 0.08263967643471452, ""1.0"": 0.07776405222493407, ""10.0"": 0.06532989847632024, ""100.0"": 0.05212233052067003}}"
logit_k64,pku_round0_00123,f60_a3_p03_s04,False,100.0,0.001,1.0,False,0.05470038013163017,0.5518367956661,0.5518367956661,0.0,0.5518367956661,True,"[0.05470038013163017, 0.04625986576071221, 0.03527621350280697, 0.021749423357914844, 0.0]",9,True,"{""delta_training_mip"": {""0.0"": 0.6141215586566082, ""0.0001"": 0.6141215586566082, ""0.0005"": 0.6141215586566082, ""0.001"": 0.6141215586566082, ""0.0025"": 0.6139734915373306, ""0.005"": 0.61101216147573, ""0.01"": 0.6081385089852157, ""0.02"": 0.6091992622035136, ""0.05"": 0.6104778317479953}, ""ridge_mae"": {""0.1"": 0.08263967643471452, ""1.0"": 0.07776405222493407, ""10.0"": 0.06532989847632024, ""100.0"": 0.05212233052067003}}"
logit_k64,pku_round0_00123,f60_a4_p03_s00,True,100.0,0.001,0.0,True,0.13278740498075453,0.6204569770559332,0.582434020460986,0.038022956594947144,0.6204569770559332,True,"[0.13278740498075453, 0.10412578415839382, 0.08084033932469649, 0.06293107047966259, 0.0]",9,True,"{""delta_training_mip"": {""0.0"": 0.6141215586566082, ""0.0001"": 0.6141215586566082, ""0.0005"": 0.6141215586566082, ""0.001"": 0.6141215586566082, ""0.0025"": 0.6139734915373306, ""0.005"": 0.61101216147573, ""0.01"": 0.6081385089852157, ""0.02"": 0.6091992622035136, ""0.05"": 0.6104778317479953}, ""ridge_mae"": {""0.1"": 0.08263967643471452, ""1.0"": 0.07776405222493407, ""10.0"": 0.06532989847632024, ""100.0"": 0.05212233052067003}}"
logit_k64,pku_round0_00123,f60_a4_p03_s01,True,100.0,0.001,1.0,False,0.0,0.5409658206819827,0.5409658206819827,0.0,0.5631406586302715,False,"[-0.014156111855079003, -0.017755298854965504, -0.014013407873379784, -0.002930438910320541, 0.0]",9,True,"{""delta_training_mip"": {""0.0"": 0.6141215586566082, ""0.0001"": 0.6141215586566082, ""0.0005"": 0.6141215586566082, ""0.001"": 0.6141215586566082, ""0.0025"": 0.6139734915373306, ""0.005"": 0.61101216147573, ""0.01"": 0.6081385089852157, ""0.02"": 0.6091992622035136, ""0.05"": 0.6104778317479953}, ""ridge_mae"": {""0.1"": 0.08263967643471452, ""1.0"": 0.07776405222493407, ""10.0"": 0.06532989847632024, ""100.0"": 0.05212233052067003}}"
logit_k64,pku_round0_00123,f60_a4_p03_s02,False,100.0,0.001,1.0,False,0.025822195531033446,0.5871320793483353,0.5871320793483353,0.0,0.5871320793483353,True,"[-0.08647832988784682, -0.06436267814747484, -0.02692916967451451, 0.025822195531033446, 0.0]",9,True,"{""delta_training_mip"": {""0.0"": 0.6141215586566082, ""0.0001"": 0.6141215586566082, ""0.0005"": 0.6141215586566082, ""0.001"": 0.6141215586566082, ""0.0025"": 0.6139734915373306, ""0.005"": 0.61101216147573, ""0.01"": 0.6081385089852157, ""0.02"": 0.6091992622035136, ""0.05"": 0.6104778317479953}, ""ridge_mae"": {""0.1"": 0.08263967643471452, ""1.0"": 0.07776405222493407, ""10.0"": 0.06532989847632024, ""100.0"": 0.05212233052067003}}"
logit_k64,pku_round0_00123,f60_a4_p03_s03,True,100.0,0.001,0.0,True,0.013885007295662437,0.5722235724791469,0.5554984828401833,0.016725089638963575,0.5722235724791469,True,"[0.013885007295662437, 0.0032853172595956343, -0.00340551189275196, -0.006187480161380391, 0.0]",9,True,"{""delta_training_mip"": {""0.0"": 0.6141215586566082, ""0.0001"": 0.6141215586566082, ""0.0005"": 0.6141215586566082, ""0.001"": 0.6141215586566082, ""0.0025"": 0.6139734915373306, ""0.005"": 0.61101216147573, ""0.01"": 0.6081385089852157, ""0.02"": 0.6091992622035136, ""0.05"": 0.6104778317479953}, ""ridge_mae"": {""0.1"": 0.08263967643471452, ""1.0"": 0.07776405222493407, ""10.0"": 0.06532989847632024, ""100.0"": 0.05212233052067003}}"
logit_k64,pku_round0_00123,f60_a4_p03_s04,False,100.0,0.001,1.0,False,0.15528592947164432,0.4481321770679602,0.4481321770679602,0.0,0.4481321770679602,True,"[0.15528592947164432, 0.09259169232414341, 0.027512158400127617, -0.039952672300402725, 0.0]",9,True,"{""delta_training_mip"": {""0.0"": 0.6141215586566082, ""0.0001"": 0.6141215586566082, ""0.0005"": 0.6141215586566082, ""0.001"": 0.6141215586566082, ""0.0025"": 0.6139734915373306, ""0.005"": 0.61101216147573, ""0.01"": 0.6081385089852157, ""0.02"": 0.6091992622035136, ""0.05"": 0.6104778317479953}, ""ridge_mae"": {""0.1"": 0.08263967643471452, ""1.0"": 0.07776405222493407, ""10.0"": 0.06532989847632024, ""100.0"": 0.05212233052067003}}"
logit_k64,pku_round0_00126,f60_a0_p04_s00,True,100.0,0.005,1.0,False,0.00040919894081639175,0.5686699220015989,0.5686699220015989,0.0,0.5686699220015989,True,"[0.00040919894081639175, -0.003959805658213604, -0.007802244540349602, -0.011118117705591374, 0.0]",9,True,"{""delta_training_mip"": {""0.0"": 0.6111432220128675, ""0.0001"": 0.6111432220128675, ""0.0005"": 0.6111432220128675, ""0.001"": 0.6111432220128675, ""0.0025"": 0.6111432220128675, ""0.005"": 0.6111432220128675, ""0.01"": 0.6087242502783986, ""0.02"": 0.6085513617113442, ""0.05"": 0.6102512738582638}, ""ridge_mae"": {""0.1"": 0.08145455819976906, ""1.0"": 0.07615695327152516, ""10.0"": 0.06153102633671269, ""100.0"": 0.04839608399819824}}"
logit_k64,pku_round0_00126,f60_a0_p04_s01,False,100.0,0.005,1.0,False,0.10662897174961979,0.5760295356826481,0.5760295356826481,0.0,0.5760295356826481,True,"[0.10662897174961979, 0.08043641799107687, 0.0551167839158824, 0.030670069524038127, 0.0]",9,True,"{""delta_training_mip"": {""0.0"": 0.6111432220128675, ""0.0001"": 0.6111432220128675, ""0.0005"": 0.6111432220128675, ""0.001"": 0.6111432220128675, ""0.0025"": 0.6111432220128675, ""0.005"": 0.6111432220128675, ""0.01"": 0.6087242502783986, ""0.02"": 0.6085513617113442, ""0.05"": 0.6102512738582638}, ""ridge_mae"": {""0.1"": 0.08145455819976906, ""1.0"": 0.07615695327152516, ""10.0"": 0.06153102633671269, ""100.0"": 0.04839608399819824}}"
logit_k64,pku_round0_00126,f60_a0_p04_s02,False,100.0,0.005,1.0,False,0.0,0.7154570792731674,0.7154570792731674,0.0,0.7154570792731674,True,"[-0.042856146869387504, -0.03995691697707744, -0.03427336833169352, -0.025805500933236723, 0.0]",9,True,"{""delta_training_mip"": {""0.0"": 0.6111432220128675, ""0.0001"": 0.6111432220128675, ""0.0005"": 0.6111432220128675, ""0.001"": 0.6111432220128675, ""0.0025"": 0.6111432220128675, ""0.005"": 0.6111432220128675, ""0.01"": 0.6087242502783986, ""0.02"": 0.6085513617113442, ""0.05"": 0.6102512738582638}, ""ridge_mae"": {""0.1"": 0.08145455819976906, ""1.0"": 0.07615695327152516, ""10.0"": 0.06153102633671269, ""100.0"": 0.04839608399819824}}"
logit_k64,pku_round0_00126,f60_a0_p04_s03,False,100.0,0.005,1.0,False,0.026582709620769147,0.5265715813581662,0.5265715813581662,0.0,0.5265715813581662,True,"[0.026582709620769147, 0.02068230721764836, 0.015503516655529369, 0.011046337934412998, 0.0]",9,True,"{""delta_training_mip"": {""0.0"": 0.6111432220128675, ""0.0001"": 0.6111432220128675, ""0.0005"": 0.6111432220128675, ""0.001"": 0.6111432220128675, ""0.0025"": 0.6111432220128675, ""0.005"": 0.6111432220128675, ""0.01"": 0.6087242502783986, ""0.02"": 0.6085513617113442, ""0.05"": 0.6102512738582638}, ""ridge_mae"": {""0.1"": 0.08145455819976906, ""1.0"": 0.07615695327152516, ""10.0"": 0.06153102633671269, ""100.0"": 0.04839608399819824}}"
logit_k64,pku_round0_00126,f60_a0_p04_s04,False,100.0,0.005,1.0,False,0.0,0.728420802454465,0.728420802454465,0.0,0.728420802454465,True,"[-0.011310006101984314, -0.015464771124623966, -0.019122708828292704, -0.02228381921299028, 0.0]",9,True,"{""delta_training_mip"": {""0.0"": 0.6111432220128675, ""0.0001"": 0.6111432220128675, ""0.0005"": 0.6111432220128675, ""0.001"": 0.6111432220128675, ""0.0025"": 0.6111432220128675, ""0.005"": 0.6111432220128675, ""0.01"": 0.6087242502783986, ""0.02"": 0.6085513617113442, ""0.05"": 0.6102512738582638}, ""ridge_mae"": {""0.1"": 0.08145455819976906, ""1.0"": 0.07615695327152516, ""10.0"": 0.06153102633671269, ""100.0"": 0.04839608399819824}}"
logit_k64,pku_round0_00126,f60_a1_p04_s00,True,100.0,0.005,1.0,False,0.0,0.6156413372307021,0.6156413372307021,0.0,0.6156413372307021,True,"[-0.03721321403239661, -0.030455226035020513, -0.019510078514161904, -0.004377771469820775, 0.0]",9,True,"{""delta_training_mip"": {""0.0"": 0.6111432220128675, ""0.0001"": 0.6111432220128675, ""0.0005"": 0.6111432220128675, ""0.001"": 0.6111432220128675, ""0.0025"": 0.6111432220128675, ""0.005"": 0.6111432220128675, ""0.01"": 0.6087242502783986, ""0.02"": 0.6085513617113442, ""0.05"": 0.6102512738582638}, ""ridge_mae"": {""0.1"": 0.08145455819976906, ""1.0"": 0.07615695327152516, ""10.0"": 0.06153102633671269, ""100.0"": 0.04839608399819824}}"
logit_k64,pku_round0_00126,f60_a1_p04_s01,False,100.0,0.005,1.0,False,0.054261970283596875,0.5868772123419465,0.5868772123419465,0.0,0.5868772123419465,True,"[0.054261970283596875, 0.035853536263199856, 0.022271553158852025, 0.013516020970553065, 0.0]",9,True,"{""delta_training_mip"": {""0.0"": 0.6111432220128675, ""0.0001"": 0.6111432220128675, ""0.0005"": 0.6111432220128675, ""0.001"": 0.6111432220128675, ""0.0025"": 0.6111432220128675, ""0.005"": 0.6111432220128675, ""0.01"": 0.6087242502783986, ""0.02"": 0.6085513617113442, ""0.05"": 0.6102512738582638}, ""ridge_mae"": {""0.1"": 0.08145455819976906, ""1.0"": 0.07615695327152516, ""10.0"": 0.06153102633671269, ""100.0"": 0.04839608399819824}}"
logit_k64,pku_round0_00126,f60_a1_p04_s02,False,100.0,0.005,1.0,False,0.009752435182008638,0.5203722665946435,0.5203722665946435,0.0,0.5203722665946435,True,"[0.009752435182008638, 0.001164789498412026, -0.0036599054893303074, -0.0047216497812184975, 0.0]",9,True,"{""delta_training_mip"": {""0.0"": 0.6111432220128675, ""0.0001"": 0.6111432220128675, ""0.0005"": 0.6111432220128675, ""0.001"": 0.6111432220128675, ""0.0025"": 0.6111432220128675, ""0.005"": 0.6111432220128675, ""0.01"": 0.6087242502783986, ""0.02"": 0.6085513617113442, ""0.05"": 0.6102512738582638}, ""ridge_mae"": {""0.1"": 0.08145455819976906, ""1.0"": 0.07615695327152516, ""10.0"": 0.06153102633671269, ""100.0"": 0.04839608399819824}}"
logit_k64,pku_round0_00126,f60_a1_p04_s03,True,100.0,0.005,1.0,False,0.0,0.5900355876073697,0.5900355876073697,0.0,0.598822574440742,False,"[-0.007208919163583398, -0.017573553797361557, -0.022940151361382343, -0.02330871185564512, 0.0]",9,True,"{""delta_training_mip"": {""0.0"": 0.6111432220128675, ""0.0001"": 0.6111432220128675, ""0.0005"": 0.6111432220128675, ""0.001"": 0.6111432220128675, ""0.0025"": 0.6111432220128675, ""0.005"": 0.6111432220128675, ""0.01"": 0.6087242502783986, ""0.02"": 0.6085513617113442, ""0.05"": 0.6102512738582638}, ""ridge_mae"": {""0.1"": 0.08145455819976906, ""1.0"": 0.07615695327152516, ""10.0"": 0.06153102633671269, ""100.0"": 0.04839608399819824}}"
logit_k64,pku_round0_00126,f60_a1_p04_s04,False,100.0,0.005,1.0,False,0.03548932035643747,0.6124621831402908,0.6124621831402908,0.0,0.6124621831402908,True,"[0.03548932035643747, 0.02904297509974339, 0.019292937921829248, 0.006239208822695007, 0.0]",9,True,"{""delta_training_mip"": {""0.0"": 0.6111432220128675, ""0.0001"": 0.6111432220128675, ""0.0005"": 0.6111432220128675, ""0.001"": 0.6111432220128675, ""0.0025"": 0.6111432220128675, ""0.005"": 0.6111432220128675, ""0.01"": 0.6087242502783986, ""0.02"": 0.6085513617113442, ""0.05"": 0.6102512738582638}, ""ridge_mae"": {""0.1"": 0.08145455819976906, ""1.0"": 0.07615695327152516, ""10.0"": 0.06153102633671269, ""100.0"": 0.04839608399819824}}"
logit_k64,pku_round0_00126,f60_a2_p04_s00,True,100.0,0.005,0.0,True,0.07374528738929487,0.5847879078137422,0.6158893334938782,-0.031101425680135963,0.6158893334938782,False,"[0.07374528738929487, 0.046397116477268435, 0.018590813217473558, -0.009673622390088253, 0.0]",9,True,"{""delta_training_mip"": {""0.0"": 0.6111432220128675, ""0.0001"": 0.6111432220128675, ""0.0005"": 0.6111432220128675, ""0.001"": 0.6111432220128675, ""0.0025"": 0.6111432220128675, ""0.005"": 0.6111432220128675, ""0.01"": 0.6087242502783986, ""0.02"": 0.6085513617113442, ""0.05"": 0.6102512738582638}, ""ridge_mae"": {""0.1"": 0.08145455819976906, ""1.0"": 0.07615695327152516, ""10.0"": 0.06153102633671269, ""100.0"": 0.04839608399819824}}"
logit_k64,pku_round0_00126,f60_a2_p04_s01,False,100.0,0.005,1.0,False,0.057830447207880366,0.5655181392227083,0.5655181392227083,0.0,0.5655181392227083,True,"[0.057830447207880366, 0.03347844853333619, 0.011811701124869801, -0.007169795017518989, 0.0]",9,True,"{""delta_training_mip"": {""0.0"": 0.6111432220128675, ""0.0001"": 0.6111432220128675, ""0.0005"": 0.6111432220128675, ""0.001"": 0.6111432220128675, ""0.0025"": 0.6111432220128675, ""0.005"": 0.6111432220128675, ""0.01"": 0.6087242502783986, ""0.02"": 0.6085513617113442, ""0.05"": 0.6102512738582638}, ""ridge_mae"": {""0.1"": 0.08145455819976906, ""1.0"": 0.07615695327152516, ""10.0"": 0.06153102633671269, ""100.0"": 0.04839608399819824}}"
logit_k64,pku_round0_00126,f60_a2_p04_s02,False,100.0,0.005,1.0,False,0.0684364924555465,0.5295336134131274,0.5295336134131274,0.0,0.5295336134131274,True,"[0.0684364924555465, 0.05164575701510986, 0.03554396987731985, 0.020131131042177897, 0.0]",9,True,"{""delta_training_mip"": {""0.0"": 0.6111432220128675, ""0.0001"": 0.6111432220128675, ""0.0005"": 0.6111432220128675, ""0.001"": 0.6111432220128675, ""0.0025"": 0.6111432220128675, ""0.005"": 0.6111432220128675, ""0.01"": 0.6087242502783986, ""0.02"": 0.6085513617113442, ""0.05"": 0.6102512738582638}, ""ridge_mae"": {""0.1"": 0.08145455819976906, ""1.0"": 0.07615695327152516, ""10.0"": 0.06153102633671269, ""100.0"": 0.04839608399819824}}"
logit_k64,pku_round0_00126,f60_a2_p04_s03,True,100.0,0.005,1.0,False,0.0,0.5901326448688241,0.5901326448688241,0.0,0.5926497942156239,False,"[-0.008788122332583033, -0.015526304394216362, -0.01963341119220837, -0.02110944272655842, 0.0]",9,True,"{""delta_training_mip"": {""0.0"": 0.6111432220128675, ""0.0001"": 0.6111432220128675, ""0.0005"": 0.6111432220128675, ""0.001"": 0.6111432220128675, ""0.0025"": 0.6111432220128675, ""0.005"": 0.6111432220128675, ""0.01"": 0.6087242502783986, ""0.02"": 0.6085513617113442, ""0.05"": 0.6102512738582638}, ""ridge_mae"": {""0.1"": 0.08145455819976906, ""1.0"": 0.07615695327152516, ""10.0"": 0.06153102633671269, ""100.0"": 0.04839608399819824}}"
logit_k64,pku_round0_00126,f60_a2_p04_s04,False,100.0,0.005,1.0,False,0.008611752224138005,0.5826583074684908,0.5826583074684908,0.0,0.5826583074684908,True,"[-0.014638603382355293, -0.009810418626134442, -0.0020603000906367426, 0.008611752224138005, 0.0]",9,True,"{""delta_training_mip"": {""0.0"": 0.6111432220128675, ""0.0001"": 0.6111432220128675, ""0.0005"": 0.6111432220128675, ""0.001"": 0.6111432220128675, ""0.0025"": 0.6111432220128675, ""0.005"": 0.6111432220128675, ""0.01"": 0.6087242502783986, ""0.02"": 0.6085513617113442, ""0.05"": 0.6102512738582638}, ""ridge_mae"": {""0.1"": 0.08145455819976906, ""1.0"": 0.07615695327152516, ""10.0"": 0.06153102633671269, ""100.0"": 0.04839608399819824}}"
logit_k64,pku_round0_00126,f60_a3_p04_s00,True,100.0,0.005,0.0,True,0.08369845916740896,0.7999787635604795,0.5813568002373677,0.2186219633231118,0.7999787635604795,True,"[0.08369845916740896, 0.06531509024409303, 0.04469359300028732, 0.02183396743599173, 0.0]",9,True,"{""delta_training_mip"": {""0.0"": 0.6111432220128675, ""0.0001"": 0.6111432220128675, ""0.0005"": 0.6111432220128675, ""0.001"": 0.6111432220128675, ""0.0025"": 0.6111432220128675, ""0.005"": 0.6111432220128675, ""0.01"": 0.6087242502783986, ""0.02"": 0.6085513617113442, ""0.05"": 0.6102512738582638}, ""ridge_mae"": {""0.1"": 0.08145455819976906, ""1.0"": 0.07615695327152516, ""10.0"": 0.06153102633671269, ""100.0"": 0.04839608399819824}}"
logit_k64,pku_round0_00126,f60_a3_p04_s01,False,100.0,0.005,1.0,False,0.007751468802567853,0.5616879541520502,0.5616879541520502,0.0,0.5616879541520502,True,"[0.007751468802567853, -0.0003226173831477664, -0.007341215077884064, -0.013304324281641123, 0.0]",9,True,"{""delta_training_mip"": {""0.0"": 0.6111432220128675, ""0.0001"": 0.6111432220128675, ""0.0005"": 0.6111432220128675, ""0.001"": 0.6111432220128675, ""0.0025"": 0.6111432220128675, ""0.005"": 0.6111432220128675, ""0.01"": 0.6087242502783986, ""0.02"": 0.6085513617113442, ""0.05"": 0.6102512738582638}, ""ridge_mae"": {""0.1"": 0.08145455819976906, ""1.0"": 0.07615695327152516, ""10.0"": 0.06153102633671269, ""100.0"": 0.04839608399819824}}"
logit_k64,pku_round0_00126,f60_a3_p04_s02,False,100.0,0.005,1.0,False,0.0,0.5929462950294759,0.5929462950294759,0.0,0.5929462950294759,True,"[-0.0310610842134971, -0.03060648610410099, -0.02902517360111428, -0.026317146704536852, 0.0]",9,True,"{""delta_training_mip"": {""0.0"": 0.6111432220128675, ""0.0001"": 0.6111432220128675, ""0.0005"": 0.6111432220128675, ""0.001"": 0.6111432220128675, ""0.0025"": 0.6111432220128675, ""0.005"": 0.6111432220128675, ""0.01"": 0.6087242502783986, ""0.02"": 0.6085513617113442, ""0.05"": 0.6102512738582638}, ""ridge_mae"": {""0.1"": 0.08145455819976906, ""1.0"": 0.07615695327152516, ""10.0"": 0.06153102633671269, ""100.0"": 0.04839608399819824}}"
logit_k64,pku_round0_00126,f60_a3_p04_s03,False,100.0,0.005,1.0,False,0.04659998719126797,0.5342012365298245,0.5342012365298245,0.0,0.5342012365298245,True,"[0.04659998719126797, 0.03724578846454558, 0.02583645729112747, 0.012371993671014093, 0.0]",9,True,"{""delta_training_mip"": {""0.0"": 0.6111432220128675, ""0.0001"": 0.6111432220128675, ""0.0005"": 0.6111432220128675, ""0.001"": 0.6111432220128675, ""0.0025"": 0.6111432220128675, ""0.005"": 0.6111432220128675, ""0.01"": 0.6087242502783986, ""0.02"": 0.6085513617113442, ""0.05"": 0.6102512738582638}, ""ridge_mae"": {""0.1"": 0.08145455819976906, ""1.0"": 0.07615695327152516, ""10.0"": 0.06153102633671269, ""100.0"": 0.04839608399819824}}"
logit_k64,pku_round0_00126,f60_a3_p04_s04,False,100.0,0.005,1.0,False,0.0,0.5740423446041174,0.5740423446041174,0.0,0.5740423446041174,True,"[-0.05421067364751238, -0.04156083061769786, -0.03282976848211224, -0.028017487240755794, 0.0]",9,True,"{""delta_training_mip"": {""0.0"": 0.6111432220128675, ""0.0001"": 0.6111432220128675, ""0.0005"": 0.6111432220128675, ""0.001"": 0.6111432220128675, ""0.0025"": 0.6111432220128675, ""0.005"": 0.6111432220128675, ""0.01"": 0.6087242502783986, ""0.02"": 0.6085513617113442, ""0.05"": 0.6102512738582638}, ""ridge_mae"": {""0.1"": 0.08145455819976906, ""1.0"": 0.07615695327152516, ""10.0"": 0.06153102633671269, ""100.0"": 0.04839608399819824}}"
logit_k64,pku_round0_00126,f60_a4_p04_s00,True,100.0,0.005,0.0,True,0.04193999979685663,0.8763445844535593,0.6013515375807126,0.27499304687284676,0.8763445844535593,True,"[0.04193999979685663, 0.030919486508397695, 0.0207453357225377, 0.01141754743927701, 0.0]",9,True,"{""delta_training_mip"": {""0.0"": 0.6111432220128675, ""0.0001"": 0.6111432220128675, ""0.0005"": 0.6111432220128675, ""0.001"": 0.6111432220128675, ""0.0025"": 0.6111432220128675, ""0.005"": 0.6111432220128675, ""0.01"": 0.6087242502783986, ""0.02"": 0.6085513617113442, ""0.05"": 0.6102512738582638}, ""ridge_mae"": {""0.1"": 0.08145455819976906, ""1.0"": 0.07615695327152516, ""10.0"": 0.06153102633671269, ""100.0"": 0.04839608399819824}}"
logit_k64,pku_round0_00126,f60_a4_p04_s01,False,100.0,0.005,1.0,False,0.0017929413780615878,0.5330730817512359,0.5330730817512359,0.0,0.5330730817512359,True,"[0.0017929413780615878, -0.006795004805031264, -0.013541434579838963, -0.018446347946361397, 0.0]",9,True,"{""delta_training_mip"": {""0.0"": 0.6111432220128675, ""0.0001"": 0.6111432220128675, ""0.0005"": 0.6111432220128675, ""0.001"": 0.6111432220128675, ""0.0025"": 0.6111432220128675, ""0.005"": 0.6111432220128675, ""0.01"": 0.6087242502783986, ""0.02"": 0.6085513617113442, ""0.05"": 0.6102512738582638}, ""ridge_mae"": {""0.1"": 0.08145455819976906, ""1.0"": 0.07615695327152516, ""10.0"": 0.06153102633671269, ""100.0"": 0.04839608399819824}}"
logit_k64,pku_round0_00126,f60_a4_p04_s02,False,100.0,0.005,1.0,False,0.0003710881079039027,0.6096201212224475,0.6096201212224475,0.0,0.6096201212224475,True,"[0.0003511226859192777, -0.001378637175147818, -0.0013719820344862666, 0.0003710881079039027, 0.0]",9,True,"{""delta_training_mip"": {""0.0"": 0.6111432220128675, ""0.0001"": 0.6111432220128675, ""0.0005"": 0.6111432220128675, ""0.001"": 0.6111432220128675, ""0.0025"": 0.6111432220128675, ""0.005"": 0.6111432220128675, ""0.01"": 0.6087242502783986, ""0.02"": 0.6085513617113442, ""0.05"": 0.6102512738582638}, ""ridge_mae"": {""0.1"": 0.08145455819976906, ""1.0"": 0.07615695327152516, ""10.0"": 0.06153102633671269, ""100.0"": 0.04839608399819824}}"
logit_k64,pku_round0_00126,f60_a4_p04_s03,False,100.0,0.005,1.0,False,0.04668378765126465,0.5190415458743526,0.5190415458743526,0.0,0.5190415458743526,True,"[0.04668378765126465, 0.03395746034036116, 0.01882129571273771, 0.0012752937683945908, 0.0]",9,True,"{""delta_training_mip"": {""0.0"": 0.6111432220128675, ""0.0001"": 0.6111432220128675, ""0.0005"": 0.6111432220128675, ""0.001"": 0.6111432220128675, ""0.0025"": 0.6111432220128675, ""0.005"": 0.6111432220128675, ""0.01"": 0.6087242502783986, ""0.02"": 0.6085513617113442, ""0.05"": 0.6102512738582638}, ""ridge_mae"": {""0.1"": 0.08145455819976906, ""1.0"": 0.07615695327152516, ""10.0"": 0.06153102633671269, ""100.0"": 0.04839608399819824}}"
logit_k64,pku_round0_00126,f60_a4_p04_s04,False,100.0,0.005,1.0,False,0.03101387632272745,0.5134038752095333,0.5134038752095333,0.0,0.5134038752095333,True,"[0.03101387632272745, 0.023367245538390136, 0.015303947898435234, 0.006823983402863561, 0.0]",9,True,"{""delta_training_mip"": {""0.0"": 0.6111432220128675, ""0.0001"": 0.6111432220128675, ""0.0005"": 0.6111432220128675, ""0.001"": 0.6111432220128675, ""0.0025"": 0.6111432220128675, ""0.005"": 0.6111432220128675, ""0.01"": 0.6087242502783986, ""0.02"": 0.6085513617113442, ""0.05"": 0.6102512738582638}, ""ridge_mae"": {""0.1"": 0.08145455819976906, ""1.0"": 0.07615695327152516, ""10.0"": 0.06153102633671269, ""100.0"": 0.04839608399819824}}"
logit_k64,pku_round0_00146,f60_a0_p05_s00,True,100.0,0.001,0.75,True,0.012662370435868323,0.5291035585420133,0.5291035585420133,0.0,0.5750842642006785,False,"[-0.19282499493081137, -0.14098904924683883, -0.07249326079127802, 0.012662370435868323, 0.0]",9,True,"{""delta_training_mip"": {""0.0"": 0.6159840347283235, ""0.0001"": 0.6159840347283235, ""0.0005"": 0.6159840347283235, ""0.001"": 0.6159840347283235, ""0.0025"": 0.6156524497426424, ""0.005"": 0.6156524497426424, ""0.01"": 0.6156299953519924, ""0.02"": 0.6114758546410335, ""0.05"": 0.613799729238163}, ""ridge_mae"": {""0.1"": 0.05809469482199347, ""1.0"": 0.05489583735426302, ""10.0"": 0.04813695261328336, ""100.0"": 0.040291001243638}}"
logit_k64,pku_round0_00146,f60_a0_p05_s01,False,100.0,0.001,1.0,False,0.024809924087240372,0.6140429531361408,0.6140429531361408,0.0,0.6140429531361408,True,"[0.024809924087240372, 0.006274620024643289, -0.0065631937765692665, -0.01370351731639725, 0.0]",9,True,"{""delta_training_mip"": {""0.0"": 0.6159840347283235, ""0.0001"": 0.6159840347283235, ""0.0005"": 0.6159840347283235, ""0.001"": 0.6159840347283235, ""0.0025"": 0.6156524497426424, ""0.005"": 0.6156524497426424, ""0.01"": 0.6156299953519924, ""0.02"": 0.6114758546410335, ""0.05"": 0.613799729238163}, ""ridge_mae"": {""0.1"": 0.05809469482199347, ""1.0"": 0.05489583735426302, ""10.0"": 0.04813695261328336, ""100.0"": 0.040291001243638}}"
logit_k64,pku_round0_00146,f60_a0_p05_s02,False,100.0,0.001,1.0,False,0.027120463953746527,0.6480727264870472,0.6480727264870472,0.0,0.6480727264870472,True,"[0.027120463953746527, 0.012562885118846392, 0.0005194020124452536, -0.0090099853654566, 0.0]",9,True,"{""delta_training_mip"": {""0.0"": 0.6159840347283235, ""0.0001"": 0.6159840347283235, ""0.0005"": 0.6159840347283235, ""0.001"": 0.6159840347283235, ""0.0025"": 0.6156524497426424, ""0.005"": 0.6156524497426424, ""0.01"": 0.6156299953519924, ""0.02"": 0.6114758546410335, ""0.05"": 0.613799729238163}, ""ridge_mae"": {""0.1"": 0.05809469482199347, ""1.0"": 0.05489583735426302, ""10.0"": 0.04813695261328336, ""100.0"": 0.040291001243638}}"
logit_k64,pku_round0_00146,f60_a0_p05_s03,False,100.0,0.001,1.0,False,0.019842546727583923,0.5433501501631269,0.5433501501631269,0.0,0.5433501501631269,True,"[0.019842546727583923, 0.01424807294856429, 0.007033927643467564, -0.0017998891877058177, 0.0]",9,True,"{""delta_training_mip"": {""0.0"": 0.6159840347283235, ""0.0001"": 0.6159840347283235, ""0.0005"": 0.6159840347283235, ""0.001"": 0.6159840347283235, ""0.0025"": 0.6156524497426424, ""0.005"": 0.6156524497426424, ""0.01"": 0.6156299953519924, ""0.02"": 0.6114758546410335, ""0.05"": 0.613799729238163}, ""ridge_mae"": {""0.1"": 0.05809469482199347, ""1.0"": 0.05489583735426302, ""10.0"": 0.04813695261328336, ""100.0"": 0.040291001243638}}"
logit_k64,pku_round0_00146,f60_a0_p05_s04,True,100.0,0.001,0.75,True,0.03113829958040283,0.6564451310416353,0.6564451310416353,0.0,0.6881792450791868,False,"[-0.0819794144809674, -0.05885549945318148, -0.02114959476605811, 0.03113829958040283, 0.0]",9,True,"{""delta_training_mip"": {""0.0"": 0.6159840347283235, ""0.0001"": 0.6159840347283235, ""0.0005"": 0.6159840347283235, ""0.001"": 0.6159840347283235, ""0.0025"": 0.6156524497426424, ""0.005"": 0.6156524497426424, ""0.01"": 0.6156299953519924, ""0.02"": 0.6114758546410335, ""0.05"": 0.613799729238163}, ""ridge_mae"": {""0.1"": 0.05809469482199347, ""1.0"": 0.05489583735426302, ""10.0"": 0.04813695261328336, ""100.0"": 0.040291001243638}}"
logit_k64,pku_round0_00146,f60_a1_p05_s00,True,100.0,0.001,1.0,False,0.0,0.4917930317048619,0.4917930317048619,0.0,0.5549046324141407,False,"[-0.21473997047923274, -0.16479641233398798, -0.09685790004540812, -0.010924433613496428, 0.0]",9,True,"{""delta_training_mip"": {""0.0"": 0.6159840347283235, ""0.0001"": 0.6159840347283235, ""0.0005"": 0.6159840347283235, ""0.001"": 0.6159840347283235, ""0.0025"": 0.6156524497426424, ""0.005"": 0.6156524497426424, ""0.01"": 0.6156299953519924, ""0.02"": 0.6114758546410335, ""0.05"": 0.613799729238163}, ""ridge_mae"": {""0.1"": 0.05809469482199347, ""1.0"": 0.05489583735426302, ""10.0"": 0.04813695261328336, ""100.0"": 0.040291001243638}}"
logit_k64,pku_round0_00146,f60_a1_p05_s01,False,100.0,0.001,1.0,False,0.004601708839920828,0.30834949788812144,0.30834949788812144,0.0,0.30834949788812144,True,"[-0.0766206261597316, -0.053119564377479146, -0.02604545271092842, 0.004601708839920828, 0.0]",9,True,"{""delta_training_mip"": {""0.0"": 0.6159840347283235, ""0.0001"": 0.6159840347283235, ""0.0005"": 0.6159840347283235, ""0.001"": 0.6159840347283235, ""0.0025"": 0.6156524497426424, ""0.005"": 0.6156524497426424, ""0.01"": 0.6156299953519924, ""0.02"": 0.6114758546410335, ""0.05"": 0.613799729238163}, ""ridge_mae"": {""0.1"": 0.05809469482199347, ""1.0"": 0.05489583735426302, ""10.0"": 0.04813695261328336, ""100.0"": 0.040291001243638}}"
logit_k64,pku_round0_00146,f60_a1_p05_s02,False,100.0,0.001,1.0,False,0.030870403143620363,0.48310568275355315,0.48310568275355315,0.0,0.48310568275355315,True,"[0.030870403143620363, 0.018449301694251862, 0.010588935784496307, 0.007289305414354253, 0.0]",9,True,"{""delta_training_mip"": {""0.0"": 0.6159840347283235, ""0.0001"": 0.6159840347283235, ""0.0005"": 0.6159840347283235, ""0.001"": 0.6159840347283235, ""0.0025"": 0.6156524497426424, ""0.005"": 0.6156524497426424, ""0.01"": 0.6156299953519924, ""0.02"": 0.6114758546410335, ""0.05"": 0.613799729238163}, ""ridge_mae"": {""0.1"": 0.05809469482199347, ""1.0"": 0.05489583735426302, ""10.0"": 0.04813695261328336, ""100.0"": 0.040291001243638}}"
logit_k64,pku_round0_00146,f60_a1_p05_s03,False,100.0,0.001,1.0,False,0.0025265453053597503,0.4905615512738314,0.4905615512738314,0.0,0.4905615512738314,True,"[-0.008374550536199156, -0.009822951220770575, -0.006189252606917693, 0.0025265453053597503, 0.0]",9,True,"{""delta_training_mip"": {""0.0"": 0.6159840347283235, ""0.0001"": 0.6159840347283235, ""0.0005"": 0.6159840347283235, ""0.001"": 0.6159840347283235, ""0.0025"": 0.6156524497426424, ""0.005"": 0.6156524497426424, ""0.01"": 0.6156299953519924, ""0.02"": 0.6114758546410335, ""0.05"": 0.613799729238163}, ""ridge_mae"": {""0.1"": 0.05809469482199347, ""1.0"": 0.05489583735426302, ""10.0"": 0.04813695261328336, ""100.0"": 0.040291001243638}}"
logit_k64,pku_round0_00146,f60_a1_p05_s04,False,100.0,0.001,1.0,False,0.021586298071650543,0.48903166798413783,0.48903166798413783,0.0,0.48903166798413783,True,"[0.021586298071650543, 0.01281211811006154, 0.005674688419162581, 0.00017400899895341545, 0.0]",9,True,"{""delta_training_mip"": {""0.0"": 0.6159840347283235, ""0.0001"": 0.6159840347283235, ""0.0005"": 0.6159840347283235, ""0.001"": 0.6159840347283235, ""0.0025"": 0.6156524497426424, ""0.005"": 0.6156524497426424, ""0.01"": 0.6156299953519924, ""0.02"": 0.6114758546410335, ""0.05"": 0.613799729238163}, ""ridge_mae"": {""0.1"": 0.05809469482199347, ""1.0"": 0.05489583735426302, ""10.0"": 0.04813695261328336, ""100.0"": 0.040291001243638}}"
logit_k64,pku_round0_00146,f60_a2_p05_s00,True,100.0,0.001,1.0,False,0.0,0.43244260786968536,0.43244260786968536,0.0,0.5474186462426236,False,"[-0.1603265762385148, -0.12281986976563805, -0.06977849999948368, -0.001202466940053738, 0.0]",9,True,"{""delta_training_mip"": {""0.0"": 0.6159840347283235, ""0.0001"": 0.6159840347283235, ""0.0005"": 0.6159840347283235, ""0.001"": 0.6159840347283235, ""0.0025"": 0.6156524497426424, ""0.005"": 0.6156524497426424, ""0.01"": 0.6156299953519924, ""0.02"": 0.6114758546410335, ""0.05"": 0.613799729238163}, ""ridge_mae"": {""0.1"": 0.05809469482199347, ""1.0"": 0.05489583735426302, ""10.0"": 0.04813695261328336, ""100.0"": 0.040291001243638}}"
logit_k64,pku_round0_00146,f60_a2_p05_s01,False,100.0,0.001,1.0,False,0.006122793925165995,0.5078735774762014,0.5078735774762014,0.0,0.5078735774762014,True,"[0.006122793925165995, 0.0025332079036420397, -0.003299843997749268, -0.01137636177900717, 0.0]",9,True,"{""delta_training_mip"": {""0.0"": 0.6159840347283235, ""0.0001"": 0.6159840347283235, ""0.0005"": 0.6159840347283235, ""0.001"": 0.6159840347283235, ""0.0025"": 0.6156524497426424, ""0.005"": 0.6156524497426424, ""0.01"": 0.6156299953519924, ""0.02"": 0.6114758546410335, ""0.05"": 0.613799729238163}, ""ridge_mae"": {""0.1"": 0.05809469482199347, ""1.0"": 0.05489583735426302, ""10.0"": 0.04813695261328336, ""100.0"": 0.040291001243638}}"
logit_k64,pku_round0_00146,f60_a2_p05_s02,False,100.0,0.001,1.0,False,0.054132713441636955,0.39661556034757667,0.39661556034757667,0.0,0.39661556034757667,True,"[0.054132713441636955, 0.02206365117560045, -0.007540319858684406, -0.034679199661217706, 0.0]",9,True,"{""delta_training_mip"": {""0.0"": 0.6159840347283235, ""0.0001"": 0.6159840347283235, ""0.0005"": 0.6159840347283235, ""0.001"": 0.6159840347283235, ""0.0025"": 0.6156524497426424, ""0.005"": 0.6156524497426424, ""0.01"": 0.6156299953519924, ""0.02"": 0.6114758546410335, ""0.05"": 0.613799729238163}, ""ridge_mae"": {""0.1"": 0.05809469482199347, ""1.0"": 0.05489583735426302, ""10.0"": 0.04813695261328336, ""100.0"": 0.040291001243638}}"
logit_k64,pku_round0_00146,f60_a2_p05_s03,True,100.0,0.001,0.0,True,0.00929672587093459,0.4203354072194273,0.5423660308240694,-0.12203062360464212,0.5423660308240694,False,"[0.00929672587093459, 0.0016549454026538414, -0.003829794342995051, -0.007157493366012276, 0.0]",9,True,"{""delta_training_mip"": {""0.0"": 0.6159840347283235, ""0.0001"": 0.6159840347283235, ""0.0005"": 0.6159840347283235, ""0.001"": 0.6159840347283235, ""0.0025"": 0.6156524497426424, ""0.005"": 0.6156524497426424, ""0.01"": 0.6156299953519924, ""0.02"": 0.6114758546410335, ""0.05"": 0.613799729238163}, ""ridge_mae"": {""0.1"": 0.05809469482199347, ""1.0"": 0.05489583735426302, ""10.0"": 0.04813695261328336, ""100.0"": 0.040291001243638}}"
logit_k64,pku_round0_00146,f60_a2_p05_s04,False,100.0,0.001,1.0,False,0.018149713914000918,0.4036291632003544,0.4036291632003544,0.0,0.4036291632003544,True,"[-0.021168394692319608, -0.013391897071471502, -0.0002858608693647067, 0.018149713914000918, 0.0]",9,True,"{""delta_training_mip"": {""0.0"": 0.6159840347283235, ""0.0001"": 0.6159840347283235, ""0.0005"": 0.6159840347283235, ""0.001"": 0.6159840347283235, ""0.0025"": 0.6156524497426424, ""0.005"": 0.6156524497426424, ""0.01"": 0.6156299953519924, ""0.02"": 0.6114758546410335, ""0.05"": 0.613799729238163}, ""ridge_mae"": {""0.1"": 0.05809469482199347, ""1.0"": 0.05489583735426302, ""10.0"": 0.04813695261328336, ""100.0"": 0.040291001243638}}"
logit_k64,pku_round0_00146,f60_a3_p05_s00,True,100.0,0.001,1.0,False,0.0,0.5853421521778646,0.5853421521778646,0.0,0.5853421521778646,True,"[-0.193659436343753, -0.14834271547559222, -0.08776292926824933, -0.011920077721728425, 0.0]",9,True,"{""delta_training_mip"": {""0.0"": 0.6159840347283235, ""0.0001"": 0.6159840347283235, ""0.0005"": 0.6159840347283235, ""0.001"": 0.6159840347283235, ""0.0025"": 0.6156524497426424, ""0.005"": 0.6156524497426424, ""0.01"": 0.6156299953519924, ""0.02"": 0.6114758546410335, ""0.05"": 0.613799729238163}, ""ridge_mae"": {""0.1"": 0.05809469482199347, ""1.0"": 0.05489583735426302, ""10.0"": 0.04813695261328336, ""100.0"": 0.040291001243638}}"
logit_k64,pku_round0_00146,f60_a3_p05_s01,False,100.0,0.001,1.0,False,0.0,0.5636570730974353,0.5636570730974353,0.0,0.5636570730974353,True,"[-0.015939837182045582, -0.01745289659059401, -0.017403109232359094, -0.01579047510734027, 0.0]",9,True,"{""delta_training_mip"": {""0.0"": 0.6159840347283235, ""0.0001"": 0.6159840347283235, ""0.0005"": 0.6159840347283235, ""0.001"": 0.6159840347283235, ""0.0025"": 0.6156524497426424, ""0.005"": 0.6156524497426424, ""0.01"": 0.6156299953519924, ""0.02"": 0.6114758546410335, ""0.05"": 0.613799729238163}, ""ridge_mae"": {""0.1"": 0.05809469482199347, ""1.0"": 0.05489583735426302, ""10.0"": 0.04813695261328336, ""100.0"": 0.040291001243638}}"
logit_k64,pku_round0_00146,f60_a3_p05_s02,False,100.0,0.001,1.0,False,0.0,0.6029843335820468,0.6029843335820468,0.0,0.6029843335820468,True,"[-0.038586239983252134, -0.044171673933374504, -0.04409957458395324, -0.038369941934988376, 0.0]",9,True,"{""delta_training_mip"": {""0.0"": 0.6159840347283235, ""0.0001"": 0.6159840347283235, ""0.0005"": 0.6159840347283235, ""0.001"": 0.6159840347283235, ""0.0025"": 0.6156524497426424, ""0.005"": 0.6156524497426424, ""0.01"": 0.6156299953519924, ""0.02"": 0.6114758546410335, ""0.05"": 0.613799729238163}, ""ridge_mae"": {""0.1"": 0.05809469482199347, ""1.0"": 0.05489583735426302, ""10.0"": 0.04813695261328336, ""100.0"": 0.040291001243638}}"
logit_k64,pku_round0_00146,f60_a3_p05_s03,True,100.0,0.001,1.0,False,0.0,0.6258659803787413,0.6258659803787413,0.0,0.6258659803787413,True,"[-0.0476628666694505, -0.044686994803041384, -0.03300300899101536, -0.012610909233372398, 0.0]",9,True,"{""delta_training_mip"": {""0.0"": 0.6159840347283235, ""0.0001"": 0.6159840347283235, ""0.0005"": 0.6159840347283235, ""0.001"": 0.6159840347283235, ""0.0025"": 0.6156524497426424, ""0.005"": 0.6156524497426424, ""0.01"": 0.6156299953519924, ""0.02"": 0.6114758546410335, ""0.05"": 0.613799729238163}, ""ridge_mae"": {""0.1"": 0.05809469482199347, ""1.0"": 0.05489583735426302, ""10.0"": 0.04813695261328336, ""100.0"": 0.040291001243638}}"
logit_k64,pku_round0_00146,f60_a3_p05_s04,False,100.0,0.001,1.0,False,0.04842209625972542,0.428113611152065,0.428113611152065,0.0,0.428113611152065,True,"[0.04842209625972542, 0.03121623537799354, 0.018728379068456237, 0.01095852733111385, 0.0]",9,True,"{""delta_training_mip"": {""0.0"": 0.6159840347283235, ""0.0001"": 0.6159840347283235, ""0.0005"": 0.6159840347283235, ""0.001"": 0.6159840347283235, ""0.0025"": 0.6156524497426424, ""0.005"": 0.6156524497426424, ""0.01"": 0.6156299953519924, ""0.02"": 0.6114758546410335, ""0.05"": 0.613799729238163}, ""ridge_mae"": {""0.1"": 0.05809469482199347, ""1.0"": 0.05489583735426302, ""10.0"": 0.04813695261328336, ""100.0"": 0.040291001243638}}"
logit_k64,pku_round0_00146,f60_a4_p05_s00,True,100.0,0.001,0.75,True,0.007656972578399289,0.7307987201234775,0.7307987201234775,0.0,0.7307987201234775,True,"[-0.19526508827246442, -0.14505902003273397, -0.07741833308244507, 0.007656972578399289, 0.0]",9,True,"{""delta_training_mip"": {""0.0"": 0.6159840347283235, ""0.0001"": 0.6159840347283235, ""0.0005"": 0.6159840347283235, ""0.001"": 0.6159840347283235, ""0.0025"": 0.6156524497426424, ""0.005"": 0.6156524497426424, ""0.01"": 0.6156299953519924, ""0.02"": 0.6114758546410335, ""0.05"": 0.613799729238163}, ""ridge_mae"": {""0.1"": 0.05809469482199347, ""1.0"": 0.05489583735426302, ""10.0"": 0.04813695261328336, ""100.0"": 0.040291001243638}}"
logit_k64,pku_round0_00146,f60_a4_p05_s01,False,100.0,0.001,1.0,False,0.019694708758604754,0.706501925577736,0.706501925577736,0.0,0.706501925577736,True,"[0.019694708758604754, 0.006240970048452231, -0.004129188239883356, -0.01141576610640186, 0.0]",9,True,"{""delta_training_mip"": {""0.0"": 0.6159840347283235, ""0.0001"": 0.6159840347283235, ""0.0005"": 0.6159840347283235, ""0.001"": 0.6159840347283235, ""0.0025"": 0.6156524497426424, ""0.005"": 0.6156524497426424, ""0.01"": 0.6156299953519924, ""0.02"": 0.6114758546410335, ""0.05"": 0.613799729238163}, ""ridge_mae"": {""0.1"": 0.05809469482199347, ""1.0"": 0.05489583735426302, ""10.0"": 0.04813695261328336, ""100.0"": 0.040291001243638}}"
logit_k64,pku_round0_00146,f60_a4_p05_s02,False,100.0,0.001,1.0,False,0.04007681944905979,0.6918557269964244,0.6918557269964244,0.0,0.6918557269964244,True,"[0.04007681944905979, 0.01891990713741128, 0.0025146499148007897, -0.009138952218771378, 0.0]",9,True,"{""delta_training_mip"": {""0.0"": 0.6159840347283235, ""0.0001"": 0.6159840347283235, ""0.0005"": 0.6159840347283235, ""0.001"": 0.6159840347283235, ""0.0025"": 0.6156524497426424, ""0.005"": 0.6156524497426424, ""0.01"": 0.6156299953519924, ""0.02"": 0.6114758546410335, ""0.05"": 0.613799729238163}, ""ridge_mae"": {""0.1"": 0.05809469482199347, ""1.0"": 0.05489583735426302, ""10.0"": 0.04813695261328336, ""100.0"": 0.040291001243638}}"
logit_k64,pku_round0_00146,f60_a4_p05_s03,False,100.0,0.001,1.0,False,0.027509475682431114,0.6819937183820637,0.6819937183820637,0.0,0.6819937183820637,True,"[0.027509475682431114, 0.002244048950418823, -0.015709215072449437, -0.026350316386173803, 0.0]",9,True,"{""delta_training_mip"": {""0.0"": 0.6159840347283235, ""0.0001"": 0.6159840347283235, ""0.0005"": 0.6159840347283235, ""0.001"": 0.6159840347283235, ""0.0025"": 0.6156524497426424, ""0.005"": 0.6156524497426424, ""0.01"": 0.6156299953519924, ""0.02"": 0.6114758546410335, ""0.05"": 0.613799729238163}, ""ridge_mae"": {""0.1"": 0.05809469482199347, ""1.0"": 0.05489583735426302, ""10.0"": 0.04813695261328336, ""100.0"": 0.040291001243638}}"
logit_k64,pku_round0_00146,f60_a4_p05_s04,False,100.0,0.001,1.0,False,0.07095807569061796,0.6573523995179165,0.6573523995179165,0.0,0.6573523995179165,True,"[0.07095807569061796, 0.038482184170525215, 0.009313186858551158, -0.01654891624530426, 0.0]",9,True,"{""delta_training_mip"": {""0.0"": 0.6159840347283235, ""0.0001"": 0.6159840347283235, ""0.0005"": 0.6159840347283235, ""0.001"": 0.6159840347283235, ""0.0025"": 0.6156524497426424, ""0.005"": 0.6156524497426424, ""0.01"": 0.6156299953519924, ""0.02"": 0.6114758546410335, ""0.05"": 0.613799729238163}, ""ridge_mae"": {""0.1"": 0.05809469482199347, ""1.0"": 0.05489583735426302, ""10.0"": 0.04813695261328336, ""100.0"": 0.040291001243638}}"
logit_k64,pku_round0_00198,f60_a0_p06_s00,False,100.0,0.005,1.0,False,0.016708366438960526,0.6369995462696887,0.6369995462696887,0.0,0.6369995462696887,True,"[-0.07819908688471261, -0.04433021324910877, -0.012694395474552266, 0.016708366438960526, 0.0]",9,True,"{""delta_training_mip"": {""0.0"": 0.6014902998210947, ""0.0001"": 0.6014902998210947, ""0.0005"": 0.6014902998210947, ""0.001"": 0.6012139726339376, ""0.0025"": 0.6017563309610694, ""0.005"": 0.6017563309610694, ""0.01"": 0.6004956688989251, ""0.02"": 0.6000144101315964, ""0.05"": 0.6013037546761523}, ""ridge_mae"": {""0.1"": 0.08683311734141375, ""1.0"": 0.08148045627244083, ""10.0"": 0.06691478928315552, ""100.0"": 0.053565198758656875}}"
logit_k64,pku_round0_00198,f60_a0_p06_s01,False,100.0,0.005,1.0,False,0.010656625552545998,0.3312717412440853,0.3312717412440853,0.0,0.3312717412440853,True,"[0.008414867507816169, 0.010656625552545998, 0.009343862930742054, 0.0044765796424037566, 0.0]",9,True,"{""delta_training_mip"": {""0.0"": 0.6014902998210947, ""0.0001"": 0.6014902998210947, ""0.0005"": 0.6014902998210947, ""0.001"": 0.6012139726339376, ""0.0025"": 0.6017563309610694, ""0.005"": 0.6017563309610694, ""0.01"": 0.6004956688989251, ""0.02"": 0.6000144101315964, ""0.05"": 0.6013037546761523}, ""ridge_mae"": {""0.1"": 0.08683311734141375, ""1.0"": 0.08148045627244083, ""10.0"": 0.06691478928315552, ""100.0"": 0.053565198758656875}}"
logit_k64,pku_round0_00198,f60_a0_p06_s02,False,100.0,0.005,1.0,False,0.018138852119897297,0.557461703001102,0.557461703001102,0.0,0.557461703001102,True,"[0.018138852119897297, 0.010065620563580761, 0.005868786274945912, 0.005548349253992377, 0.0]",9,True,"{""delta_training_mip"": {""0.0"": 0.6014902998210947, ""0.0001"": 0.6014902998210947, ""0.0005"": 0.6014902998210947, ""0.001"": 0.6012139726339376, ""0.0025"": 0.6017563309610694, ""0.005"": 0.6017563309610694, ""0.01"": 0.6004956688989251, ""0.02"": 0.6000144101315964, ""0.05"": 0.6013037546761523}, ""ridge_mae"": {""0.1"": 0.08683311734141375, ""1.0"": 0.08148045627244083, ""10.0"": 0.06691478928315552, ""100.0"": 0.053565198758656875}}"
logit_k64,pku_round0_00198,f60_a0_p06_s03,False,100.0,0.005,1.0,False,0.0,0.5997288421234579,0.5997288421234579,0.0,0.5997288421234579,True,"[-0.00953738209106135, -0.014498062016940545, -0.016702702821142616, -0.01615130450366807, 0.0]",9,True,"{""delta_training_mip"": {""0.0"": 0.6014902998210947, ""0.0001"": 0.6014902998210947, ""0.0005"": 0.6014902998210947, ""0.001"": 0.6012139726339376, ""0.0025"": 0.6017563309610694, ""0.005"": 0.6017563309610694, ""0.01"": 0.6004956688989251, ""0.02"": 0.6000144101315964, ""0.05"": 0.6013037546761523}, ""ridge_mae"": {""0.1"": 0.08683311734141375, ""1.0"": 0.08148045627244083, ""10.0"": 0.06691478928315552, ""100.0"": 0.053565198758656875}}"
logit_k64,pku_round0_00198,f60_a0_p06_s04,False,100.0,0.005,1.0,False,0.0,0.6446967569085842,0.6446967569085842,0.0,0.6446967569085842,True,"[-0.10083599179310455, -0.08073782390782762, -0.04768465144916416, -0.0016764744171142328, 0.0]",9,True,"{""delta_training_mip"": {""0.0"": 0.6014902998210947, ""0.0001"": 0.6014902998210947, ""0.0005"": 0.6014902998210947, ""0.001"": 0.6012139726339376, ""0.0025"": 0.6017563309610694, ""0.005"": 0.6017563309610694, ""0.01"": 0.6004956688989251, ""0.02"": 0.6000144101315964, ""0.05"": 0.6013037546761523}, ""ridge_mae"": {""0.1"": 0.08683311734141375, ""1.0"": 0.08148045627244083, ""10.0"": 0.06691478928315552, ""100.0"": 0.053565198758656875}}"
logit_k64,pku_round0_00198,f60_a1_p06_s00,False,100.0,0.005,1.0,False,0.0133170454904506,0.6373505502036684,0.6373505502036684,0.0,0.6373505502036684,True,"[-0.07466508784503151, -0.04265686821045893, -0.013329490431965376, 0.0133170454904506, 0.0]",9,True,"{""delta_training_mip"": {""0.0"": 0.6014902998210947, ""0.0001"": 0.6014902998210947, ""0.0005"": 0.6014902998210947, ""0.001"": 0.6012139726339376, ""0.0025"": 0.6017563309610694, ""0.005"": 0.6017563309610694, ""0.01"": 0.6004956688989251, ""0.02"": 0.6000144101315964, ""0.05"": 0.6013037546761523}, ""ridge_mae"": {""0.1"": 0.08683311734141375, ""1.0"": 0.08148045627244083, ""10.0"": 0.06691478928315552, ""100.0"": 0.053565198758656875}}"
logit_k64,pku_round0_00198,f60_a1_p06_s01,False,100.0,0.005,1.0,False,0.0,0.38510467876976445,0.38510467876976445,0.0,0.38510467876976445,True,"[-0.02427204436077417, -0.01707329959141201, -0.011661144233124355, -0.008035578285910078, 0.0]",9,True,"{""delta_training_mip"": {""0.0"": 0.6014902998210947, ""0.0001"": 0.6014902998210947, ""0.0005"": 0.6014902998210947, ""0.001"": 0.6012139726339376, ""0.0025"": 0.6017563309610694, ""0.005"": 0.6017563309610694, ""0.01"": 0.6004956688989251, ""0.02"": 0.6000144101315964, ""0.05"": 0.6013037546761523}, ""ridge_mae"": {""0.1"": 0.08683311734141375, ""1.0"": 0.08148045627244083, ""10.0"": 0.06691478928315552, ""100.0"": 0.053565198758656875}}"
logit_k64,pku_round0_00198,f60_a1_p06_s02,False,100.0,0.005,1.0,False,0.0603484737339149,0.5687473655718279,0.5687473655718279,0.0,0.5687473655718279,True,"[0.0603484737339149, 0.04728555530641486, 0.03675290946867624, 0.02875053622069953, 0.0]",9,True,"{""delta_training_mip"": {""0.0"": 0.6014902998210947, ""0.0001"": 0.6014902998210947, ""0.0005"": 0.6014902998210947, ""0.001"": 0.6012139726339376, ""0.0025"": 0.6017563309610694, ""0.005"": 0.6017563309610694, ""0.01"": 0.6004956688989251, ""0.02"": 0.6000144101315964, ""0.05"": 0.6013037546761523}, ""ridge_mae"": {""0.1"": 0.08683311734141375, ""1.0"": 0.08148045627244083, ""10.0"": 0.06691478928315552, ""100.0"": 0.053565198758656875}}"
logit_k64,pku_round0_00198,f60_a1_p06_s03,False,100.0,0.005,1.0,False,0.0,0.5863535432515469,0.5863535432515469,0.0,0.5863535432515469,True,"[-0.028643061011454456, -0.032503180972165605, -0.03361875765497929, -0.03198979105989576, 0.0]",9,True,"{""delta_training_mip"": {""0.0"": 0.6014902998210947, ""0.0001"": 0.6014902998210947, ""0.0005"": 0.6014902998210947, ""0.001"": 0.6012139726339376, ""0.0025"": 0.6017563309610694, ""0.005"": 0.6017563309610694, ""0.01"": 0.6004956688989251, ""0.02"": 0.6000144101315964, ""0.05"": 0.6013037546761523}, ""ridge_mae"": {""0.1"": 0.08683311734141375, ""1.0"": 0.08148045627244083, ""10.0"": 0.06691478928315552, ""100.0"": 0.053565198758656875}}"
logit_k64,pku_round0_00198,f60_a1_p06_s04,False,100.0,0.005,1.0,False,0.03228667627248362,0.44669488789519773,0.44669488789519773,0.0,0.44669488789519773,True,"[0.03228667627248362, 0.016527338621601155, 0.0017840300964037867, -0.011943249303108434, 0.0]",9,True,"{""delta_training_mip"": {""0.0"": 0.6014902998210947, ""0.0001"": 0.6014902998210947, ""0.0005"": 0.6014902998210947, ""0.001"": 0.6012139726339376, ""0.0025"": 0.6017563309610694, ""0.005"": 0.6017563309610694, ""0.01"": 0.6004956688989251, ""0.02"": 0.6000144101315964, ""0.05"": 0.6013037546761523}, ""ridge_mae"": {""0.1"": 0.08683311734141375, ""1.0"": 0.08148045627244083, ""10.0"": 0.06691478928315552, ""100.0"": 0.053565198758656875}}"
logit_k64,pku_round0_00198,f60_a2_p06_s00,False,100.0,0.005,1.0,False,0.03211753241785828,0.6178784217018383,0.6178784217018383,0.0,0.6178784217018383,True,"[-0.0321170134660303, -0.006817124605824582, 0.014594390688803572, 0.03211753241785828, 0.0]",9,True,"{""delta_training_mip"": {""0.0"": 0.6014902998210947, ""0.0001"": 0.6014902998210947, ""0.0005"": 0.6014902998210947, ""0.001"": 0.6012139726339376, ""0.0025"": 0.6017563309610694, ""0.005"": 0.6017563309610694, ""0.01"": 0.6004956688989251, ""0.02"": 0.6000144101315964, ""0.05"": 0.6013037546761523}, ""ridge_mae"": {""0.1"": 0.08683311734141375, ""1.0"": 0.08148045627244083, ""10.0"": 0.06691478928315552, ""100.0"": 0.053565198758656875}}"
logit_k64,pku_round0_00198,f60_a2_p06_s01,False,100.0,0.005,1.0,False,0.1055025769471807,0.5912224047798502,0.5912224047798502,0.0,0.5912224047798502,True,"[0.1055025769471807, 0.06678201786692264, 0.02624218607532442, -0.016116918427614663, 0.0]",9,True,"{""delta_training_mip"": {""0.0"": 0.6014902998210947, ""0.0001"": 0.6014902998210947, ""0.0005"": 0.6014902998210947, ""0.001"": 0.6012139726339376, ""0.0025"": 0.6017563309610694, ""0.005"": 0.6017563309610694, ""0.01"": 0.6004956688989251, ""0.02"": 0.6000144101315964, ""0.05"": 0.6013037546761523}, ""ridge_mae"": {""0.1"": 0.08683311734141375, ""1.0"": 0.08148045627244083, ""10.0"": 0.06691478928315552, ""100.0"": 0.053565198758656875}}"
logit_k64,pku_round0_00198,f60_a2_p06_s02,False,100.0,0.005,1.0,False,0.02219436302930791,0.5235189394169381,0.5235189394169381,0.0,0.5235189394169381,True,"[0.02219436302930791, 0.014188130395448459, 0.00852914770320929, 0.005217414952590077, 0.0]",9,True,"{""delta_training_mip"": {""0.0"": 0.6014902998210947, ""0.0001"": 0.6014902998210947, ""0.0005"": 0.6014902998210947, ""0.001"": 0.6012139726339376, ""0.0025"": 0.6017563309610694, ""0.005"": 0.6017563309610694, ""0.01"": 0.6004956688989251, ""0.02"": 0.6000144101315964, ""0.05"": 0.6013037546761523}, ""ridge_mae"": {""0.1"": 0.08683311734141375, ""1.0"": 0.08148045627244083, ""10.0"": 0.06691478928315552, ""100.0"": 0.053565198758656875}}"
logit_k64,pku_round0_00198,f60_a2_p06_s03,False,100.0,0.005,1.0,False,0.04078989568376416,0.5961244115604047,0.5961244115604047,0.0,0.5961244115604047,True,"[0.04078989568376416, 0.03114811587938214, 0.024986983586663767, 0.022306498805610156, 0.0]",9,True,"{""delta_training_mip"": {""0.0"": 0.6014902998210947, ""0.0001"": 0.6014902998210947, ""0.0005"": 0.6014902998210947, ""0.001"": 0.6012139726339376, ""0.0025"": 0.6017563309610694, ""0.005"": 0.6017563309610694, ""0.01"": 0.6004956688989251, ""0.02"": 0.6000144101315964, ""0.05"": 0.6013037546761523}, ""ridge_mae"": {""0.1"": 0.08683311734141375, ""1.0"": 0.08148045627244083, ""10.0"": 0.06691478928315552, ""100.0"": 0.053565198758656875}}"
logit_k64,pku_round0_00198,f60_a2_p06_s04,False,100.0,0.005,1.0,False,0.0,0.6083383020560476,0.6083383020560476,0.0,0.6083383020560476,True,"[-0.024176969162371963, -0.02317104295653192, -0.01974738969042459, -0.013906009364049041, 0.0]",9,True,"{""delta_training_mip"": {""0.0"": 0.6014902998210947, ""0.0001"": 0.6014902998210947, ""0.0005"": 0.6014902998210947, ""0.001"": 0.6012139726339376, ""0.0025"": 0.6017563309610694, ""0.005"": 0.6017563309610694, ""0.01"": 0.6004956688989251, ""0.02"": 0.6000144101315964, ""0.05"": 0.6013037546761523}, ""ridge_mae"": {""0.1"": 0.08683311734141375, ""1.0"": 0.08148045627244083, ""10.0"": 0.06691478928315552, ""100.0"": 0.053565198758656875}}"
logit_k64,pku_round0_00198,f60_a3_p06_s00,False,100.0,0.005,1.0,False,0.03893404073025969,0.7544584906134074,0.7544584906134074,0.0,0.7544584906134074,True,"[-0.04835105191148108, -0.021625014163406345, 0.007470016717173709, 0.03893404073025969, 0.0]",9,True,"{""delta_training_mip"": {""0.0"": 0.6014902998210947, ""0.0001"": 0.6014902998210947, ""0.0005"": 0.6014902998210947, ""0.001"": 0.6012139726339376, ""0.0025"": 0.6017563309610694, ""0.005"": 0.6017563309610694, ""0.01"": 0.6004956688989251, ""0.02"": 0.6000144101315964, ""0.05"": 0.6013037546761523}, ""ridge_mae"": {""0.1"": 0.08683311734141375, ""1.0"": 0.08148045627244083, ""10.0"": 0.06691478928315552, ""100.0"": 0.053565198758656875}}"
logit_k64,pku_round0_00198,f60_a3_p06_s01,True,100.0,0.005,0.75,True,0.05007221319955843,0.7628094453757907,0.7822806897406189,-0.019471244364828277,0.7822806897406189,False,"[-0.03439869679992251, -0.018654611230307764, 0.009502358769519176, 0.05007221319955843, 0.0]",9,True,"{""delta_training_mip"": {""0.0"": 0.6014902998210947, ""0.0001"": 0.6014902998210947, ""0.0005"": 0.6014902998210947, ""0.001"": 0.6012139726339376, ""0.0025"": 0.6017563309610694, ""0.005"": 0.6017563309610694, ""0.01"": 0.6004956688989251, ""0.02"": 0.6000144101315964, ""0.05"": 0.6013037546761523}, ""ridge_mae"": {""0.1"": 0.08683311734141375, ""1.0"": 0.08148045627244083, ""10.0"": 0.06691478928315552, ""100.0"": 0.053565198758656875}}"
logit_k64,pku_round0_00198,f60_a3_p06_s02,True,100.0,0.005,0.75,True,0.01870307204136155,0.8061665385884956,0.8061665385884956,0.0,0.8061665385884956,True,"[-0.02475680978636429, -0.016662978397829712, -0.0021763511219216013, 0.01870307204136155, 0.0]",9,True,"{""delta_training_mip"": {""0.0"": 0.6014902998210947, ""0.0001"": 0.6014902998210947, ""0.0005"": 0.6014902998210947, ""0.001"": 0.6012139726339376, ""0.0025"": 0.6017563309610694, ""0.005"": 0.6017563309610694, ""0.01"": 0.6004956688989251, ""0.02"": 0.6000144101315964, ""0.05"": 0.6013037546761523}, ""ridge_mae"": {""0.1"": 0.08683311734141375, ""1.0"": 0.08148045627244083, ""10.0"": 0.06691478928315552, ""100.0"": 0.053565198758656875}}"
logit_k64,pku_round0_00198,f60_a3_p06_s03,False,100.0,0.005,1.0,False,0.0,0.8098729857464118,0.8098729857464118,0.0,0.8098729857464118,True,"[-0.012626730778603781, -0.020472641931000214, -0.022855519691174882, -0.019775364059127994, 0.0]",9,True,"{""delta_training_mip"": {""0.0"": 0.6014902998210947, ""0.0001"": 0.6014902998210947, ""0.0005"": 0.6014902998210947, ""0.001"": 0.6012139726339376, ""0.0025"": 0.6017563309610694, ""0.005"": 0.6017563309610694, ""0.01"": 0.6004956688989251, ""0.02"": 0.6000144101315964, ""0.05"": 0.6013037546761523}, ""ridge_mae"": {""0.1"": 0.08683311734141375, ""1.0"": 0.08148045627244083, ""10.0"": 0.06691478928315552, ""100.0"": 0.053565198758656875}}"
logit_k64,pku_round0_00198,f60_a3_p06_s04,False,100.0,0.005,1.0,False,0.14408334551026417,0.7974845671119503,0.7974845671119503,0.0,0.7974845671119503,True,"[0.14408334551026417, 0.061657095195670766, -0.004899263030845365, -0.055585729169281256, 0.0]",9,True,"{""delta_training_mip"": {""0.0"": 0.6014902998210947, ""0.0001"": 0.6014902998210947, ""0.0005"": 0.6014902998210947, ""0.001"": 0.6012139726339376, ""0.0025"": 0.6017563309610694, ""0.005"": 0.6017563309610694, ""0.01"": 0.6004956688989251, ""0.02"": 0.6000144101315964, ""0.05"": 0.6013037546761523}, ""ridge_mae"": {""0.1"": 0.08683311734141375, ""1.0"": 0.08148045627244083, ""10.0"": 0.06691478928315552, ""100.0"": 0.053565198758656875}}"
logit_k64,pku_round0_00198,f60_a4_p06_s00,False,100.0,0.005,1.0,False,0.04901916889177081,0.8792260605711336,0.8792260605711336,0.0,0.8792260605711336,True,"[-0.04514797858989844, -0.016276296260450403, 0.015112752900104862, 0.04901916889177081, 0.0]",9,True,"{""delta_training_mip"": {""0.0"": 0.6014902998210947, ""0.0001"": 0.6014902998210947, ""0.0005"": 0.6014902998210947, ""0.001"": 0.6012139726339376, ""0.0025"": 0.6017563309610694, ""0.005"": 0.6017563309610694, ""0.01"": 0.6004956688989251, ""0.02"": 0.6000144101315964, ""0.05"": 0.6013037546761523}, ""ridge_mae"": {""0.1"": 0.08683311734141375, ""1.0"": 0.08148045627244083, ""10.0"": 0.06691478928315552, ""100.0"": 0.053565198758656875}}"
logit_k64,pku_round0_00198,f60_a4_p06_s01,True,100.0,0.005,0.75,True,0.06631416440892013,0.8616866407250294,0.8476551048481462,0.014031535876883217,0.8616866407250294,True,"[-0.006651039192691131, -0.000515053700831946, 0.02380668083303861, 0.06631416440892013, 0.0]",9,True,"{""delta_training_mip"": {""0.0"": 0.6014902998210947, ""0.0001"": 0.6014902998210947, ""0.0005"": 0.6014902998210947, ""0.001"": 0.6012139726339376, ""0.0025"": 0.6017563309610694, ""0.005"": 0.6017563309610694, ""0.01"": 0.6004956688989251, ""0.02"": 0.6000144101315964, ""0.05"": 0.6013037546761523}, ""ridge_mae"": {""0.1"": 0.08683311734141375, ""1.0"": 0.08148045627244083, ""10.0"": 0.06691478928315552, ""100.0"": 0.053565198758656875}}"
logit_k64,pku_round0_00198,f60_a4_p06_s02,True,100.0,0.005,1.0,False,0.0,0.8802283131337681,0.8802283131337681,0.0,0.8802283131337681,True,"[-0.0036060450302483234, -0.003923300761933948, -0.006870037448218996, -0.01244625508910167, 0.0]",9,True,"{""delta_training_mip"": {""0.0"": 0.6014902998210947, ""0.0001"": 0.6014902998210947, ""0.0005"": 0.6014902998210947, ""0.001"": 0.6012139726339376, ""0.0025"": 0.6017563309610694, ""0.005"": 0.6017563309610694, ""0.01"": 0.6004956688989251, ""0.02"": 0.6000144101315964, ""0.05"": 0.6013037546761523}, ""ridge_mae"": {""0.1"": 0.08683311734141375, ""1.0"": 0.08148045627244083, ""10.0"": 0.06691478928315552, ""100.0"": 0.053565198758656875}}"
logit_k64,pku_round0_00198,f60_a4_p06_s03,False,100.0,0.005,1.0,False,0.0,0.8605591065920656,0.8605591065920656,0.0,0.8605591065920656,True,"[-0.010895580216494248, -0.019191627754030553, -0.02259445534029447, -0.02110406297528668, 0.0]",9,True,"{""delta_training_mip"": {""0.0"": 0.6014902998210947, ""0.0001"": 0.6014902998210947, ""0.0005"": 0.6014902998210947, ""0.001"": 0.6012139726339376, ""0.0025"": 0.6017563309610694, ""0.005"": 0.6017563309610694, ""0.01"": 0.6004956688989251, ""0.02"": 0.6000144101315964, ""0.05"": 0.6013037546761523}, ""ridge_mae"": {""0.1"": 0.08683311734141375, ""1.0"": 0.08148045627244083, ""10.0"": 0.06691478928315552, ""100.0"": 0.053565198758656875}}"
logit_k64,pku_round0_00198,f60_a4_p06_s04,False,100.0,0.005,1.0,False,0.10208714324015823,0.7684145116148543,0.7684145116148543,0.0,0.7684145116148543,True,"[0.10208714324015823, 0.05514027103120858, 0.01986553478952884, -0.0037370654848790617, 0.0]",9,True,"{""delta_training_mip"": {""0.0"": 0.6014902998210947, ""0.0001"": 0.6014902998210947, ""0.0005"": 0.6014902998210947, ""0.001"": 0.6012139726339376, ""0.0025"": 0.6017563309610694, ""0.005"": 0.6017563309610694, ""0.01"": 0.6004956688989251, ""0.02"": 0.6000144101315964, ""0.05"": 0.6013037546761523}, ""ridge_mae"": {""0.1"": 0.08683311734141375, ""1.0"": 0.08148045627244083, ""10.0"": 0.06691478928315552, ""100.0"": 0.053565198758656875}}"
logit_k64,pku_round0_00203,f60_a0_p07_s00,False,100.0,0.05,1.0,False,0.03101486546669518,0.47536656277682954,0.47536656277682954,0.0,0.47536656277682954,True,"[0.03101486546669518, 0.030199350530306847, 0.029945967939693244, 0.03025471769485586, 0.0]",9,True,"{""delta_training_mip"": {""0.0"": 0.6146795592340341, ""0.0001"": 0.6146795592340341, ""0.0005"": 0.6146795592340341, ""0.001"": 0.6146795592340341, ""0.0025"": 0.6152219175611657, ""0.005"": 0.6152219175611657, ""0.01"": 0.6152219175611657, ""0.02"": 0.6146614350032452, ""0.05"": 0.6163384813865419}, ""ridge_mae"": {""0.1"": 0.08990101960026264, ""1.0"": 0.08446267064554493, ""10.0"": 0.06762803750169004, ""100.0"": 0.05172716320912784}}"
logit_k64,pku_round0_00203,f60_a0_p07_s01,False,100.0,0.05,1.0,False,0.02777336094601519,0.6183641941965733,0.6183641941965733,0.0,0.6183641941965733,True,"[0.02777336094601519, 0.012089261864891144, -0.0030458840838100167, -0.01763207690008875, 0.0]",9,True,"{""delta_training_mip"": {""0.0"": 0.6146795592340341, ""0.0001"": 0.6146795592340341, ""0.0005"": 0.6146795592340341, ""0.001"": 0.6146795592340341, ""0.0025"": 0.6152219175611657, ""0.005"": 0.6152219175611657, ""0.01"": 0.6152219175611657, ""0.02"": 0.6146614350032452, ""0.05"": 0.6163384813865419}, ""ridge_mae"": {""0.1"": 0.08990101960026264, ""1.0"": 0.08446267064554493, ""10.0"": 0.06762803750169004, ""100.0"": 0.05172716320912784}}"
logit_k64,pku_round0_00203,f60_a0_p07_s02,False,100.0,0.05,1.0,False,0.11020629077125317,0.6386200116673509,0.6386200116673509,0.0,0.6386200116673509,True,"[0.11020629077125317, 0.06703550169443763, 0.02449942247944299, -0.01740194687373146, 0.0]",9,True,"{""delta_training_mip"": {""0.0"": 0.6146795592340341, ""0.0001"": 0.6146795592340341, ""0.0005"": 0.6146795592340341, ""0.001"": 0.6146795592340341, ""0.0025"": 0.6152219175611657, ""0.005"": 0.6152219175611657, ""0.01"": 0.6152219175611657, ""0.02"": 0.6146614350032452, ""0.05"": 0.6163384813865419}, ""ridge_mae"": {""0.1"": 0.08990101960026264, ""1.0"": 0.08446267064554493, ""10.0"": 0.06762803750169004, ""100.0"": 0.05172716320912784}}"
logit_k64,pku_round0_00203,f60_a0_p07_s03,False,100.0,0.05,1.0,False,0.0018148362596689914,0.700737851911069,0.700737851911069,0.0,0.700737851911069,True,"[0.0018148362596689914, -0.005890745439929601, -0.015262492620229374, -0.026300405281230763, 0.0]",9,True,"{""delta_training_mip"": {""0.0"": 0.6146795592340341, ""0.0001"": 0.6146795592340341, ""0.0005"": 0.6146795592340341, ""0.001"": 0.6146795592340341, ""0.0025"": 0.6152219175611657, ""0.005"": 0.6152219175611657, ""0.01"": 0.6152219175611657, ""0.02"": 0.6146614350032452, ""0.05"": 0.6163384813865419}, ""ridge_mae"": {""0.1"": 0.08990101960026264, ""1.0"": 0.08446267064554493, ""10.0"": 0.06762803750169004, ""100.0"": 0.05172716320912784}}"
logit_k64,pku_round0_00203,f60_a0_p07_s04,False,100.0,0.05,1.0,False,0.05048356530519564,0.3819112849210294,0.3819112849210294,0.0,0.3819112849210294,True,"[0.05048356530519564, 0.03652530491515199, 0.023691520004613484, 0.011982210573580164, 0.0]",9,True,"{""delta_training_mip"": {""0.0"": 0.6146795592340341, ""0.0001"": 0.6146795592340341, ""0.0005"": 0.6146795592340341, ""0.001"": 0.6146795592340341, ""0.0025"": 0.6152219175611657, ""0.005"": 0.6152219175611657, ""0.01"": 0.6152219175611657, ""0.02"": 0.6146614350032452, ""0.05"": 0.6163384813865419}, ""ridge_mae"": {""0.1"": 0.08990101960026264, ""1.0"": 0.08446267064554493, ""10.0"": 0.06762803750169004, ""100.0"": 0.05172716320912784}}"
logit_k64,pku_round0_00203,f60_a1_p07_s00,False,100.0,0.05,1.0,False,0.011087765588743241,0.48154180645477607,0.48154180645477607,0.0,0.48154180645477607,True,"[-0.002456583407543997, -0.0001435820212552473, 0.004371200977507067, 0.011087765588743241, 0.0]",9,True,"{""delta_training_mip"": {""0.0"": 0.6146795592340341, ""0.0001"": 0.6146795592340341, ""0.0005"": 0.6146795592340341, ""0.001"": 0.6146795592340341, ""0.0025"": 0.6152219175611657, ""0.005"": 0.6152219175611657, ""0.01"": 0.6152219175611657, ""0.02"": 0.6146614350032452, ""0.05"": 0.6163384813865419}, ""ridge_mae"": {""0.1"": 0.08990101960026264, ""1.0"": 0.08446267064554493, ""10.0"": 0.06762803750169004, ""100.0"": 0.05172716320912784}}"
logit_k64,pku_round0_00203,f60_a1_p07_s01,False,100.0,0.05,1.0,False,0.0,0.5939099593938874,0.5939099593938874,0.0,0.5939099593938874,True,"[-0.012937842902984692, -0.023733221458841196, -0.03146854153219174, -0.03614380312303489, 0.0]",9,True,"{""delta_training_mip"": {""0.0"": 0.6146795592340341, ""0.0001"": 0.6146795592340341, ""0.0005"": 0.6146795592340341, ""0.001"": 0.6146795592340341, ""0.0025"": 0.6152219175611657, ""0.005"": 0.6152219175611657, ""0.01"": 0.6152219175611657, ""0.02"": 0.6146614350032452, ""0.05"": 0.6163384813865419}, ""ridge_mae"": {""0.1"": 0.08990101960026264, ""1.0"": 0.08446267064554493, ""10.0"": 0.06762803750169004, ""100.0"": 0.05172716320912784}}"
logit_k64,pku_round0_00203,f60_a1_p07_s02,False,100.0,0.05,1.0,False,0.032032622213318776,0.6222765999231059,0.6222765999231059,0.0,0.6222765999231059,True,"[0.03090839243148095, 0.031886022633300634, 0.032032622213318776, 0.03134819117153689, 0.0]",9,True,"{""delta_training_mip"": {""0.0"": 0.6146795592340341, ""0.0001"": 0.6146795592340341, ""0.0005"": 0.6146795592340341, ""0.001"": 0.6146795592340341, ""0.0025"": 0.6152219175611657, ""0.005"": 0.6152219175611657, ""0.01"": 0.6152219175611657, ""0.02"": 0.6146614350032452, ""0.05"": 0.6163384813865419}, ""ridge_mae"": {""0.1"": 0.08990101960026264, ""1.0"": 0.08446267064554493, ""10.0"": 0.06762803750169004, ""100.0"": 0.05172716320912784}}"
logit_k64,pku_round0_00203,f60_a1_p07_s03,False,100.0,0.05,1.0,False,0.025851240197579978,0.5750735283600982,0.5750735283600982,0.0,0.5750735283600982,True,"[0.025851240197579978, 0.004982137922860703, -0.015754761916809912, -0.03635945932143213, 0.0]",9,True,"{""delta_training_mip"": {""0.0"": 0.6146795592340341, ""0.0001"": 0.6146795592340341, ""0.0005"": 0.6146795592340341, ""0.001"": 0.6146795592340341, ""0.0025"": 0.6152219175611657, ""0.005"": 0.6152219175611657, ""0.01"": 0.6152219175611657, ""0.02"": 0.6146614350032452, ""0.05"": 0.6163384813865419}, ""ridge_mae"": {""0.1"": 0.08990101960026264, ""1.0"": 0.08446267064554493, ""10.0"": 0.06762803750169004, ""100.0"": 0.05172716320912784}}"
logit_k64,pku_round0_00203,f60_a1_p07_s04,False,100.0,0.05,1.0,False,0.0,0.5416163126859344,0.5416163126859344,0.0,0.5416163126859344,True,"[-0.031508722203726594, -0.027226694392369674, -0.020789966340781018, -0.012198538048960591, 0.0]",9,True,"{""delta_training_mip"": {""0.0"": 0.6146795592340341, ""0.0001"": 0.6146795592340341, ""0.0005"": 0.6146795592340341, ""0.001"": 0.6146795592340341, ""0.0025"": 0.6152219175611657, ""0.005"": 0.6152219175611657, ""0.01"": 0.6152219175611657, ""0.02"": 0.6146614350032452, ""0.05"": 0.6163384813865419}, ""ridge_mae"": {""0.1"": 0.08990101960026264, ""1.0"": 0.08446267064554493, ""10.0"": 0.06762803750169004, ""100.0"": 0.05172716320912784}}"
logit_k64,pku_round0_00203,f60_a2_p07_s00,False,100.0,0.05,1.0,False,0.017599559839598364,0.4454887514916857,0.4454887514916857,0.0,0.4454887514916857,True,"[-0.007506433976102388, -0.0022551902496755726, 0.006113474355558292, 0.017599559839598364, 0.0]",9,True,"{""delta_training_mip"": {""0.0"": 0.6146795592340341, ""0.0001"": 0.6146795592340341, ""0.0005"": 0.6146795592340341, ""0.001"": 0.6146795592340341, ""0.0025"": 0.6152219175611657, ""0.005"": 0.6152219175611657, ""0.01"": 0.6152219175611657, ""0.02"": 0.6146614350032452, ""0.05"": 0.6163384813865419}, ""ridge_mae"": {""0.1"": 0.08990101960026264, ""1.0"": 0.08446267064554493, ""10.0"": 0.06762803750169004, ""100.0"": 0.05172716320912784}}"
logit_k64,pku_round0_00203,f60_a2_p07_s01,False,100.0,0.05,1.0,False,0.08724062750749104,0.4629651921106197,0.4629651921106197,0.0,0.4629651921106197,True,"[0.08724062750749104, 0.06820994951694434, 0.05003519503412594, 0.03271636405903489, 0.0]",9,True,"{""delta_training_mip"": {""0.0"": 0.6146795592340341, ""0.0001"": 0.6146795592340341, ""0.0005"": 0.6146795592340341, ""0.001"": 0.6146795592340341, ""0.0025"": 0.6152219175611657, ""0.005"": 0.6152219175611657, ""0.01"": 0.6152219175611657, ""0.02"": 0.6146614350032452, ""0.05"": 0.6163384813865419}, ""ridge_mae"": {""0.1"": 0.08990101960026264, ""1.0"": 0.08446267064554493, ""10.0"": 0.06762803750169004, ""100.0"": 0.05172716320912784}}"
logit_k64,pku_round0_00203,f60_a2_p07_s02,False,100.0,0.05,1.0,False,0.048700843770884836,0.528730993164034,0.528730993164034,0.0,0.528730993164034,True,"[0.048700843770884836, 0.039341310333249, 0.02958604306500439, 0.019435041966152877, 0.0]",9,True,"{""delta_training_mip"": {""0.0"": 0.6146795592340341, ""0.0001"": 0.6146795592340341, ""0.0005"": 0.6146795592340341, ""0.001"": 0.6146795592340341, ""0.0025"": 0.6152219175611657, ""0.005"": 0.6152219175611657, ""0.01"": 0.6152219175611657, ""0.02"": 0.6146614350032452, ""0.05"": 0.6163384813865419}, ""ridge_mae"": {""0.1"": 0.08990101960026264, ""1.0"": 0.08446267064554493, ""10.0"": 0.06762803750169004, ""100.0"": 0.05172716320912784}}"
logit_k64,pku_round0_00203,f60_a2_p07_s03,True,100.0,0.05,1.0,False,0.011346394588832038,0.5594242358769026,0.5594242358769026,0.0,0.6215978529872415,False,"[-0.021870002622908013, -0.014597013445864414, -0.0035248810419513978, 0.011346394588832038, 0.0]",9,True,"{""delta_training_mip"": {""0.0"": 0.6146795592340341, ""0.0001"": 0.6146795592340341, ""0.0005"": 0.6146795592340341, ""0.001"": 0.6146795592340341, ""0.0025"": 0.6152219175611657, ""0.005"": 0.6152219175611657, ""0.01"": 0.6152219175611657, ""0.02"": 0.6146614350032452, ""0.05"": 0.6163384813865419}, ""ridge_mae"": {""0.1"": 0.08990101960026264, ""1.0"": 0.08446267064554493, ""10.0"": 0.06762803750169004, ""100.0"": 0.05172716320912784}}"
logit_k64,pku_round0_00203,f60_a2_p07_s04,False,100.0,0.05,1.0,False,0.01335805950570032,0.5654693531586623,0.5654693531586623,0.0,0.5654693531586623,True,"[-0.01014362397941803, 0.00018187982201641265, 0.00801577431705603, 0.01335805950570032, 0.0]",9,True,"{""delta_training_mip"": {""0.0"": 0.6146795592340341, ""0.0001"": 0.6146795592340341, ""0.0005"": 0.6146795592340341, ""0.001"": 0.6146795592340341, ""0.0025"": 0.6152219175611657, ""0.005"": 0.6152219175611657, ""0.01"": 0.6152219175611657, ""0.02"": 0.6146614350032452, ""0.05"": 0.6163384813865419}, ""ridge_mae"": {""0.1"": 0.08990101960026264, ""1.0"": 0.08446267064554493, ""10.0"": 0.06762803750169004, ""100.0"": 0.05172716320912784}}"
logit_k64,pku_round0_00203,f60_a3_p07_s00,False,100.0,0.05,1.0,False,0.0030709933527358624,0.49949136460329996,0.49949136460329996,0.0,0.49949136460329996,True,"[-0.0179827687122515, -0.013210694470147284, -0.006192773781817731, 0.0030709933527358624, 0.0]",9,True,"{""delta_training_mip"": {""0.0"": 0.6146795592340341, ""0.0001"": 0.6146795592340341, ""0.0005"": 0.6146795592340341, ""0.001"": 0.6146795592340341, ""0.0025"": 0.6152219175611657, ""0.005"": 0.6152219175611657, ""0.01"": 0.6152219175611657, ""0.02"": 0.6146614350032452, ""0.05"": 0.6163384813865419}, ""ridge_mae"": {""0.1"": 0.08990101960026264, ""1.0"": 0.08446267064554493, ""10.0"": 0.06762803750169004, ""100.0"": 0.05172716320912784}}"
logit_k64,pku_round0_00203,f60_a3_p07_s01,False,100.0,0.05,1.0,False,0.07124263239735447,0.5409071934214333,0.5409071934214333,0.0,0.5409071934214333,True,"[0.07124263239735447, 0.054611896270440774, 0.039033014335959404, 0.02450598659391217, 0.0]",9,True,"{""delta_training_mip"": {""0.0"": 0.6146795592340341, ""0.0001"": 0.6146795592340341, ""0.0005"": 0.6146795592340341, ""0.001"": 0.6146795592340341, ""0.0025"": 0.6152219175611657, ""0.005"": 0.6152219175611657, ""0.01"": 0.6152219175611657, ""0.02"": 0.6146614350032452, ""0.05"": 0.6163384813865419}, ""ridge_mae"": {""0.1"": 0.08990101960026264, ""1.0"": 0.08446267064554493, ""10.0"": 0.06762803750169004, ""100.0"": 0.05172716320912784}}"
logit_k64,pku_round0_00203,f60_a3_p07_s02,False,100.0,0.05,1.0,False,0.02673255867991143,0.5040923835141835,0.5040923835141835,0.0,0.5040923835141835,True,"[0.02673255867991143, 0.02056561321495823, 0.014916408788782393, 0.009784945401385432, 0.0]",9,True,"{""delta_training_mip"": {""0.0"": 0.6146795592340341, ""0.0001"": 0.6146795592340341, ""0.0005"": 0.6146795592340341, ""0.001"": 0.6146795592340341, ""0.0025"": 0.6152219175611657, ""0.005"": 0.6152219175611657, ""0.01"": 0.6152219175611657, ""0.02"": 0.6146614350032452, ""0.05"": 0.6163384813865419}, ""ridge_mae"": {""0.1"": 0.08990101960026264, ""1.0"": 0.08446267064554493, ""10.0"": 0.06762803750169004, ""100.0"": 0.05172716320912784}}"
logit_k64,pku_round0_00203,f60_a3_p07_s03,False,100.0,0.05,1.0,False,0.0,0.4967097437227778,0.4967097437227778,0.0,0.4967097437227778,True,"[-0.01367116848653158, -0.015319050974518755, -0.015152840551904061, -0.013172537218688059, 0.0]",9,True,"{""delta_training_mip"": {""0.0"": 0.6146795592340341, ""0.0001"": 0.6146795592340341, ""0.0005"": 0.6146795592340341, ""0.001"": 0.6146795592340341, ""0.0025"": 0.6152219175611657, ""0.005"": 0.6152219175611657, ""0.01"": 0.6152219175611657, ""0.02"": 0.6146614350032452, ""0.05"": 0.6163384813865419}, ""ridge_mae"": {""0.1"": 0.08990101960026264, ""1.0"": 0.08446267064554493, ""10.0"": 0.06762803750169004, ""100.0"": 0.05172716320912784}}"
logit_k64,pku_round0_00203,f60_a3_p07_s04,False,100.0,0.05,1.0,False,0.0,0.5052527042270032,0.5052527042270032,0.0,0.5052527042270032,True,"[-0.026750782507899546, -0.024045640190652546, -0.018736755175874278, -0.010824127463564991, 0.0]",9,True,"{""delta_training_mip"": {""0.0"": 0.6146795592340341, ""0.0001"": 0.6146795592340341, ""0.0005"": 0.6146795592340341, ""0.001"": 0.6146795592340341, ""0.0025"": 0.6152219175611657, ""0.005"": 0.6152219175611657, ""0.01"": 0.6152219175611657, ""0.02"": 0.6146614350032452, ""0.05"": 0.6163384813865419}, ""ridge_mae"": {""0.1"": 0.08990101960026264, ""1.0"": 0.08446267064554493, ""10.0"": 0.06762803750169004, ""100.0"": 0.05172716320912784}}"
logit_k64,pku_round0_00203,f60_a4_p07_s00,False,100.0,0.05,1.0,False,0.02340602942635436,0.5556237644105126,0.5556237644105126,0.0,0.5556237644105126,True,"[0.02340602942635436, 0.020825393915510432, 0.01969061658158438, 0.020001697424575266, 0.0]",9,True,"{""delta_training_mip"": {""0.0"": 0.6146795592340341, ""0.0001"": 0.6146795592340341, ""0.0005"": 0.6146795592340341, ""0.001"": 0.6146795592340341, ""0.0025"": 0.6152219175611657, ""0.005"": 0.6152219175611657, ""0.01"": 0.6152219175611657, ""0.02"": 0.6146614350032452, ""0.05"": 0.6163384813865419}, ""ridge_mae"": {""0.1"": 0.08990101960026264, ""1.0"": 0.08446267064554493, ""10.0"": 0.06762803750169004, ""100.0"": 0.05172716320912784}}"
logit_k64,pku_round0_00203,f60_a4_p07_s01,False,100.0,0.05,1.0,False,0.022515653935412622,0.39814483050656346,0.39814483050656346,0.0,0.39814483050656346,True,"[0.022515653935412622, 0.014885318267901359, 0.009541240447998357, 0.00648342047570483, 0.0]",9,True,"{""delta_training_mip"": {""0.0"": 0.6146795592340341, ""0.0001"": 0.6146795592340341, ""0.0005"": 0.6146795592340341, ""0.001"": 0.6146795592340341, ""0.0025"": 0.6152219175611657, ""0.005"": 0.6152219175611657, ""0.01"": 0.6152219175611657, ""0.02"": 0.6146614350032452, ""0.05"": 0.6163384813865419}, ""ridge_mae"": {""0.1"": 0.08990101960026264, ""1.0"": 0.08446267064554493, ""10.0"": 0.06762803750169004, ""100.0"": 0.05172716320912784}}"
logit_k64,pku_round0_00203,f60_a4_p07_s02,False,100.0,0.05,1.0,False,0.0,0.5140302830611799,0.5140302830611799,0.0,0.5140302830611799,True,"[-0.028490552740728006, -0.026933294739041175, -0.022412378142304675, -0.014927802950517346, 0.0]",9,True,"{""delta_training_mip"": {""0.0"": 0.6146795592340341, ""0.0001"": 0.6146795592340341, ""0.0005"": 0.6146795592340341, ""0.001"": 0.6146795592340341, ""0.0025"": 0.6152219175611657, ""0.005"": 0.6152219175611657, ""0.01"": 0.6152219175611657, ""0.02"": 0.6146614350032452, ""0.05"": 0.6163384813865419}, ""ridge_mae"": {""0.1"": 0.08990101960026264, ""1.0"": 0.08446267064554493, ""10.0"": 0.06762803750169004, ""100.0"": 0.05172716320912784}}"
logit_k64,pku_round0_00203,f60_a4_p07_s03,True,100.0,0.05,1.0,False,0.02947732455376816,0.43911190400424954,0.43911190400424954,0.0,0.44825745863828953,False,"[0.025233811871754476, 0.023597357062120978, 0.025011861289459255, 0.02947732455376816, 0.0]",9,True,"{""delta_training_mip"": {""0.0"": 0.6146795592340341, ""0.0001"": 0.6146795592340341, ""0.0005"": 0.6146795592340341, ""0.001"": 0.6146795592340341, ""0.0025"": 0.6152219175611657, ""0.005"": 0.6152219175611657, ""0.01"": 0.6152219175611657, ""0.02"": 0.6146614350032452, ""0.05"": 0.6163384813865419}, ""ridge_mae"": {""0.1"": 0.08990101960026264, ""1.0"": 0.08446267064554493, ""10.0"": 0.06762803750169004, ""100.0"": 0.05172716320912784}}"
logit_k64,pku_round0_00203,f60_a4_p07_s04,False,100.0,0.05,1.0,False,0.00449407147234435,0.5002493103249553,0.5002493103249553,0.0,0.5002493103249553,True,"[-0.0065720346450252425, -3.408160973027673e-05, 0.0036546204293931087, 0.00449407147234435, 0.0]",9,True,"{""delta_training_mip"": {""0.0"": 0.6146795592340341, ""0.0001"": 0.6146795592340341, ""0.0005"": 0.6146795592340341, ""0.001"": 0.6146795592340341, ""0.0025"": 0.6152219175611657, ""0.005"": 0.6152219175611657, ""0.01"": 0.6152219175611657, ""0.02"": 0.6146614350032452, ""0.05"": 0.6163384813865419}, ""ridge_mae"": {""0.1"": 0.08990101960026264, ""1.0"": 0.08446267064554493, ""10.0"": 0.06762803750169004, ""100.0"": 0.05172716320912784}}"
logit_k64,pku_round0_00209,f60_a0_p08_s00,False,100.0,0.0025,1.0,False,0.0,0.41408427500378114,0.41408427500378114,0.0,0.41408427500378114,True,"[-0.04585370250379832, -0.04029181088520445, -0.03699855788126783, -0.03597394349198852, 0.0]",9,True,"{""delta_training_mip"": {""0.0"": 0.6139579118046183, ""0.0001"": 0.6139579118046183, ""0.0005"": 0.6139579118046183, ""0.001"": 0.6139579118046183, ""0.0025"": 0.6139579118046183, ""0.005"": 0.612697249742474, ""0.01"": 0.6097359196808734, ""0.02"": 0.6098683630182609, ""0.05"": 0.6109164439736859}, ""ridge_mae"": {""0.1"": 0.09249504331487049, ""1.0"": 0.08513742292869665, ""10.0"": 0.06655418286237495, ""100.0"": 0.050158694012444625}}"
logit_k64,pku_round0_00209,f60_a0_p08_s01,True,100.0,0.0025,1.0,False,0.0,0.5794730246526804,0.5794730246526804,0.0,0.6637372253311152,False,"[-0.20221872788066106, -0.15999122610336108, -0.1084814237035599, -0.047689320681255906, 0.0]",9,True,"{""delta_training_mip"": {""0.0"": 0.6139579118046183, ""0.0001"": 0.6139579118046183, ""0.0005"": 0.6139579118046183, ""0.001"": 0.6139579118046183, ""0.0025"": 0.6139579118046183, ""0.005"": 0.612697249742474, ""0.01"": 0.6097359196808734, ""0.02"": 0.6098683630182609, ""0.05"": 0.6109164439736859}, ""ridge_mae"": {""0.1"": 0.09249504331487049, ""1.0"": 0.08513742292869665, ""10.0"": 0.06655418286237495, ""100.0"": 0.050158694012444625}}"
logit_k64,pku_round0_00209,f60_a0_p08_s02,False,100.0,0.0025,1.0,False,0.0,0.6688686990903788,0.6688686990903788,0.0,0.6688686990903788,True,"[-0.02820709065799468, -0.025494228394461884, -0.020779039152147617, -0.014061522931053746, 0.0]",9,True,"{""delta_training_mip"": {""0.0"": 0.6139579118046183, ""0.0001"": 0.6139579118046183, ""0.0005"": 0.6139579118046183, ""0.001"": 0.6139579118046183, ""0.0025"": 0.6139579118046183, ""0.005"": 0.612697249742474, ""0.01"": 0.6097359196808734, ""0.02"": 0.6098683630182609, ""0.05"": 0.6109164439736859}, ""ridge_mae"": {""0.1"": 0.09249504331487049, ""1.0"": 0.08513742292869665, ""10.0"": 0.06655418286237495, ""100.0"": 0.050158694012444625}}"
logit_k64,pku_round0_00209,f60_a0_p08_s03,False,100.0,0.0025,1.0,False,0.019427172062959765,0.7616403431065403,0.7616403431065403,0.0,0.7616403431065403,True,"[0.01818335390899589, 0.019110621229011974, 0.019427172062959765, 0.01913300641083958, 0.0]",9,True,"{""delta_training_mip"": {""0.0"": 0.6139579118046183, ""0.0001"": 0.6139579118046183, ""0.0005"": 0.6139579118046183, ""0.001"": 0.6139579118046183, ""0.0025"": 0.6139579118046183, ""0.005"": 0.612697249742474, ""0.01"": 0.6097359196808734, ""0.02"": 0.6098683630182609, ""0.05"": 0.6109164439736859}, ""ridge_mae"": {""0.1"": 0.09249504331487049, ""1.0"": 0.08513742292869665, ""10.0"": 0.06655418286237495, ""100.0"": 0.050158694012444625}}"
logit_k64,pku_round0_00209,f60_a0_p08_s04,False,100.0,0.0025,1.0,False,0.0,0.7195082427673228,0.7195082427673228,0.0,0.7195082427673228,True,"[-0.04226144943060053, -0.037792880508516494, -0.030613556163207583, -0.020723476394673517, 0.0]",9,True,"{""delta_training_mip"": {""0.0"": 0.6139579118046183, ""0.0001"": 0.6139579118046183, ""0.0005"": 0.6139579118046183, ""0.001"": 0.6139579118046183, ""0.0025"": 0.6139579118046183, ""0.005"": 0.612697249742474, ""0.01"": 0.6097359196808734, ""0.02"": 0.6098683630182609, ""0.05"": 0.6109164439736859}, ""ridge_mae"": {""0.1"": 0.09249504331487049, ""1.0"": 0.08513742292869665, ""10.0"": 0.06655418286237495, ""100.0"": 0.050158694012444625}}"
logit_k64,pku_round0_00209,f60_a1_p08_s00,False,100.0,0.0025,1.0,False,0.0,0.4132028803976724,0.4132028803976724,0.0,0.4132028803976724,True,"[-0.0884735638325952, -0.07568901628490869, -0.05963501355483542, -0.040311555642374756, 0.0]",9,True,"{""delta_training_mip"": {""0.0"": 0.6139579118046183, ""0.0001"": 0.6139579118046183, ""0.0005"": 0.6139579118046183, ""0.001"": 0.6139579118046183, ""0.0025"": 0.6139579118046183, ""0.005"": 0.612697249742474, ""0.01"": 0.6097359196808734, ""0.02"": 0.6098683630182609, ""0.05"": 0.6109164439736859}, ""ridge_mae"": {""0.1"": 0.09249504331487049, ""1.0"": 0.08513742292869665, ""10.0"": 0.06655418286237495, ""100.0"": 0.050158694012444625}}"
logit_k64,pku_round0_00209,f60_a1_p08_s01,True,100.0,0.0025,1.0,False,0.0,0.6456884461083313,0.6456884461083313,0.0,0.6456884461083313,True,"[-0.20960112111010068, -0.16326893783074475, -0.10749298671037702, -0.04227326774899427, 0.0]",9,True,"{""delta_training_mip"": {""0.0"": 0.6139579118046183, ""0.0001"": 0.6139579118046183, ""0.0005"": 0.6139579118046183, ""0.001"": 0.6139579118046183, ""0.0025"": 0.6139579118046183, ""0.005"": 0.612697249742474, ""0.01"": 0.6097359196808734, ""0.02"": 0.6098683630182609, ""0.05"": 0.6109164439736859}, ""ridge_mae"": {""0.1"": 0.09249504331487049, ""1.0"": 0.08513742292869665, ""10.0"": 0.06655418286237495, ""100.0"": 0.050158694012444625}}"
logit_k64,pku_round0_00209,f60_a1_p08_s02,False,100.0,0.0025,1.0,False,0.0,0.5633886558357731,0.5633886558357731,0.0,0.5633886558357731,True,"[-0.10853502125909467, -0.07825265544374804, -0.04505738863294137, -0.008949220826675361, 0.0]",9,True,"{""delta_training_mip"": {""0.0"": 0.6139579118046183, ""0.0001"": 0.6139579118046183, ""0.0005"": 0.6139579118046183, ""0.001"": 0.6139579118046183, ""0.0025"": 0.6139579118046183, ""0.005"": 0.612697249742474, ""0.01"": 0.6097359196808734, ""0.02"": 0.6098683630182609, ""0.05"": 0.6109164439736859}, ""ridge_mae"": {""0.1"": 0.09249504331487049, ""1.0"": 0.08513742292869665, ""10.0"": 0.06655418286237495, ""100.0"": 0.050158694012444625}}"
logit_k64,pku_round0_00209,f60_a1_p08_s03,False,100.0,0.0025,1.0,False,0.0,0.6393874835037002,0.6393874835037002,0.0,0.6393874835037002,True,"[-0.16243476463196954, -0.13394092867670887, -0.10390772536229956, -0.07233515468874274, 0.0]",9,True,"{""delta_training_mip"": {""0.0"": 0.6139579118046183, ""0.0001"": 0.6139579118046183, ""0.0005"": 0.6139579118046183, ""0.001"": 0.6139579118046183, ""0.0025"": 0.6139579118046183, ""0.005"": 0.612697249742474, ""0.01"": 0.6097359196808734, ""0.02"": 0.6098683630182609, ""0.05"": 0.6109164439736859}, ""ridge_mae"": {""0.1"": 0.09249504331487049, ""1.0"": 0.08513742292869665, ""10.0"": 0.06655418286237495, ""100.0"": 0.050158694012444625}}"
logit_k64,pku_round0_00209,f60_a1_p08_s04,True,100.0,0.0025,0.25,True,0.09072718509150318,0.5133389434892017,0.5133389434892017,0.0,0.55184722866918,False,"[0.08878574775125914, 0.09072718509150318, 0.08543491330472566, 0.07290893239092718, 0.0]",9,True,"{""delta_training_mip"": {""0.0"": 0.6139579118046183, ""0.0001"": 0.6139579118046183, ""0.0005"": 0.6139579118046183, ""0.001"": 0.6139579118046183, ""0.0025"": 0.6139579118046183, ""0.005"": 0.612697249742474, ""0.01"": 0.6097359196808734, ""0.02"": 0.6098683630182609, ""0.05"": 0.6109164439736859}, ""ridge_mae"": {""0.1"": 0.09249504331487049, ""1.0"": 0.08513742292869665, ""10.0"": 0.06655418286237495, ""100.0"": 0.050158694012444625}}"
logit_k64,pku_round0_00209,f60_a2_p08_s00,False,100.0,0.0025,1.0,False,0.0,0.5441549159095275,0.5441549159095275,0.0,0.5441549159095275,True,"[-0.09001583047653781, -0.07998908851062977, -0.06858173840110718, -0.055793780147969554, 0.0]",9,True,"{""delta_training_mip"": {""0.0"": 0.6139579118046183, ""0.0001"": 0.6139579118046183, ""0.0005"": 0.6139579118046183, ""0.001"": 0.6139579118046183, ""0.0025"": 0.6139579118046183, ""0.005"": 0.612697249742474, ""0.01"": 0.6097359196808734, ""0.02"": 0.6098683630182609, ""0.05"": 0.6109164439736859}, ""ridge_mae"": {""0.1"": 0.09249504331487049, ""1.0"": 0.08513742292869665, ""10.0"": 0.06655418286237495, ""100.0"": 0.050158694012444625}}"
logit_k64,pku_round0_00209,f60_a2_p08_s01,False,100.0,0.0025,1.0,False,0.0,0.15488148890120465,0.15488148890120465,0.0,0.15488148890120465,True,"[-0.0759356781918955, -0.07030318052513027, -0.06377560845047092, -0.0563529619679176, 0.0]",9,True,"{""delta_training_mip"": {""0.0"": 0.6139579118046183, ""0.0001"": 0.6139579118046183, ""0.0005"": 0.6139579118046183, ""0.001"": 0.6139579118046183, ""0.0025"": 0.6139579118046183, ""0.005"": 0.612697249742474, ""0.01"": 0.6097359196808734, ""0.02"": 0.6098683630182609, ""0.05"": 0.6109164439736859}, ""ridge_mae"": {""0.1"": 0.09249504331487049, ""1.0"": 0.08513742292869665, ""10.0"": 0.06655418286237495, ""100.0"": 0.050158694012444625}}"
logit_k64,pku_round0_00209,f60_a2_p08_s02,True,100.0,0.0025,0.75,True,0.0046285979034466716,0.5596317065942065,0.5596317065942065,0.0,0.6015254567878403,False,"[-0.057481628591242145, -0.035875683079618075, -0.015172274248055327, 0.0046285979034466716, 0.0]",9,True,"{""delta_training_mip"": {""0.0"": 0.6139579118046183, ""0.0001"": 0.6139579118046183, ""0.0005"": 0.6139579118046183, ""0.001"": 0.6139579118046183, ""0.0025"": 0.6139579118046183, ""0.005"": 0.612697249742474, ""0.01"": 0.6097359196808734, ""0.02"": 0.6098683630182609, ""0.05"": 0.6109164439736859}, ""ridge_mae"": {""0.1"": 0.09249504331487049, ""1.0"": 0.08513742292869665, ""10.0"": 0.06655418286237495, ""100.0"": 0.050158694012444625}}"
logit_k64,pku_round0_00209,f60_a2_p08_s03,False,100.0,0.0025,1.0,False,0.10995625627271982,0.604973344319693,0.604973344319693,0.0,0.604973344319693,True,"[0.10995625627271982, 0.069069134773083, 0.03489487098106031, 0.007433464896652741, 0.0]",9,True,"{""delta_training_mip"": {""0.0"": 0.6139579118046183, ""0.0001"": 0.6139579118046183, ""0.0005"": 0.6139579118046183, ""0.001"": 0.6139579118046183, ""0.0025"": 0.6139579118046183, ""0.005"": 0.612697249742474, ""0.01"": 0.6097359196808734, ""0.02"": 0.6098683630182609, ""0.05"": 0.6109164439736859}, ""ridge_mae"": {""0.1"": 0.09249504331487049, ""1.0"": 0.08513742292869665, ""10.0"": 0.06655418286237495, ""100.0"": 0.050158694012444625}}"
logit_k64,pku_round0_00209,f60_a2_p08_s04,False,100.0,0.0025,1.0,False,0.0,0.5917605237620633,0.5917605237620633,0.0,0.5917605237620633,True,"[-0.15892254175928006, -0.13493584604239064, -0.10417153829891479, -0.0666296185288483, 0.0]",9,True,"{""delta_training_mip"": {""0.0"": 0.6139579118046183, ""0.0001"": 0.6139579118046183, ""0.0005"": 0.6139579118046183, ""0.001"": 0.6139579118046183, ""0.0025"": 0.6139579118046183, ""0.005"": 0.612697249742474, ""0.01"": 0.6097359196808734, ""0.02"": 0.6098683630182609, ""0.05"": 0.6109164439736859}, ""ridge_mae"": {""0.1"": 0.09249504331487049, ""1.0"": 0.08513742292869665, ""10.0"": 0.06655418286237495, ""100.0"": 0.050158694012444625}}"
logit_k64,pku_round0_00209,f60_a3_p08_s00,False,100.0,0.0025,1.0,False,0.0,0.6150946171336074,0.6150946171336074,0.0,0.6150946171336074,True,"[-0.10824685599492387, -0.0932030763432534, -0.07271977504701546, -0.04679695210620624, 0.0]",9,True,"{""delta_training_mip"": {""0.0"": 0.6139579118046183, ""0.0001"": 0.6139579118046183, ""0.0005"": 0.6139579118046183, ""0.001"": 0.6139579118046183, ""0.0025"": 0.6139579118046183, ""0.005"": 0.612697249742474, ""0.01"": 0.6097359196808734, ""0.02"": 0.6098683630182609, ""0.05"": 0.6109164439736859}, ""ridge_mae"": {""0.1"": 0.09249504331487049, ""1.0"": 0.08513742292869665, ""10.0"": 0.06655418286237495, ""100.0"": 0.050158694012444625}}"
logit_k64,pku_round0_00209,f60_a3_p08_s01,False,100.0,0.0025,1.0,False,0.0,0.5023186894924592,0.5023186894924592,0.0,0.5023186894924592,True,"[-0.034994109035579535, -0.03675091351173407, -0.03590007271652629, -0.03244158664995578, 0.0]",9,True,"{""delta_training_mip"": {""0.0"": 0.6139579118046183, ""0.0001"": 0.6139579118046183, ""0.0005"": 0.6139579118046183, ""0.001"": 0.6139579118046183, ""0.0025"": 0.6139579118046183, ""0.005"": 0.612697249742474, ""0.01"": 0.6097359196808734, ""0.02"": 0.6098683630182609, ""0.05"": 0.6109164439736859}, ""ridge_mae"": {""0.1"": 0.09249504331487049, ""1.0"": 0.08513742292869665, ""10.0"": 0.06655418286237495, ""100.0"": 0.050158694012444625}}"
logit_k64,pku_round0_00209,f60_a3_p08_s02,True,100.0,0.0025,0.0,True,0.010493598481256678,0.6683549483994944,0.5912748377734771,0.07708011062601727,0.6683549483994944,True,"[0.010493598481256678, 0.002797660507333844, -0.010756883214349281, -0.030170032683792026, 0.0]",9,True,"{""delta_training_mip"": {""0.0"": 0.6139579118046183, ""0.0001"": 0.6139579118046183, ""0.0005"": 0.6139579118046183, ""0.001"": 0.6139579118046183, ""0.0025"": 0.6139579118046183, ""0.005"": 0.612697249742474, ""0.01"": 0.6097359196808734, ""0.02"": 0.6098683630182609, ""0.05"": 0.6109164439736859}, ""ridge_mae"": {""0.1"": 0.09249504331487049, ""1.0"": 0.08513742292869665, ""10.0"": 0.06655418286237495, ""100.0"": 0.050158694012444625}}"
logit_k64,pku_round0_00209,f60_a3_p08_s03,False,100.0,0.0025,1.0,False,0.0,0.6229659629514774,0.6229659629514774,0.0,0.6229659629514774,True,"[-0.12897580352547125, -0.12730752282428356, -0.11953634894983983, -0.10566228190213833, 0.0]",9,True,"{""delta_training_mip"": {""0.0"": 0.6139579118046183, ""0.0001"": 0.6139579118046183, ""0.0005"": 0.6139579118046183, ""0.001"": 0.6139579118046183, ""0.0025"": 0.6139579118046183, ""0.005"": 0.612697249742474, ""0.01"": 0.6097359196808734, ""0.02"": 0.6098683630182609, ""0.05"": 0.6109164439736859}, ""ridge_mae"": {""0.1"": 0.09249504331487049, ""1.0"": 0.08513742292869665, ""10.0"": 0.06655418286237495, ""100.0"": 0.050158694012444625}}"
logit_k64,pku_round0_00209,f60_a3_p08_s04,False,100.0,0.0025,1.0,False,0.026349054334358576,0.6149466300465734,0.6149466300465734,0.0,0.6149466300465734,True,"[0.026349054334358576, 0.021930917327883954, 0.01722236888839552, 0.012223409015893432, 0.0]",9,True,"{""delta_training_mip"": {""0.0"": 0.6139579118046183, ""0.0001"": 0.6139579118046183, ""0.0005"": 0.6139579118046183, ""0.001"": 0.6139579118046183, ""0.0025"": 0.6139579118046183, ""0.005"": 0.612697249742474, ""0.01"": 0.6097359196808734, ""0.02"": 0.6098683630182609, ""0.05"": 0.6109164439736859}, ""ridge_mae"": {""0.1"": 0.09249504331487049, ""1.0"": 0.08513742292869665, ""10.0"": 0.06655418286237495, ""100.0"": 0.050158694012444625}}"
logit_k64,pku_round0_00209,f60_a4_p08_s00,False,100.0,0.0025,1.0,False,0.0,0.6521532143492499,0.6521532143492499,0.0,0.6521532143492499,True,"[-0.09358691942666457, -0.0812644502698163, -0.06377272487409895, -0.041111743239511084, 0.0]",9,True,"{""delta_training_mip"": {""0.0"": 0.6139579118046183, ""0.0001"": 0.6139579118046183, ""0.0005"": 0.6139579118046183, ""0.001"": 0.6139579118046183, ""0.0025"": 0.6139579118046183, ""0.005"": 0.612697249742474, ""0.01"": 0.6097359196808734, ""0.02"": 0.6098683630182609, ""0.05"": 0.6109164439736859}, ""ridge_mae"": {""0.1"": 0.09249504331487049, ""1.0"": 0.08513742292869665, ""10.0"": 0.06655418286237495, ""100.0"": 0.050158694012444625}}"
logit_k64,pku_round0_00209,f60_a4_p08_s01,False,100.0,0.0025,1.0,False,0.0,0.555373201269854,0.555373201269854,0.0,0.555373201269854,True,"[-0.026228067864955483, -0.03174087588226986, -0.03135742201360591, -0.025077706258963633, 0.0]",9,True,"{""delta_training_mip"": {""0.0"": 0.6139579118046183, ""0.0001"": 0.6139579118046183, ""0.0005"": 0.6139579118046183, ""0.001"": 0.6139579118046183, ""0.0025"": 0.6139579118046183, ""0.005"": 0.612697249742474, ""0.01"": 0.6097359196808734, ""0.02"": 0.6098683630182609, ""0.05"": 0.6109164439736859}, ""ridge_mae"": {""0.1"": 0.09249504331487049, ""1.0"": 0.08513742292869665, ""10.0"": 0.06655418286237495, ""100.0"": 0.050158694012444625}}"
logit_k64,pku_round0_00209,f60_a4_p08_s02,True,100.0,0.0025,1.0,False,0.0,0.6548467681113301,0.6548467681113301,0.0,0.6608916038797197,False,"[-0.0026844071453175264, -0.003283683838842253, -0.005612087270250863, -0.009669617439542947, 0.0]",9,True,"{""delta_training_mip"": {""0.0"": 0.6139579118046183, ""0.0001"": 0.6139579118046183, ""0.0005"": 0.6139579118046183, ""0.001"": 0.6139579118046183, ""0.0025"": 0.6139579118046183, ""0.005"": 0.612697249742474, ""0.01"": 0.6097359196808734, ""0.02"": 0.6098683630182609, ""0.05"": 0.6109164439736859}, ""ridge_mae"": {""0.1"": 0.09249504331487049, ""1.0"": 0.08513742292869665, ""10.0"": 0.06655418286237495, ""100.0"": 0.050158694012444625}}"
logit_k64,pku_round0_00209,f60_a4_p08_s03,False,100.0,0.0025,1.0,False,0.0,0.5837494769494438,0.5837494769494438,0.0,0.5837494769494438,True,"[-0.08294549107969666, -0.088085895905651, -0.08714915955035836, -0.08013528201381842, 0.0]",9,True,"{""delta_training_mip"": {""0.0"": 0.6139579118046183, ""0.0001"": 0.6139579118046183, ""0.0005"": 0.6139579118046183, ""0.001"": 0.6139579118046183, ""0.0025"": 0.6139579118046183, ""0.005"": 0.612697249742474, ""0.01"": 0.6097359196808734, ""0.02"": 0.6098683630182609, ""0.05"": 0.6109164439736859}, ""ridge_mae"": {""0.1"": 0.09249504331487049, ""1.0"": 0.08513742292869665, ""10.0"": 0.06655418286237495, ""100.0"": 0.050158694012444625}}"
logit_k64,pku_round0_00209,f60_a4_p08_s04,False,100.0,0.0025,1.0,False,0.0,0.6520592531715029,0.6520592531715029,0.0,0.6520592531715029,True,"[-0.08259305018489756, -0.07071582952870725, -0.05121779388515739, -0.02409894325424927, 0.0]",9,True,"{""delta_training_mip"": {""0.0"": 0.6139579118046183, ""0.0001"": 0.6139579118046183, ""0.0005"": 0.6139579118046183, ""0.001"": 0.6139579118046183, ""0.0025"": 0.6139579118046183, ""0.005"": 0.612697249742474, ""0.01"": 0.6097359196808734, ""0.02"": 0.6098683630182609, ""0.05"": 0.6109164439736859}, ""ridge_mae"": {""0.1"": 0.09249504331487049, ""1.0"": 0.08513742292869665, ""10.0"": 0.06655418286237495, ""100.0"": 0.050158694012444625}}"
logit_k64,pku_round0_00217,f60_a0_p09_s00,True,100.0,0.01,1.0,False,0.005056588368468677,0.22621156796231878,0.22621156796231878,0.0,0.5098605319447747,False,"[0.0014559312474559365, -0.0037801239979088127, -0.0025799049575711552, 0.005056588368468677, 0.0]",9,True,"{""delta_training_mip"": {""0.0"": 0.595514740795523, ""0.0001"": 0.595514740795523, ""0.0005"": 0.595514740795523, ""0.001"": 0.595514740795523, ""0.0025"": 0.595514740795523, ""0.005"": 0.5955444776987069, ""0.01"": 0.5955444776987069, ""0.02"": 0.5935117274336223, ""0.05"": 0.59233005725859}, ""ridge_mae"": {""0.1"": 0.08009792796545809, ""1.0"": 0.07386777004031381, ""10.0"": 0.059757850846831405, ""100.0"": 0.04782737564891602}}"
logit_k64,pku_round0_00217,f60_a0_p09_s01,False,100.0,0.01,1.0,False,0.0415912747945396,0.5197183631138864,0.5197183631138864,0.0,0.5197183631138864,True,"[0.0415912747945396, 0.014727315260227148, -0.015232764430698344, -0.04828896427823694, 0.0]",9,True,"{""delta_training_mip"": {""0.0"": 0.595514740795523, ""0.0001"": 0.595514740795523, ""0.0005"": 0.595514740795523, ""0.001"": 0.595514740795523, ""0.0025"": 0.595514740795523, ""0.005"": 0.5955444776987069, ""0.01"": 0.5955444776987069, ""0.02"": 0.5935117274336223, ""0.05"": 0.59233005725859}, ""ridge_mae"": {""0.1"": 0.08009792796545809, ""1.0"": 0.07386777004031381, ""10.0"": 0.059757850846831405, ""100.0"": 0.04782737564891602}}"
logit_k64,pku_round0_00217,f60_a0_p09_s02,False,100.0,0.01,1.0,False,0.0,0.5837267463215436,0.5837267463215436,0.0,0.5837267463215436,True,"[-0.0027822236676414303, -0.009783873916685178, -0.013898797716038813, -0.015126995065702375, 0.0]",9,True,"{""delta_training_mip"": {""0.0"": 0.595514740795523, ""0.0001"": 0.595514740795523, ""0.0005"": 0.595514740795523, ""0.001"": 0.595514740795523, ""0.0025"": 0.595514740795523, ""0.005"": 0.5955444776987069, ""0.01"": 0.5955444776987069, ""0.02"": 0.5935117274336223, ""0.05"": 0.59233005725859}, ""ridge_mae"": {""0.1"": 0.08009792796545809, ""1.0"": 0.07386777004031381, ""10.0"": 0.059757850846831405, ""100.0"": 0.04782737564891602}}"
logit_k64,pku_round0_00217,f60_a0_p09_s03,False,100.0,0.01,1.0,False,0.0285882274697075,0.6000664390813042,0.6000664390813042,0.0,0.6000664390813042,True,"[-0.08521643443986872, -0.07540728906923325, -0.03747240176604144, 0.0285882274697075, 0.0]",9,True,"{""delta_training_mip"": {""0.0"": 0.595514740795523, ""0.0001"": 0.595514740795523, ""0.0005"": 0.595514740795523, ""0.001"": 0.595514740795523, ""0.0025"": 0.595514740795523, ""0.005"": 0.5955444776987069, ""0.01"": 0.5955444776987069, ""0.02"": 0.5935117274336223, ""0.05"": 0.59233005725859}, ""ridge_mae"": {""0.1"": 0.08009792796545809, ""1.0"": 0.07386777004031381, ""10.0"": 0.059757850846831405, ""100.0"": 0.04782737564891602}}"
logit_k64,pku_round0_00217,f60_a0_p09_s04,False,100.0,0.01,1.0,False,0.024426406831673065,0.6646824968130848,0.6646824968130848,0.0,0.6646824968130848,True,"[0.024426406831673065, 0.005248015896175153, -0.0043168617170493, -0.004268226008000867, 0.0]",9,True,"{""delta_training_mip"": {""0.0"": 0.595514740795523, ""0.0001"": 0.595514740795523, ""0.0005"": 0.595514740795523, ""0.001"": 0.595514740795523, ""0.0025"": 0.595514740795523, ""0.005"": 0.5955444776987069, ""0.01"": 0.5955444776987069, ""0.02"": 0.5935117274336223, ""0.05"": 0.59233005725859}, ""ridge_mae"": {""0.1"": 0.08009792796545809, ""1.0"": 0.07386777004031381, ""10.0"": 0.059757850846831405, ""100.0"": 0.04782737564891602}}"
logit_k64,pku_round0_00217,f60_a1_p09_s00,True,100.0,0.01,1.0,False,0.0,0.401993348147454,0.401993348147454,0.0,0.5884317774728649,False,"[-0.008576739175062097, -0.0160132744468012, -0.017473779744591328, -0.012958255068431849, 0.0]",9,True,"{""delta_training_mip"": {""0.0"": 0.595514740795523, ""0.0001"": 0.595514740795523, ""0.0005"": 0.595514740795523, ""0.001"": 0.595514740795523, ""0.0025"": 0.595514740795523, ""0.005"": 0.5955444776987069, ""0.01"": 0.5955444776987069, ""0.02"": 0.5935117274336223, ""0.05"": 0.59233005725859}, ""ridge_mae"": {""0.1"": 0.08009792796545809, ""1.0"": 0.07386777004031381, ""10.0"": 0.059757850846831405, ""100.0"": 0.04782737564891602}}"
logit_k64,pku_round0_00217,f60_a1_p09_s01,False,100.0,0.01,1.0,False,0.08945824360963446,0.633774630551756,0.633774630551756,0.0,0.633774630551756,True,"[0.08945824360963446, 0.05541024200685607, 0.015698440984162634, -0.02967715945844605, 0.0]",9,True,"{""delta_training_mip"": {""0.0"": 0.595514740795523, ""0.0001"": 0.595514740795523, ""0.0005"": 0.595514740795523, ""0.001"": 0.595514740795523, ""0.0025"": 0.595514740795523, ""0.005"": 0.5955444776987069, ""0.01"": 0.5955444776987069, ""0.02"": 0.5935117274336223, ""0.05"": 0.59233005725859}, ""ridge_mae"": {""0.1"": 0.08009792796545809, ""1.0"": 0.07386777004031381, ""10.0"": 0.059757850846831405, ""100.0"": 0.04782737564891602}}"
logit_k64,pku_round0_00217,f60_a1_p09_s02,False,100.0,0.01,1.0,False,0.03691041406760212,0.6808413061800291,0.6808413061800291,0.0,0.6808413061800291,True,"[0.03691041406760212, 0.02499015806540063, 0.01658686570289086, 0.01170053698007108, 0.0]",9,True,"{""delta_training_mip"": {""0.0"": 0.595514740795523, ""0.0001"": 0.595514740795523, ""0.0005"": 0.595514740795523, ""0.001"": 0.595514740795523, ""0.0025"": 0.595514740795523, ""0.005"": 0.5955444776987069, ""0.01"": 0.5955444776987069, ""0.02"": 0.5935117274336223, ""0.05"": 0.59233005725859}, ""ridge_mae"": {""0.1"": 0.08009792796545809, ""1.0"": 0.07386777004031381, ""10.0"": 0.059757850846831405, ""100.0"": 0.04782737564891602}}"
logit_k64,pku_round0_00217,f60_a1_p09_s03,False,100.0,0.01,1.0,False,0.03807966344708846,0.6958522702970944,0.6958522702970944,0.0,0.6958522702970944,True,"[-0.02785228478007475, -0.026244961448025243, -0.0042676453723036085, 0.03807966344708846, 0.0]",9,True,"{""delta_training_mip"": {""0.0"": 0.595514740795523, ""0.0001"": 0.595514740795523, ""0.0005"": 0.595514740795523, ""0.001"": 0.595514740795523, ""0.0025"": 0.595514740795523, ""0.005"": 0.5955444776987069, ""0.01"": 0.5955444776987069, ""0.02"": 0.5935117274336223, ""0.05"": 0.59233005725859}, ""ridge_mae"": {""0.1"": 0.08009792796545809, ""1.0"": 0.07386777004031381, ""10.0"": 0.059757850846831405, ""100.0"": 0.04782737564891602}}"
logit_k64,pku_round0_00217,f60_a1_p09_s04,False,100.0,0.01,1.0,False,0.04570128976598138,0.7400547402047332,0.7400547402047332,0.0,0.7400547402047332,True,"[0.04570128976598138, 0.0167340047084057, -0.007262758392944765, -0.02628899953807033, 0.0]",9,True,"{""delta_training_mip"": {""0.0"": 0.595514740795523, ""0.0001"": 0.595514740795523, ""0.0005"": 0.595514740795523, ""0.001"": 0.595514740795523, ""0.0025"": 0.595514740795523, ""0.005"": 0.5955444776987069, ""0.01"": 0.5955444776987069, ""0.02"": 0.5935117274336223, ""0.05"": 0.59233005725859}, ""ridge_mae"": {""0.1"": 0.08009792796545809, ""1.0"": 0.07386777004031381, ""10.0"": 0.059757850846831405, ""100.0"": 0.04782737564891602}}"
logit_k64,pku_round0_00217,f60_a2_p09_s00,True,100.0,0.01,1.0,False,0.0,0.5777751283325891,0.5777751283325891,0.0,0.5777751283325891,True,"[-0.0015338642820971592, -0.013907329040051892, -0.020148783375355455, -0.020258227288007972, 0.0]",9,True,"{""delta_training_mip"": {""0.0"": 0.595514740795523, ""0.0001"": 0.595514740795523, ""0.0005"": 0.595514740795523, ""0.001"": 0.595514740795523, ""0.0025"": 0.595514740795523, ""0.005"": 0.5955444776987069, ""0.01"": 0.5955444776987069, ""0.02"": 0.5935117274336223, ""0.05"": 0.59233005725859}, ""ridge_mae"": {""0.1"": 0.08009792796545809, ""1.0"": 0.07386777004031381, ""10.0"": 0.059757850846831405, ""100.0"": 0.04782737564891602}}"
logit_k64,pku_round0_00217,f60_a2_p09_s01,False,100.0,0.01,1.0,False,0.08338341234750202,0.7478308979896257,0.7478308979896257,0.0,0.7478308979896257,True,"[0.08338341234750202, 0.05882166994207784, 0.030040072684189133, -0.0029613794261642984, 0.0]",9,True,"{""delta_training_mip"": {""0.0"": 0.595514740795523, ""0.0001"": 0.595514740795523, ""0.0005"": 0.595514740795523, ""0.001"": 0.595514740795523, ""0.0025"": 0.595514740795523, ""0.005"": 0.5955444776987069, ""0.01"": 0.5955444776987069, ""0.02"": 0.5935117274336223, ""0.05"": 0.59233005725859}, ""ridge_mae"": {""0.1"": 0.08009792796545809, ""1.0"": 0.07386777004031381, ""10.0"": 0.059757850846831405, ""100.0"": 0.04782737564891602}}"
logit_k64,pku_round0_00217,f60_a2_p09_s02,False,100.0,0.01,1.0,False,0.050675465916880755,0.7540565302217358,0.7540565302217358,0.0,0.7540565302217358,True,"[0.050675465916880755, 0.03784887323983677, 0.028113847123906046, 0.02147038756908828, 0.0]",9,True,"{""delta_training_mip"": {""0.0"": 0.595514740795523, ""0.0001"": 0.595514740795523, ""0.0005"": 0.595514740795523, ""0.001"": 0.595514740795523, ""0.0025"": 0.595514740795523, ""0.005"": 0.5955444776987069, ""0.01"": 0.5955444776987069, ""0.02"": 0.5935117274336223, ""0.05"": 0.59233005725859}, ""ridge_mae"": {""0.1"": 0.08009792796545809, ""1.0"": 0.07386777004031381, ""10.0"": 0.059757850846831405, ""100.0"": 0.04782737564891602}}"
logit_k64,pku_round0_00217,f60_a2_p09_s03,False,100.0,0.01,1.0,False,0.029401801294260562,0.8070553601398887,0.8070553601398887,0.0,0.8070553601398887,True,"[0.005456264006717771, -0.0015029815808002799, 0.006478864181714426, 0.029401801294260562, 0.0]",9,True,"{""delta_training_mip"": {""0.0"": 0.595514740795523, ""0.0001"": 0.595514740795523, ""0.0005"": 0.595514740795523, ""0.001"": 0.595514740795523, ""0.0025"": 0.595514740795523, ""0.005"": 0.5955444776987069, ""0.01"": 0.5955444776987069, ""0.02"": 0.5935117274336223, ""0.05"": 0.59233005725859}, ""ridge_mae"": {""0.1"": 0.08009792796545809, ""1.0"": 0.07386777004031381, ""10.0"": 0.059757850846831405, ""100.0"": 0.04782737564891602}}"
logit_k64,pku_round0_00217,f60_a2_p09_s04,False,100.0,0.01,1.0,False,0.043115560363595956,0.8460031137020186,0.8460031137020186,0.0,0.8460031137020186,True,"[0.004500840148857457, -0.025271585690336624, -0.012400012285424481, 0.043115560363595956, 0.0]",9,True,"{""delta_training_mip"": {""0.0"": 0.595514740795523, ""0.0001"": 0.595514740795523, ""0.0005"": 0.595514740795523, ""0.001"": 0.595514740795523, ""0.0025"": 0.595514740795523, ""0.005"": 0.5955444776987069, ""0.01"": 0.5955444776987069, ""0.02"": 0.5935117274336223, ""0.05"": 0.59233005725859}, ""ridge_mae"": {""0.1"": 0.08009792796545809, ""1.0"": 0.07386777004031381, ""10.0"": 0.059757850846831405, ""100.0"": 0.04782737564891602}}"
logit_k64,pku_round0_00217,f60_a3_p09_s00,True,100.0,0.01,0.0,True,0.040252888351934066,0.6116952495899877,0.7535569085177244,-0.14186165892773672,0.7535569085177244,False,"[0.040252888351934066, 0.025041455140215378, 0.01469651908182985, 0.009218080176778956, 0.0]",9,True,"{""delta_training_mip"": {""0.0"": 0.595514740795523, ""0.0001"": 0.595514740795523, ""0.0005"": 0.595514740795523, ""0.001"": 0.595514740795523, ""0.0025"": 0.595514740795523, ""0.005"": 0.5955444776987069, ""0.01"": 0.5955444776987069, ""0.02"": 0.5935117274336223, ""0.05"": 0.59233005725859}, ""ridge_mae"": {""0.1"": 0.08009792796545809, ""1.0"": 0.07386777004031381, ""10.0"": 0.059757850846831405, ""100.0"": 0.04782737564891602}}"
logit_k64,pku_round0_00217,f60_a3_p09_s01,False,100.0,0.01,1.0,False,0.0,0.8618871654274953,0.8618871654274953,0.0,0.8618871654274953,True,"[-0.003206074853459955, -0.011232093384009226, -0.0177098060238192, -0.022639212772889942, 0.0]",9,True,"{""delta_training_mip"": {""0.0"": 0.595514740795523, ""0.0001"": 0.595514740795523, ""0.0005"": 0.595514740795523, ""0.001"": 0.595514740795523, ""0.0025"": 0.595514740795523, ""0.005"": 0.5955444776987069, ""0.01"": 0.5955444776987069, ""0.02"": 0.5935117274336223, ""0.05"": 0.59233005725859}, ""ridge_mae"": {""0.1"": 0.08009792796545809, ""1.0"": 0.07386777004031381, ""10.0"": 0.059757850846831405, ""100.0"": 0.04782737564891602}}"
logit_k64,pku_round0_00217,f60_a3_p09_s02,False,100.0,0.01,1.0,False,0.05528187295893751,0.8765258860138473,0.8765258860138473,0.0,0.8765258860138473,True,"[0.05528187295893751, 0.03865614831049126, 0.02424062994516553, 0.012035317862959156, 0.0]",9,True,"{""delta_training_mip"": {""0.0"": 0.595514740795523, ""0.0001"": 0.595514740795523, ""0.0005"": 0.595514740795523, ""0.001"": 0.595514740795523, ""0.0025"": 0.595514740795523, ""0.005"": 0.5955444776987069, ""0.01"": 0.5955444776987069, ""0.02"": 0.5935117274336223, ""0.05"": 0.59233005725859}, ""ridge_mae"": {""0.1"": 0.08009792796545809, ""1.0"": 0.07386777004031381, ""10.0"": 0.059757850846831405, ""100.0"": 0.04782737564891602}}"
logit_k64,pku_round0_00217,f60_a3_p09_s03,False,100.0,0.01,1.0,False,0.0,0.8857364442674783,0.8857364442674783,0.0,0.8857364442674783,True,"[-0.04192665922060354, -0.03401462893560481, -0.021827333676770932, -0.005364773444101167, 0.0]",9,True,"{""delta_training_mip"": {""0.0"": 0.595514740795523, ""0.0001"": 0.595514740795523, ""0.0005"": 0.595514740795523, ""0.001"": 0.595514740795523, ""0.0025"": 0.595514740795523, ""0.005"": 0.5955444776987069, ""0.01"": 0.5955444776987069, ""0.02"": 0.5935117274336223, ""0.05"": 0.59233005725859}, ""ridge_mae"": {""0.1"": 0.08009792796545809, ""1.0"": 0.07386777004031381, ""10.0"": 0.059757850846831405, ""100.0"": 0.04782737564891602}}"
logit_k64,pku_round0_00217,f60_a3_p09_s04,False,100.0,0.01,1.0,False,0.08617476665621258,0.917487914940816,0.917487914940816,0.0,0.917487914940816,True,"[0.08617476665621258, 0.02054175480568877, -0.0037042184437495775, 0.013436846907904084, 0.0]",9,True,"{""delta_training_mip"": {""0.0"": 0.595514740795523, ""0.0001"": 0.595514740795523, ""0.0005"": 0.595514740795523, ""0.001"": 0.595514740795523, ""0.0025"": 0.595514740795523, ""0.005"": 0.5955444776987069, ""0.01"": 0.5955444776987069, ""0.02"": 0.5935117274336223, ""0.05"": 0.59233005725859}, ""ridge_mae"": {""0.1"": 0.08009792796545809, ""1.0"": 0.07386777004031381, ""10.0"": 0.059757850846831405, ""100.0"": 0.04782737564891602}}"
logit_k64,pku_round0_00217,f60_a4_p09_s00,True,100.0,0.01,1.0,False,0.0,0.9285869992808837,0.9285869992808837,0.0,0.9285869992808837,True,"[-0.02067387895327141, -0.029530331539971078, -0.031326461475034637, -0.02606226875846184, 0.0]",9,True,"{""delta_training_mip"": {""0.0"": 0.595514740795523, ""0.0001"": 0.595514740795523, ""0.0005"": 0.595514740795523, ""0.001"": 0.595514740795523, ""0.0025"": 0.595514740795523, ""0.005"": 0.5955444776987069, ""0.01"": 0.5955444776987069, ""0.02"": 0.5935117274336223, ""0.05"": 0.59233005725859}, ""ridge_mae"": {""0.1"": 0.08009792796545809, ""1.0"": 0.07386777004031381, ""10.0"": 0.059757850846831405, ""100.0"": 0.04782737564891602}}"
logit_k64,pku_round0_00217,f60_a4_p09_s01,False,100.0,0.01,1.0,False,0.04241215128162114,0.9581534498786021,0.9581534498786021,0.0,0.9581534498786021,True,"[0.04241215128162114, 0.017535766485552946, -0.005778371997398439, -0.027530264167232834, 0.0]",9,True,"{""delta_training_mip"": {""0.0"": 0.595514740795523, ""0.0001"": 0.595514740795523, ""0.0005"": 0.595514740795523, ""0.001"": 0.595514740795523, ""0.0025"": 0.595514740795523, ""0.005"": 0.5955444776987069, ""0.01"": 0.5955444776987069, ""0.02"": 0.5935117274336223, ""0.05"": 0.59233005725859}, ""ridge_mae"": {""0.1"": 0.08009792796545809, ""1.0"": 0.07386777004031381, ""10.0"": 0.059757850846831405, ""100.0"": 0.04782737564891602}}"
logit_k64,pku_round0_00217,f60_a4_p09_s02,False,100.0,0.01,1.0,False,0.17979268527366998,0.9691782280675818,0.9691782280675818,0.0,0.9691782280675818,True,"[0.17979268527366998, 0.10270180594654763, 0.028752751381135738, -0.042054478422567085, 0.0]",9,True,"{""delta_training_mip"": {""0.0"": 0.595514740795523, ""0.0001"": 0.595514740795523, ""0.0005"": 0.595514740795523, ""0.001"": 0.595514740795523, ""0.0025"": 0.595514740795523, ""0.005"": 0.5955444776987069, ""0.01"": 0.5955444776987069, ""0.02"": 0.5935117274336223, ""0.05"": 0.59233005725859}, ""ridge_mae"": {""0.1"": 0.08009792796545809, ""1.0"": 0.07386777004031381, ""10.0"": 0.059757850846831405, ""100.0"": 0.04782737564891602}}"
logit_k64,pku_round0_00217,f60_a4_p09_s03,False,100.0,0.01,1.0,False,0.0,0.9417415641654618,0.9417415641654618,0.0,0.9417415641654618,True,"[-0.23530362662475957, -0.19864852221292964, -0.15933718409730993, -0.11736961227789894, 0.0]",9,True,"{""delta_training_mip"": {""0.0"": 0.595514740795523, ""0.0001"": 0.595514740795523, ""0.0005"": 0.595514740795523, ""0.001"": 0.595514740795523, ""0.0025"": 0.595514740795523, ""0.005"": 0.5955444776987069, ""0.01"": 0.5955444776987069, ""0.02"": 0.5935117274336223, ""0.05"": 0.59233005725859}, ""ridge_mae"": {""0.1"": 0.08009792796545809, ""1.0"": 0.07386777004031381, ""10.0"": 0.059757850846831405, ""100.0"": 0.04782737564891602}}"
logit_k64,pku_round0_00217,f60_a4_p09_s04,False,100.0,0.01,1.0,False,0.0,0.9671737229423127,0.9671737229423127,0.0,0.9671737229423127,True,"[-0.01412119328828046, -0.02628758196998792, -0.024142274272784953, -0.0076852701966726965, 0.0]",9,True,"{""delta_training_mip"": {""0.0"": 0.595514740795523, ""0.0001"": 0.595514740795523, ""0.0005"": 0.595514740795523, ""0.001"": 0.595514740795523, ""0.0025"": 0.595514740795523, ""0.005"": 0.5955444776987069, ""0.01"": 0.5955444776987069, ""0.02"": 0.5935117274336223, ""0.05"": 0.59233005725859}, ""ridge_mae"": {""0.1"": 0.08009792796545809, ""1.0"": 0.07386777004031381, ""10.0"": 0.059757850846831405, ""100.0"": 0.04782737564891602}}"
