case_id,sample_id,alpha,fusion,lambda,nll,gradient,entropy,max_probability,logit_std
f60_a0_p00,pku_round0_00058,"1.00,0.00",current,0.0,1.5965498685836792,-0.0778670608997345,1.3259984254837036,0.6929842829704285,2.39994478225708
f60_a0_p00,pku_round0_00058,"1.00,0.00",current,0.001,1.5964751243591309,-0.07225184142589569,1.3232753276824951,0.693362295627594,2.401916742324829
f60_a0_p00,pku_round0_00058,"1.00,0.00",current,0.01,1.5960394144058228,-0.025748230516910553,1.2994011640548706,0.697055459022522,2.419691801071167
f60_a0_p00,pku_round0_00058,"1.00,0.00",current,0.05,1.5983301401138306,0.1299199014902115,1.2041302919387817,0.7119737267494202,2.499319076538086
f60_a0_p00,pku_round0_00058,"1.00,0.00",current,0.1,1.608399510383606,0.26487988233566284,1.1032963991165161,0.7281668186187744,2.600209951400757
f60_a0_p00,pku_round0_00058,"1.00,0.00",current,0.25,1.6678388118743896,0.49936676025390625,0.8809914588928223,0.7661996483802795,2.910738229751587
f60_a0_p00,pku_round0_00058,"1.00,0.00",current,0.5,1.8187546730041504,0.6832420229911804,0.6574854850769043,0.8073509335517883,3.448127508163452
f60_a0_p00,pku_round0_00058,"1.00,0.00",current,0.75,2.001835823059082,0.7719154953956604,0.5258545279502869,0.8322221040725708,4.001759052276611
f60_a0_p00,pku_round0_00058,"1.00,0.00",current,1.0,2.2014997005462646,0.8210583329200745,0.4420033395290375,0.8497378826141357,4.565441131591797
f60_a0_p00,pku_round0_00058,"1.00,0.00",current,1.5,2.6263163089752197,0.8715104460716248,0.3439222574234009,0.8739607930183411,5.7102952003479
f60_a0_p00,pku_round0_00058,"1.00,0.00",current,2.0,3.069080114364624,0.897256076335907,0.28771257400512695,0.8899044990539551,6.868250846862793
f60_a0_p00,pku_round0_00058,"1.00,0.00",current,4.0,4.914536476135254,0.938654899597168,0.17526096105575562,0.9292646050453186,11.549826622009277
f60_a0_p00,pku_round0_00058,"1.00,0.00",current,8.0,8.708273887634277,0.9536001682281494,0.09639162570238113,0.9595256447792053,20.97581672668457
f60_a0_p00,pku_round0_00058,"1.00,0.00",current,16.0,16.360002517700195,0.9579406976699829,0.05179443210363388,0.9758143424987793,39.86974334716797
f60_a0_p00,pku_round0_00058,"1.00,0.00",normalized,0.0,1.5965498685836792,-0.34841856360435486,1.3259984254837036,0.6929842829704285,2.39994478225708
f60_a0_p00,pku_round0_00058,"1.00,0.00",normalized,0.001,1.596203088760376,-0.34497323632240295,1.3258566856384277,0.6930028200149536,2.399517059326172
f60_a0_p00,pku_round0_00058,"1.00,0.00",normalized,0.01,1.5932267904281616,-0.3173949718475342,1.3247122764587402,0.6935034394264221,2.3957345485687256
f60_a0_p00,pku_round0_00058,"1.00,0.00",normalized,0.05,1.5823042392730713,-0.2370072901248932,1.32102370262146,0.6950494050979614,2.3803038597106934
f60_a0_p00,pku_round0_00058,"1.00,0.00",normalized,0.1,1.5719988346099854,-0.18027158081531525,1.3178279399871826,0.6961251497268677,2.3638274669647217
f60_a0_p00,pku_round0_00058,"1.00,0.00",normalized,0.25,1.5518358945846558,-0.10121580958366394,1.3151968717575073,0.6972190141677856,2.3285908699035645
f60_a0_p00,pku_round0_00058,"1.00,0.00",normalized,0.5,1.533982753753662,-0.04970763623714447,1.3212480545043945,0.6966193914413452,2.2987515926361084
f60_a0_p00,pku_round0_00058,"1.00,0.00",normalized,0.75,1.524672508239746,-0.027463242411613464,1.3304449319839478,0.6950676441192627,2.286719560623169
f60_a0_p00,pku_round0_00058,"1.00,0.00",normalized,1.0,1.5193665027618408,-0.01614566147327423,1.3397313356399536,0.6937768459320068,2.2827205657958984
f60_a0_p00,pku_round0_00058,"1.00,0.00",normalized,1.5,1.51424241065979,-0.00607125461101532,1.3560452461242676,0.6914446949958801,2.284118175506592
f60_a0_p00,pku_round0_00058,"1.00,0.00",normalized,2.0,1.5123060941696167,-0.0022329092025756836,1.3690704107284546,0.689399003982544,2.289416790008545
f60_a0_p00,pku_round0_00058,"1.00,0.00",normalized,4.0,1.5120888948440552,0.0006963629275560379,1.4005688428878784,0.6845498085021973,2.309965133666992
f60_a0_p00,pku_round0_00058,"1.00,0.00",normalized,8.0,1.514844298362732,0.0005563870072364807,1.4260350465774536,0.680515468120575,2.330646276473999
f60_a0_p00,pku_round0_00058,"1.00,0.00",normalized,16.0,1.517661452293396,0.00021770456805825233,1.4428844451904297,0.6778034567832947,2.3452792167663574
f60_a0_p00,pku_round0_00058,"1.00,0.00",normalized,guide_only,1.5220059156417847,,1.4635961055755615,0.6744956374168396,2.3638312816619873
f60_a0_p01,pku_round0_00094,"1.00,0.00",current,0.0,1.7023464441299438,0.2644343674182892,1.1031025648117065,0.6806544661521912,2.453434467315674
f60_a0_p01,pku_round0_00094,"1.00,0.00",current,0.001,1.7026138305664062,0.2697034180164337,1.1012499332427979,0.6809510588645935,2.455399513244629
f60_a0_p01,pku_round0_00094,"1.00,0.00",current,0.01,1.705229640007019,0.3094286322593689,1.0852043628692627,0.6835237145423889,2.473116636276245
f60_a0_p01,pku_round0_00094,"1.00,0.00",current,0.05,1.7198450565338135,0.4087432026863098,1.0239564180374146,0.6936360001564026,2.5524964332580566
f60_a0_p01,pku_round0_00094,"1.00,0.00",current,0.1,1.7421953678131104,0.4806663691997528,0.9616813063621521,0.7048104405403137,2.653101921081543
f60_a0_p01,pku_round0_00094,"1.00,0.00",current,0.25,1.8253872394561768,0.6165801882743835,0.8229765892028809,0.7330532073974609,2.9628984928131104
f60_a0_p01,pku_round0_00094,"1.00,0.00",current,0.5,1.9978145360946655,0.7502647042274475,0.6687581539154053,0.7707405686378479,3.499509811401367
f60_a0_p01,pku_round0_00094,"1.00,0.00",current,0.75,2.1958415508270264,0.8268533945083618,0.5643876194953918,0.7987006902694702,4.05305814743042
f60_a0_p01,pku_round0_00094,"1.00,0.00",current,1.0,2.4086101055145264,0.8715658187866211,0.490657776594162,0.8190217018127441,4.617420196533203
f60_a0_p01,pku_round0_00094,"1.00,0.00",current,1.5,2.8578178882598877,0.9193275570869446,0.39374521374702454,0.84791499376297,5.765664577484131
f60_a0_p01,pku_round0_00094,"1.00,0.00",current,2.0,3.3242616653442383,0.9441131353378296,0.3320373594760895,0.866817057132721,6.9290008544921875
f60_a0_p01,pku_round0_00094,"1.00,0.00",current,4.0,5.256951332092285,0.97984379529953,0.21622362732887268,0.9052210450172424,11.641460418701172
f60_a0_p01,pku_round0_00094,"1.00,0.00",current,8.0,9.217979431152344,0.9968290328979492,0.13443896174430847,0.9425192475318909,21.14246368408203
f60_a0_p01,pku_round0_00094,"1.00,0.00",current,16.0,17.227991104125977,1.0035392045974731,0.07118071615695953,0.970107913017273,40.19572830200195
f60_a0_p01,pku_round0_00094,"1.00,0.00",normalized,0.0,1.7023464441299438,-0.33480963110923767,1.1031025648117065,0.6806544661521912,2.453434467315674
f60_a0_p01,pku_round0_00094,"1.00,0.00",normalized,0.001,1.7020137310028076,-0.3308170437812805,1.103010654449463,0.6806480884552002,2.452946662902832
f60_a0_p01,pku_round0_00094,"1.00,0.00",normalized,0.01,1.6991755962371826,-0.30173778533935547,1.102484941482544,0.6805306673049927,2.4486303329467773
f60_a0_p01,pku_round0_00094,"1.00,0.00",normalized,0.05,1.6885879039764404,-0.23770087957382202,1.1041187047958374,0.6793640851974487,2.4309492111206055
f60_a0_p01,pku_round0_00094,"1.00,0.00",normalized,0.1,1.6777979135513306,-0.19690212607383728,1.109757661819458,0.6776311993598938,2.4119110107421875
f60_a0_p01,pku_round0_00094,"1.00,0.00",normalized,0.25,1.6541696786880493,-0.1257438361644745,1.130889654159546,0.6727041602134705,2.370318651199341
f60_a0_p01,pku_round0_00094,"1.00,0.00",normalized,0.5,1.6310958862304688,-0.06653141975402832,1.1633540391921997,0.6665897965431213,2.3330068588256836
f60_a0_p01,pku_round0_00094,"1.00,0.00",normalized,0.75,1.6184356212615967,-0.037904322147369385,1.1901549100875854,0.6616124510765076,2.316033124923706
f60_a0_p01,pku_round0_00094,"1.00,0.00",normalized,1.0,1.6110587120056152,-0.02258923649787903,1.2126768827438354,0.6572818756103516,2.3087100982666016
f60_a0_p01,pku_round0_00094,"1.00,0.00",normalized,1.5,1.6038846969604492,-0.008429408073425293,1.248755693435669,0.6505947113037109,2.3062660694122314
f60_a0_p01,pku_round0_00094,"1.00,0.00",normalized,2.0,1.6012628078460693,-0.002847321331501007,1.2764997482299805,0.645404040813446,2.3096671104431152
f60_a0_p01,pku_round0_00094,"1.00,0.00",normalized,4.0,1.6018723249435425,0.0014888159930706024,1.3433523178100586,0.6337888836860657,2.32829213142395
f60_a0_p01,pku_round0_00094,"1.00,0.00",normalized,8.0,1.607433795928955,0.0011077076196670532,1.3978271484375,0.6257184147834778,2.3491625785827637
f60_a0_p01,pku_round0_00094,"1.00,0.00",normalized,16.0,1.613059163093567,0.0004367399960756302,1.4335929155349731,0.6205736994743347,2.364454746246338
f60_a0_p01,pku_round0_00094,"1.00,0.00",normalized,guide_only,1.6218379735946655,,1.4764536619186401,0.6140457391738892,2.384216547012329
f60_a0_p02,pku_round0_00115,"1.00,0.00",current,0.0,1.8027161359786987,1.0845810174942017,1.5344427824020386,0.6483332514762878,2.3357198238372803
f60_a0_p02,pku_round0_00115,"1.00,0.00",current,0.001,1.8038086891174316,1.10038161277771,1.5317068099975586,0.6487405300140381,2.3375391960144043
f60_a0_p02,pku_round0_00115,"1.00,0.00",current,0.01,1.8142765760421753,1.219444990158081,1.5068923234939575,0.6523147821426392,2.35394024848938
f60_a0_p02,pku_round0_00115,"1.00,0.00",current,0.05,1.8693921566009521,1.493372917175293,1.4011131525039673,0.668767511844635,2.42740797996521
f60_a0_p02,pku_round0_00115,"1.00,0.00",current,0.1,1.9485968351364136,1.6604959964752197,1.288191318511963,0.6872981190681458,2.5204741954803467
f60_a0_p02,pku_round0_00115,"1.00,0.00",current,0.25,2.22029447555542,1.9303417205810547,1.0457521677017212,0.731735348701477,2.806678533554077
f60_a0_p02,pku_round0_00115,"1.00,0.00",current,0.5,2.7340378761291504,2.1526951789855957,0.8019238114356995,0.7841269969940186,3.3011903762817383
f60_a0_p02,pku_round0_00115,"1.00,0.00",current,0.75,3.28836727142334,2.271486520767212,0.6482008695602417,0.8206257224082947,3.8103318214416504
f60_a0_p02,pku_round0_00115,"1.00,0.00",current,1.0,3.8660964965820312,2.3450613021850586,0.5404242277145386,0.8476805090904236,4.328982353210449
f60_a0_p02,pku_round0_00115,"1.00,0.00",current,1.5,5.062068939208984,2.429300308227539,0.4006858468055725,0.8823841214179993,5.383825302124023
f60_a0_p02,pku_round0_00115,"1.00,0.00",current,2.0,6.289546966552734,2.4770357608795166,0.31255748867988586,0.904625654220581,6.452507972717285
f60_a0_p02,pku_round0_00115,"1.00,0.00",current,4.0,11.331453323364258,2.5424294471740723,0.14207133650779724,0.9470592737197876,10.782904624938965
f60_a0_p02,pku_round0_00115,"1.00,0.00",current,8.0,21.53226089477539,2.553863525390625,0.08306598663330078,0.9639648795127869,19.517229080200195
f60_a0_p02,pku_round0_00115,"1.00,0.00",current,16.0,41.982444763183594,2.557908773422241,0.05809465050697327,0.9714415073394775,37.03663635253906
f60_a0_p02,pku_round0_00115,"1.00,0.00",normalized,0.0,1.8027161359786987,0.8163076639175415,1.5344427824020386,0.6483332514762878,2.3357198238372803
f60_a0_p02,pku_round0_00115,"1.00,0.00",normalized,0.001,1.8035383224487305,0.8278858661651611,1.5346155166625977,0.6483399868011475,2.3352038860321045
f60_a0_p02,pku_round0_00115,"1.00,0.00",normalized,0.01,1.8113733530044556,0.9062413573265076,1.535338282585144,0.6483782529830933,2.330634117126465
f60_a0_p02,pku_round0_00115,"1.00,0.00",normalized,0.05,1.8501490354537964,0.9918660521507263,1.5314825773239136,0.6501638889312744,2.3118174076080322
f60_a0_p02,pku_round0_00115,"1.00,0.00",normalized,0.1,1.8990423679351807,0.9562076926231384,1.5254135131835938,0.6522201895713806,2.2913401126861572
f60_a0_p02,pku_round0_00115,"1.00,0.00",normalized,0.25,2.0299363136291504,0.7909786701202393,1.5168591737747192,0.6560097336769104,2.24534273147583
f60_a0_p02,pku_round0_00115,"1.00,0.00",normalized,0.5,2.1996614933013916,0.5814117789268494,1.516115665435791,0.6587866544723511,2.200793743133545
f60_a0_p02,pku_round0_00115,"1.00,0.00",normalized,0.75,2.3265180587768555,0.44261080026626587,1.5205408334732056,0.6594840884208679,2.1773321628570557
f60_a0_p02,pku_round0_00115,"1.00,0.00",normalized,1.0,2.4245829582214355,0.347570538520813,1.526538610458374,0.6594758033752441,2.1644911766052246
f60_a0_p02,pku_round0_00115,"1.00,0.00",normalized,1.5,2.5660648345947266,0.23034361004829407,1.5392107963562012,0.6583651900291443,2.1535301208496094
f60_a0_p02,pku_round0_00115,"1.00,0.00",normalized,2.0,2.663177967071533,0.16378188133239746,1.5508379936218262,0.6569300293922424,2.1508359909057617
f60_a0_p02,pku_round0_00115,"1.00,0.00",normalized,4.0,2.8646671772003174,0.06202042102813721,1.5833039283752441,0.6523823142051697,2.156580924987793
f60_a0_p02,pku_round0_00115,"1.00,0.00",normalized,8.0,3.0051143169403076,0.019891738891601562,1.6127222776412964,0.6485957503318787,2.168581008911133
f60_a0_p02,pku_round0_00115,"1.00,0.00",normalized,16.0,3.0904157161712646,0.005717352032661438,1.632926106452942,0.6462157368659973,2.1786253452301025
f60_a0_p02,pku_round0_00115,"1.00,0.00",normalized,guide_only,3.189117670059204,,1.6577421426773071,0.6441676616668701,2.19250226020813
f60_a0_p03,pku_round0_00123,"1.00,0.00",current,0.0,1.7737606763839722,1.6538325548171997,1.1350104808807373,0.6996224522590637,2.3971807956695557
f60_a0_p03,pku_round0_00123,"1.00,0.00",current,0.001,1.7754181623458862,1.6612634658813477,1.133162260055542,0.6999516487121582,2.398921251296997
f60_a0_p03,pku_round0_00123,"1.00,0.00",current,0.01,1.7906326055526733,1.7164653539657593,1.1172767877578735,0.7027785181999207,2.4146249294281006
f60_a0_p03,pku_round0_00123,"1.00,0.00",current,0.05,1.862225890159607,1.8440067768096924,1.058335304260254,0.713524341583252,2.485227346420288
f60_a0_p03,pku_round0_00123,"1.00,0.00",current,0.1,1.9566348791122437,1.9260852336883545,0.9997676610946655,0.724789559841156,2.5752220153808594
f60_a0_p03,pku_round0_00123,"1.00,0.00",current,0.25,2.2576744556427,2.074740409851074,0.8676807880401611,0.7541376948356628,2.8551928997039795
f60_a0_p03,pku_round0_00123,"1.00,0.00",current,0.5,2.796853542327881,2.2262799739837646,0.713701069355011,0.7936694025993347,3.3471314907073975
f60_a0_p03,pku_round0_00123,"1.00,0.00",current,0.75,3.366724729537964,2.3277206420898438,0.6069751977920532,0.8186904788017273,3.860616683959961
f60_a0_p03,pku_round0_00123,"1.00,0.00",current,1.0,3.959395408630371,2.4124231338500977,0.5293029546737671,0.834223210811615,4.3882904052734375
f60_a0_p03,pku_round0_00123,"1.00,0.00",current,1.5,5.200079917907715,2.534317970275879,0.4133390486240387,0.8673898577690125,5.46992301940918
f60_a0_p03,pku_round0_00123,"1.00,0.00",current,2.0,6.481106758117676,2.583611488342285,0.3466276228427887,0.8805082440376282,6.572214603424072
f60_a0_p03,pku_round0_00123,"1.00,0.00",current,4.0,11.745577812194824,2.666412830352783,0.21396811306476593,0.9158551096916199,11.063138008117676
f60_a0_p03,pku_round0_00123,"1.00,0.00",current,8.0,22.508432388305664,2.7034316062927246,0.09903986006975174,0.9631778597831726,20.150224685668945
f60_a0_p03,pku_round0_00123,"1.00,0.00",current,16.0,44.18867111206055,2.7132577896118164,0.03899940848350525,0.9875682592391968,38.39485549926758
f60_a0_p03,pku_round0_00123,"1.00,0.00",normalized,0.0,1.7737606763839722,1.0150823593139648,1.1350104808807373,0.6996224522590637,2.3971807956695557
f60_a0_p03,pku_round0_00123,"1.00,0.00",normalized,0.001,1.7747772932052612,1.018582820892334,1.1349574327468872,0.69962477684021,2.396524667739868
f60_a0_p03,pku_round0_00123,"1.00,0.00",normalized,0.01,1.7840522527694702,1.0397582054138184,1.1349269151687622,0.6995495557785034,2.3907179832458496
f60_a0_p03,pku_round0_00123,"1.00,0.00",normalized,0.05,1.8258843421936035,1.0374252796173096,1.1408507823944092,0.6981181502342224,2.3668832778930664
f60_a0_p03,pku_round0_00123,"1.00,0.00",normalized,0.1,1.8765019178390503,0.9848276376724243,1.1539623737335205,0.6954289674758911,2.3411107063293457
f60_a0_p03,pku_round0_00123,"1.00,0.00",normalized,0.25,2.0116186141967773,0.8217873573303223,1.200518012046814,0.6882285475730896,2.284154176712036
f60_a0_p03,pku_round0_00123,"1.00,0.00",normalized,0.5,2.190655469894409,0.6245573163032532,1.2750492095947266,0.6787416338920593,2.2314212322235107
f60_a0_p03,pku_round0_00123,"1.00,0.00",normalized,0.75,2.329293727874756,0.49269360303878784,1.3380063772201538,0.6685097813606262,2.206066608428955
f60_a0_p03,pku_round0_00123,"1.00,0.00",normalized,1.0,2.4401752948760986,0.39932721853256226,1.3892476558685303,0.6594217419624329,2.1941452026367188
f60_a0_p03,pku_round0_00123,"1.00,0.00",normalized,1.5,2.606671094894409,0.27763915061950684,1.466418743133545,0.6485487818717957,2.187969207763672
f60_a0_p03,pku_round0_00123,"1.00,0.00",normalized,2.0,2.725677728652954,0.20403075218200684,1.522853136062622,0.6395463943481445,2.1907382011413574
f60_a0_p03,pku_round0_00123,"1.00,0.00",normalized,4.0,2.9854183197021484,0.08269491791725159,1.6537299156188965,0.6196288466453552,2.212627649307251
f60_a0_p03,pku_round0_00123,"1.00,0.00",normalized,8.0,3.177135705947876,0.027788028120994568,1.7550628185272217,0.6061026453971863,2.2389137744903564
f60_a0_p03,pku_round0_00123,"1.00,0.00",normalized,16.0,3.297959327697754,0.008209563791751862,1.8193107843399048,0.5975502133369446,2.2585208415985107
f60_a0_p03,pku_round0_00123,"1.00,0.00",normalized,guide_only,3.44191312789917,,1.8959088325500488,0.5869137048721313,2.2840685844421387
f60_a0_p04,pku_round0_00126,"1.00,0.00",current,0.0,1.8162339925765991,0.002157926559448242,1.55974543094635,0.6138819456100464,2.433950424194336
f60_a0_p04,pku_round0_00126,"1.00,0.00",current,0.001,1.8162392377853394,0.008287280797958374,1.5570813417434692,0.6142997741699219,2.436023235321045
f60_a0_p04,pku_round0_00126,"1.00,0.00",current,0.01,1.816543459892273,0.05755433440208435,1.5335159301757812,0.6179940700531006,2.4547035694122314
f60_a0_p04,pku_round0_00126,"1.00,0.00",current,0.05,1.8221435546875,0.21038633584976196,1.4376660585403442,0.6334912180900574,2.538233995437622
f60_a0_p04,pku_round0_00126,"1.00,0.00",current,0.1,1.8361132144927979,0.34135669469833374,1.3351476192474365,0.6511402130126953,2.6437313556671143
f60_a0_p04,pku_round0_00126,"1.00,0.00",current,0.25,1.9076378345489502,0.5876207947731018,1.1044588088989258,0.6955633759498596,2.9663379192352295
f60_a0_p04,pku_round0_00126,"1.00,0.00",current,0.5,2.085177183151245,0.8086441159248352,0.8583580851554871,0.7489404082298279,3.519023895263672
f60_a0_p04,pku_round0_00126,"1.00,0.00",current,0.75,2.304069995880127,0.9319391250610352,0.6994007229804993,0.7889055013656616,4.083907127380371
f60_a0_p04,pku_round0_00126,"1.00,0.00",current,1.0,2.5474047660827637,1.0094853639602661,0.5885371565818787,0.8185967803001404,4.6564788818359375
f60_a0_p04,pku_round0_00126,"1.00,0.00",current,1.5,3.0781149864196777,1.1043846607208252,0.44307151436805725,0.8563037514686584,5.815374851226807
f60_a0_p04,pku_round0_00126,"1.00,0.00",current,2.0,3.6452438831329346,1.158758282661438,0.34938448667526245,0.8838420510292053,6.984823226928711
f60_a0_p04,pku_round0_00126,"1.00,0.00",current,4.0,6.049368381500244,1.2268834114074707,0.18149976432323456,0.9342353940010071,11.703702926635742
f60_a0_p04,pku_round0_00126,"1.00,0.00",current,8.0,11.013671875,1.2485077381134033,0.08792579174041748,0.9667970538139343,21.194358825683594
f60_a0_p04,pku_round0_00126,"1.00,0.00",current,16.0,21.06795310974121,1.2601289749145508,0.037660542875528336,0.985489010810852,40.21149444580078
f60_a0_p04,pku_round0_00126,"1.00,0.00",normalized,0.0,1.8162339925765991,-0.25433066487312317,1.55974543094635,0.6138819456100464,2.433950424194336
f60_a0_p04,pku_round0_00126,"1.00,0.00",normalized,0.001,1.8159817457199097,-0.2503500282764435,1.559757947921753,0.6138762831687927,2.433589458465576
f60_a0_p04,pku_round0_00126,"1.00,0.00",normalized,0.01,1.8138704299926758,-0.22042934596538544,1.5598024129867554,0.6138083934783936,2.4303998947143555
f60_a0_p04,pku_round0_00126,"1.00,0.00",normalized,0.05,1.806705117225647,-0.14787812530994415,1.5597559213638306,0.6135319471359253,2.417365789413452
f60_a0_p04,pku_round0_00126,"1.00,0.00",normalized,0.1,1.8005768060684204,-0.10144127905368805,1.5602152347564697,0.6132417917251587,2.4033923149108887
f60_a0_p04,pku_round0_00126,"1.00,0.00",normalized,0.25,1.791106104850769,-0.035124003887176514,1.5651209354400635,0.6123738884925842,2.373070478439331
f60_a0_p04,pku_round0_00126,"1.00,0.00",normalized,0.5,1.7884434461593628,0.0063729435205459595,1.5765830278396606,0.6102677583694458,2.3460161685943604
f60_a0_p04,pku_round0_00126,"1.00,0.00",normalized,0.75,1.7921383380889893,0.02069397270679474,1.5868960618972778,0.6095194220542908,2.3336615562438965
f60_a0_p04,pku_round0_00126,"1.00,0.00",normalized,1.0,1.7979955673217773,0.02517685294151306,1.5953086614608765,0.6087695956230164,2.3282394409179688
f60_a0_p04,pku_round0_00126,"1.00,0.00",normalized,1.5,1.8107129335403442,0.024607568979263306,1.6078124046325684,0.6072003841400146,2.3261501789093018
f60_a0_p04,pku_round0_00126,"1.00,0.00",normalized,2.0,1.8221622705459595,0.021086350083351135,1.6166616678237915,0.6066333055496216,2.3282740116119385
f60_a0_p04,pku_round0_00126,"1.00,0.00",normalized,4.0,1.8523741960525513,0.010561607778072357,1.6357941627502441,0.6054184436798096,2.340740919113159
f60_a0_p04,pku_round0_00126,"1.00,0.00",normalized,8.0,1.8781412839889526,0.0039027929306030273,1.6493542194366455,0.6044387221336365,2.354928731918335
f60_a0_p04,pku_round0_00126,"1.00,0.00",normalized,16.0,1.895499348640442,0.0012040939182043076,1.6574636697769165,0.6039118766784668,2.365381956100464
f60_a0_p04,pku_round0_00126,"1.00,0.00",normalized,guide_only,1.9170632362365723,,1.6666477918624878,0.6031268239021301,2.378943681716919
f60_a0_p05,pku_round0_00146,"1.00,0.00",current,0.0,2.2259786128997803,-0.24728581309318542,1.7000049352645874,0.5991765856742859,2.459045648574829
f60_a0_p05,pku_round0_00146,"1.00,0.00",current,0.001,2.225735902786255,-0.23813296854496002,1.6968942880630493,0.5996288657188416,2.4609904289245605
f60_a0_p05,pku_round0_00146,"1.00,0.00",current,0.01,2.2239274978637695,-0.16676747798919678,1.6696470975875854,0.6035460829734802,2.478529453277588
f60_a0_p05,pku_round0_00146,"1.00,0.00",current,0.05,2.2216789722442627,0.03424358367919922,1.5619171857833862,0.6188160181045532,2.557215452194214
f60_a0_p05,pku_round0_00146,"1.00,0.00",current,0.1,2.2275683879852295,0.1913987100124359,1.4496899843215942,0.6353126168251038,2.6571638584136963
f60_a0_p05,pku_round0_00146,"1.00,0.00",current,0.25,2.279719829559326,0.47509458661079407,1.2029558420181274,0.678097665309906,2.966153621673584
f60_a0_p05,pku_round0_00146,"1.00,0.00",current,0.5,2.4345269203186035,0.7381267547607422,0.9410223960876465,0.732433557510376,3.5043013095855713
f60_a0_p05,pku_round0_00146,"1.00,0.00",current,0.75,2.640692949295044,0.9003080129623413,0.76931232213974,0.7722675204277039,4.0619330406188965
f60_a0_p05,pku_round0_00146,"1.00,0.00",current,1.0,2.8803651332855225,1.0094141960144043,0.6466184258460999,0.8052921891212463,4.632128715515137
f60_a0_p05,pku_round0_00146,"1.00,0.00",current,1.5,3.4173145294189453,1.1217519044876099,0.48667973279953003,0.8488600850105286,5.795201778411865
f60_a0_p05,pku_round0_00146,"1.00,0.00",current,2.0,3.9926843643188477,1.174209713935852,0.38851460814476013,0.8763758540153503,6.975674152374268
f60_a0_p05,pku_round0_00146,"1.00,0.00",current,4.0,6.428671360015869,1.243880033493042,0.2096843123435974,0.9231456518173218,11.764591217041016
f60_a0_p05,pku_round0_00146,"1.00,0.00",current,8.0,11.478706359863281,1.2728073596954346,0.09590180963277817,0.965887188911438,21.427087783813477
f60_a0_p05,pku_round0_00146,"1.00,0.00",current,16.0,21.695119857788086,1.2789770364761353,0.047085896134376526,0.9791688919067383,40.8080940246582
f60_a0_p05,pku_round0_00146,"1.00,0.00",normalized,0.0,2.2259786128997803,-0.7732594013214111,1.7000049352645874,0.5991765856742859,2.459045648574829
f60_a0_p05,pku_round0_00146,"1.00,0.00",normalized,0.001,2.2252089977264404,-0.7659124135971069,1.6997694969177246,0.5992340445518494,2.4585318565368652
f60_a0_p05,pku_round0_00146,"1.00,0.00",normalized,0.01,2.218578815460205,-0.710246205329895,1.6979153156280518,0.5996431112289429,2.4539895057678223
f60_a0_p05,pku_round0_00146,"1.00,0.00",normalized,0.05,2.1933610439300537,-0.568038284778595,1.693625569343567,0.6002103090286255,2.435443639755249
f60_a0_p05,pku_round0_00146,"1.00,0.00",normalized,0.1,2.1676721572875977,-0.46673643589019775,1.6928670406341553,0.6000264286994934,2.4156033992767334
f60_a0_p05,pku_round0_00146,"1.00,0.00",normalized,0.25,2.1121201515197754,-0.2935548424720764,1.7015472650527954,0.599617063999176,2.3729231357574463
f60_a0_p05,pku_round0_00146,"1.00,0.00",normalized,0.5,2.058762550354004,-0.15154653787612915,1.722524642944336,0.5968061089515686,2.336200714111328
f60_a0_p05,pku_round0_00146,"1.00,0.00",normalized,0.75,2.0304863452911377,-0.0822911486029625,1.739650845527649,0.5942874550819397,2.3211050033569336
f60_a0_p05,pku_round0_00146,"1.00,0.00",normalized,1.0,2.014946222305298,-0.045730605721473694,1.7520291805267334,0.5935144424438477,2.3160643577575684
f60_a0_p05,pku_round0_00146,"1.00,0.00",normalized,1.5,2.001509666442871,-0.013760052621364594,1.7687848806381226,0.592359185218811,2.3180806636810303
f60_a0_p05,pku_round0_00146,"1.00,0.00",normalized,2.0,1.9979051351547241,-0.002470828592777252,1.7807133197784424,0.5911865830421448,2.3252248764038086
f60_a0_p05,pku_round0_00146,"1.00,0.00",normalized,4.0,2.003416061401367,0.004213351756334305,1.8099454641342163,0.5864717364311218,2.3529181480407715
f60_a0_p05,pku_round0_00146,"1.00,0.00",normalized,8.0,2.0166707038879395,0.002389969304203987,1.8344606161117554,0.5829851627349854,2.3807876110076904
f60_a0_p05,pku_round0_00146,"1.00,0.00",normalized,16.0,2.0281996726989746,0.000857100822031498,1.850622534751892,0.5802564024925232,2.4004759788513184
f60_a0_p05,pku_round0_00146,"1.00,0.00",normalized,guide_only,2.044625997543335,,1.8700510263442993,0.5771651864051819,2.425386667251587
f60_a0_p06,pku_round0_00198,"1.00,0.00",current,0.0,1.7959457635879517,-0.2326510101556778,1.5595791339874268,0.5908989310264587,2.5222997665405273
f60_a0_p06,pku_round0_00198,"1.00,0.00",current,0.001,1.795720100402832,-0.21913842856884003,1.5569742918014526,0.5913036465644836,2.524364471435547
f60_a0_p06,pku_round0_00198,"1.00,0.00",current,0.01,1.7942163944244385,-0.12154389172792435,1.533916711807251,0.5949836373329163,2.542975664138794
f60_a0_p06,pku_round0_00198,"1.00,0.00",current,0.05,1.7941694259643555,0.08547549694776535,1.4421712160110474,0.6097508072853088,2.6262311935424805
f60_a0_p06,pku_round0_00198,"1.00,0.00",current,0.1,1.8020234107971191,0.21945908665657043,1.3466815948486328,0.6257129311561584,2.731459617614746
f60_a0_p06,pku_round0_00198,"1.00,0.00",current,0.25,1.8548824787139893,0.46089881658554077,1.1313186883926392,0.6652478575706482,3.053720235824585
f60_a0_p06,pku_round0_00198,"1.00,0.00",current,0.5,1.9998912811279297,0.6750583052635193,0.8973403573036194,0.7132916450500488,3.607346534729004
f60_a0_p06,pku_round0_00198,"1.00,0.00",current,0.75,2.184588670730591,0.7921342849731445,0.7451830506324768,0.7497484683990479,4.175002098083496
f60_a0_p06,pku_round0_00198,"1.00,0.00",current,1.0,2.3922324180603027,0.863643229007721,0.6382741928100586,0.7793520092964172,4.7519307136535645
f60_a0_p06,pku_round0_00198,"1.00,0.00",current,1.5,2.846304178237915,0.9429847598075867,0.49695613980293274,0.8237502574920654,5.92308235168457
f60_a0_p06,pku_round0_00198,"1.00,0.00",current,2.0,3.3290770053863525,0.984207034111023,0.40606382489204407,0.854998767375946,7.107932090759277
f60_a0_p06,pku_round0_00198,"1.00,0.00",current,4.0,5.372142791748047,1.0441629886627197,0.2214253544807434,0.9204369783401489,11.9022216796875
f60_a0_p06,pku_round0_00198,"1.00,0.00",current,8.0,9.608657836914062,1.0671592950820923,0.09686309844255447,0.9657474756240845,21.5625057220459
f60_a0_p06,pku_round0_00198,"1.00,0.00",current,16.0,18.17746925354004,1.0728485584259033,0.04045252874493599,0.985521674156189,40.93183517456055
f60_a0_p06,pku_round0_00198,"1.00,0.00",normalized,0.0,1.7959457635879517,-0.4690176844596863,1.5595791339874268,0.5908989310264587,2.5222997665405273
f60_a0_p06,pku_round0_00198,"1.00,0.00",normalized,0.001,1.795482873916626,-0.4572463035583496,1.5595226287841797,0.590900182723999,2.5218427181243896
f60_a0_p06,pku_round0_00198,"1.00,0.00",normalized,0.01,1.791762351989746,-0.3760761618614197,1.5589662790298462,0.590997576713562,2.5177974700927734
f60_a0_p06,pku_round0_00198,"1.00,0.00",normalized,0.05,1.780144214630127,-0.23592668771743774,1.5586671829223633,0.5907616019248962,2.5011727809906006
f60_a0_p06,pku_round0_00198,"1.00,0.00",normalized,0.1,1.7701770067214966,-0.16974687576293945,1.5618131160736084,0.5897195935249329,2.483144998550415
f60_a0_p06,pku_round0_00198,"1.00,0.00",normalized,0.25,1.7525595426559448,-0.07935117930173874,1.576193928718567,0.586402952671051,2.442976236343384
f60_a0_p06,pku_round0_00198,"1.00,0.00",normalized,0.5,1.7410551309585571,-0.022518910467624664,1.6010284423828125,0.5817292928695679,2.404897689819336
f60_a0_p06,pku_round0_00198,"1.00,0.00",normalized,0.75,1.738531231880188,-0.000813506543636322,1.6234211921691895,0.5789540410041809,2.3857154846191406
f60_a0_p06,pku_round0_00198,"1.00,0.00",normalized,1.0,1.739644169807434,0.008445397019386292,1.643165111541748,0.5772084593772888,2.3759653568267822
f60_a0_p06,pku_round0_00198,"1.00,0.00",normalized,1.5,1.7456538677215576,0.013941522687673569,1.6759295463562012,0.5746524333953857,2.3692328929901123
f60_a0_p06,pku_round0_00198,"1.00,0.00",normalized,2.0,1.7527375221252441,0.013994351029396057,1.7016711235046387,0.5724449157714844,2.3693106174468994
f60_a0_p06,pku_round0_00198,"1.00,0.00",normalized,4.0,1.775380253791809,0.008696640841662884,1.7634687423706055,0.5663594603538513,2.3804445266723633
f60_a0_p06,pku_round0_00198,"1.00,0.00",normalized,8.0,1.7979671955108643,0.003617575392127037,1.8111082315444946,0.5613653063774109,2.395833969116211
f60_a0_p06,pku_round0_00198,"1.00,0.00",normalized,16.0,1.814597249031067,0.0011897701770067215,1.840217113494873,0.5579121112823486,2.407754898071289
f60_a0_p06,pku_round0_00198,"1.00,0.00",normalized,guide_only,1.8366459608078003,,1.8725959062576294,0.5535407662391663,2.4236114025115967
f60_a0_p07,pku_round0_00203,"1.00,0.00",current,0.0,1.8498454093933105,-0.11655163764953613,1.1772397756576538,0.681938111782074,2.444537878036499
f60_a0_p07,pku_round0_00203,"1.00,0.00",current,0.001,1.8497333526611328,-0.10795250535011292,1.1752183437347412,0.6822741627693176,2.4463672637939453
f60_a0_p07,pku_round0_00203,"1.00,0.00",current,0.01,1.8490748405456543,-0.04138150438666344,1.1575851440429688,0.6851568222045898,2.4628641605377197
f60_a0_p07,pku_round0_00203,"1.00,0.00",current,0.05,1.8513413667678833,0.13301637768745422,1.0886988639831543,0.6958948373794556,2.5369207859039307
f60_a0_p07,pku_round0_00203,"1.00,0.00",current,0.1,1.8612288236618042,0.2532317638397217,1.0170162916183472,0.7076820135116577,2.631088972091675
f60_a0_p07,pku_round0_00203,"1.00,0.00",current,0.25,1.9161567687988281,0.4561617374420166,0.8562237620353699,0.7389054298400879,2.9228692054748535
f60_a0_p07,pku_round0_00203,"1.00,0.00",current,0.5,2.0534868240356445,0.6210577487945557,0.6868704557418823,0.775704562664032,3.43310809135437
f60_a0_p07,pku_round0_00203,"1.00,0.00",current,0.75,2.2201218605041504,0.7039424180984497,0.5800932049751282,0.8015736937522888,3.9639790058135986
f60_a0_p07,pku_round0_00203,"1.00,0.00",current,1.0,2.402729034423828,0.753217339515686,0.5067821145057678,0.8212632536888123,4.508416652679443
f60_a0_p07,pku_round0_00203,"1.00,0.00",current,1.5,2.7950382232666016,0.8099052309989929,0.41224414110183716,0.8480638265609741,5.622084617614746
f60_a0_p07,pku_round0_00203,"1.00,0.00",current,2.0,3.2087996006011963,0.8427254557609558,0.35239967703819275,0.8664689064025879,6.754886627197266
f60_a0_p07,pku_round0_00203,"1.00,0.00",current,4.0,4.96863317489624,0.9055458307266235,0.2160879522562027,0.9170714616775513,11.360044479370117
f60_a0_p07,pku_round0_00203,"1.00,0.00",current,8.0,8.654287338256836,0.9292967319488525,0.11978363245725632,0.9510912299156189,20.66390037536621
f60_a0_p07,pku_round0_00203,"1.00,0.00",current,16.0,16.124305725097656,0.9362181425094604,0.06808159500360489,0.9705275297164917,39.33361053466797
f60_a0_p07,pku_round0_00203,"1.00,0.00",normalized,0.0,1.8498454093933105,-0.7891572713851929,1.1772397756576538,0.681938111782074,2.444537878036499
f60_a0_p07,pku_round0_00203,"1.00,0.00",normalized,0.001,1.8490601778030396,-0.7810776233673096,1.1771714687347412,0.6819473505020142,2.443922996520996
f60_a0_p07,pku_round0_00203,"1.00,0.00",normalized,0.01,1.8423229455947876,-0.7189953327178955,1.176813006401062,0.6819255352020264,2.43847918510437
f60_a0_p07,pku_round0_00203,"1.00,0.00",normalized,0.05,1.817145824432373,-0.5605599880218506,1.1788642406463623,0.6804958581924438,2.4161150455474854
f60_a0_p07,pku_round0_00203,"1.00,0.00",normalized,0.1,1.7919610738754272,-0.45547187328338623,1.1851279735565186,0.6783360242843628,2.3918988704681396
f60_a0_p07,pku_round0_00203,"1.00,0.00",normalized,0.25,1.7378417253494263,-0.28695112466812134,1.2088239192962646,0.6730694770812988,2.3382954597473145
f60_a0_p07,pku_round0_00203,"1.00,0.00",normalized,0.5,1.6846141815185547,-0.15672414004802704,1.2475351095199585,0.6648003458976746,2.28873872756958
f60_a0_p07,pku_round0_00203,"1.00,0.00",normalized,0.75,1.6540173292160034,-0.09478750824928284,1.2822277545928955,0.6582975387573242,2.2651307582855225
f60_a0_p07,pku_round0_00203,"1.00,0.00",normalized,1.0,1.6349259614944458,-0.06106068193912506,1.3126226663589478,0.6531383991241455,2.2542083263397217
f60_a0_p07,pku_round0_00203,"1.00,0.00",normalized,1.5,1.613771677017212,-0.02853480726480484,1.3620400428771973,0.6445602774620056,2.248833656311035
f60_a0_p07,pku_round0_00203,"1.00,0.00",normalized,2.0,1.6034092903137207,-0.014678530395030975,1.3997313976287842,0.6383367776870728,2.251628875732422
f60_a0_p07,pku_round0_00203,"1.00,0.00",normalized,4.0,1.592445969581604,-0.0011856649070978165,1.487204909324646,0.6255685687065125,2.2720091342926025
f60_a0_p07,pku_round0_00203,"1.00,0.00",normalized,8.0,1.5932502746582031,0.0006104037165641785,1.554382562637329,0.6156830191612244,2.2959887981414795
f60_a0_p07,pku_round0_00203,"1.00,0.00",normalized,16.0,1.5971660614013672,0.00034948508255183697,1.596787929534912,0.6094251871109009,2.31374192237854
f60_a0_p07,pku_round0_00203,"1.00,0.00",normalized,guide_only,1.6049389839172363,,1.646486520767212,0.6021133661270142,2.336778402328491
f60_a0_p08,pku_round0_00209,"1.00,0.00",current,0.0,1.7100887298583984,0.018747294321656227,1.3461909294128418,0.6791947484016418,2.4246931076049805
f60_a0_p08,pku_round0_00209,"1.00,0.00",current,0.001,1.7101107835769653,0.025255924090743065,1.3438224792480469,0.6795617938041687,2.4266183376312256
f60_a0_p08,pku_round0_00209,"1.00,0.00",current,0.01,1.7105724811553955,0.07484336197376251,1.3231816291809082,0.6827564239501953,2.4439876079559326
f60_a0_p08,pku_round0_00209,"1.00,0.00",current,0.05,1.7165156602859497,0.20842388272285461,1.2423428297042847,0.695498526096344,2.522035598754883
f60_a0_p08,pku_round0_00209,"1.00,0.00",current,0.1,1.729750633239746,0.3149181604385376,1.1575002670288086,0.7095139026641846,2.621441602706909
f60_a0_p08,pku_round0_00209,"1.00,0.00",current,0.25,1.7932933568954468,0.5117430686950684,0.9656022191047668,0.7439088225364685,2.930319309234619
f60_a0_p08,pku_round0_00209,"1.00,0.00",current,0.5,1.944845199584961,0.6805382370948792,0.7591820955276489,0.7846235632896423,3.4718213081359863
f60_a0_p08,pku_round0_00209,"1.00,0.00",current,0.75,2.1271798610687256,0.7698994874954224,0.6266281008720398,0.8130730986595154,4.034998893737793
f60_a0_p08,pku_round0_00209,"1.00,0.00",current,1.0,2.3268978595733643,0.8237468004226685,0.5349222421646118,0.8338544368743896,4.611544609069824
f60_a0_p08,pku_round0_00209,"1.00,0.00",current,1.5,2.755535840988159,0.8836925029754639,0.41785916686058044,0.8622799515724182,5.787837982177734
f60_a0_p08,pku_round0_00209,"1.00,0.00",current,2.0,3.206150531768799,0.9159880876541138,0.3460139334201813,0.8807315230369568,6.981407642364502
f60_a0_p08,pku_round0_00209,"1.00,0.00",current,4.0,5.100130081176758,0.9657415151596069,0.20498879253864288,0.9212908148765564,11.82041072845459
f60_a0_p08,pku_round0_00209,"1.00,0.00",current,8.0,9.012994766235352,0.9856886863708496,0.1100120097398758,0.9592078328132629,21.57860565185547
f60_a0_p08,pku_round0_00209,"1.00,0.00",current,16.0,16.941734313964844,0.9940303564071655,0.03774377703666687,0.9896151423454285,41.14731979370117
f60_a0_p08,pku_round0_00209,"1.00,0.00",normalized,0.0,1.7100887298583984,-0.34515056014060974,1.3461909294128418,0.6791947484016418,2.4246931076049805
f60_a0_p08,pku_round0_00209,"1.00,0.00",normalized,0.001,1.7097461223602295,-0.34044867753982544,1.346064805984497,0.6792228817939758,2.424194097518921
f60_a0_p08,pku_round0_00209,"1.00,0.00",normalized,0.01,1.7068454027175903,-0.30627498030662537,1.3452417850494385,0.6794025301933289,2.419790029525757
f60_a0_p08,pku_round0_00209,"1.00,0.00",normalized,0.05,1.696365237236023,-0.2290564924478531,1.3456073999404907,0.679384171962738,2.4019389152526855
f60_a0_p08,pku_round0_00209,"1.00,0.00",normalized,0.1,1.6862783432006836,-0.17837151885032654,1.349668025970459,0.6786479949951172,2.3831281661987305
f60_a0_p08,pku_round0_00209,"1.00,0.00",normalized,0.25,1.6662907600402832,-0.09916003048419952,1.3676739931106567,0.6750820875167847,2.3442554473876953
f60_a0_p08,pku_round0_00209,"1.00,0.00",normalized,0.5,1.6494207382202148,-0.044348254799842834,1.39899742603302,0.6685039401054382,2.314547300338745
f60_a0_p08,pku_round0_00209,"1.00,0.00",normalized,0.75,1.6416407823562622,-0.020798467099666595,1.4263664484024048,0.6629054546356201,2.3057138919830322
f60_a0_p08,pku_round0_00209,"1.00,0.00",normalized,1.0,1.6380611658096313,-0.009099431335926056,1.4496641159057617,0.6582993268966675,2.305772304534912
f60_a0_p08,pku_round0_00209,"1.00,0.00",normalized,1.5,1.636414885520935,0.0006559155881404877,1.4867507219314575,0.6513846516609192,2.3151350021362305
f60_a0_p08,pku_round0_00209,"1.00,0.00",normalized,2.0,1.637662649154663,0.0037544257938861847,1.5147366523742676,0.6462918519973755,2.3271360397338867
f60_a0_p08,pku_round0_00209,"1.00,0.00",normalized,4.0,1.6466552019119263,0.004157084971666336,1.5791106224060059,0.6353769898414612,2.364082098007202
f60_a0_p08,pku_round0_00209,"1.00,0.00",normalized,8.0,1.65837562084198,0.0019916922319680452,1.6272797584533691,0.6277853846549988,2.397622585296631
f60_a0_p08,pku_round0_00209,"1.00,0.00",normalized,16.0,1.667791724205017,0.0006897517014294863,1.6566797494888306,0.6231875419616699,2.420430898666382
f60_a0_p08,pku_round0_00209,"1.00,0.00",normalized,guide_only,1.6808679103851318,,1.6900243759155273,0.6175041794776917,2.448650598526001
f60_a0_p09,pku_round0_00217,"1.00,0.00",current,0.0,1.1761835813522339,-0.22545206546783447,0.9255562424659729,0.7407091856002808,2.3869950771331787
f60_a0_p09,pku_round0_00217,"1.00,0.00",current,0.001,1.1759624481201172,-0.21694354712963104,0.9237356185913086,0.7410216927528381,2.388850212097168
f60_a0_p09,pku_round0_00217,"1.00,0.00",current,0.01,1.174309253692627,-0.15432876348495483,0.9082846641540527,0.7436345815658569,2.4055769443511963
f60_a0_p09,pku_round0_00217,"1.00,0.00",current,0.05,1.1713312864303589,-0.01776832342147827,0.8539914488792419,0.752628743648529,2.4805796146392822
f60_a0_p09,pku_round0_00217,"1.00,0.00",current,0.1,1.1725305318832397,0.05787987262010574,0.8045246601104736,0.7609884142875671,2.575754404067993
f60_a0_p09,pku_round0_00217,"1.00,0.00",current,0.25,1.190482497215271,0.16743776202201843,0.7056326866149902,0.7807849049568176,2.8693864345550537
f60_a0_p09,pku_round0_00217,"1.00,0.00",current,0.5,1.245608925819397,0.26524028182029724,0.6016818881034851,0.8067432045936584,3.3791892528533936
f60_a0_p09,pku_round0_00217,"1.00,0.00",current,0.75,1.3205938339233398,0.3312969505786896,0.5271432995796204,0.8262097835540771,3.906212091445923
f60_a0_p09,pku_round0_00217,"1.00,0.00",current,1.0,1.409942626953125,0.38130682706832886,0.4668436348438263,0.8437939286231995,4.444469451904297
f60_a0_p09,pku_round0_00217,"1.00,0.00",current,1.5,1.6189910173416138,0.4486010670661926,0.37304264307022095,0.870670735836029,5.541622161865234
f60_a0_p09,pku_round0_00217,"1.00,0.00",current,2.0,1.853601098060608,0.4861917197704315,0.3069576323032379,0.887236475944519,6.6549072265625
f60_a0_p09,pku_round0_00217,"1.00,0.00",current,4.0,2.8903207778930664,0.5374521613121033,0.1781369000673294,0.9275286793708801,11.171778678894043
f60_a0_p09,pku_round0_00217,"1.00,0.00",current,8.0,5.096456527709961,0.5598512887954712,0.08014979958534241,0.9717814922332764,20.288015365600586
f60_a0_p09,pku_round0_00217,"1.00,0.00",current,16.0,9.61080265045166,0.5662027597427368,0.02604355663061142,0.9911904335021973,38.57633972167969
f60_a0_p09,pku_round0_00217,"1.00,0.00",normalized,0.0,1.1761835813522339,-0.47607940435409546,0.9255562424659729,0.7407091856002808,2.3869950771331787
f60_a0_p09,pku_round0_00217,"1.00,0.00",normalized,0.001,1.1757111549377441,-0.468783974647522,0.9252144694328308,0.740747332572937,2.3864634037017822
f60_a0_p09,pku_round0_00217,"1.00,0.00",normalized,0.01,1.1717461347579956,-0.41575759649276733,0.9227181077003479,0.7409461140632629,2.3817594051361084
f60_a0_p09,pku_round0_00217,"1.00,0.00",normalized,0.05,1.1577553749084473,-0.3031793534755707,0.9195377826690674,0.7401426434516907,2.362457036972046
f60_a0_p09,pku_round0_00217,"1.00,0.00",normalized,0.1,1.144330620765686,-0.2399023175239563,0.9233495593070984,0.7377316951751709,2.341594696044922
f60_a0_p09,pku_round0_00217,"1.00,0.00",normalized,0.25,1.116349697113037,-0.14566640555858612,0.9462233781814575,0.7305196523666382,2.295508861541748
f60_a0_p09,pku_round0_00217,"1.00,0.00",normalized,0.5,1.0900979042053223,-0.07406437397003174,0.9847211837768555,0.7212916016578674,2.2527925968170166
f60_a0_p09,pku_round0_00217,"1.00,0.00",normalized,0.75,1.07631516456604,-0.039968375116586685,1.0164308547973633,0.7140393853187561,2.232120990753174
f60_a0_p09,pku_round0_00217,"1.00,0.00",normalized,1.0,1.0688139200210571,-0.021823419257998466,1.0424778461456299,0.7089712023735046,2.2222347259521484
f60_a0_p09,pku_round0_00217,"1.00,0.00",normalized,1.5,1.062697410583496,-0.00546457152813673,1.0828955173492432,0.7016236186027527,2.216649055480957
f60_a0_p09,pku_round0_00217,"1.00,0.00",normalized,2.0,1.0616954565048218,0.0005115438252687454,1.1130664348602295,0.6960287094116211,2.2183022499084473
f60_a0_p09,pku_round0_00217,"1.00,0.00",normalized,4.0,1.0680307149887085,0.003732377663254738,1.1836738586425781,0.6847661137580872,2.234355926513672
f60_a0_p09,pku_round0_00217,"1.00,0.00",normalized,8.0,1.0793830156326294,0.0020241253077983856,1.2398899793624878,0.6774635910987854,2.2542240619659424
f60_a0_p09,pku_round0_00217,"1.00,0.00",normalized,16.0,1.089168906211853,0.0007305024191737175,1.276524543762207,0.6723198294639587,2.2691967487335205
f60_a0_p09,pku_round0_00217,"1.00,0.00",normalized,guide_only,1.1032922267913818,,1.320529818534851,0.6656918525695801,2.28883957862854
f60_a0_p10,pku_round0_00233,"1.00,0.00",current,0.0,1.3107327222824097,0.09966113418340683,0.8566526770591736,0.7718589901924133,2.495471954345703
f60_a0_p10,pku_round0_00233,"1.00,0.00",current,0.001,1.3108350038528442,0.10447562485933304,0.8550224304199219,0.7721414566040039,2.497378349304199
f60_a0_p10,pku_round0_00233,"1.00,0.00",current,0.01,1.311950922012329,0.1417439579963684,0.8408583402633667,0.774594783782959,2.5145699977874756
f60_a0_p10,pku_round0_00233,"1.00,0.00",current,0.05,1.3198413848876953,0.24114161729812622,0.786722719669342,0.7842642664909363,2.5916292667388916
f60_a0_p10,pku_round0_00233,"1.00,0.00",current,0.1,1.3338236808776855,0.31302475929260254,0.7325045466423035,0.7945544123649597,2.689361810684204
f60_a0_p10,pku_round0_00233,"1.00,0.00",current,0.25,1.3911714553833008,0.4383566677570343,0.6160593032836914,0.8195720314979553,2.9906201362609863
f60_a0_p10,pku_round0_00233,"1.00,0.00",current,0.5,1.5165902376174927,0.554460346698761,0.4937484562397003,0.8480661511421204,3.513171672821045
f60_a0_p10,pku_round0_00233,"1.00,0.00",current,0.75,1.665112853050232,0.6288655400276184,0.4112870693206787,0.8688149452209473,4.053196907043457
f60_a0_p10,pku_round0_00233,"1.00,0.00",current,1.0,1.82877516746521,0.6763515472412109,0.35013142228126526,0.8855925798416138,4.6047749519348145
f60_a0_p10,pku_round0_00233,"1.00,0.00",current,1.5,2.180081367492676,0.72185218334198,0.2722957134246826,0.9058594703674316,5.72938346862793
f60_a0_p10,pku_round0_00233,"1.00,0.00",current,2.0,2.546781063079834,0.7428273558616638,0.22721941769123077,0.9174379110336304,6.870873928070068
f60_a0_p10,pku_round0_00233,"1.00,0.00",current,4.0,4.072153091430664,0.7763529419898987,0.14814917743206024,0.9380581378936768,11.503852844238281
f60_a0_p10,pku_round0_00233,"1.00,0.00",current,8.0,7.228621959686279,0.7962952852249146,0.08114269375801086,0.9654905796051025,20.856691360473633
f60_a0_p10,pku_round0_00233,"1.00,0.00",current,16.0,13.626394271850586,0.801403284072876,0.03950049355626106,0.9830748438835144,39.621185302734375
f60_a0_p10,pku_round0_00233,"1.00,0.00",normalized,0.0,1.3107327222824097,-0.3544190526008606,0.8566526770591736,0.7718589901924133,2.495471954345703
f60_a0_p10,pku_round0_00233,"1.00,0.00",normalized,0.001,1.3103801012039185,-0.35061779618263245,0.8565630912780762,0.771869421005249,2.4948835372924805
f60_a0_p10,pku_round0_00233,"1.00,0.00",normalized,0.01,1.3073607683181763,-0.3219097852706909,0.8559705018997192,0.7719115018844604,2.489672899246216
f60_a0_p10,pku_round0_00233,"1.00,0.00",normalized,0.05,1.2960911989212036,-0.25100213289260864,0.8565599322319031,0.771540105342865,2.4682183265686035
f60_a0_p10,pku_round0_00233,"1.00,0.00",normalized,0.1,1.2848342657089233,-0.20291487872600555,0.8608707785606384,0.7704917192459106,2.4448742866516113
f60_a0_p10,pku_round0_00233,"1.00,0.00",normalized,0.25,1.261143684387207,-0.12232041358947754,0.8797064423561096,0.7669621706008911,2.392496347427368
f60_a0_p10,pku_round0_00233,"1.00,0.00",normalized,0.5,1.239700198173523,-0.057956770062446594,0.90989089012146,0.760823667049408,2.3421146869659424
f60_a0_p10,pku_round0_00233,"1.00,0.00",normalized,0.75,1.229362964630127,-0.028329432010650635,0.9333066344261169,0.7564138770103455,2.316112756729126
f60_a0_p10,pku_round0_00233,"1.00,0.00",normalized,1.0,1.2243136167526245,-0.013692960143089294,0.9515275955200195,0.7534440755844116,2.3023874759674072
f60_a0_p10,pku_round0_00233,"1.00,0.00",normalized,1.5,1.2210118770599365,-0.0018404051661491394,0.978832483291626,0.7483223080635071,2.2917532920837402
f60_a0_p10,pku_round0_00233,"1.00,0.00",normalized,2.0,1.2211942672729492,0.0018909797072410583,0.998958945274353,0.7443599104881287,2.2902915477752686
f60_a0_p10,pku_round0_00233,"1.00,0.00",normalized,4.0,1.227401614189148,0.003091089427471161,1.0458091497421265,0.7355014085769653,2.3007705211639404
f60_a0_p10,pku_round0_00233,"1.00,0.00",normalized,8.0,1.2362632751464844,0.0015198681503534317,1.0824397802352905,0.7295386791229248,2.3174099922180176
f60_a0_p10,pku_round0_00233,"1.00,0.00",normalized,16.0,1.2434730529785156,0.0005296161398291588,1.105700969696045,0.7257413268089294,2.330657720565796
f60_a0_p10,pku_round0_00233,"1.00,0.00",normalized,guide_only,1.253542423248291,,1.132899522781372,0.7209891676902771,2.3485074043273926
f60_a0_p11,pku_round0_00250,"1.00,0.00",current,0.0,1.2270382642745972,0.9561185240745544,0.8880351781845093,0.7854651212692261,2.401293992996216
f60_a0_p11,pku_round0_00250,"1.00,0.00",current,0.001,1.228003740310669,0.9743366837501526,0.8867322206497192,0.7857846021652222,2.402902364730835
f60_a0_p11,pku_round0_00250,"1.00,0.00",current,0.01,1.2374006509780884,1.1045972108840942,0.8753103613853455,0.7883639335632324,2.4174227714538574
f60_a0_p11,pku_round0_00250,"1.00,0.00",current,0.05,1.2873008251190186,1.3356233835220337,0.8326741456985474,0.7962480783462524,2.4828813076019287
f60_a0_p11,pku_round0_00250,"1.00,0.00",current,0.1,1.3567125797271729,1.429477572441101,0.7933263778686523,0.8028605580329895,2.5667145252227783
f60_a0_p11,pku_round0_00250,"1.00,0.00",current,0.25,1.5826178789138794,1.5670644044876099,0.7116702198982239,0.8164888024330139,2.8300445079803467
f60_a0_p11,pku_round0_00250,"1.00,0.00",current,0.5,1.991315484046936,1.6905730962753296,0.6234599351882935,0.8322899341583252,3.300060272216797
f60_a0_p11,pku_round0_00250,"1.00,0.00",current,0.75,2.4249439239501953,1.7757947444915771,0.5664218068122864,0.8395081758499146,3.797358274459839
f60_a0_p11,pku_round0_00250,"1.00,0.00",current,1.0,2.8780314922332764,1.8459635972976685,0.5181323289871216,0.8442212343215942,4.312674045562744
f60_a0_p11,pku_round0_00250,"1.00,0.00",current,1.5,3.8251748085021973,1.932544469833374,0.43149590492248535,0.8609119653701782,5.376130104064941
f60_a0_p11,pku_round0_00250,"1.00,0.00",current,2.0,4.804553985595703,1.9813587665557861,0.3637469410896301,0.8765527009963989,6.464870929718018
f60_a0_p11,pku_round0_00250,"1.00,0.00",current,4.0,8.864601135253906,2.0591628551483154,0.20723141729831696,0.9243967533111572,10.917736053466797
f60_a0_p11,pku_round0_00250,"1.00,0.00",current,8.0,17.17205238342285,2.086179733276367,0.10802289098501205,0.9587163329124451,19.947772979736328
f60_a0_p11,pku_round0_00250,"1.00,0.00",current,16.0,33.90353775024414,2.0940349102020264,0.058050487190485,0.9766415357589722,38.090370178222656
f60_a0_p11,pku_round0_00250,"1.00,0.00",normalized,0.0,1.2270382642745972,0.617115318775177,0.8880351781845093,0.7854651212692261,2.401293992996216
f60_a0_p11,pku_round0_00250,"1.00,0.00",normalized,0.001,1.2276633977890015,0.632949948310852,0.8882116675376892,0.7855128049850464,2.4005019664764404
f60_a0_p11,pku_round0_00250,"1.00,0.00",normalized,0.01,1.23388671875,0.740553617477417,0.8898072242736816,0.7856841087341309,2.3934881687164307
f60_a0_p11,pku_round0_00250,"1.00,0.00",normalized,0.05,1.2672311067581177,0.874879777431488,0.8998675346374512,0.7836185693740845,2.3646488189697266
f60_a0_p11,pku_round0_00250,"1.00,0.00",normalized,0.1,1.3110253810882568,0.8682748079299927,0.917789876461029,0.7791152596473694,2.333376884460449
f60_a0_p11,pku_round0_00250,"1.00,0.00",normalized,0.25,1.433807373046875,0.7648839354515076,0.9774020314216614,0.7643437385559082,2.264035701751709
f60_a0_p11,pku_round0_00250,"1.00,0.00",normalized,0.5,1.6041356325149536,0.6044936776161194,1.0659059286117554,0.7426129579544067,2.200040102005005
f60_a0_p11,pku_round0_00250,"1.00,0.00",normalized,0.75,1.739245057106018,0.4821370840072632,1.1344810724258423,0.7246891856193542,2.16991925239563
f60_a0_p11,pku_round0_00250,"1.00,0.00",normalized,1.0,1.8477522134780884,0.3903738558292389,1.1891731023788452,0.7108111381530762,2.156337022781372
f60_a0_p11,pku_round0_00250,"1.00,0.00",normalized,1.5,2.009904146194458,0.2692604660987854,1.2751610279083252,0.6923713088035583,2.1504523754119873
f60_a0_p11,pku_round0_00250,"1.00,0.00",normalized,2.0,2.124993085861206,0.19680878520011902,1.3417158126831055,0.6787915229797363,2.154956817626953
f60_a0_p11,pku_round0_00250,"1.00,0.00",normalized,4.0,2.374774932861328,0.07943594455718994,1.505445122718811,0.6487630605697632,2.183547019958496
f60_a0_p11,pku_round0_00250,"1.00,0.00",normalized,8.0,2.5592586994171143,0.026813924312591553,1.6416689157485962,0.6251506209373474,2.216419219970703
f60_a0_p11,pku_round0_00250,"1.00,0.00",normalized,16.0,2.676159620285034,0.007966533303260803,1.7322794198989868,0.6097874045372009,2.240610122680664
f60_a0_p11,pku_round0_00250,"1.00,0.00",normalized,guide_only,2.8164114952087402,,1.8426804542541504,0.5910518169403076,2.2718937397003174
f60_a1_p00,pku_round0_00058,"0.75,0.25",current,0.0,1.5965498685836792,-0.09441380202770233,1.3259984254837036,0.6929842829704285,2.39994478225708
f60_a1_p00,pku_round0_00058,"0.75,0.25",current,0.001,1.5964586734771729,-0.08816254138946533,1.3233097791671753,0.6933670043945312,2.4018993377685547
f60_a1_p00,pku_round0_00058,"0.75,0.25",current,0.01,1.5959041118621826,-0.03647181764245033,1.299696445465088,0.6970994472503662,2.419520378112793
f60_a1_p00,pku_round0_00058,"0.75,0.25",current,0.05,1.5980777740478516,0.13239610195159912,1.204696536064148,0.7121312022209167,2.4984686374664307
f60_a1_p00,pku_round0_00058,"0.75,0.25",current,0.1,1.6083797216415405,0.27029234170913696,1.103536605834961,0.7283776998519897,2.5985281467437744
f60_a1_p00,pku_round0_00058,"0.75,0.25",current,0.25,1.668429970741272,0.5026172995567322,0.8807879090309143,0.7666079998016357,2.90667724609375
f60_a1_p00,pku_round0_00058,"0.75,0.25",current,0.5,1.8202394247055054,0.6872518062591553,0.6562811136245728,0.8082432150840759,3.4404451847076416
f60_a1_p00,pku_round0_00058,"0.75,0.25",current,0.75,2.0043957233428955,0.7764331698417664,0.5241765379905701,0.8335564136505127,3.9907643795013428
f60_a1_p00,pku_round0_00058,"0.75,0.25",current,1.0,2.2052175998687744,0.8257734775543213,0.4402374029159546,0.8506309986114502,4.551331043243408
f60_a1_p00,pku_round0_00058,"0.75,0.25",current,1.5,2.63242244720459,0.8763109445571899,0.34241509437561035,0.8748949766159058,5.690310001373291
f60_a1_p00,pku_round0_00058,"0.75,0.25",current,2.0,3.0775768756866455,0.9020025134086609,0.2865592837333679,0.8916282653808594,6.842661380767822
f60_a1_p00,pku_round0_00058,"0.75,0.25",current,4.0,4.932478904724121,0.943527102470398,0.1739635169506073,0.9325755834579468,11.502877235412598
f60_a1_p00,pku_round0_00058,"0.75,0.25",current,8.0,8.747300148010254,0.9591718316078186,0.09111551940441132,0.9658979773521423,20.88751792907715
f60_a1_p00,pku_round0_00058,"0.75,0.25",current,16.0,16.4454288482666,0.9638546109199524,0.042163047939538956,0.9839938282966614,39.69968032836914
f60_a1_p00,pku_round0_00058,"0.75,0.25",normalized,0.0,1.5965498685836792,-0.3649653196334839,1.3259984254837036,0.6929842829704285,2.39994478225708
f60_a1_p00,pku_round0_00058,"0.75,0.25",normalized,0.001,1.5961871147155762,-0.36078333854675293,1.3258912563323975,0.6930074691772461,2.3994998931884766
f60_a1_p00,pku_round0_00058,"0.75,0.25",normalized,0.01,1.5930957794189453,-0.3273449242115021,1.325012445449829,0.6935450434684753,2.3955647945404053
f60_a1_p00,pku_round0_00058,"0.75,0.25",normalized,0.05,1.5820949077606201,-0.23386530578136444,1.3217706680297852,0.6951643228530884,2.3794939517974854
f60_a1_p00,pku_round0_00058,"0.75,0.25",normalized,0.1,1.5720306634902954,-0.17497630417346954,1.3186973333358765,0.696228563785553,2.3622982501983643
f60_a1_p00,pku_round0_00058,"0.75,0.25",normalized,0.25,1.5524488687515259,-0.09849798679351807,1.3170173168182373,0.6972648501396179,2.3253419399261475
f60_a1_p00,pku_round0_00058,"0.75,0.25",normalized,0.5,1.5351046323776245,-0.04807208478450775,1.3241548538208008,0.696689784526825,2.2936301231384277
f60_a1_p00,pku_round0_00058,"0.75,0.25",normalized,0.75,1.526152491569519,-0.026195526123046875,1.3339300155639648,0.6951950788497925,2.2804365158081055
f60_a1_p00,pku_round0_00058,"0.75,0.25",normalized,1.0,1.5211331844329834,-0.015106573700904846,1.3435819149017334,0.6936666369438171,2.275665521621704
f60_a1_p00,pku_round0_00058,"0.75,0.25",normalized,1.5,1.516447901725769,-0.005330625921487808,1.360329508781433,0.6914235353469849,2.2761237621307373
f60_a1_p00,pku_round0_00058,"0.75,0.25",normalized,2.0,1.5148309469223022,-0.0016831308603286743,1.3735945224761963,0.6896219849586487,2.2808871269226074
f60_a1_p00,pku_round0_00058,"0.75,0.25",normalized,4.0,1.5153073072433472,0.0009116027504205704,1.4054429531097412,0.6850489377975464,2.3005757331848145
f60_a1_p00,pku_round0_00058,"0.75,0.25",normalized,8.0,1.5185410976409912,0.0006219521164894104,1.4310499429702759,0.6812458634376526,2.3208353519439697
f60_a1_p00,pku_round0_00058,"0.75,0.25",normalized,16.0,1.5216296911239624,0.0002351631410419941,1.4479728937149048,0.6786777973175049,2.335275173187256
f60_a1_p00,pku_round0_00058,"0.75,0.25",normalized,guide_only,1.5262563228607178,,1.4688206911087036,0.6755418181419373,2.3536579608917236
f60_a1_p01,pku_round0_00094,"0.75,0.25",current,0.0,1.726402997970581,0.7840071320533752,1.128174066543579,0.676660418510437,2.4629058837890625
f60_a1_p01,pku_round0_00094,"0.75,0.25",current,0.001,1.7271908521652222,0.7914584279060364,1.1262588500976562,0.6769804954528809,2.4648170471191406
f60_a1_p01,pku_round0_00094,"0.75,0.25",current,0.01,1.7345728874206543,0.8453725576400757,1.1096599102020264,0.6797319054603577,2.4820470809936523
f60_a1_p01,pku_round0_00094,"0.75,0.25",current,0.05,1.771085262298584,0.9617356061935425,1.0467939376831055,0.6903197765350342,2.559274673461914
f60_a1_p01,pku_round0_00094,"0.75,0.25",current,0.1,1.8212013244628906,1.0377094745635986,0.9834671020507812,0.7018327713012695,2.657208204269409
f60_a1_p01,pku_round0_00094,"0.75,0.25",current,0.25,1.9884674549102783,1.1801897287368774,0.8426504731178284,0.7305794954299927,2.9590814113616943
f60_a1_p01,pku_round0_00094,"0.75,0.25",current,0.5,2.3029825687408447,1.3232645988464355,0.6857470273971558,0.7680484652519226,3.4827780723571777
f60_a1_p01,pku_round0_00094,"0.75,0.25",current,0.75,2.645387649536133,1.4086568355560303,0.5783363580703735,0.7970274686813354,4.023886203765869
f60_a1_p01,pku_round0_00094,"0.75,0.25",current,1.0,3.0044808387756348,1.4598941802978516,0.5015566349029541,0.818009614944458,4.576317310333252
f60_a1_p01,pku_round0_00094,"0.75,0.25",current,1.5,3.7498044967651367,1.514524221420288,0.40088120102882385,0.8471322059631348,5.701942443847656
f60_a1_p01,pku_round0_00094,"0.75,0.25",current,2.0,4.51480770111084,1.5428587198257446,0.33684462308883667,0.8677761554718018,6.843819618225098
f60_a1_p01,pku_round0_00094,"0.75,0.25",current,4.0,7.651686668395996,1.583798885345459,0.21460798382759094,0.9085355401039124,11.475794792175293
f60_a1_p01,pku_round0_00094,"0.75,0.25",current,8.0,14.032217025756836,1.6022799015045166,0.13102829456329346,0.9421283602714539,20.82349395751953
f60_a1_p01,pku_round0_00094,"0.75,0.25",current,16.0,26.891006469726562,1.609961748123169,0.06751643121242523,0.96978759765625,39.575706481933594
f60_a1_p01,pku_round0_00094,"0.75,0.25",normalized,0.0,1.726402997970581,0.1857782006263733,1.128174066543579,0.676660418510437,2.4629058837890625
f60_a1_p01,pku_round0_00094,"0.75,0.25",normalized,0.001,1.7265913486480713,0.1908787488937378,1.1281135082244873,0.6766666769981384,2.4623541831970215
f60_a1_p01,pku_round0_00094,"0.75,0.25",normalized,0.01,1.7284750938415527,0.22445058822631836,1.1278828382492065,0.6766311526298523,2.457472324371338
f60_a1_p01,pku_round0_00094,"0.75,0.25",normalized,0.05,1.7385821342468262,0.2659268081188202,1.131525993347168,0.6755154132843018,2.4374043941497803
f60_a1_p01,pku_round0_00094,"0.75,0.25",normalized,0.1,1.7519865036010742,0.2675616443157196,1.1403447389602661,0.6736021637916565,2.4156436920166016
f60_a1_p01,pku_round0_00094,"0.75,0.25",normalized,0.25,1.7903974056243896,0.2424236536026001,1.1706106662750244,0.6677718162536621,2.367265224456787
f60_a1_p01,pku_round0_00094,"0.75,0.25",normalized,0.5,1.8451306819915771,0.1966150403022766,1.2150216102600098,0.6600161790847778,2.321851968765259
f60_a1_p01,pku_round0_00094,"0.75,0.25",normalized,0.75,1.889469027519226,0.15965311229228973,1.2506173849105835,0.6543613076210022,2.299363613128662
f60_a1_p01,pku_round0_00094,"0.75,0.25",normalized,1.0,1.9256703853607178,0.1312216967344284,1.279891014099121,0.6495552659034729,2.288158655166626
f60_a1_p01,pku_round0_00094,"0.75,0.25",normalized,1.5,1.9807710647583008,0.092442587018013,1.3257954120635986,0.6421736478805542,2.2807769775390625
f60_a1_p01,pku_round0_00094,"0.75,0.25",normalized,2.0,2.0205392837524414,0.06841811537742615,1.3604141473770142,0.6368265151977539,2.281273365020752
f60_a1_p01,pku_round0_00094,"0.75,0.25",normalized,4.0,2.1082701683044434,0.028135493397712708,1.4416224956512451,0.6243847608566284,2.295159101486206
f60_a1_p01,pku_round0_00094,"0.75,0.25",normalized,8.0,2.1738781929016113,0.009566795080900192,1.5054707527160645,0.6154360175132751,2.3137218952178955
f60_a1_p01,pku_round0_00094,"0.75,0.25",normalized,16.0,2.215640068054199,0.0028488729149103165,1.546416163444519,0.6100801825523376,2.3279826641082764
f60_a1_p01,pku_round0_00094,"0.75,0.25",normalized,guide_only,2.265829086303711,,1.5948631763458252,0.6033483743667603,2.346872568130493
f60_a1_p02,pku_round0_00115,"0.75,0.25",current,0.0,1.8027161359786987,1.067429542541504,1.5344427824020386,0.6483332514762878,2.3357198238372803
f60_a1_p02,pku_round0_00115,"0.75,0.25",current,0.001,1.8037915229797363,1.0833048820495605,1.5316978693008423,0.6487424373626709,2.3374922275543213
f60_a1_p02,pku_round0_00115,"0.75,0.25",current,0.01,1.8141083717346191,1.2028895616531372,1.5068386793136597,0.6523281931877136,2.3534719944000244
f60_a1_p02,pku_round0_00115,"0.75,0.25",current,0.05,1.8685768842697144,1.477258324623108,1.401163935661316,0.6687511205673218,2.425098180770874
f60_a1_p02,pku_round0_00115,"0.75,0.25",current,0.1,1.946964979171753,1.6439441442489624,1.28831148147583,0.6872590184211731,2.515930414199829
f60_a1_p02,pku_round0_00115,"0.75,0.25",current,0.25,2.216139078140259,1.9134466648101807,1.0452418327331543,0.7315985560417175,2.795842170715332
f60_a1_p02,pku_round0_00115,"0.75,0.25",current,0.5,2.725677251815796,2.135890007019043,0.8002808690071106,0.7838079929351807,3.2809736728668213
f60_a1_p02,pku_round0_00115,"0.75,0.25",current,0.75,3.275761842727661,2.2542405128479004,0.6462696194648743,0.819733202457428,3.781736135482788
f60_a1_p02,pku_round0_00115,"0.75,0.25",current,1.0,3.849081516265869,2.32700252532959,0.5389794111251831,0.8465248942375183,4.292700290679932
f60_a1_p02,pku_round0_00115,"0.75,0.25",current,1.5,5.035576343536377,2.409453868865967,0.40125516057014465,0.880844235420227,5.33350133895874
f60_a1_p02,pku_round0_00115,"0.75,0.25",current,2.0,6.252725601196289,2.455678939819336,0.31566551327705383,0.9029078483581543,6.389225006103516
f60_a1_p02,pku_round0_00115,"0.75,0.25",current,4.0,11.252392768859863,2.522199869155884,0.14518314599990845,0.9472603797912598,10.67225456237793
f60_a1_p02,pku_round0_00115,"0.75,0.25",current,8.0,21.375125885009766,2.5347628593444824,0.08544688671827316,0.9570813775062561,19.317825317382812
f60_a1_p02,pku_round0_00115,"0.75,0.25",current,16.0,41.67566680908203,2.5394468307495117,0.05866767838597298,0.9706535935401917,36.663875579833984
f60_a1_p02,pku_round0_00115,"0.75,0.25",normalized,0.0,1.8027161359786987,0.7991561889648438,1.5344427824020386,0.6483332514762878,2.3357198238372803
f60_a1_p02,pku_round0_00115,"0.75,0.25",normalized,0.001,1.8035211563110352,0.810826301574707,1.5346063375473022,0.6483418941497803,2.3351569175720215
f60_a1_p02,pku_round0_00115,"0.75,0.25",normalized,0.01,1.811206340789795,0.8899518251419067,1.5352908372879028,0.6483914852142334,2.3301706314086914
f60_a1_p02,pku_round0_00115,"0.75,0.25",normalized,0.05,1.849379062652588,0.977694034576416,1.5317014455795288,0.6501421332359314,2.309617757797241
f60_a1_p02,pku_round0_00115,"0.75,0.25",normalized,0.1,1.897595763206482,0.943202793598175,1.5261534452438354,0.6521530151367188,2.2872095108032227
f60_a1_p02,pku_round0_00115,"0.75,0.25",normalized,0.25,2.0267128944396973,0.7801999449729919,1.5187461376190186,0.6558138728141785,2.236673593521118
f60_a1_p02,pku_round0_00115,"0.75,0.25",normalized,0.5,2.19411563873291,0.5734360218048096,1.5190421342849731,0.6584903001785278,2.1873159408569336
f60_a1_p02,pku_round0_00115,"0.75,0.25",normalized,0.75,2.319230079650879,0.4365231394767761,1.5240346193313599,0.6590588092803955,2.16099214553833
f60_a1_p02,pku_round0_00115,"0.75,0.25",normalized,1.0,2.4159433841705322,0.3427697420120239,1.5303528308868408,0.6590610146522522,2.146350145339966
f60_a1_p02,pku_round0_00115,"0.75,0.25",normalized,1.5,2.5554583072662354,0.2271118462085724,1.543278694152832,0.6579579710960388,2.1334004402160645
f60_a1_p02,pku_round0_00115,"0.75,0.25",normalized,2.0,2.651195764541626,0.16143301129341125,1.5549098253250122,0.6565356850624084,2.1297414302825928
f60_a1_p02,pku_round0_00115,"0.75,0.25",normalized,4.0,2.849675178527832,0.06104418635368347,1.5869240760803223,0.652038037776947,2.134450912475586
f60_a1_p02,pku_round0_00115,"0.75,0.25",normalized,8.0,2.987791061401367,0.019542008638381958,1.6158798933029175,0.6478115320205688,2.1464250087738037
f60_a1_p02,pku_round0_00115,"0.75,0.25",normalized,16.0,3.071530342102051,0.005608208477497101,1.6359971761703491,0.6460694074630737,2.15669846534729
f60_a1_p02,pku_round0_00115,"0.75,0.25",normalized,guide_only,3.168252944946289,,1.661229133605957,0.6441136002540588,2.1710426807403564
f60_a1_p03,pku_round0_00123,"0.75,0.25",current,0.0,1.7737606763839722,1.668623924255371,1.1350104808807373,0.6996224522590637,2.3971807956695557
f60_a1_p03,pku_round0_00123,"0.75,0.25",current,0.001,1.7754334211349487,1.6765509843826294,1.1331229209899902,0.6999447345733643,2.398897171020508
f60_a1_p03,pku_round0_00123,"0.75,0.25",current,0.01,1.7908003330230713,1.7347195148468018,1.1169629096984863,0.7026984095573425,2.4143826961517334
f60_a1_p03,pku_round0_00123,"0.75,0.25",current,0.05,1.8631638288497925,1.8625998497009277,1.0576249361038208,0.7130782008171082,2.484015703201294
f60_a1_p03,pku_round0_00123,"0.75,0.25",current,0.1,1.9584050178527832,1.9407572746276855,0.9990137219429016,0.7239723801612854,2.5727996826171875
f60_a1_p03,pku_round0_00123,"0.75,0.25",current,0.25,2.2608582973480225,2.0793721675872803,0.867285430431366,0.7524102926254272,2.849174737930298
f60_a1_p03,pku_round0_00123,"0.75,0.25",current,0.5,2.7995924949645996,2.2187557220458984,0.7130438685417175,0.792614758014679,3.335285186767578
f60_a1_p03,pku_round0_00123,"0.75,0.25",current,0.75,3.3661062717437744,2.3073651790618896,0.6029952764511108,0.8203660845756531,3.8431315422058105
f60_a1_p03,pku_round0_00123,"0.75,0.25",current,1.0,3.9510459899902344,2.3689353466033936,0.5229201316833496,0.840997576713562,4.365304470062256
f60_a1_p03,pku_round0_00123,"0.75,0.25",current,1.5,5.158843517303467,2.4576902389526367,0.41669973731040955,0.8665428757667542,5.436197757720947
f60_a1_p03,pku_round0_00123,"0.75,0.25",current,2.0,6.404581546783447,2.520101547241211,0.3417101800441742,0.8885122537612915,6.527963638305664
f60_a1_p03,pku_round0_00123,"0.75,0.25",current,4.0,11.546348571777344,2.6013870239257812,0.18743309378623962,0.9346876740455627,10.97773551940918
f60_a1_p03,pku_round0_00123,"0.75,0.25",current,8.0,22.038742065429688,2.6339333057403564,0.062077321112155914,0.9810700416564941,19.983964920043945
f60_a1_p03,pku_round0_00123,"0.75,0.25",current,16.0,43.14188766479492,2.6395363807678223,0.01216073241084814,0.9973262548446655,38.06804656982422
f60_a1_p03,pku_round0_00123,"0.75,0.25",normalized,0.0,1.7737606763839722,1.0298737287521362,1.1350104808807373,0.6996224522590637,2.3971807956695557
f60_a1_p03,pku_round0_00123,"0.75,0.25",normalized,0.001,1.7747925519943237,1.0337625741958618,1.134917974472046,0.699617862701416,2.3965003490448
f60_a1_p03,pku_round0_00123,"0.75,0.25",normalized,0.01,1.7842154502868652,1.0571026802062988,1.1345982551574707,0.6994725465774536,2.3904781341552734
f60_a1_p03,pku_round0_00123,"0.75,0.25",normalized,0.05,1.8267370462417603,1.0531487464904785,1.1398648023605347,0.6977254748344421,2.365729331970215
f60_a1_p03,pku_round0_00123,"0.75,0.25",normalized,0.1,1.8780020475387573,0.9950673580169678,1.1523118019104004,0.6947746276855469,2.338909149169922
f60_a1_p03,pku_round0_00123,"0.75,0.25",normalized,0.25,2.0136778354644775,0.8200032711029053,1.1959255933761597,0.687182605266571,2.279339551925659
f60_a1_p03,pku_round0_00123,"0.75,0.25",normalized,0.5,2.1907060146331787,0.6115830540657043,1.264249563217163,0.6786360740661621,2.2235236167907715
f60_a1_p03,pku_round0_00123,"0.75,0.25",normalized,0.75,2.325362205505371,0.47457778453826904,1.322257399559021,0.6700090169906616,2.196075201034546
f60_a1_p03,pku_round0_00123,"0.75,0.25",normalized,1.0,2.431464433670044,0.379644513130188,1.3707404136657715,0.6625434756278992,2.182652235031128
f60_a1_p03,pku_round0_00123,"0.75,0.25",normalized,1.5,2.5883452892303467,0.2594168782234192,1.4459480047225952,0.6503018140792847,2.1744792461395264
f60_a1_p03,pku_round0_00123,"0.75,0.25",normalized,2.0,2.6989498138427734,0.18865975737571716,1.5016119480133057,0.6423425078392029,2.17598819732666
f60_a1_p03,pku_round0_00123,"0.75,0.25",normalized,4.0,2.936781644821167,0.07504278421401978,1.6321827173233032,0.6252242922782898,2.195547342300415
f60_a1_p03,pku_round0_00123,"0.75,0.25",normalized,8.0,3.10984468460083,0.024970680475234985,1.7392867803573608,0.6118178367614746,2.220440626144409
f60_a1_p03,pku_round0_00123,"0.75,0.25",normalized,16.0,3.218203067779541,0.0073506832122802734,1.811650037765503,0.602185070514679,2.2392966747283936
f60_a1_p03,pku_round0_00123,"0.75,0.25",normalized,guide_only,3.3469676971435547,,1.9021408557891846,0.5893926620483398,2.264065742492676
f60_a1_p04,pku_round0_00126,"0.75,0.25",current,0.0,1.8162339925765991,0.005469277501106262,1.55974543094635,0.6138819456100464,2.433950424194336
f60_a1_p04,pku_round0_00126,"0.75,0.25",current,0.001,1.8162428140640259,0.012055277824401855,1.5571284294128418,0.6142893433570862,2.436007022857666
f60_a1_p04,pku_round0_00126,"0.75,0.25",current,0.01,1.8165977001190186,0.06494167447090149,1.5339479446411133,0.6178900599479675,2.4545419216156006
f60_a1_p04,pku_round0_00126,"0.75,0.25",current,0.05,1.822684407234192,0.22538647055625916,1.4391791820526123,0.6331343054771423,2.5374393463134766
f60_a1_p04,pku_round0_00126,"0.75,0.25",current,0.1,1.8374183177947998,0.3560328483581543,1.337498664855957,0.6503979563713074,2.6421773433685303
f60_a1_p04,pku_round0_00126,"0.75,0.25",current,0.25,1.910570502281189,0.5952001810073853,1.109122395515442,0.6935352683067322,2.9627017974853516
f60_a1_p04,pku_round0_00126,"0.75,0.25",current,0.5,2.089181900024414,0.8103777170181274,0.865588366985321,0.7456709146499634,3.5124094486236572
f60_a1_p04,pku_round0_00126,"0.75,0.25",current,0.75,2.308133363723755,0.9310064315795898,0.70756995677948,0.7841721177101135,4.074689865112305
f60_a1_p04,pku_round0_00126,"0.75,0.25",current,1.0,2.550992250442505,1.0065151453018188,0.5965995192527771,0.8133151531219482,4.644870281219482
f60_a1_p04,pku_round0_00126,"0.75,0.25",current,1.5,3.078502655029297,1.0937492847442627,0.4520288109779358,0.8524637818336487,5.799332618713379
f60_a1_p04,pku_round0_00126,"0.75,0.25",current,2.0,3.638383388519287,1.1416044235229492,0.3630705773830414,0.8762930631637573,6.964597225189209
f60_a1_p04,pku_round0_00126,"0.75,0.25",current,4.0,6.010593414306641,1.2129921913146973,0.1973734050989151,0.9267646074295044,11.667713165283203
f60_a1_p04,pku_round0_00126,"0.75,0.25",current,8.0,10.92971420288086,1.237727165222168,0.091991126537323,0.9638041257858276,21.128089904785156
f60_a1_p04,pku_round0_00126,"0.75,0.25",current,16.0,20.857481002807617,1.2424472570419312,0.04726525768637657,0.9793267250061035,40.08555221557617
f60_a1_p04,pku_round0_00126,"0.75,0.25",normalized,0.0,1.8162339925765991,-0.25101929903030396,1.55974543094635,0.6138819456100464,2.433950424194336
f60_a1_p04,pku_round0_00126,"0.75,0.25",normalized,0.001,1.8159852027893066,-0.24649566411972046,1.5598050355911255,0.613865852355957,2.4335734844207764
f60_a1_p04,pku_round0_00126,"0.75,0.25",normalized,0.01,1.813928484916687,-0.21235644817352295,1.5602355003356934,0.6137057542800903,2.43023943901062
f60_a1_p04,pku_round0_00126,"0.75,0.25",normalized,0.05,1.807294249534607,-0.13165906071662903,1.5613583326339722,0.6131855249404907,2.416609048843384
f60_a1_p04,pku_round0_00126,"0.75,0.25",normalized,0.1,1.8019932508468628,-0.085360586643219,1.5629253387451172,0.6125478148460388,2.401979446411133
f60_a1_p04,pku_round0_00126,"0.75,0.25",normalized,0.25,1.794492483139038,-0.024534493684768677,1.5709542036056519,0.6107345819473267,2.370161533355713
f60_a1_p04,pku_round0_00126,"0.75,0.25",normalized,0.5,1.7938196659088135,0.012257769703865051,1.5859593152999878,0.6079213619232178,2.341606616973877
f60_a1_p04,pku_round0_00126,"0.75,0.25",normalized,0.75,1.7986377477645874,0.024028584361076355,1.5985291004180908,0.6063291430473328,2.3283941745758057
f60_a1_p04,pku_round0_00126,"0.75,0.25",normalized,1.0,1.8051271438598633,0.027031704783439636,1.6085623502731323,0.605143129825592,2.322435140609741
f60_a1_p04,pku_round0_00126,"0.75,0.25",normalized,1.5,1.818365454673767,0.025070570409297943,1.623335599899292,0.6032006144523621,2.319732666015625
f60_a1_p04,pku_round0_00126,"0.75,0.25",normalized,2.0,1.8298985958099365,0.021042294800281525,1.633766770362854,0.6018465161323547,2.321532726287842
f60_a1_p04,pku_round0_00126,"0.75,0.25",normalized,4.0,1.859607458114624,0.010276880115270615,1.6566128730773926,0.5998433828353882,2.333542585372925
f60_a1_p04,pku_round0_00126,"0.75,0.25",normalized,8.0,1.884558916091919,0.0037656910717487335,1.6733952760696411,0.5986298322677612,2.3475656509399414
f60_a1_p04,pku_round0_00126,"0.75,0.25",normalized,16.0,1.9012846946716309,0.0011590560898184776,1.6836879253387451,0.5976439714431763,2.357973575592041
f60_a1_p04,pku_round0_00126,"0.75,0.25",normalized,guide_only,1.9220316410064697,,1.695458173751831,0.5964393019676208,2.371530055999756
f60_a1_p05,pku_round0_00146,"0.75,0.25",current,0.0,2.1288809776306152,-0.11620167642831802,1.5809581279754639,0.6186572313308716,2.4418468475341797
f60_a1_p05,pku_round0_00146,"0.75,0.25",current,0.001,2.1287708282470703,-0.10459157824516296,1.5780562162399292,0.6191157102584839,2.443746566772461
f60_a1_p05,pku_round0_00146,"0.75,0.25",current,0.01,2.1282505989074707,-0.015166819095611572,1.5526455640792847,0.6231251955032349,2.4608805179595947
f60_a1_p05,pku_round0_00146,"0.75,0.25",current,0.05,2.13289475440979,0.21869896352291107,1.452035665512085,0.6386454105377197,2.5377964973449707
f60_a1_p05,pku_round0_00146,"0.75,0.25",current,0.1,2.1482086181640625,0.3814527988433838,1.3468526601791382,0.6553449630737305,2.6355957984924316
f60_a1_p05,pku_round0_00146,"0.75,0.25",current,0.25,2.2280867099761963,0.6507558226585388,1.1165317296981812,0.6957361698150635,2.9385366439819336
f60_a1_p05,pku_round0_00146,"0.75,0.25",current,0.5,2.4215447902679443,0.8723149299621582,0.878649115562439,0.7459452748298645,3.467651128768921
f60_a1_p05,pku_round0_00146,"0.75,0.25",current,0.75,2.6568875312805176,1.0010523796081543,0.7242393493652344,0.7825115323066711,4.01709508895874
f60_a1_p05,pku_round0_00146,"0.75,0.25",current,1.0,2.9187517166137695,1.0891139507293701,0.6138734817504883,0.8106841444969177,4.57960319519043
f60_a1_p05,pku_round0_00146,"0.75,0.25",current,1.5,3.4944357872009277,1.2017822265625,0.4603874087333679,0.8554489612579346,5.7281622886657715
f60_a1_p05,pku_round0_00146,"0.75,0.25",current,2.0,4.110978126525879,1.2577202320098877,0.36040830612182617,0.8842973113059998,6.894782066345215
f60_a1_p05,pku_round0_00146,"0.75,0.25",current,4.0,6.711369037628174,1.3238776922225952,0.18205463886260986,0.9329363107681274,11.630965232849121
f60_a1_p05,pku_round0_00146,"0.75,0.25",current,8.0,12.061275482177734,1.3444085121154785,0.08265218883752823,0.9685258269309998,21.191591262817383
f60_a1_p05,pku_round0_00146,"0.75,0.25",current,16.0,22.84272003173828,1.349178433418274,0.03714417293667793,0.9853547811508179,40.37137222290039
f60_a1_p05,pku_round0_00146,"0.75,0.25",normalized,0.0,2.1288809776306152,-0.6641244292259216,1.5809581279754639,0.6186572313308716,2.4418468475341797
f60_a1_p05,pku_round0_00146,"0.75,0.25",normalized,0.001,2.1282219886779785,-0.6543183922767639,1.5807380676269531,0.6187283396720886,2.441305160522461
f60_a1_p05,pku_round0_00146,"0.75,0.25",normalized,0.01,2.1226813793182373,-0.5809261798858643,1.5790128707885742,0.6192944645881653,2.4365153312683105
f60_a1_p05,pku_round0_00146,"0.75,0.25",normalized,0.05,2.103365421295166,-0.41150718927383423,1.5750080347061157,0.6203227639198303,2.4169487953186035
f60_a1_p05,pku_round0_00146,"0.75,0.25",normalized,0.1,2.085477828979492,-0.31372442841529846,1.574389100074768,0.6204338669776917,2.39599609375
f60_a1_p05,pku_round0_00146,"0.75,0.25",normalized,0.25,2.0504908561706543,-0.17279279232025146,1.5839099884033203,0.6187077760696411,2.350829601287842
f60_a1_p05,pku_round0_00146,"0.75,0.25",normalized,0.5,2.021442413330078,-0.07456159591674805,1.611112117767334,0.6146122217178345,2.311767339706421
f60_a1_p05,pku_round0_00146,"0.75,0.25",normalized,0.75,2.0088298320770264,-0.03159935772418976,1.6372296810150146,0.6104177832603455,2.295482635498047
f60_a1_p05,pku_round0_00146,"0.75,0.25",normalized,1.0,2.0038704872131348,-0.010449633002281189,1.6589574813842773,0.607212245464325,2.289801597595215
f60_a1_p05,pku_round0_00146,"0.75,0.25",normalized,1.5,2.0036542415618896,0.006080754101276398,1.6917585134506226,0.6036878824234009,2.2912650108337402
f60_a1_p05,pku_round0_00146,"0.75,0.25",normalized,2.0,2.008011817932129,0.010330945253372192,1.7154337167739868,0.6011229753494263,2.298260450363159
f60_a1_p05,pku_round0_00146,"0.75,0.25",normalized,4.0,2.0280210971832275,0.008350666612386703,1.7692046165466309,0.5937377214431763,2.326192855834961
f60_a1_p05,pku_round0_00146,"0.75,0.25",normalized,8.0,2.050262451171875,0.003614789806306362,1.8108060359954834,0.5880951285362244,2.354621410369873
f60_a1_p05,pku_round0_00146,"0.75,0.25",normalized,16.0,2.066941261291504,0.001195893157273531,1.8372814655303955,0.5840945243835449,2.374786615371704
f60_a1_p05,pku_round0_00146,"0.75,0.25",normalized,guide_only,2.0891058444976807,,1.8684916496276855,0.5788681507110596,2.4003610610961914
f60_a1_p06,pku_round0_00198,"0.75,0.25",current,0.0,1.7959457635879517,-0.21420665085315704,1.5595791339874268,0.5908989310264587,2.5222997665405273
f60_a1_p06,pku_round0_00198,"0.75,0.25",current,0.001,1.795738697052002,-0.2005763202905655,1.5569703578948975,0.5913053154945374,2.5243406295776367
f60_a1_p06,pku_round0_00198,"0.75,0.25",current,0.01,1.7944062948226929,-0.1020893082022667,1.5339092016220093,0.5949804186820984,2.542734146118164
f60_a1_p06,pku_round0_00198,"0.75,0.25",current,0.05,1.7951765060424805,0.10643045604228973,1.4424010515213013,0.609687089920044,2.625032424926758
f60_a1_p06,pku_round0_00198,"0.75,0.25",current,0.1,1.8040872812271118,0.24073678255081177,1.347229242324829,0.6255509853363037,2.729086399078369
f60_a1_p06,pku_round0_00198,"0.75,0.25",current,0.25,1.860235571861267,0.48358768224716187,1.1321876049041748,0.664913535118103,3.047966241836548
f60_a1_p06,pku_round0_00198,"0.75,0.25",current,0.5,2.011155605316162,0.6992284655570984,0.8980891108512878,0.713659942150116,3.5963752269744873
f60_a1_p06,pku_round0_00198,"0.75,0.25",current,0.75,2.2018167972564697,0.8153796195983887,0.7462877035140991,0.7502843141555786,4.159211158752441
f60_a1_p06,pku_round0_00198,"0.75,0.25",current,1.0,2.415055751800537,0.8851730823516846,0.6402830481529236,0.7777293920516968,4.731598377227783
f60_a1_p06,pku_round0_00198,"0.75,0.25",current,1.5,2.879347324371338,0.9628140330314636,0.5006933808326721,0.8191818594932556,5.894191741943359
f60_a1_p06,pku_round0_00198,"0.75,0.25",current,2.0,3.372072458267212,1.0043762922286987,0.41056668758392334,0.8506255149841309,7.070899486541748
f60_a1_p06,pku_round0_00198,"0.75,0.25",current,4.0,5.458881855010986,1.0674999952316284,0.2250397950410843,0.9204679131507874,11.834293365478516
f60_a1_p06,pku_round0_00198,"0.75,0.25",current,8.0,9.794309616088867,1.0927305221557617,0.0944683849811554,0.968434751033783,21.43501091003418
f60_a1_p06,pku_round0_00198,"0.75,0.25",current,16.0,18.572019577026367,1.0991542339324951,0.030456101521849632,0.988384485244751,40.68678283691406
f60_a1_p06,pku_round0_00198,"0.75,0.25",normalized,0.0,1.7959457635879517,-0.4505733251571655,1.5595791339874268,0.5908989310264587,2.5222997665405273
f60_a1_p06,pku_round0_00198,"0.75,0.25",normalized,0.001,1.7955011129379272,-0.4387282133102417,1.5595189332962036,0.5909018516540527,2.5218186378479004
f60_a1_p06,pku_round0_00198,"0.75,0.25",normalized,0.01,1.7919503450393677,-0.35698553919792175,1.5589603185653687,0.5909944772720337,2.5175585746765137
f60_a1_p06,pku_round0_00198,"0.75,0.25",normalized,0.05,1.7811156511306763,-0.2162511646747589,1.5589542388916016,0.5906962156295776,2.500030994415283
f60_a1_p06,pku_round0_00198,"0.75,0.25",normalized,0.1,1.7721126079559326,-0.15093418955802917,1.5625933408737183,0.5895479917526245,2.480987548828125
f60_a1_p06,pku_round0_00198,"0.75,0.25",normalized,0.25,1.7570947408676147,-0.06343630701303482,1.5780342817306519,0.5859737992286682,2.438372850418091
f60_a1_p06,pku_round0_00198,"0.75,0.25",normalized,0.5,1.7490514516830444,-0.010569766163825989,1.603642225265503,0.581125020980835,2.397583484649658
f60_a1_p06,pku_round0_00198,"0.75,0.25",normalized,0.75,1.749127745628357,0.008199714124202728,1.6263008117675781,0.5782186388969421,2.376692056655884
f60_a1_p06,pku_round0_00198,"0.75,0.25",normalized,1.0,1.7522164583206177,0.015354294329881668,1.6460721492767334,0.575839638710022,2.3657991886138916
f60_a1_p06,pku_round0_00198,"0.75,0.25",normalized,1.5,1.760956048965454,0.018223434686660767,1.6785295009613037,0.5724924802780151,2.3576762676239014
f60_a1_p06,pku_round0_00198,"0.75,0.25",normalized,2.0,1.769782543182373,0.016815822571516037,1.7037841081619263,0.5702109932899475,2.356966257095337
f60_a1_p06,pku_round0_00198,"0.75,0.25",normalized,4.0,1.7954974174499512,0.009499276988208294,1.764164924621582,0.5643750429153442,2.36685848236084
f60_a1_p06,pku_round0_00198,"0.75,0.25",normalized,8.0,1.8196343183517456,0.0037978715263307095,1.8113445043563843,0.5595570802688599,2.3816676139831543
f60_a1_p06,pku_round0_00198,"0.75,0.25",normalized,16.0,1.8369351625442505,0.0012280915398150682,1.8408076763153076,0.5563439130783081,2.3933401107788086
f60_a1_p06,pku_round0_00198,"0.75,0.25",normalized,guide_only,1.8595227003097534,,1.874354600906372,0.5522454977035522,2.4089980125427246
f60_a1_p07,pku_round0_00203,"0.75,0.25",current,0.0,1.8498454093933105,-0.11923220753669739,1.1772397756576538,0.681938111782074,2.444537878036499
f60_a1_p07,pku_round0_00203,"0.75,0.25",current,0.001,1.849731206893921,-0.1094730794429779,1.1752073764801025,0.6822821497917175,2.4463469982147217
f60_a1_p07,pku_round0_00203,"0.75,0.25",current,0.01,1.8490984439849854,-0.034862592816352844,1.1574944257736206,0.6852203607559204,2.462662935256958
f60_a1_p07,pku_round0_00203,"0.75,0.25",current,0.05,1.8519021272659302,0.1491697132587433,1.0886306762695312,0.696138322353363,2.535921573638916
f60_a1_p07,pku_round0_00203,"0.75,0.25",current,0.1,1.8625720739364624,0.26802298426628113,1.0172618627548218,0.7081425786018372,2.6291005611419678
f60_a1_p07,pku_round0_00203,"0.75,0.25",current,0.25,1.9194977283477783,0.4687628746032715,0.856065034866333,0.740013062953949,2.9179775714874268
f60_a1_p07,pku_round0_00203,"0.75,0.25",current,0.5,2.0598089694976807,0.6321642398834229,0.6847324967384338,0.7772294282913208,3.423585891723633
f60_a1_p07,pku_round0_00203,"0.75,0.25",current,0.75,2.2289819717407227,0.7131460905075073,0.5769837498664856,0.8028717041015625,3.9500396251678467
f60_a1_p07,pku_round0_00203,"0.75,0.25",current,1.0,2.4136667251586914,0.7606657147407532,0.5034602284431458,0.8219764828681946,4.4902191162109375
f60_a1_p07,pku_round0_00203,"0.75,0.25",current,1.5,2.8089261054992676,0.8143749833106995,0.40954551100730896,0.8499782681465149,5.595699787139893
f60_a1_p07,pku_round0_00203,"0.75,0.25",current,2.0,3.2243175506591797,0.8448754549026489,0.35044586658477783,0.8695804476737976,6.720602035522461
f60_a1_p07,pku_round0_00203,"0.75,0.25",current,4.0,4.981860637664795,0.9017608165740967,0.21674884855747223,0.9159179925918579,11.295480728149414
f60_a1_p07,pku_round0_00203,"0.75,0.25",current,8.0,8.650803565979004,0.9259884357452393,0.12112865597009659,0.9520547986030579,20.54071617126465
f60_a1_p07,pku_round0_00203,"0.75,0.25",current,16.0,16.10230255126953,0.9342405200004578,0.05869632959365845,0.9775019884109497,39.09465408325195
f60_a1_p07,pku_round0_00203,"0.75,0.25",normalized,0.0,1.8498454093933105,-0.7918378114700317,1.1772397756576538,0.681938111782074,2.444537878036499
f60_a1_p07,pku_round0_00203,"0.75,0.25",normalized,0.001,1.8490583896636963,-0.7826160788536072,1.1771605014801025,0.6819553375244141,2.4439029693603516
f60_a1_p07,pku_round0_00203,"0.75,0.25",normalized,0.01,1.8423453569412231,-0.7127195596694946,1.1767231225967407,0.6819890141487122,2.4382808208465576
f60_a1_p07,pku_round0_00203,"0.75,0.25",normalized,0.05,1.8176772594451904,-0.5454365611076355,1.178817868232727,0.6807242631912231,2.41516375541687
f60_a1_p07,pku_round0_00203,"0.75,0.25",normalized,0.1,1.793211579322815,-0.4422065019607544,1.1855279207229614,0.6787115335464478,2.3900914192199707
f60_a1_p07,pku_round0_00203,"0.75,0.25",normalized,0.25,1.7406489849090576,-0.27885207533836365,1.2102707624435425,0.6736578345298767,2.3343822956085205
f60_a1_p07,pku_round0_00203,"0.75,0.25",normalized,0.5,1.6888377666473389,-0.15297259390354156,1.249992847442627,0.665245532989502,2.282390832901001
f60_a1_p07,pku_round0_00203,"0.75,0.25",normalized,0.75,1.6588839292526245,-0.0931425392627716,1.2855193614959717,0.6585783362388611,2.2571654319763184
f60_a1_p07,pku_round0_00203,"0.75,0.25",normalized,1.0,1.6400595903396606,-0.06044834107160568,1.3166505098342896,0.6531133055686951,2.2451095581054688
f60_a1_p07,pku_round0_00203,"0.75,0.25",normalized,1.5,1.6189721822738647,-0.0287109836935997,1.3673185110092163,0.6446322798728943,2.2382798194885254
f60_a1_p07,pku_round0_00203,"0.75,0.25",normalized,2.0,1.6084588766098022,-0.015057582408189774,1.4060449600219727,0.6382373571395874,2.240200996398926
f60_a1_p07,pku_round0_00203,"0.75,0.25",normalized,4.0,1.596736192703247,-0.001504514366388321,1.4964241981506348,0.6235166788101196,2.259096145629883
f60_a1_p07,pku_round0_00203,"0.75,0.25",normalized,8.0,1.5967010259628296,0.00047624646686017513,1.5666694641113281,0.612819492816925,2.282301902770996
f60_a1_p07,pku_round0_00203,"0.75,0.25",normalized,16.0,1.6000096797943115,0.0003068929072469473,1.6115710735321045,0.6062269806861877,2.299685478210449
f60_a1_p07,pku_round0_00203,"0.75,0.25",normalized,guide_only,1.6070225238800049,,1.6648445129394531,0.5983338356018066,2.3223836421966553
f60_a1_p08,pku_round0_00209,"0.75,0.25",current,0.0,1.6389026641845703,0.14566920697689056,1.2395752668380737,0.6949679851531982,2.42624831199646
f60_a1_p08,pku_round0_00209,"0.75,0.25",current,0.001,1.6390515565872192,0.15211167931556702,1.2374491691589355,0.6953135132789612,2.428130865097046
f60_a1_p08,pku_round0_00209,"0.75,0.25",current,0.01,1.6406540870666504,0.20159125328063965,1.2189284563064575,0.6983177065849304,2.445114850997925
f60_a1_p08,pku_round0_00209,"0.75,0.25",current,0.05,1.6516774892807007,0.3350543677806854,1.1463799476623535,0.7102254629135132,2.521458148956299
f60_a1_p08,pku_round0_00209,"0.75,0.25",current,0.1,1.671124815940857,0.43615204095840454,1.0703144073486328,0.7232154011726379,2.6187491416931152
f60_a1_p08,pku_round0_00209,"0.75,0.25",current,0.25,1.7513442039489746,0.6140562295913696,0.8987715840339661,0.7549843788146973,2.921400785446167
f60_a1_p08,pku_round0_00209,"0.75,0.25",current,0.5,1.9261376857757568,0.7664389610290527,0.7134100198745728,0.7929123640060425,3.4530181884765625
f60_a1_p08,pku_round0_00209,"0.75,0.25",current,0.75,2.128878116607666,0.8481183648109436,0.5932731032371521,0.819503664970398,4.007011890411377
f60_a1_p08,pku_round0_00209,"0.75,0.25",current,1.0,2.347602605819702,0.8980015516281128,0.5093936324119568,0.8388454914093018,4.575012683868408
f60_a1_p08,pku_round0_00209,"0.75,0.25",current,1.5,2.8124120235443115,0.9548078775405884,0.4009239077568054,0.8655314445495605,5.735637664794922
f60_a1_p08,pku_round0_00209,"0.75,0.25",current,2.0,3.2983579635620117,0.9863996505737305,0.3331681489944458,0.8838198184967041,6.914772987365723
f60_a1_p08,pku_round0_00209,"0.75,0.25",current,4.0,5.333981513977051,1.037400245666504,0.19794286787509918,0.9243048429489136,11.701250076293945
f60_a1_p08,pku_round0_00209,"0.75,0.25",current,8.0,9.536736488342285,1.0581927299499512,0.10793761909008026,0.9545581340789795,21.361331939697266
f60_a1_p08,pku_round0_00209,"0.75,0.25",current,16.0,18.039165496826172,1.0652223825454712,0.05421183630824089,0.976955771446228,40.73854446411133
f60_a1_p08,pku_round0_00209,"0.75,0.25",normalized,0.0,1.6389026641845703,-0.2536582350730896,1.2395752668380737,0.6949679851531982,2.42624831199646
f60_a1_p08,pku_round0_00209,"0.75,0.25",normalized,0.001,1.6386516094207764,-0.24892903864383698,1.2394834756851196,0.6949936151504517,2.4257049560546875
f60_a1_p08,pku_round0_00209,"0.75,0.25",normalized,0.01,1.6365770101547241,-0.21416032314300537,1.2389414310455322,0.6951512098312378,2.420905590057373
f60_a1_p08,pku_round0_00209,"0.75,0.25",normalized,0.05,1.6298213005065918,-0.13591808080673218,1.2401552200317383,0.6949890851974487,2.4013891220092773
f60_a1_p08,pku_round0_00209,"0.75,0.25",normalized,0.1,1.624281406402588,-0.0902901291847229,1.2450799942016602,0.6939926147460938,2.380681037902832
f60_a1_p08,pku_round0_00209,"0.75,0.25",normalized,0.25,1.616020917892456,-0.030095279216766357,1.2659374475479126,0.689612627029419,2.337120771408081
f60_a1_p08,pku_round0_00209,"0.75,0.25",normalized,0.5,1.6136717796325684,0.004717990756034851,1.3015635013580322,0.6820446252822876,2.3020119667053223
f60_a1_p08,pku_round0_00209,"0.75,0.25",normalized,0.75,1.6165614128112793,0.01638772338628769,1.332521915435791,0.6755479574203491,2.2897210121154785
f60_a1_p08,pku_round0_00209,"0.75,0.25",normalized,1.0,1.6212356090545654,0.0202350951731205,1.3588626384735107,0.6700319051742554,2.287506341934204
f60_a1_p08,pku_round0_00209,"0.75,0.25",normalized,1.5,1.6316120624542236,0.02039012312889099,1.4007773399353027,0.6616014838218689,2.294254779815674
f60_a1_p08,pku_round0_00209,"0.75,0.25",normalized,2.0,1.641236424446106,0.017983071506023407,1.432409644126892,0.6556448936462402,2.3049240112304688
f60_a1_p08,pku_round0_00209,"0.75,0.25",normalized,4.0,1.6680212020874023,0.009727693162858486,1.5057671070098877,0.6426200866699219,2.340250253677368
f60_a1_p08,pku_round0_00209,"0.75,0.25",normalized,8.0,1.6925268173217773,0.003828920191153884,1.5623009204864502,0.6330835223197937,2.373480796813965
f60_a1_p08,pku_round0_00209,"0.75,0.25",normalized,16.0,1.7099030017852783,0.001229128916747868,1.5979790687561035,0.6274418234825134,2.3963847160339355
f60_a1_p08,pku_round0_00209,"0.75,0.25",normalized,guide_only,1.7324252128601074,,1.6397027969360352,0.6206555366516113,2.424947738647461
f60_a1_p09,pku_round0_00217,"0.75,0.25",current,0.0,1.1761835813522339,-0.2235761135816574,0.9255562424659729,0.7407091856002808,2.3869950771331787
f60_a1_p09,pku_round0_00217,"0.75,0.25",current,0.001,1.175964593887329,-0.21465139091014862,0.9237118363380432,0.7410234808921814,2.3888347148895264
f60_a1_p09,pku_round0_00217,"0.75,0.25",current,0.01,1.17434561252594,-0.14928331971168518,0.908098578453064,0.7436401844024658,2.4054219722747803
f60_a1_p09,pku_round0_00217,"0.75,0.25",current,0.05,1.171653389930725,-0.00988692045211792,0.8536714911460876,0.7525417804718018,2.479806661605835
f60_a1_p09,pku_round0_00217,"0.75,0.25",current,0.1,1.173232078552246,0.06503872573375702,0.8042985796928406,0.7607542276382446,2.574209451675415
f60_a1_p09,pku_round0_00217,"0.75,0.25",current,0.25,1.1920667886734009,0.1721157431602478,0.705359935760498,0.7802119851112366,2.8655202388763428
f60_a1_p09,pku_round0_00217,"0.75,0.25",current,0.5,1.247805118560791,0.26528334617614746,0.6018142104148865,0.8049371838569641,3.3713924884796143
f60_a1_p09,pku_round0_00217,"0.75,0.25",current,0.75,1.3221821784973145,0.3264976441860199,0.5288823843002319,0.8237200975418091,3.8944103717803955
f60_a1_p09,pku_round0_00217,"0.75,0.25",current,1.0,1.4098310470581055,0.3727242350578308,0.47070974111557007,0.8399099111557007,4.428631782531738
f60_a1_p09,pku_round0_00217,"0.75,0.25",current,1.5,1.6134357452392578,0.43617215752601624,0.38070178031921387,0.8665262460708618,5.5177412033081055
f60_a1_p09,pku_round0_00217,"0.75,0.25",current,2.0,1.8416320085525513,0.47331443428993225,0.31607934832572937,0.8837600946426392,6.623081684112549
f60_a1_p09,pku_round0_00217,"0.75,0.25",current,4.0,2.853961229324341,0.5250560641288757,0.185415580868721,0.926155149936676,11.108989715576172
f60_a1_p09,pku_round0_00217,"0.75,0.25",current,8.0,5.002130508422852,0.5438396334648132,0.09996448457241058,0.9590251445770264,20.164817810058594
f60_a1_p09,pku_round0_00217,"0.75,0.25",current,16.0,9.386277198791504,0.5502051711082458,0.048240214586257935,0.9799810647964478,38.333595275878906
f60_a1_p09,pku_round0_00217,"0.75,0.25",normalized,0.0,1.1761835813522339,-0.4742034673690796,0.9255562424659729,0.7407091856002808,2.3869950771331787
f60_a1_p09,pku_round0_00217,"0.75,0.25",normalized,0.001,1.175713300704956,-0.4665431082248688,0.9251905083656311,0.7407491207122803,2.3864481449127197
f60_a1_p09,pku_round0_00217,"0.75,0.25",normalized,0.01,1.1717801094055176,-0.41111278533935547,0.9225319027900696,0.7409529685974121,2.381606101989746
f60_a1_p09,pku_round0_00217,"0.75,0.25",normalized,0.05,1.1580480337142944,-0.29610949754714966,0.9192555546760559,0.7400683164596558,2.361720561981201
f60_a1_p09,pku_round0_00217,"0.75,0.25",normalized,0.1,1.1449590921401978,-0.23366695642471313,0.923370897769928,0.7375187873840332,2.3401906490325928
f60_a1_p09,pku_round0_00217,"0.75,0.25",normalized,0.25,1.1177055835723877,-0.1419515609741211,0.9473415017127991,0.7299916744232178,2.2924163341522217
f60_a1_p09,pku_round0_00217,"0.75,0.25",normalized,0.5,1.0920904874801636,-0.07241470366716385,0.9876489639282227,0.7199757099151611,2.2475948333740234
f60_a1_p09,pku_round0_00217,"0.75,0.25",normalized,0.75,1.0785835981369019,-0.039297521114349365,1.021084189414978,0.7122294306755066,2.225377321243286
f60_a1_p09,pku_round0_00217,"0.75,0.25",normalized,1.0,1.071182370185852,-0.02163635939359665,1.0486737489700317,0.7064232230186462,2.214315891265869
f60_a1_p09,pku_round0_00217,"0.75,0.25",normalized,1.5,1.0650495290756226,-0.005633911117911339,1.0915570259094238,0.6984148621559143,2.2070963382720947
f60_a1_p09,pku_round0_00217,"0.75,0.25",normalized,2.0,1.063938856124878,0.000268004834651947,1.1235119104385376,0.6924281120300293,2.2076938152313232
f60_a1_p09,pku_round0_00217,"0.75,0.25",normalized,4.0,1.069840669631958,0.0035608764737844467,1.1978391408920288,0.6804760694503784,2.2217979431152344
f60_a1_p09,pku_round0_00217,"0.75,0.25",normalized,8.0,1.080749273300171,0.001953618600964546,1.2566630840301514,0.6716113090515137,2.2405354976654053
f60_a1_p09,pku_round0_00217,"0.75,0.25",normalized,16.0,1.090213418006897,0.0007076188921928406,1.2949931621551514,0.6659500598907471,2.2549173831939697
f60_a1_p09,pku_round0_00217,"0.75,0.25",normalized,guide_only,1.1039172410964966,,1.3412173986434937,0.6590418219566345,2.273965835571289
f60_a1_p10,pku_round0_00233,"0.75,0.25",current,0.0,1.3107327222824097,0.11084725707769394,0.8566526770591736,0.7718589901924133,2.495471954345703
f60_a1_p10,pku_round0_00233,"0.75,0.25",current,0.001,1.3108464479446411,0.11628511548042297,0.8550268411636353,0.7721428871154785,2.497358798980713
f60_a1_p10,pku_round0_00233,"0.75,0.25",current,0.01,1.3120893239974976,0.15778274834156036,0.8409218788146973,0.7745965719223022,2.514369249343872
f60_a1_p10,pku_round0_00233,"0.75,0.25",current,0.05,1.3207473754882812,0.26107490062713623,0.7873042821884155,0.7841607332229614,2.5906338691711426
f60_a1_p10,pku_round0_00233,"0.75,0.25",current,0.1,1.3356574773788452,0.32994508743286133,0.7338055968284607,0.7943003177642822,2.6873903274536133
f60_a1_p10,pku_round0_00233,"0.75,0.25",current,0.25,1.3948668241500854,0.44682133197784424,0.6186211705207825,0.8188164234161377,2.9858312606811523
f60_a1_p10,pku_round0_00233,"0.75,0.25",current,0.5,1.5209345817565918,0.5509071350097656,0.4973195493221283,0.847732663154602,3.5040173530578613
f60_a1_p10,pku_round0_00233,"0.75,0.25",current,0.75,1.666908621788025,0.6124433875083923,0.4177481532096863,0.8672149181365967,4.0399980545043945
f60_a1_p10,pku_round0_00233,"0.75,0.25",current,1.0,1.825543999671936,0.6542015075683594,0.35998496413230896,0.881392776966095,4.58776330947876
f60_a1_p10,pku_round0_00233,"0.75,0.25",current,1.5,2.1666669845581055,0.7043062448501587,0.28012946248054504,0.9044045805931091,5.705202102661133
f60_a1_p10,pku_round0_00233,"0.75,0.25",current,2.0,2.525562047958374,0.7284841537475586,0.23056373000144958,0.9178327918052673,6.839902400970459
f60_a1_p10,pku_round0_00233,"0.75,0.25",current,4.0,4.022683143615723,0.7617637515068054,0.15038834512233734,0.9410845637321472,11.447324752807617
f60_a1_p10,pku_round0_00233,"0.75,0.25",current,8.0,7.139291763305664,0.7900875210762024,0.09060166031122208,0.962744414806366,20.751270294189453
f60_a1_p10,pku_round0_00233,"0.75,0.25",current,16.0,13.488557815551758,0.7954409122467041,0.04985437169671059,0.9771447777748108,39.41958236694336
f60_a1_p10,pku_round0_00233,"0.75,0.25",normalized,0.0,1.3107327222824097,-0.3432329297065735,0.8566526770591736,0.7718589901924133,2.495471954345703
f60_a1_p10,pku_round0_00233,"0.75,0.25",normalized,0.001,1.3103917837142944,-0.3388223946094513,0.8565675020217896,0.7718709111213684,2.494863510131836
f60_a1_p10,pku_round0_00233,"0.75,0.25",normalized,0.01,1.3074983358383179,-0.3060142993927002,0.8560381531715393,0.7719129920005798,2.489474296569824
f60_a1_p10,pku_round0_00233,"0.75,0.25",normalized,0.05,1.2969835996627808,-0.23147396743297577,0.8572304248809814,0.7714246511459351,2.4672703742980957
f60_a1_p10,pku_round0_00233,"0.75,0.25",normalized,0.1,1.2866336107254028,-0.18641804158687592,0.8624906539916992,0.7701861262321472,2.443081855773926
f60_a1_p10,pku_round0_00233,"0.75,0.25",normalized,0.25,1.2647570371627808,-0.1138891726732254,0.8837681412696838,0.7660297155380249,2.388664960861206
f60_a1_p10,pku_round0_00233,"0.75,0.25",normalized,0.5,1.2444690465927124,-0.05614817142486572,0.9175289869308472,0.7595337629318237,2.3360116481781006
f60_a1_p10,pku_round0_00233,"0.75,0.25",normalized,0.75,1.2342292070388794,-0.02889363467693329,0.9447575211524963,0.753908634185791,2.308570384979248
f60_a1_p10,pku_round0_00233,"0.75,0.25",normalized,1.0,1.228951096534729,-0.01478305459022522,0.9666043519973755,0.7493981122970581,2.29388165473938
f60_a1_p10,pku_round0_00233,"0.75,0.25",normalized,1.5,1.2251828908920288,-0.002489537000656128,0.9996525049209595,0.7435014843940735,2.282081127166748
f60_a1_p10,pku_round0_00233,"0.75,0.25",normalized,2.0,1.2251999378204346,0.0018514394760131836,1.0237727165222168,0.7388281226158142,2.2799673080444336
f60_a1_p10,pku_round0_00233,"0.75,0.25",normalized,4.0,1.2324296236038208,0.0038196034729480743,1.077954649925232,0.7276532053947449,2.2894647121429443
f60_a1_p10,pku_round0_00233,"0.75,0.25",normalized,8.0,1.2436965703964233,0.001963520422577858,1.1179596185684204,0.7205954790115356,2.305696725845337
f60_a1_p10,pku_round0_00233,"0.75,0.25",normalized,16.0,1.253035306930542,0.0006860140711069107,1.1427485942840576,0.7171710729598999,2.3187990188598633
f60_a1_p10,pku_round0_00233,"0.75,0.25",normalized,guide_only,1.2660130262374878,,1.1717371940612793,0.7128366827964783,2.3365674018859863
f60_a1_p11,pku_round0_00250,"0.75,0.25",current,0.0,1.2270382642745972,0.9995126128196716,0.8880351781845093,0.7854651212692261,2.401293992996216
f60_a1_p11,pku_round0_00250,"0.75,0.25",current,0.001,1.2280477285385132,1.0192747116088867,0.8866933584213257,0.7857947945594788,2.402866840362549
f60_a1_p11,pku_round0_00250,"0.75,0.25",current,0.01,1.2378989458084106,1.1594921350479126,0.8749452233314514,0.7884396314620972,2.4170687198638916
f60_a1_p11,pku_round0_00250,"0.75,0.25",current,0.05,1.2902458906173706,1.3984076976776123,0.8315366506576538,0.7963958382606506,2.481123447418213
f60_a1_p11,pku_round0_00250,"0.75,0.25",current,0.1,1.3627617359161377,1.4908339977264404,0.7917454838752747,0.8030656576156616,2.5632336139678955
f60_a1_p11,pku_round0_00250,"0.75,0.25",current,0.25,1.5976791381835938,1.6263630390167236,0.7083733081817627,0.8170261979103088,2.8216114044189453
f60_a1_p11,pku_round0_00250,"0.75,0.25",current,0.5,2.0212087631225586,1.7505052089691162,0.6172658801078796,0.8333153128623962,3.28407621383667
f60_a1_p11,pku_round0_00250,"0.75,0.25",current,0.75,2.470140218734741,1.8382596969604492,0.5577770471572876,0.8410549759864807,3.7745211124420166
f60_a1_p11,pku_round0_00250,"0.75,0.25",current,1.0,2.938894510269165,1.9079995155334473,0.507173478603363,0.8468465209007263,4.283444404602051
f60_a1_p11,pku_round0_00250,"0.75,0.25",current,1.5,3.91503643989563,1.9862990379333496,0.42249828577041626,0.8627029061317444,5.33493709564209
f60_a1_p11,pku_round0_00250,"0.75,0.25",current,2.0,4.919688701629639,2.0293593406677246,0.36064696311950684,0.8769858479499817,6.412369251251221
f60_a1_p11,pku_round0_00250,"0.75,0.25",current,4.0,9.069845199584961,2.1028504371643066,0.2111683189868927,0.9186566472053528,10.822854042053223
f60_a1_p11,pku_round0_00250,"0.75,0.25",current,8.0,17.548477172851562,2.128437042236328,0.11460139602422714,0.9539722800254822,19.772232055664062
f60_a1_p11,pku_round0_00250,"0.75,0.25",current,16.0,34.61289596557617,2.135629415512085,0.07241515070199966,0.963227391242981,37.75650405883789
f60_a1_p11,pku_round0_00250,"0.75,0.25",normalized,0.0,1.2270382642745972,0.6605094075202942,0.8880351781845093,0.7854651212692261,2.401293992996216
f60_a1_p11,pku_round0_00250,"0.75,0.25",normalized,0.001,1.2277075052261353,0.6777207255363464,0.8881726264953613,0.7855230569839478,2.4004664421081543
f60_a1_p11,pku_round0_00250,"0.75,0.25",normalized,0.01,1.234376311302185,0.7937232255935669,0.8894374966621399,0.7857609987258911,2.3931376934051514
f60_a1_p11,pku_round0_00250,"0.75,0.25",normalized,0.05,1.2699815034866333,0.9305232763290405,0.8987226486206055,0.7837790846824646,2.3629748821258545
f60_a1_p11,pku_round0_00250,"0.75,0.25",normalized,0.1,1.3163905143737793,0.9173049926757812,0.9163950681686401,0.7793297171592712,2.330212354660034
f60_a1_p11,pku_round0_00250,"0.75,0.25",normalized,0.25,1.4453788995742798,0.7999303936958313,0.9756282567977905,0.7648085355758667,2.257289409637451
f60_a1_p11,pku_round0_00250,"0.75,0.25",normalized,0.5,1.622752070426941,0.6271893978118896,1.0631052255630493,0.7435277104377747,2.1893844604492188
f60_a1_p11,pku_round0_00250,"0.75,0.25",normalized,0.75,1.7625837326049805,0.4977704584598541,1.1300567388534546,0.726068913936615,2.156869411468506
f60_a1_p11,pku_round0_00250,"0.75,0.25",normalized,1.0,1.8743952512741089,0.40149936079978943,1.1832109689712524,0.7124983668327332,2.1417222023010254
f60_a1_p11,pku_round0_00250,"0.75,0.25",normalized,1.5,2.0407073497772217,0.27541571855545044,1.267025351524353,0.6938862204551697,2.13397479057312
f60_a1_p11,pku_round0_00250,"0.75,0.25",normalized,2.0,2.158205986022949,0.20055577158927917,1.3322914838790894,0.6803509593009949,2.1374564170837402
f60_a1_p11,pku_round0_00250,"0.75,0.25",normalized,4.0,2.41176438331604,0.08033972978591919,1.494675874710083,0.6487333178520203,2.1645708084106445
f60_a1_p11,pku_round0_00250,"0.75,0.25",normalized,8.0,2.5979013442993164,0.026995301246643066,1.6325900554656982,0.6243259310722351,2.1969149112701416
f60_a1_p11,pku_round0_00250,"0.75,0.25",normalized,16.0,2.7154653072357178,0.00800410658121109,1.7262219190597534,0.6076160073280334,2.220970869064331
f60_a1_p11,pku_round0_00250,"0.75,0.25",normalized,guide_only,2.856275796890259,,1.842479944229126,0.5877490043640137,2.2522566318511963
f60_a2_p00,pku_round0_00058,"0.50,0.50",current,0.0,1.5965498685836792,-0.11806154996156693,1.3259984254837036,0.6929842829704285,2.39994478225708
f60_a2_p00,pku_round0_00058,"0.50,0.50",current,0.001,1.596435546875,-0.11061739921569824,1.3233646154403687,0.6933701038360596,2.401878833770752
f60_a2_p00,pku_round0_00058,"0.50,0.50",current,0.01,1.5957220792770386,-0.049772243946790695,1.3001370429992676,0.6971248388290405,2.419316053390503
f60_a2_p00,pku_round0_00058,"0.50,0.50",current,0.05,1.5977756977081299,0.13442036509513855,1.2055935859680176,0.7121555805206299,2.4974515438079834
f60_a2_p00,pku_round0_00058,"0.50,0.50",current,0.1,1.6081631183624268,0.27074337005615234,1.1046702861785889,0.7283302545547485,2.5965046882629395
f60_a2_p00,pku_round0_00058,"0.50,0.50",current,0.25,1.6679043769836426,0.49958693981170654,0.8821156024932861,0.7666001319885254,2.9016947746276855
f60_a2_p00,pku_round0_00058,"0.50,0.50",current,0.5,1.819043517112732,0.6851117014884949,0.656226634979248,0.8086187243461609,3.430715322494507
f60_a2_p00,pku_round0_00058,"0.50,0.50",current,0.75,2.0027902126312256,0.7752066850662231,0.5230099558830261,0.8351627588272095,3.976499080657959
f60_a2_p00,pku_round0_00058,"0.50,0.50",current,1.0,2.203366994857788,0.8249730467796326,0.4385676383972168,0.8534209728240967,4.532705783843994
f60_a2_p00,pku_round0_00058,"0.50,0.50",current,1.5,2.630227565765381,0.8756426572799683,0.3408132493495941,0.8781334757804871,5.663341045379639
f60_a2_p00,pku_round0_00058,"0.50,0.50",current,2.0,3.075009822845459,0.9011589884757996,0.2855188250541687,0.894659698009491,6.807670593261719
f60_a2_p00,pku_round0_00058,"0.50,0.50",current,4.0,4.9279465675354,0.942858874797821,0.1739102452993393,0.9341330528259277,11.437196731567383
f60_a2_p00,pku_round0_00058,"0.50,0.50",current,8.0,8.742521286010742,0.9593973159790039,0.09088538587093353,0.9641788601875305,20.762405395507812
f60_a2_p00,pku_round0_00058,"0.50,0.50",current,16.0,16.44479751586914,0.9646505117416382,0.04504820331931114,0.9820683598518372,39.45711135864258
f60_a2_p00,pku_round0_00058,"0.50,0.50",normalized,0.0,1.5965498685836792,-0.3886130452156067,1.3259984254837036,0.6929842829704285,2.39994478225708
f60_a2_p00,pku_round0_00058,"0.50,0.50",normalized,0.001,1.5961641073226929,-0.3830844759941101,1.32594633102417,0.6930105686187744,2.399479627609253
f60_a2_p00,pku_round0_00058,"0.50,0.50",normalized,0.01,1.592920184135437,-0.3395613133907318,1.3254625797271729,0.6935676336288452,2.395362377166748
f60_a2_p00,pku_round0_00058,"0.50,0.50",normalized,0.05,1.5818560123443604,-0.23039592802524567,1.3229151964187622,0.6951486468315125,2.3785250186920166
f60_a2_p00,pku_round0_00058,"0.50,0.50",normalized,0.1,1.5719696283340454,-0.17212185263633728,1.3205729722976685,0.6960836052894592,2.3604588508605957
f60_a2_p00,pku_round0_00058,"0.50,0.50",normalized,0.25,1.552571415901184,-0.09802258014678955,1.3213372230529785,0.696838915348053,2.3213558197021484
f60_a2_p00,pku_round0_00058,"0.50,0.50",normalized,0.5,1.535309076309204,-0.047762297093868256,1.3311971426010132,0.6959828734397888,2.2871434688568115
f60_a2_p00,pku_round0_00058,"0.50,0.50",normalized,0.75,1.5264452695846558,-0.025801658630371094,1.3427934646606445,0.6947043538093567,2.272285223007202
f60_a2_p00,pku_round0_00058,"0.50,0.50",normalized,1.0,1.521532416343689,-0.014654278755187988,1.3537765741348267,0.6933808326721191,2.266352891921997
f60_a2_p00,pku_round0_00058,"0.50,0.50",normalized,1.5,1.5170814990997314,-0.004862397909164429,1.372370958328247,0.6909400224685669,2.265336513519287
f60_a2_p00,pku_round0_00058,"0.50,0.50",normalized,2.0,1.5156885385513306,-0.0012594684958457947,1.3868772983551025,0.6888752579689026,2.269223690032959
f60_a2_p00,pku_round0_00058,"0.50,0.50",normalized,4.0,1.516803503036499,0.0011436417698860168,1.4212915897369385,0.6838409900665283,2.2874393463134766
f60_a2_p00,pku_round0_00058,"0.50,0.50",normalized,8.0,1.5206140279769897,0.000710558146238327,1.4487115144729614,0.6798190474510193,2.306934118270874
f60_a2_p00,pku_round0_00058,"0.50,0.50",normalized,16.0,1.5240986347198486,0.00026269187219440937,1.4667555093765259,0.6773236393928528,2.3210062980651855
f60_a2_p00,pku_round0_00058,"0.50,0.50",normalized,guide_only,1.529218077659607,,1.4889370203018188,0.6742688417434692,2.339048385620117
f60_a2_p01,pku_round0_00094,"0.50,0.50",current,0.0,1.7504594326019287,1.3228687047958374,1.1532456874847412,0.6726664304733276,2.472377300262451
f60_a2_p01,pku_round0_00094,"0.50,0.50",current,0.001,1.7517871856689453,1.3326314687728882,1.1512477397918701,0.6730132102966309,2.474215507507324
f60_a2_p01,pku_round0_00094,"0.50,0.50",current,0.01,1.7641148567199707,1.4017236232757568,1.1339390277862549,0.6759700775146484,2.490790367126465
f60_a2_p01,pku_round0_00094,"0.50,0.50",current,0.05,1.823387622833252,1.5370290279388428,1.0689647197723389,0.6871274709701538,2.5651233196258545
f60_a2_p01,pku_round0_00094,"0.50,0.50",current,0.1,1.90240478515625,1.6177594661712646,1.0040559768676758,0.699243426322937,2.6594769954681396
f60_a2_p01,pku_round0_00094,"0.50,0.50",current,0.25,2.1571812629699707,1.7657513618469238,0.8602946996688843,0.7291613817214966,2.9508185386657715
f60_a2_p01,pku_round0_00094,"0.50,0.50",current,0.5,2.6181068420410156,1.9079475402832031,0.7039049863815308,0.7641157507896423,3.457584857940674
f60_a2_p01,pku_round0_00094,"0.50,0.50",current,0.75,3.106581687927246,1.993592619895935,0.5993382930755615,0.7894185781478882,3.982590436935425
f60_a2_p01,pku_round0_00094,"0.50,0.50",current,1.0,3.6125922203063965,2.0510129928588867,0.5223202705383301,0.8112328052520752,4.519707679748535
f60_a2_p01,pku_round0_00094,"0.50,0.50",current,1.5,4.657536506652832,2.1213738918304443,0.4128876328468323,0.8459166288375854,5.6165452003479
f60_a2_p01,pku_round0_00094,"0.50,0.50",current,2.0,5.728718280792236,2.159646511077881,0.33835017681121826,0.8699933886528015,6.731289863586426
f60_a2_p01,pku_round0_00094,"0.50,0.50",current,4.0,10.112222671508789,2.209974765777588,0.19586005806922913,0.9214202165603638,11.262133598327637
f60_a2_p01,pku_round0_00094,"0.50,0.50",current,8.0,18.998958587646484,2.228248357772827,0.10553029924631119,0.9565565586090088,20.417949676513672
f60_a2_p01,pku_round0_00094,"0.50,0.50",current,16.0,36.854427337646484,2.2337350845336914,0.05390965938568115,0.9759836196899414,38.793792724609375
f60_a2_p01,pku_round0_00094,"0.50,0.50",normalized,0.0,1.7504594326019287,0.7256549596786499,1.1532456874847412,0.6726664304733276,2.472377300262451
f60_a2_p01,pku_round0_00094,"0.50,0.50",normalized,0.001,1.7511882781982422,0.7319143414497375,1.1531968116760254,0.6726887226104736,2.471743583679199
f60_a2_p01,pku_round0_00094,"0.50,0.50",normalized,0.01,1.757969617843628,0.7703207731246948,1.1531031131744385,0.6727617979049683,2.4661293029785156
f60_a2_p01,pku_round0_00094,"0.50,0.50",normalized,0.05,1.7895562648773193,0.7887055277824402,1.1582605838775635,0.6717890501022339,2.44297456741333
f60_a2_p01,pku_round0_00094,"0.50,0.50",normalized,0.1,1.8280633687973022,0.7491899132728577,1.1697406768798828,0.6699243187904358,2.417706251144409
f60_a2_p01,pku_round0_00094,"0.50,0.50",normalized,0.25,1.9306690692901611,0.6224110126495361,1.2078781127929688,0.6636563539505005,2.3606550693511963
f60_a2_p01,pku_round0_00094,"0.50,0.50",normalized,0.5,2.065373659133911,0.4658738970756531,1.2637125253677368,0.6534523963928223,2.305056571960449
f60_a2_p01,pku_round0_00094,"0.50,0.50",normalized,0.75,2.167839527130127,0.36046335101127625,1.3086845874786377,0.6457059383392334,2.275765895843506
f60_a2_p01,pku_round0_00094,"0.50,0.50",normalized,1.0,2.248232126235962,0.286843866109848,1.3455010652542114,0.6404299736022949,2.2598538398742676
f60_a2_p01,pku_round0_00094,"0.50,0.50",normalized,1.5,2.366147756576538,0.19388064742088318,1.4024853706359863,0.6331593990325928,2.2466177940368652
f60_a2_p01,pku_round0_00094,"0.50,0.50",normalized,2.0,2.448453187942505,0.13977164030075073,1.444809913635254,0.6279659271240234,2.243762969970703
f60_a2_p01,pku_round0_00094,"0.50,0.50",normalized,4.0,2.6229493618011475,0.05451588332653046,1.5426812171936035,0.6167433261871338,2.2524266242980957
f60_a2_p01,pku_round0_00094,"0.50,0.50",normalized,8.0,2.747732162475586,0.017865315079689026,1.619288444519043,0.6077555418014526,2.2686610221862793
f60_a2_p01,pku_round0_00094,"0.50,0.50",normalized,16.0,2.824857711791992,0.005204048007726669,1.6686317920684814,0.6017926931381226,2.2819881439208984
f60_a2_p01,pku_round0_00094,"0.50,0.50",normalized,guide_only,2.9154016971588135,,1.7273762226104736,0.5944223403930664,2.30020809173584
f60_a2_p02,pku_round0_00115,"0.50,0.50",current,0.0,1.8027161359786987,1.0629647970199585,1.5344427824020386,0.6483332514762878,2.3357198238372803
f60_a2_p02,pku_round0_00115,"0.50,0.50",current,0.001,1.8037872314453125,1.0789309740066528,1.5316871404647827,0.6487464904785156,2.3374414443969727
f60_a2_p02,pku_round0_00115,"0.50,0.50",current,0.01,1.8140678405761719,1.1992123126983643,1.5067747831344604,0.652363121509552,2.3529653549194336
f60_a2_p02,pku_round0_00115,"0.50,0.50",current,0.05,1.8684204816818237,1.4747543334960938,1.4011415243148804,0.6688393354415894,2.422604560852051
f60_a2_p02,pku_round0_00115,"0.50,0.50",current,0.1,1.9466912746429443,1.6417807340621948,1.2881032228469849,0.687406599521637,2.5110394954681396
f60_a2_p02,pku_round0_00115,"0.50,0.50",current,0.25,2.2156949043273926,1.9134557247161865,1.043164849281311,0.7319755554199219,2.784268617630005
f60_a2_p02,pku_round0_00115,"0.50,0.50",current,0.5,2.725612163543701,2.1385152339935303,0.7951531410217285,0.7847563624382019,3.259627103805542
f60_a2_p02,pku_round0_00115,"0.50,0.50",current,0.75,3.2764506340026855,2.2573659420013428,0.6396090984344482,0.8205294609069824,3.751844882965088
f60_a2_p02,pku_round0_00115,"0.50,0.50",current,1.0,3.8504834175109863,2.3294551372528076,0.532162070274353,0.8469352126121521,4.255115032196045
f60_a2_p02,pku_round0_00115,"0.50,0.50",current,1.5,5.03761625289917,2.409421443939209,0.3964942693710327,0.8803402185440063,5.282172679901123
f60_a2_p02,pku_round0_00115,"0.50,0.50",current,2.0,6.254022598266602,2.452770233154297,0.3153820037841797,0.9003915190696716,6.325491428375244
f60_a2_p02,pku_round0_00115,"0.50,0.50",current,4.0,11.246413230895996,2.51973557472229,0.1508544683456421,0.9434111714363098,10.564421653747559
f60_a2_p02,pku_round0_00115,"0.50,0.50",current,8.0,21.36319923400879,2.533888339996338,0.0846550464630127,0.9612111449241638,19.12917709350586
f60_a2_p02,pku_round0_00115,"0.50,0.50",current,16.0,41.65663146972656,2.5381624698638916,0.051939770579338074,0.97835373878479,36.31870651245117
f60_a2_p02,pku_round0_00115,"0.50,0.50",normalized,0.0,1.8027161359786987,0.7946914434432983,1.5344427824020386,0.6483332514762878,2.3357198238372803
f60_a2_p02,pku_round0_00115,"0.50,0.50",normalized,0.001,1.8035166263580322,0.8064402937889099,1.5345960855484009,0.6483460068702698,2.335106134414673
f60_a2_p02,pku_round0_00115,"0.50,0.50",normalized,0.01,1.811165690422058,0.886279821395874,1.5352392196655273,0.6484251618385315,2.3296687602996826
f60_a2_p02,pku_round0_00115,"0.50,0.50",normalized,0.05,1.8492356538772583,0.9758304357528687,1.5319716930389404,0.650204598903656,2.3072428703308105
f60_a2_p02,pku_round0_00115,"0.50,0.50",normalized,0.1,1.897373080253601,0.9417791962623596,1.5269967317581177,0.652211606502533,2.2827632427215576
f60_a2_p02,pku_round0_00115,"0.50,0.50",normalized,0.25,2.0263137817382812,0.7792529463768005,1.520849585533142,0.6558991074562073,2.2274153232574463
f60_a2_p02,pku_round0_00115,"0.50,0.50",normalized,0.5,2.1935577392578125,0.5730533599853516,1.522584080696106,0.6587226390838623,2.1730847358703613
f60_a2_p02,pku_round0_00115,"0.50,0.50",normalized,0.75,2.3186135292053223,0.4364016652107239,1.5286917686462402,0.6591868996620178,2.143911123275757
f60_a2_p02,pku_round0_00115,"0.50,0.50",normalized,1.0,2.4153120517730713,0.3427574634552002,1.5359151363372803,0.6590775847434998,2.1275575160980225
f60_a2_p02,pku_round0_00115,"0.50,0.50",normalized,1.5,2.5548384189605713,0.22714820504188538,1.550201416015625,0.657789945602417,2.1128690242767334
f60_a2_p02,pku_round0_00115,"0.50,0.50",normalized,2.0,2.6505911350250244,0.1614549458026886,1.562792181968689,0.6562203764915466,2.108497142791748
f60_a2_p02,pku_round0_00115,"0.50,0.50",normalized,4.0,2.8490447998046875,0.06100848317146301,1.5968691110610962,0.6514991521835327,2.112884521484375
f60_a2_p02,pku_round0_00115,"0.50,0.50",normalized,8.0,2.9870009422302246,0.019505783915519714,1.6274856328964233,0.6478551030158997,2.1254642009735107
f60_a2_p02,pku_round0_00115,"0.50,0.50",normalized,16.0,3.070540428161621,0.005591556429862976,1.6488912105560303,0.6460300087928772,2.136394500732422
f60_a2_p02,pku_round0_00115,"0.50,0.50",normalized,guide_only,3.166900157928467,,1.6761447191238403,0.6435139775276184,2.151735544204712
f60_a2_p03,pku_round0_00123,"0.50,0.50",current,0.0,1.7737606763839722,1.6675230264663696,1.1350104808807373,0.6996224522590637,2.3971807956695557
f60_a2_p03,pku_round0_00123,"0.50,0.50",current,0.001,1.7754324674606323,1.6760741472244263,1.1330571174621582,0.6999502182006836,2.3988635540008545
f60_a2_p03,pku_round0_00123,"0.50,0.50",current,0.01,1.7908154726028442,1.7383109331130981,1.1163898706436157,0.7027390599250793,2.414045810699463
f60_a2_p03,pku_round0_00123,"0.50,0.50",current,0.05,1.863448977470398,1.8707160949707031,1.0557067394256592,0.7132768034934998,2.482339382171631
f60_a2_p03,pku_round0_00123,"0.50,0.50",current,0.1,1.9591137170791626,1.9494800567626953,0.995966374874115,0.7242950797080994,2.5694708824157715
f60_a2_p03,pku_round0_00123,"0.50,0.50",current,0.25,2.262941360473633,2.088841199874878,0.8618736863136292,0.753167450428009,2.84104061126709
f60_a2_p03,pku_round0_00123,"0.50,0.50",current,0.5,2.804138422012329,2.229111671447754,0.7045561075210571,0.7946428656578064,3.319628953933716
f60_a2_p03,pku_round0_00123,"0.50,0.50",current,0.75,3.373422145843506,2.31915283203125,0.5896989703178406,0.8277305960655212,3.820418357849121
f60_a2_p03,pku_round0_00123,"0.50,0.50",current,1.0,3.9613678455352783,2.3807339668273926,0.5026648044586182,0.8530064225196838,4.33585262298584
f60_a2_p03,pku_round0_00123,"0.50,0.50",current,1.5,5.1726975440979,2.4569458961486816,0.38250023126602173,0.8877226114273071,5.393863677978516
f60_a2_p03,pku_round0_00123,"0.50,0.50",current,2.0,6.41312837600708,2.5012388229370117,0.3033946752548218,0.9144060015678406,6.473219871520996
f60_a2_p03,pku_round0_00123,"0.50,0.50",current,4.0,11.502080917358398,2.570535182952881,0.1370484083890915,0.9621696472167969,10.875314712524414
f60_a2_p03,pku_round0_00123,"0.50,0.50",current,8.0,21.83840560913086,2.5898780822753906,0.04204258322715759,0.984516978263855,19.78896713256836
f60_a2_p03,pku_round0_00123,"0.50,0.50",current,16.0,42.57404708862305,2.5929625034332275,0.014384451322257519,0.9948026537895203,37.68997573852539
f60_a2_p03,pku_round0_00123,"0.50,0.50",normalized,0.0,1.7737606763839722,1.0287728309631348,1.1350104808807373,0.6996224522590637,2.3971807956695557
f60_a2_p03,pku_round0_00123,"0.50,0.50",normalized,0.001,1.7747915983200073,1.0331565141677856,1.1348521709442139,0.6996234059333801,2.3964667320251465
f60_a2_p03,pku_round0_00123,"0.50,0.50",normalized,0.01,1.7842243909835815,1.0595738887786865,1.134010672569275,0.6995154023170471,2.3901443481445312
f60_a2_p03,pku_round0_00123,"0.50,0.50",normalized,0.05,1.8269108533859253,1.0573203563690186,1.137679934501648,0.6979560852050781,2.364132881164551
f60_a2_p03,pku_round0_00123,"0.50,0.50",normalized,0.1,1.8783293962478638,0.9969779253005981,1.1483969688415527,0.6951950788497925,2.3358821868896484
f60_a2_p03,pku_round0_00123,"0.50,0.50",normalized,0.25,2.0138306617736816,0.8161137104034424,1.1863008737564087,0.6883538961410522,2.2728323936462402
f60_a2_p03,pku_round0_00123,"0.50,0.50",normalized,0.5,2.1890385150909424,0.6015024185180664,1.2446664571762085,0.6814423203468323,2.213085651397705
f60_a2_p03,pku_round0_00123,"0.50,0.50",normalized,0.75,2.3207216262817383,0.461286723613739,1.294203519821167,0.675976574420929,2.183096170425415
f60_a2_p03,pku_round0_00123,"0.50,0.50",normalized,1.0,2.4233195781707764,0.3651641607284546,1.3366166353225708,0.6708534955978394,2.16792631149292
f60_a2_p03,pku_round0_00123,"0.50,0.50",normalized,1.5,2.573024272918701,0.24561578035354614,1.4056750535964966,0.6619423627853394,2.157545328140259
f60_a2_p03,pku_round0_00123,"0.50,0.50",normalized,2.0,2.677201271057129,0.17680633068084717,1.4596556425094604,0.6557302474975586,2.1577398777008057
f60_a2_p03,pku_round0_00123,"0.50,0.50",normalized,4.0,2.8980376720428467,0.06911194324493408,1.5934972763061523,0.6386346220970154,2.175062656402588
f60_a2_p03,pku_round0_00123,"0.50,0.50",normalized,8.0,3.0566911697387695,0.022798612713813782,1.7081012725830078,0.6230499744415283,2.1987740993499756
f60_a2_p03,pku_round0_00123,"0.50,0.50",normalized,16.0,3.155428647994995,0.0066862329840660095,1.7874715328216553,0.612346351146698,2.2170569896698
f60_a2_p03,pku_round0_00123,"0.50,0.50",normalized,guide_only,3.272379159927368,,1.88883376121521,0.5984054207801819,2.24129319190979
f60_a2_p04,pku_round0_00126,"0.50,0.50",current,0.0,1.8162339925765991,0.009945541620254517,1.55974543094635,0.6138819456100464,2.433950424194336
f60_a2_p04,pku_round0_00126,"0.50,0.50",current,0.001,1.816247582435608,0.017244726419448853,1.5571799278259277,0.6142789721488953,2.435987710952759
f60_a2_p04,pku_round0_00126,"0.50,0.50",current,0.01,1.8166742324829102,0.07532453536987305,1.5344079732894897,0.6177830696105957,2.4543488025665283
f60_a2_p04,pku_round0_00126,"0.50,0.50",current,0.05,1.8233717679977417,0.24256524443626404,1.4408798217773438,0.6326478123664856,2.5364882946014404
f60_a2_p04,pku_round0_00126,"0.50,0.50",current,0.1,1.8389277458190918,0.3714252710342407,1.3404642343521118,0.6494074463844299,2.640310764312744
f60_a2_p04,pku_round0_00126,"0.50,0.50",current,0.25,1.9140998125076294,0.6075857281684875,1.1147452592849731,0.6907695531845093,2.958284616470337
f60_a2_p04,pku_round0_00126,"0.50,0.50",current,0.5,2.0956454277038574,0.8216937184333801,0.8734883069992065,0.7429137825965881,3.504270553588867
f60_a2_p04,pku_round0_00126,"0.50,0.50",current,0.75,2.3174049854278564,0.9422823190689087,0.7157701849937439,0.7809600234031677,4.063277244567871
f60_a2_p04,pku_round0_00126,"0.50,0.50",current,1.0,2.563115119934082,1.0180082321166992,0.6035824418067932,0.8095530867576599,4.630466461181641
f60_a2_p04,pku_round0_00126,"0.50,0.50",current,1.5,3.0961413383483887,1.1038589477539062,0.45583033561706543,0.8481143712997437,5.779438018798828
f60_a2_p04,pku_round0_00126,"0.50,0.50",current,2.0,3.660325050354004,1.1486130952835083,0.36482349038124084,0.8751148581504822,6.939586162567139
f60_a2_p04,pku_round0_00126,"0.50,0.50",current,4.0,6.041184902191162,1.2177820205688477,0.19754458963871002,0.926409900188446,11.623664855957031
f60_a2_p04,pku_round0_00126,"0.50,0.50",current,8.0,10.986408233642578,1.244693636894226,0.08502044528722763,0.9680998921394348,21.047813415527344
f60_a2_p04,pku_round0_00126,"0.50,0.50",current,16.0,20.96940803527832,1.2493587732315063,0.03788113221526146,0.9842243194580078,39.93407440185547
f60_a2_p04,pku_round0_00126,"0.50,0.50",normalized,0.0,1.8162339925765991,-0.2465430498123169,1.55974543094635,0.6138819456100464,2.433950424194336
f60_a2_p04,pku_round0_00126,"0.50,0.50",normalized,0.001,1.8159898519515991,-0.24121412634849548,1.5598561763763428,0.6138555407524109,2.433554172515869
f60_a2_p04,pku_round0_00126,"0.50,0.50",normalized,0.01,1.8140088319778442,-0.2012920081615448,1.5606989860534668,0.6135998964309692,2.4300482273101807
f60_a2_p04,pku_round0_00126,"0.50,0.50",normalized,0.05,1.8080326318740845,-0.11295852065086365,1.5631729364395142,0.6127199530601501,2.415703058242798
f60_a2_p04,pku_round0_00126,"0.50,0.50",normalized,0.1,1.803650140762329,-0.06766380369663239,1.5662643909454346,0.6116443276405334,2.400282859802246
f60_a2_p04,pku_round0_00126,"0.50,0.50",normalized,0.25,1.7985178232192993,-0.010365352034568787,1.5777775049209595,0.6086741089820862,2.3666276931762695
f60_a2_p04,pku_round0_00126,"0.50,0.50",normalized,0.5,1.800812840461731,0.022010982036590576,1.5959513187408447,0.6061309576034546,2.3361806869506836
f60_a2_p04,pku_round0_00126,"0.50,0.50",normalized,0.75,1.807647466659546,0.030621632933616638,1.6105631589889526,0.6041797399520874,2.3218729496002197
f60_a2_p04,pku_round0_00126,"0.50,0.50",normalized,1.0,1.8155118227005005,0.03159224987030029,1.6223084926605225,0.6024742126464844,2.3152332305908203
f60_a2_p04,pku_round0_00126,"0.50,0.50",normalized,1.5,1.8304193019866943,0.027485795319080353,1.639934778213501,0.5996071100234985,2.3117752075195312
f60_a2_p04,pku_round0_00126,"0.50,0.50",normalized,2.0,1.8428856134414673,0.022472478449344635,1.6525368690490723,0.5980437994003296,2.3131954669952393
f60_a2_p04,pku_round0_00126,"0.50,0.50",normalized,4.0,1.8739891052246094,0.010592188686132431,1.6801981925964355,0.5945273041725159,2.324732780456543
f60_a2_p04,pku_round0_00126,"0.50,0.50",normalized,8.0,1.8994677066802979,0.0038136523216962814,1.700758934020996,0.5925800204277039,2.3386459350585938
f60_a2_p04,pku_round0_00126,"0.50,0.50",normalized,16.0,1.916330337524414,0.0011636819690465927,1.7136870622634888,0.5910094380378723,2.3490633964538574
f60_a2_p04,pku_round0_00126,"0.50,0.50",normalized,guide_only,1.9370704889297485,,1.72891366481781,0.5890364646911621,2.362694025039673
f60_a2_p05,pku_round0_00146,"0.50,0.50",current,0.0,2.0317835807800293,0.21691149473190308,1.4619114398956299,0.6381378173828125,2.424647808074951
f60_a2_p05,pku_round0_00146,"0.50,0.50",current,0.001,2.032008409500122,0.23284181952476501,1.4592493772506714,0.63858962059021,2.426492691040039
f60_a2_p05,pku_round0_00146,"0.50,0.50",current,0.01,2.034675121307373,0.353384792804718,1.435842514038086,0.6426132917404175,2.443131446838379
f60_a2_p05,pku_round0_00146,"0.50,0.50",current,0.05,2.0552961826324463,0.6333558559417725,1.3425346612930298,0.6584147810935974,2.517886161804199
f60_a2_p05,pku_round0_00146,"0.50,0.50",current,0.1,2.091519832611084,0.8011487126350403,1.244837760925293,0.6753545999526978,2.6130733489990234
f60_a2_p05,pku_round0_00146,"0.50,0.50",current,0.25,2.234212875366211,1.066202163696289,1.0292880535125732,0.7165240049362183,2.9087374210357666
f60_a2_p05,pku_round0_00146,"0.50,0.50",current,0.5,2.5290260314941406,1.2675625085830688,0.8066882491111755,0.7658596038818359,3.4272453784942627
f60_a2_p05,pku_round0_00146,"0.50,0.50",current,0.75,2.8607845306396484,1.3773181438446045,0.6616830825805664,0.8014582395553589,3.9673333168029785
f60_a2_p05,pku_round0_00146,"0.50,0.50",current,1.0,3.2143642902374268,1.4464690685272217,0.5588918924331665,0.8285032510757446,4.521211624145508
f60_a2_p05,pku_round0_00146,"0.50,0.50",current,1.5,3.95985746383667,1.5265604257583618,0.42397579550743103,0.866007387638092,5.6536688804626465
f60_a2_p05,pku_round0_00146,"0.50,0.50",current,2.0,4.735119819641113,1.570662498474121,0.3382708430290222,0.8900235891342163,6.804989814758301
f60_a2_p05,pku_round0_00146,"0.50,0.50",current,4.0,7.957219123840332,1.6343135833740234,0.17090797424316406,0.940692663192749,11.482851028442383
f60_a2_p05,pku_round0_00146,"0.50,0.50",current,8.0,14.546427726745605,1.653834581375122,0.07510697841644287,0.9727623462677002,20.930444717407227
f60_a2_p05,pku_round0_00146,"0.50,0.50",current,16.0,27.802120208740234,1.6584022045135498,0.031116463243961334,0.9872750043869019,39.88664627075195
f60_a2_p05,pku_round0_00146,"0.50,0.50",normalized,0.0,2.0317835807800293,-0.3529604971408844,1.4619114398956299,0.6381378173828125,2.424647808074951
f60_a2_p05,pku_round0_00146,"0.50,0.50",normalized,0.001,2.031437397003174,-0.33917728066444397,1.4617383480072021,0.6382098197937012,2.4240682125091553
f60_a2_p05,pku_round0_00146,"0.50,0.50",normalized,0.01,2.0288662910461426,-0.23857596516609192,1.4603073596954346,0.6388579607009888,2.4189419746398926
f60_a2_p05,pku_round0_00146,"0.50,0.50",normalized,0.05,2.0240397453308105,-0.045219242572784424,1.4567251205444336,0.6403945684432983,2.397986888885498
f60_a2_p05,pku_round0_00146,"0.50,0.50",normalized,0.1,2.023958921432495,0.0303308367729187,1.456593632698059,0.6408488750457764,2.375521183013916
f60_a2_p05,pku_round0_00146,"0.50,0.50",normalized,0.25,2.034968852996826,0.09865978360176086,1.4664552211761475,0.6400635838508606,2.3269896507263184
f60_a2_p05,pku_round0_00146,"0.50,0.50",normalized,0.5,2.062023162841797,0.1097269058227539,1.4959877729415894,0.6360805034637451,2.284830093383789
f60_a2_p05,pku_round0_00146,"0.50,0.50",normalized,0.75,2.0882506370544434,0.09910959005355835,1.52652907371521,0.6315566897392273,2.26704740524292
f60_a2_p05,pku_round0_00146,"0.50,0.50",normalized,1.0,2.111435890197754,0.08644941449165344,1.5535869598388672,0.6277248859405518,2.260605812072754
f60_a2_p05,pku_round0_00146,"0.50,0.50",normalized,1.5,2.149068832397461,0.0652085691690445,1.5973716974258423,0.6214544773101807,2.261467695236206
f60_a2_p05,pku_round0_00146,"0.50,0.50",normalized,2.0,2.1776914596557617,0.050176993012428284,1.6307361125946045,0.6165517568588257,2.2683300971984863
f60_a2_p05,pku_round0_00146,"0.50,0.50",normalized,4.0,2.244307279586792,0.022019900381565094,1.7091596126556396,0.6052517890930176,2.296570301055908
f60_a2_p05,pku_round0_00146,"0.50,0.50",normalized,8.0,2.296600103378296,0.007752183824777603,1.7710485458374023,0.5961025953292847,2.3256046772003174
f60_a2_p05,pku_round0_00146,"0.50,0.50",normalized,16.0,2.33074951171875,0.002349570393562317,1.8109664916992188,0.5901687145233154,2.346273422241211
f60_a2_p05,pku_round0_00146,"0.50,0.50",normalized,guide_only,2.3725228309631348,,1.8585054874420166,0.5828797817230225,2.3725428581237793
f60_a2_p06,pku_round0_00198,"0.50,0.50",current,0.0,1.7959457635879517,-0.1828131079673767,1.5595791339874268,0.5908989310264587,2.5222997665405273
f60_a2_p06,pku_round0_00198,"0.50,0.50",current,0.001,1.7957698106765747,-0.16922591626644135,1.5569725036621094,0.5913082957267761,2.5243194103240967
f60_a2_p06,pku_round0_00198,"0.50,0.50",current,0.01,1.7947189807891846,-0.07081956416368484,1.533958077430725,0.5949618220329285,2.5425243377685547
f60_a2_p06,pku_round0_00198,"0.50,0.50",current,0.05,1.796751618385315,0.13810454308986664,1.4429019689559937,0.6095424890518188,2.6239962577819824
f60_a2_p06,pku_round0_00198,"0.50,0.50",current,0.1,1.8072389364242554,0.2721325159072876,1.348400592803955,0.6252099871635437,2.7270402908325195
f60_a2_p06,pku_round0_00198,"0.50,0.50",current,0.25,1.868133783340454,0.5158582925796509,1.134878158569336,0.664359986782074,3.0430383682250977
f60_a2_p06,pku_round0_00198,"0.50,0.50",current,0.5,2.0273990631103516,0.733276903629303,0.9024112820625305,0.7127420902252197,3.5870609283447266
f60_a2_p06,pku_round0_00198,"0.50,0.50",current,0.75,2.2265326976776123,0.8488852381706238,0.7524743676185608,0.7498778700828552,4.145898342132568
f60_a2_p06,pku_round0_00198,"0.50,0.50",current,1.0,2.4480245113372803,0.9177371263504028,0.6481569409370422,0.7783298492431641,4.7145538330078125
f60_a2_p06,pku_round0_00198,"0.50,0.50",current,1.5,2.928366184234619,0.9946869611740112,0.5103327035903931,0.8195727467536926,5.870187282562256
f60_a2_p06,pku_round0_00198,"0.50,0.50",current,2.0,3.437030076980591,1.0362861156463623,0.4209483563899994,0.8473951816558838,7.04033088684082
f60_a2_p06,pku_round0_00198,"0.50,0.50",current,4.0,5.5869526863098145,1.0984162092208862,0.24350382387638092,0.9078115820884705,11.779044151306152
f60_a2_p06,pku_round0_00198,"0.50,0.50",current,8.0,10.043991088867188,1.123119592666626,0.12610460817813873,0.9523181915283203,21.332475662231445
f60_a2_p06,pku_round0_00198,"0.50,0.50",current,16.0,19.071321487426758,1.1312074661254883,0.05092039331793785,0.9844147562980652,40.49113082885742
f60_a2_p06,pku_round0_00198,"0.50,0.50",normalized,0.0,1.7959457635879517,-0.4191797971725464,1.5595791339874268,0.5908989310264587,2.5222997665405273
f60_a2_p06,pku_round0_00198,"0.50,0.50",normalized,0.001,1.795532464981079,-0.4074357748031616,1.5595210790634155,0.5909048318862915,2.5217974185943604
f60_a2_p06,pku_round0_00198,"0.50,0.50",normalized,0.01,1.7922604084014893,-0.3262099027633667,1.55901038646698,0.5909766554832458,2.517350912094116
f60_a2_p06,pku_round0_00198,"0.50,0.50",normalized,0.05,1.7826402187347412,-0.1863841712474823,1.559491515159607,0.5905646085739136,2.499044179916382
f60_a2_p06,pku_round0_00198,"0.50,0.50",normalized,0.1,1.7750880718231201,-0.12277829647064209,1.5638772249221802,0.5892543792724609,2.4791274070739746
f60_a2_p06,pku_round0_00198,"0.50,0.50",normalized,0.25,1.7639516592025757,-0.03962186723947525,1.5809478759765625,0.5854462385177612,2.4344308376312256
f60_a2_p06,pku_round0_00198,"0.50,0.50",normalized,0.5,1.7611360549926758,0.0076840221881866455,1.6075503826141357,0.5801962614059448,2.391374111175537
f60_a2_p06,pku_round0_00198,"0.50,0.50",normalized,0.75,1.7652276754379272,0.022280551493167877,1.6303220987319946,0.5772690773010254,2.369084596633911
f60_a2_p06,pku_round0_00198,"0.50,0.50",normalized,1.0,1.7714356184005737,0.026388980448246002,1.6498613357543945,0.5749650597572327,2.3572769165039062
f60_a2_p06,pku_round0_00198,"0.50,0.50",normalized,1.5,1.7846232652664185,0.025360770523548126,1.6814422607421875,0.5713313221931458,2.3480751514434814
f60_a2_p06,pku_round0_00198,"0.50,0.50",normalized,2.0,1.7964104413986206,0.02171396277844906,1.7056835889816284,0.5683746337890625,2.3467769622802734
f60_a2_p06,pku_round0_00198,"0.50,0.50",normalized,4.0,1.827783465385437,0.011099528521299362,1.763085961341858,0.5620869994163513,2.355808734893799
f60_a2_p06,pku_round0_00198,"0.50,0.50",normalized,8.0,1.8552470207214355,0.004223600961267948,1.8082695007324219,0.557529091835022,2.3702752590179443
f60_a2_p06,pku_round0_00198,"0.50,0.50",normalized,16.0,1.8742448091506958,0.0013330373913049698,1.8370705842971802,0.5546700954437256,2.381831407546997
f60_a2_p06,pku_round0_00198,"0.50,0.50",normalized,guide_only,1.898469090461731,,1.8707313537597656,0.5509858131408691,2.3974335193634033
f60_a2_p07,pku_round0_00203,"0.50,0.50",current,0.0,1.8498454093933105,-0.11668665707111359,1.1772397756576538,0.681938111782074,2.444537878036499
f60_a2_p07,pku_round0_00203,"0.50,0.50",current,0.001,1.8497340679168701,-0.10608766973018646,1.1751984357833862,0.682286262512207,2.4463255405426025
f60_a2_p07,pku_round0_00203,"0.50,0.50",current,0.01,1.8491593599319458,-0.02586115151643753,1.1574467420578003,0.6852479577064514,2.4624500274658203
f60_a2_p07,pku_round0_00203,"0.50,0.50",current,0.05,1.8524996042251587,0.16426458954811096,1.088906168937683,0.6964399814605713,2.534851551055908
f60_a2_p07,pku_round0_00203,"0.50,0.50",current,0.1,1.8639272451400757,0.2831808626651764,1.01792573928833,0.7087754607200623,2.6269564628601074
f60_a2_p07,pku_round0_00203,"0.50,0.50",current,0.25,1.923285961151123,0.4864247739315033,0.8550981879234314,0.7417247295379639,2.912590742111206
f60_a2_p07,pku_round0_00203,"0.50,0.50",current,0.5,2.0684738159179688,0.6529977321624756,0.6785598993301392,0.7807217240333557,3.412754535675049
f60_a2_p07,pku_round0_00203,"0.50,0.50",current,0.75,2.243049144744873,0.7353835105895996,0.5667793154716492,0.8083505630493164,3.93376088142395
f60_a2_p07,pku_round0_00203,"0.50,0.50",current,1.0,2.4333860874176025,0.7835298776626587,0.4903690218925476,0.828525722026825,4.468532562255859
f60_a2_p07,pku_round0_00203,"0.50,0.50",current,1.5,2.840060234069824,0.8369072675704956,0.39302173256874084,0.858446478843689,5.56336784362793
f60_a2_p07,pku_round0_00203,"0.50,0.50",current,2.0,3.266396999359131,0.8660027384757996,0.33239179849624634,0.8789142966270447,6.677840709686279
f60_a2_p07,pku_round0_00203,"0.50,0.50",current,4.0,5.058901786804199,0.9168869256973267,0.2039453238248825,0.9217281341552734,11.212258338928223
f60_a2_p07,pku_round0_00203,"0.50,0.50",current,8.0,8.781704902648926,0.9379858374595642,0.11251657456159592,0.9550516605377197,20.378671646118164
f60_a2_p07,pku_round0_00203,"0.50,0.50",current,16.0,16.32594871520996,0.9458112120628357,0.04754595458507538,0.9818775653839111,38.77663040161133
f60_a2_p07,pku_round0_00203,"0.50,0.50",normalized,0.0,1.8498454093933105,-0.7892922759056091,1.1772397756576538,0.681938111782074,2.444537878036499
f60_a2_p07,pku_round0_00203,"0.50,0.50",normalized,0.001,1.8490612506866455,-0.7792546153068542,1.1771515607833862,0.6819593906402588,2.4438819885253906
f60_a2_p07,pku_round0_00203,"0.50,0.50",normalized,0.01,1.8424052000045776,-0.7039219737052917,1.1766730546951294,0.6820176839828491,2.4380691051483154
f60_a2_p07,pku_round0_00203,"0.50,0.50",normalized,0.05,1.8182592391967773,-0.5307758450508118,1.1790924072265625,0.6810014843940735,2.414144277572632
f60_a2_p07,pku_round0_00203,"0.50,0.50",normalized,0.1,1.7945154905319214,-0.428232878446579,1.1864228248596191,0.6792090535163879,2.3881421089172363
f60_a2_p07,pku_round0_00203,"0.50,0.50",normalized,0.25,1.7437940835952759,-0.2682460844516754,1.212143063545227,0.6745744347572327,2.3300728797912598
f60_a2_p07,pku_round0_00203,"0.50,0.50",normalized,0.5,1.6940395832061768,-0.14676928520202637,1.252551794052124,0.666647732257843,2.275169610977173
f60_a2_p07,pku_round0_00203,"0.50,0.50",normalized,0.75,1.665292739868164,-0.08943745493888855,1.2887121438980103,0.660621702671051,2.247863531112671
f60_a2_p07,pku_round0_00203,"0.50,0.50",normalized,1.0,1.6472071409225464,-0.05811341106891632,1.3204885721206665,0.655357301235199,2.2342662811279297
f60_a2_p07,pku_round0_00203,"0.50,0.50",normalized,1.5,1.6269184350967407,-0.02764187753200531,1.37241530418396,0.6471537947654724,2.2253472805023193
f60_a2_p07,pku_round0_00203,"0.50,0.50",normalized,2.0,1.6167964935302734,-0.014494623988866806,1.4122982025146484,0.6406978964805603,2.2259469032287598
f60_a2_p07,pku_round0_00203,"0.50,0.50",normalized,4.0,1.6055563688278198,-0.0014139842242002487,1.5061187744140625,0.6249768733978271,2.2424521446228027
f60_a2_p07,pku_round0_00203,"0.50,0.50",normalized,8.0,1.6056528091430664,0.00048576691187918186,1.5799031257629395,0.6130825281143188,2.2642970085144043
f60_a2_p07,pku_round0_00203,"0.50,0.50",normalized,16.0,1.608984112739563,0.0003074065316468477,1.6275668144226074,0.6056628823280334,2.2809784412384033
f60_a2_p07,pku_round0_00203,"0.50,0.50",normalized,guide_only,1.615994930267334,,1.6847025156021118,0.5967496037483215,2.3029778003692627
f60_a2_p08,pku_round0_00209,"0.50,0.50",current,0.0,1.5677165985107422,0.20385394990444183,1.1329596042633057,0.7107412219047546,2.4278035163879395
f60_a2_p08,pku_round0_00209,"0.50,0.50",current,0.001,1.5679237842559814,0.21056070923805237,1.1310675144195557,0.7110660672187805,2.4296417236328125
f60_a2_p08,pku_round0_00209,"0.50,0.50",current,0.01,1.5700623989105225,0.26218560338020325,1.1145883798599243,0.7138855457305908,2.4462270736694336
f60_a2_p08,pku_round0_00209,"0.50,0.50",current,0.05,1.5835645198822021,0.3961257338523865,1.050221562385559,0.7249367237091064,2.520810127258301
f60_a2_p08,pku_round0_00209,"0.50,0.50",current,0.1,1.6058546304702759,0.4883781671524048,0.9832459688186646,0.7368745803833008,2.6159310340881348
f60_a2_p08,pku_round0_00209,"0.50,0.50",current,0.25,1.6921839714050293,0.6456738710403442,0.8323049545288086,0.7661111354827881,2.9122958183288574
f60_a2_p08,pku_round0_00209,"0.50,0.50",current,0.5,1.8726019859313965,0.7819381952285767,0.6673352718353271,0.8014249801635742,3.4342448711395264
f60_a2_p08,pku_round0_00209,"0.50,0.50",current,0.75,2.0781149864196777,0.8556248545646667,0.559145450592041,0.8258828520774841,3.9794979095458984
f60_a2_p08,pku_round0_00209,"0.50,0.50",current,1.0,2.2981083393096924,0.9010480642318726,0.48291367292404175,0.8435624837875366,4.53946590423584
f60_a2_p08,pku_round0_00209,"0.50,0.50",current,1.5,2.763192892074585,0.953532338142395,0.38347864151000977,0.8693193197250366,5.685436248779297
f60_a2_p08,pku_round0_00209,"0.50,0.50",current,2.0,3.247995138168335,0.9833500385284424,0.32103782892227173,0.8858228921890259,6.851079940795898
f60_a2_p08,pku_round0_00209,"0.50,0.50",current,4.0,5.276971340179443,1.0350368022918701,0.19393673539161682,0.9243909120559692,11.588419914245605
f60_a2_p08,pku_round0_00209,"0.50,0.50",current,8.0,9.476250648498535,1.0577279329299927,0.10142499208450317,0.9590660333633423,21.15667724609375
f60_a2_p08,pku_round0_00209,"0.50,0.50",current,16.0,17.973949432373047,1.064563512802124,0.05205743759870529,0.9776784181594849,40.35469055175781
f60_a2_p08,pku_round0_00209,"0.50,0.50",normalized,0.0,1.5677165985107422,-0.2309030443429947,1.1329596042633057,0.7107412219047546,2.4278035163879395
f60_a2_p08,pku_round0_00209,"0.50,0.50",normalized,0.001,1.567488193511963,-0.22569651901721954,1.132893443107605,0.7107653021812439,2.4272141456604004
f60_a2_p08,pku_round0_00209,"0.50,0.50",normalized,0.01,1.5656410455703735,-0.18705464899539948,1.1325527429580688,0.710906982421875,2.4220070838928223
f60_a2_p08,pku_round0_00209,"0.50,0.50",normalized,0.05,1.560148000717163,-0.10235677659511566,1.134446144104004,0.7105885744094849,2.4007716178894043
f60_a2_p08,pku_round0_00209,"0.50,0.50",normalized,0.1,1.556246280670166,-0.05889132618904114,1.1404104232788086,0.7093155384063721,2.3781192302703857
f60_a2_p08,pku_round0_00209,"0.50,0.50",normalized,0.25,1.5520715713500977,-0.00619623064994812,1.164563775062561,0.7041565179824829,2.329836845397949
f60_a2_p08,pku_round0_00209,"0.50,0.50",normalized,0.5,1.5548477172851562,0.022520042955875397,1.204753041267395,0.6955935955047607,2.289496421813965
f60_a2_p08,pku_round0_00209,"0.50,0.50",normalized,0.75,1.5617140531539917,0.030648134648799896,1.239587426185608,0.6880091428756714,2.273998737335205
f60_a2_p08,pku_round0_00209,"0.50,0.50",normalized,1.0,1.5696303844451904,0.03204483538866043,1.2692782878875732,0.6814972162246704,2.26973295211792
f60_a2_p08,pku_round0_00209,"0.50,0.50",normalized,1.5,1.5850322246551514,0.02895420230925083,1.31658935546875,0.6717774271965027,2.274174451828003
f60_a2_p08,pku_round0_00209,"0.50,0.50",normalized,2.0,1.5983896255493164,0.024492215365171432,1.352317452430725,0.6645251512527466,2.283693313598633
f60_a2_p08,pku_round0_00209,"0.50,0.50",normalized,4.0,1.6337687969207764,0.012560433708131313,1.4354772567749023,0.6489667892456055,2.3176839351654053
f60_a2_p08,pku_round0_00209,"0.50,0.50",normalized,8.0,1.6650032997131348,0.004827980883419514,1.500623106956482,0.6380361914634705,2.3507418632507324
f60_a2_p08,pku_round0_00209,"0.50,0.50",normalized,16.0,1.6867928504943848,0.0015339390374720097,1.5426849126815796,0.6310354471206665,2.373805522918701
f60_a2_p08,pku_round0_00209,"0.50,0.50",normalized,guide_only,1.714773416519165,,1.5931029319763184,0.6225839853286743,2.402771472930908
f60_a2_p09,pku_round0_00217,"0.50,0.50",current,0.0,1.1761835813522339,-0.2143208533525467,0.9255562424659729,0.7407091856002808,2.3869950771331787
f60_a2_p09,pku_round0_00217,"0.50,0.50",current,0.001,1.1759741306304932,-0.20496341586112976,0.9236897230148315,0.7410255074501038,2.388814926147461
f60_a2_p09,pku_round0_00217,"0.50,0.50",current,0.01,1.1744563579559326,-0.13667425513267517,0.9079316854476929,0.7436477541923523,2.405224084854126
f60_a2_p09,pku_round0_00217,"0.50,0.50",current,0.05,1.1723589897155762,0.005688659846782684,0.8534603714942932,0.75245201587677,2.4788200855255127
f60_a2_p09,pku_round0_00217,"0.50,0.50",current,0.1,1.174694538116455,0.07964611053466797,0.8042207956314087,0.7607464790344238,2.572246789932251
f60_a2_p09,pku_round0_00217,"0.50,0.50",current,0.25,1.1955406665802002,0.18450963497161865,0.7048749327659607,0.7801322937011719,2.8606772422790527
f60_a2_p09,pku_round0_00217,"0.50,0.50",current,0.5,1.2538957595825195,0.2735309600830078,0.6006919145584106,0.8028798699378967,3.361868143081665
f60_a2_p09,pku_round0_00217,"0.50,0.50",current,0.75,1.329672932624817,0.3293549120426178,0.5287818312644958,0.8203498721122742,3.880326271057129
f60_a2_p09,pku_round0_00217,"0.50,0.50",current,1.0,1.4173641204833984,0.3703402578830719,0.47313281893730164,0.8345100283622742,4.410092830657959
f60_a2_p09,pku_round0_00217,"0.50,0.50",current,1.5,1.6178733110427856,0.42714613676071167,0.3887205421924591,0.8591970205307007,5.490541934967041
f60_a2_p09,pku_round0_00217,"0.50,0.50",current,2.0,1.840933918952942,0.4623381793498993,0.32701823115348816,0.8786076903343201,6.587459564208984
f60_a2_p09,pku_round0_00217,"0.50,0.50",current,4.0,2.8333630561828613,0.5165141224861145,0.19233772158622742,0.9245731830596924,11.040823936462402
f60_a2_p09,pku_round0_00217,"0.50,0.50",current,8.0,4.9492597579956055,0.5356084108352661,0.10226131230592728,0.9586912393569946,20.0333194732666
f60_a2_p09,pku_round0_00217,"0.50,0.50",current,16.0,9.264185905456543,0.541301965713501,0.05052855238318443,0.9812990427017212,38.0767936706543
f60_a2_p09,pku_round0_00217,"0.50,0.50",normalized,0.0,1.1761835813522339,-0.4649481773376465,0.9255562424659729,0.7407091856002808,2.3869950771331787
f60_a2_p09,pku_round0_00217,"0.50,0.50",normalized,0.001,1.175722599029541,-0.45691782236099243,0.9251683950424194,0.7407511472702026,2.386428117752075
f60_a2_p09,pku_round0_00217,"0.50,0.50",normalized,0.01,1.1718883514404297,-0.3990113437175751,0.9223661422729492,0.7409616708755493,2.3814096450805664
f60_a2_p09,pku_round0_00217,"0.50,0.50",normalized,0.05,1.1587116718292236,-0.2818123996257782,0.919120728969574,0.7399889826774597,2.360781192779541
f60_a2_p09,pku_round0_00217,"0.50,0.50",normalized,0.1,1.1463003158569336,-0.2209918349981308,0.9237006306648254,0.7374765276908875,2.3384063243865967
f60_a2_p09,pku_round0_00217,"0.50,0.50",normalized,0.25,1.1206148862838745,-0.13330554962158203,0.949072003364563,0.729736328125,2.288541793823242
f60_a2_p09,pku_round0_00217,"0.50,0.50",normalized,0.5,1.096671462059021,-0.0672835111618042,0.991637647151947,0.7184946537017822,2.241245746612549
f60_a2_p09,pku_round0_00217,"0.50,0.50",normalized,0.75,1.0841915607452393,-0.036033544689416885,1.0272754430770874,0.7101259231567383,2.2173290252685547
f60_a2_p09,pku_round0_00217,"0.50,0.50",normalized,1.0,1.0774608850479126,-0.019443271681666374,1.0568815469741821,0.7035194039344788,2.2050464153289795
f60_a2_p09,pku_round0_00217,"0.50,0.50",normalized,1.5,1.0721198320388794,-0.0045019276440143585,1.1031051874160767,0.6945632696151733,2.1962170600891113
f60_a2_p09,pku_round0_00217,"0.50,0.50",normalized,2.0,1.0714448690414429,0.0009361226111650467,1.1375890970230103,0.6884887218475342,2.195819854736328
f60_a2_p09,pku_round0_00217,"0.50,0.50",normalized,4.0,1.0780190229415894,0.0037256143987178802,1.2175542116165161,0.6755473613739014,2.208165168762207
f60_a2_p09,pku_round0_00217,"0.50,0.50",normalized,8.0,1.089241623878479,0.0019900016486644745,1.280556559562683,0.6658017039299011,2.2259247303009033
f60_a2_p09,pku_round0_00217,"0.50,0.50",normalized,16.0,1.098841667175293,0.000715453177690506,1.321591854095459,0.6595046520233154,2.2398111820220947
f60_a2_p09,pku_round0_00217,"0.50,0.50",normalized,guide_only,1.1126575469970703,,1.3712289333343506,0.6516028642654419,2.258376121520996
f60_a2_p10,pku_round0_00233,"0.50,0.50",current,0.0,1.3107327222824097,0.14635469019412994,0.8566526770591736,0.7718589901924133,2.495471954345703
f60_a2_p10,pku_round0_00233,"0.50,0.50",current,0.001,1.3108820915222168,0.15203449130058289,0.8550397157669067,0.7721414566040039,2.4973349571228027
f60_a2_p10,pku_round0_00233,"0.50,0.50",current,0.01,1.312454104423523,0.19496668875217438,0.841065526008606,0.7745744585990906,2.514137029647827
f60_a2_p10,pku_round0_00233,"0.50,0.50",current,0.05,1.3226077556610107,0.2977212071418762,0.7881187796592712,0.7840518355369568,2.5894861221313477
f60_a2_p10,pku_round0_00233,"0.50,0.50",current,0.1,1.3392703533172607,0.36341050267219543,0.7353094220161438,0.7940789461135864,2.6851272583007812
f60_a2_p10,pku_round0_00233,"0.50,0.50",current,0.25,1.4029237031936646,0.47319602966308594,0.6210575699806213,0.8182636499404907,2.980410575866699
f60_a2_p10,pku_round0_00233,"0.50,0.50",current,0.5,1.5345735549926758,0.5695865154266357,0.49951669573783875,0.8468108773231506,3.493882179260254
f60_a2_p10,pku_round0_00233,"0.50,0.50",current,0.75,1.6843770742416382,0.6244229674339294,0.4195835292339325,0.8668982982635498,4.025679111480713
f60_a2_p10,pku_round0_00233,"0.50,0.50",current,1.0,1.845198154449463,0.6598556041717529,0.3627013564109802,0.8815470933914185,4.569638252258301
f60_a2_p10,pku_round0_00233,"0.50,0.50",current,1.5,2.1871676445007324,0.7042925357818604,0.2882078289985657,0.9004644155502319,5.680183410644531
f60_a2_p10,pku_round0_00233,"0.50,0.50",current,2.0,2.548098087310791,0.7397139072418213,0.2431313544511795,0.9098004698753357,6.808557987213135
f60_a2_p10,pku_round0_00233,"0.50,0.50",current,4.0,4.105480670928955,0.7966785430908203,0.15004827082157135,0.9404398798942566,11.392939567565918
f60_a2_p10,pku_round0_00233,"0.50,0.50",current,8.0,7.336673259735107,0.8127675652503967,0.09093483537435532,0.965010941028595,20.653743743896484
f60_a2_p10,pku_round0_00233,"0.50,0.50",current,16.0,13.856914520263672,0.8162826299667358,0.05631569027900696,0.9783416390419006,39.23777389526367
f60_a2_p10,pku_round0_00233,"0.50,0.50",normalized,0.0,1.3107327222824097,-0.3077254891395569,0.8566526770591736,0.7718589901924133,2.495471954345703
f60_a2_p10,pku_round0_00233,"0.50,0.50",normalized,0.001,1.3104274272918701,-0.3031182885169983,0.856580376625061,0.771869421005249,2.494840145111084
f60_a2_p10,pku_round0_00233,"0.50,0.50",normalized,0.01,1.3078608512878418,-0.26925137639045715,0.8561878800392151,0.7718903422355652,2.4892444610595703
f60_a2_p10,pku_round0_00233,"0.50,0.50",normalized,0.05,1.298797845840454,-0.19655483961105347,0.8581939339637756,0.7712947130203247,2.466177463531494
f60_a2_p10,pku_round0_00233,"0.50,0.50",normalized,0.1,1.2900784015655518,-0.15605607628822327,0.8645389676094055,0.7698884010314941,2.4410247802734375
f60_a2_p10,pku_round0_00233,"0.50,0.50",normalized,0.25,1.2719305753707886,-0.0936720222234726,0.8887380957603455,0.7651659250259399,2.3843283653259277
f60_a2_p10,pku_round0_00233,"0.50,0.50",normalized,0.5,1.255429983139038,-0.04488718509674072,0.9268221855163574,0.7578505873680115,2.3292548656463623
f60_a2_p10,pku_round0_00233,"0.50,0.50",normalized,0.75,1.247446894645691,-0.02152383327484131,0.9583587050437927,0.7517700791358948,2.3003885746002197
f60_a2_p10,pku_round0_00233,"0.50,0.50",normalized,1.0,1.2438019514083862,-0.00880635529756546,0.9844549894332886,0.7464844584465027,2.2848191261291504
f60_a2_p10,pku_round0_00233,"0.50,0.50",normalized,1.5,1.2429234981536865,0.0033333152532577515,1.024519920349121,0.7376030683517456,2.272073268890381
f60_a2_p10,pku_round0_00233,"0.50,0.50",normalized,2.0,1.2458659410476685,0.0076154544949531555,1.0527211427688599,0.730739414691925,2.269519329071045
f60_a2_p10,pku_round0_00233,"0.50,0.50",normalized,4.0,1.2616288661956787,0.006616244092583656,1.1116530895233154,0.7226296067237854,2.278587818145752
f60_a2_p10,pku_round0_00233,"0.50,0.50",normalized,8.0,1.278836727142334,0.00272951927036047,1.1560074090957642,0.7155508995056152,2.294860601425171
f60_a2_p10,pku_round0_00233,"0.50,0.50",normalized,16.0,1.2912379503250122,0.000876864418387413,1.184671401977539,0.7106078863143921,2.3081042766571045
f60_a2_p10,pku_round0_00233,"0.50,0.50",normalized,guide_only,1.307264804840088,,1.2189780473709106,0.7046376466751099,2.3261325359344482
f60_a2_p11,pku_round0_00250,"0.50,0.50",current,0.0,1.2270382642745972,1.0476511716842651,0.8880351781845093,0.7854651212692261,2.401293992996216
f60_a2_p11,pku_round0_00250,"0.50,0.50",current,0.001,1.228096842765808,1.0691745281219482,0.886650025844574,0.7858067154884338,2.402824640274048
f60_a2_p11,pku_round0_00250,"0.50,0.50",current,0.01,1.238452672958374,1.2204927206039429,0.8745374083518982,0.7885302305221558,2.416644334793091
f60_a2_p11,pku_round0_00250,"0.50,0.50",current,0.05,1.2934867143630981,1.4666941165924072,0.8303960561752319,0.7966031432151794,2.479020833969116
f60_a2_p11,pku_round0_00250,"0.50,0.50",current,0.1,1.3693604469299316,1.5569639205932617,0.7903668284416199,0.8033812046051025,2.5590789318084717
f60_a2_p11,pku_round0_00250,"0.50,0.50",current,0.25,1.6139200925827026,1.6894679069519043,0.7059752345085144,0.8176810145378113,2.8116111755371094
f60_a2_p11,pku_round0_00250,"0.50,0.50",current,0.5,2.0532450675964355,1.8145227432250977,0.6126668453216553,0.8347293138504028,3.2653002738952637
f60_a2_p11,pku_round0_00250,"0.50,0.50",current,0.75,2.5185611248016357,1.9052590131759644,0.5507300496101379,0.8429214954376221,3.7478809356689453
f60_a2_p11,pku_round0_00250,"0.50,0.50",current,1.0,3.004185914993286,1.9752919673919678,0.4976038336753845,0.8512057065963745,4.249519348144531
f60_a2_p11,pku_round0_00250,"0.50,0.50",current,1.5,4.012814044952393,2.04884672164917,0.4121379852294922,0.870149552822113,5.287456035614014
f60_a2_p11,pku_round0_00250,"0.50,0.50",current,2.0,5.0477190017700195,2.0880179405212402,0.3524230420589447,0.8824795484542847,6.3521246910095215
f60_a2_p11,pku_round0_00250,"0.50,0.50",current,4.0,9.307901382446289,2.1559557914733887,0.2088194191455841,0.9207798838615417,10.714912414550781
f60_a2_p11,pku_round0_00250,"0.50,0.50",current,8.0,17.993478775024414,2.1794044971466064,0.11268699169158936,0.9503852128982544,19.57354164123535
f60_a2_p11,pku_round0_00250,"0.50,0.50",current,16.0,35.462833404541016,2.18605637550354,0.06059381365776062,0.9752274751663208,37.379608154296875
f60_a2_p11,pku_round0_00250,"0.50,0.50",normalized,0.0,1.2270382642745972,0.7086479663848877,0.8880351781845093,0.7854651212692261,2.401293992996216
f60_a2_p11,pku_round0_00250,"0.50,0.50",normalized,0.001,1.227756381034851,0.7274352312088013,0.888129472732544,0.7855349779129028,2.400423765182495
f60_a2_p11,pku_round0_00250,"0.50,0.50",normalized,0.01,1.2349207401275635,0.8528029322624207,0.8890222311019897,0.7858527302742004,2.3927173614501953
f60_a2_p11,pku_round0_00250,"0.50,0.50",normalized,0.05,1.2730127573013306,0.9912526607513428,0.8975263833999634,0.7839987277984619,2.3609726428985596
f60_a2_p11,pku_round0_00250,"0.50,0.50",normalized,0.1,1.3222668170928955,0.9705874919891357,0.9150587320327759,0.7796467542648315,2.3264355659484863
f60_a2_p11,pku_round0_00250,"0.50,0.50",normalized,0.25,1.4579918384552002,0.8379671573638916,0.9740673303604126,0.765412449836731,2.24928879737854
f60_a2_p11,pku_round0_00250,"0.50,0.50",normalized,0.5,1.6430414915084839,0.6521042585372925,1.0606108903884888,0.7446857690811157,2.1768667697906494
f60_a2_p11,pku_round0_00250,"0.50,0.50",normalized,0.75,1.7881134748458862,0.5153583288192749,1.1260690689086914,0.7277050614356995,2.141646146774292
f60_a2_p11,pku_round0_00250,"0.50,0.50",normalized,1.0,1.9036931991577148,0.4143797755241394,1.177783727645874,0.7149467468261719,2.1247596740722656
f60_a2_p11,pku_round0_00250,"0.50,0.50",normalized,1.5,2.074948310852051,0.28296008706092834,1.2595175504684448,0.6970798373222351,2.1149823665618896
f60_a2_p11,pku_round0_00250,"0.50,0.50",normalized,2.0,2.1954758167266846,0.20540624856948853,1.323503851890564,0.6833696365356445,2.117375135421753
f60_a2_p11,pku_round0_00250,"0.50,0.50",normalized,4.0,2.454324722290039,0.08175680041313171,1.484049916267395,0.6504075527191162,2.1429824829101562
f60_a2_p11,pku_round0_00250,"0.50,0.50",normalized,8.0,2.6433358192443848,0.02735573798418045,1.6220486164093018,0.624605655670166,2.174837827682495
f60_a2_p11,pku_round0_00250,"0.50,0.50",normalized,16.0,2.7623302936553955,0.008092395961284637,1.7166926860809326,0.6075708866119385,2.198800563812256
f60_a2_p11,pku_round0_00250,"0.50,0.50",normalized,guide_only,2.9045281410217285,,1.8351831436157227,0.585911214351654,2.230149984359741
f60_a3_p00,pku_round0_00058,"0.25,0.75",current,0.0,1.5965498685836792,-0.1282595694065094,1.3259984254837036,0.6929842829704285,2.39994478225708
f60_a3_p00,pku_round0_00058,"0.25,0.75",current,0.001,1.596426010131836,-0.11968204379081726,1.3234208822250366,0.6933686137199402,2.4018568992614746
f60_a3_p00,pku_round0_00058,"0.25,0.75",current,0.01,1.595669150352478,-0.05101435258984566,1.3005988597869873,0.6971040964126587,2.4190964698791504
f60_a3_p00,pku_round0_00058,"0.25,0.75",current,0.05,1.5978938341140747,0.13973304629325867,1.2070168256759644,0.711982786655426,2.4963538646698
f60_a3_p00,pku_round0_00058,"0.25,0.75",current,0.1,1.6084535121917725,0.2724339962005615,1.1069836616516113,0.7279847860336304,2.594310998916626
f60_a3_p00,pku_round0_00058,"0.25,0.75",current,0.25,1.6680885553359985,0.4977003037929535,0.8851449489593506,0.7660197019577026,2.8962109088897705
f60_a3_p00,pku_round0_00058,"0.25,0.75",current,0.5,1.8187671899795532,0.6837449073791504,0.6576400995254517,0.8089212775230408,3.4197568893432617
f60_a3_p00,pku_round0_00058,"0.25,0.75",current,0.75,2.0023415088653564,0.7751467823982239,0.5224828720092773,0.8366125226020813,3.960148811340332
f60_a3_p00,pku_round0_00058,"0.25,0.75",current,1.0,2.2030177116394043,0.8257386088371277,0.43667498230934143,0.8553083539009094,4.511078357696533
f60_a3_p00,pku_round0_00058,"0.25,0.75",current,1.5,2.6304376125335693,0.8769450783729553,0.3377384543418884,0.8806919455528259,5.631459712982178
f60_a3_p00,pku_round0_00058,"0.25,0.75",current,2.0,3.075861692428589,0.9023597240447998,0.2824017107486725,0.8981163501739502,6.765826225280762
f60_a3_p00,pku_round0_00058,"0.25,0.75",current,4.0,4.930398941040039,0.9438939094543457,0.17373411357402802,0.9373716711997986,11.356898307800293
f60_a3_p00,pku_round0_00058,"0.25,0.75",current,8.0,8.754263877868652,0.9624798893928528,0.08732462674379349,0.9684637188911438,20.6073055267334
f60_a3_p00,pku_round0_00058,"0.25,0.75",current,16.0,16.483129501342773,0.9678475856781006,0.03672654554247856,0.9873334765434265,39.15401840209961
f60_a3_p00,pku_round0_00058,"0.25,0.75",normalized,0.0,1.5965498685836792,-0.39881107211112976,1.3259984254837036,0.6929842829704285,2.39994478225708
f60_a3_p00,pku_round0_00058,"0.25,0.75",normalized,0.001,1.5961544513702393,-0.3920191526412964,1.326002597808838,0.6930089592933655,2.3994576930999756
f60_a3_p00,pku_round0_00058,"0.25,0.75",normalized,0.01,1.5928723812103271,-0.3399023115634918,1.3259382247924805,0.6935444474220276,2.3951449394226074
f60_a3_p00,pku_round0_00058,"0.25,0.75",normalized,0.05,1.5820432901382446,-0.22282037138938904,1.3246349096298218,0.6949409246444702,2.3774800300598145
f60_a3_p00,pku_round0_00058,"0.25,0.75",normalized,0.1,1.5724868774414062,-0.16648592054843903,1.3238641023635864,0.6956307291984558,2.358464479446411
f60_a3_p00,pku_round0_00058,"0.25,0.75",normalized,0.25,1.5537307262420654,-0.09452168643474579,1.3287142515182495,0.6957532167434692,2.3169689178466797
f60_a3_p00,pku_round0_00058,"0.25,0.75",normalized,0.5,1.5372142791748047,-0.04513121396303177,1.3435131311416626,0.6945271492004395,2.2798378467559814
f60_a3_p00,pku_round0_00058,"0.25,0.75",normalized,0.75,1.5289578437805176,-0.02353908121585846,1.3587231636047363,0.6929942965507507,2.262941837310791
f60_a3_p00,pku_round0_00058,"0.25,0.75",normalized,1.0,1.5245777368545532,-0.01264449954032898,1.3725095987319946,0.6912853121757507,2.2555391788482666
f60_a3_p00,pku_round0_00058,"0.25,0.75",normalized,1.5,1.521028995513916,-0.0032464899122714996,1.3952258825302124,0.6883007287979126,2.2525839805603027
f60_a3_p00,pku_round0_00058,"0.25,0.75",normalized,2.0,1.52036452293396,5.211681127548218e-05,1.4126510620117188,0.6859099864959717,2.2552754878997803
f60_a3_p00,pku_round0_00058,"0.25,0.75",normalized,4.0,1.5233231782913208,0.0017852336168289185,1.4534624814987183,0.6800186038017273,2.2713794708251953
f60_a3_p00,pku_round0_00058,"0.25,0.75",normalized,8.0,1.5287100076675415,0.0009515476413071156,1.485668420791626,0.6752748489379883,2.289700746536255
f60_a3_p00,pku_round0_00058,"0.25,0.75",normalized,16.0,1.5332751274108887,0.0003382533323019743,1.5067615509033203,0.6723316311836243,2.3031773567199707
f60_a3_p00,pku_round0_00058,"0.25,0.75",normalized,guide_only,1.5397616624832153,,1.532609462738037,0.6685746908187866,2.320636034011841
f60_a3_p01,pku_round0_00094,"0.25,0.75",current,0.0,1.7745157480239868,1.8718069791793823,1.1783173084259033,0.6686724424362183,2.48184871673584
f60_a3_p01,pku_round0_00094,"0.25,0.75",current,0.001,1.7763938903808594,1.8839218616485596,1.176234245300293,0.6690446734428406,2.483600378036499
f60_a3_p01,pku_round0_00094,"0.25,0.75",current,0.01,1.7937605381011963,1.9688096046447754,1.158197283744812,0.6721965670585632,2.4994020462036133
f60_a3_p01,pku_round0_00094,"0.25,0.75",current,0.05,1.8762997388839722,2.1269190311431885,1.0909548997879028,0.6838844418525696,2.570327043533325
f60_a3_p01,pku_round0_00094,"0.25,0.75",current,0.1,1.985066533088684,2.217149496078491,1.0240060091018677,0.6966733932495117,2.6604878902435303
f60_a3_p01,pku_round0_00094,"0.25,0.75",current,0.25,2.3312313556671143,2.3829798698425293,0.8744510412216187,0.7282421588897705,2.9396510124206543
f60_a3_p01,pku_round0_00094,"0.25,0.75",current,0.5,2.948136806488037,2.535926580429077,0.711046576499939,0.7671634554862976,3.4272358417510986
f60_a3_p01,pku_round0_00094,"0.25,0.75",current,0.75,3.593967914581299,2.6238718032836914,0.6023880839347839,0.7959376573562622,3.934236526489258
f60_a3_p01,pku_round0_00094,"0.25,0.75",current,1.0,4.257593154907227,2.6814706325531006,0.5229285955429077,0.8172093033790588,4.454321384429932
f60_a3_p01,pku_round0_00094,"0.25,0.75",current,1.5,5.617570400238037,2.7510931491851807,0.4122225046157837,0.8486269116401672,5.519257068634033
f60_a3_p01,pku_round0_00094,"0.25,0.75",current,2.0,7.003625392913818,2.789625406265259,0.33835798501968384,0.8678441047668457,6.604033470153809
f60_a3_p01,pku_round0_00094,"0.25,0.75",current,4.0,12.651325225830078,2.8440511226654053,0.19404000043869019,0.9221853613853455,11.023651123046875
f60_a3_p01,pku_round0_00094,"0.25,0.75",current,8.0,24.079612731933594,2.8637874126434326,0.10050840675830841,0.9571840763092041,19.96916961669922
f60_a3_p01,pku_round0_00094,"0.25,0.75",current,16.0,47.01515579223633,2.8685100078582764,0.05464290827512741,0.9761921167373657,37.93312454223633
f60_a3_p01,pku_round0_00094,"0.25,0.75",normalized,0.0,1.7745157480239868,1.2756084203720093,1.1783173084259033,0.6686724424362183,2.48184871673584
f60_a3_p01,pku_round0_00094,"0.25,0.75",normalized,0.001,1.7757952213287354,1.2830431461334229,1.1782777309417725,0.6687095165252686,2.481119394302368
f60_a3_p01,pku_round0_00094,"0.25,0.75",normalized,0.01,1.7875666618347168,1.3266770839691162,1.1783027648925781,0.6688815355300903,2.4746556282043457
f60_a3_p01,pku_round0_00094,"0.25,0.75",normalized,0.05,1.8411024808883667,1.324371099472046,1.1848231554031372,0.6680282950401306,2.447930335998535
f60_a3_p01,pku_round0_00094,"0.25,0.75",normalized,0.1,1.9054064750671387,1.2455031871795654,1.198495864868164,0.666322648525238,2.4186253547668457
f60_a3_p01,pku_round0_00094,"0.25,0.75",normalized,0.25,2.0745022296905518,1.017364263534546,1.2419118881225586,0.660286545753479,2.3517208099365234
f60_a3_p01,pku_round0_00094,"0.25,0.75",normalized,0.5,2.29237961769104,0.7456831336021423,1.3052016496658325,0.6510607600212097,2.2848236560821533
f60_a3_p01,pku_round0_00094,"0.25,0.75",normalized,0.75,2.4551405906677246,0.5683192014694214,1.3575071096420288,0.643800675868988,2.2481350898742676
f60_a3_p01,pku_round0_00094,"0.25,0.75",normalized,1.0,2.581188917160034,0.44730180501937866,1.401161789894104,0.637771487236023,2.227160692214966
f60_a3_p01,pku_round0_00094,"0.25,0.75",normalized,1.5,2.763686180114746,0.297879159450531,1.4697065353393555,0.628880500793457,2.20770263671875
f60_a3_p01,pku_round0_00094,"0.25,0.75",normalized,2.0,2.8895263671875,0.21267810463905334,1.5210216045379639,0.6222101449966431,2.2013444900512695
f60_a3_p01,pku_round0_00094,"0.25,0.75",normalized,4.0,3.152435779571533,0.08133518695831299,1.640059471130371,0.6094540357589722,2.2047300338745117
f60_a3_p01,pku_round0_00094,"0.25,0.75",normalized,8.0,3.3373019695281982,0.026280418038368225,1.7335765361785889,0.5989101529121399,2.218796491622925
f60_a3_p01,pku_round0_00094,"0.25,0.75",normalized,16.0,3.4502573013305664,0.007588192820549011,1.7942750453948975,0.5918302536010742,2.23136043548584
f60_a3_p01,pku_round0_00094,"0.25,0.75",normalized,guide_only,3.581603527069092,,1.8673841953277588,0.5829281806945801,2.2491679191589355
f60_a3_p02,pku_round0_00115,"0.25,0.75",current,0.0,1.8027161359786987,1.0448662042617798,1.5344427824020386,0.6483332514762878,2.3357198238372803
f60_a3_p02,pku_round0_00115,"0.25,0.75",current,0.001,1.8037691116333008,1.0607712268829346,1.5316920280456543,0.6487480998039246,2.337388038635254
f60_a3_p02,pku_round0_00115,"0.25,0.75",current,0.01,1.8138846158981323,1.1806906461715698,1.506861925125122,0.6523752808570862,2.3524346351623535
f60_a3_p02,pku_round0_00115,"0.25,0.75",current,0.05,1.8674845695495605,1.4557063579559326,1.4016741514205933,0.6688428521156311,2.4199891090393066
f60_a3_p02,pku_round0_00115,"0.25,0.75",current,0.1,1.944793462753296,1.6224619150161743,1.288679599761963,0.6874018907546997,2.50590181350708
f60_a3_p02,pku_round0_00115,"0.25,0.75",current,0.25,2.2109925746917725,1.8956372737884521,1.0419849157333374,0.7325053811073303,2.7720727920532227
f60_a3_p02,pku_round0_00115,"0.25,0.75",current,0.5,2.7168123722076416,2.1232755184173584,0.7902220487594604,0.7862167954444885,3.2370541095733643
f60_a3_p02,pku_round0_00115,"0.25,0.75",current,0.75,3.2639689445495605,2.242863655090332,0.6321433186531067,0.822730302810669,3.720186471939087
f60_a3_p02,pku_round0_00115,"0.25,0.75",current,1.0,3.834321975708008,2.314375400543213,0.5236929655075073,0.8485810160636902,4.215290069580078
f60_a3_p02,pku_round0_00115,"0.25,0.75",current,1.5,5.013314247131348,2.3917720317840576,0.3887917995452881,0.88264000415802,5.227819919586182
f60_a3_p02,pku_round0_00115,"0.25,0.75",current,2.0,6.220098495483398,2.431865692138672,0.3112148344516754,0.9023239612579346,6.258097171783447
f60_a3_p02,pku_round0_00115,"0.25,0.75",current,4.0,11.167469024658203,2.4994163513183594,0.1552770584821701,0.9443153142929077,10.45102596282959
f60_a3_p02,pku_round0_00115,"0.25,0.75",current,8.0,21.21212387084961,2.5168704986572266,0.07661771774291992,0.9665300846099854,18.931989669799805
f60_a3_p02,pku_round0_00115,"0.25,0.75",current,16.0,41.370723724365234,2.5212621688842773,0.04344870150089264,0.9787762761116028,35.95954895019531
f60_a3_p02,pku_round0_00115,"0.25,0.75",normalized,0.0,1.8027161359786987,0.7765928506851196,1.5344427824020386,0.6483332514762878,2.3357198238372803
f60_a3_p02,pku_round0_00115,"0.25,0.75",normalized,0.001,1.80349862575531,0.7883277535438538,1.5346013307571411,0.6483475565910339,2.335052967071533
f60_a3_p02,pku_round0_00115,"0.25,0.75",normalized,0.01,1.8109850883483887,0.8683468699455261,1.5353431701660156,0.6484359502792358,2.3291432857513428
f60_a3_p02,pku_round0_00115,"0.25,0.75",normalized,0.05,1.8483790159225464,0.9598803520202637,1.5329041481018066,0.6501717567443848,2.3047516345977783
f60_a3_p02,pku_round0_00115,"0.25,0.75",normalized,0.1,1.8957613706588745,0.9274351596832275,1.528985619544983,0.6520869135856628,2.278092384338379
f60_a3_p02,pku_round0_00115,"0.25,0.75",normalized,0.25,2.022831916809082,0.7684579491615295,1.525385856628418,0.65579754114151,2.217658042907715
f60_a3_p02,pku_round0_00115,"0.25,0.75",normalized,0.5,2.187889575958252,0.5660039186477661,1.530407428741455,0.6586022973060608,2.15803599357605
f60_a3_p02,pku_round0_00115,"0.25,0.75",normalized,0.75,2.31147837638855,0.4315328299999237,1.5391360521316528,0.6589657068252563,2.125821113586426
f60_a3_p02,pku_round0_00115,"0.25,0.75",normalized,1.0,2.4071407318115234,0.3392360210418701,1.548508644104004,0.658419132232666,2.107645034790039
f60_a3_p02,pku_round0_00115,"0.25,0.75",normalized,1.5,2.545321464538574,0.22509765625,1.566094994544983,0.6568693518638611,2.09112811088562
f60_a3_p02,pku_round0_00115,"0.25,0.75",normalized,2.0,2.640249013900757,0.16012799739837646,1.5810915231704712,0.65507572889328,2.0860326290130615
f60_a3_p02,pku_round0_00115,"0.25,0.75",normalized,4.0,2.837219476699829,0.060593605041503906,1.6205657720565796,0.6496750116348267,2.090205192565918
f60_a3_p02,pku_round0_00115,"0.25,0.75",normalized,8.0,2.974285840988159,0.01938556134700775,1.6554079055786133,0.6458661556243896,2.1035544872283936
f60_a3_p02,pku_round0_00115,"0.25,0.75",normalized,16.0,3.0573196411132812,0.005558222532272339,1.6797035932540894,0.6436285972595215,2.115267753601074
f60_a3_p02,pku_round0_00115,"0.25,0.75",normalized,guide_only,3.1531107425689697,,1.7108042240142822,0.6407379508018494,2.1317708492279053
f60_a3_p03,pku_round0_00123,"0.25,0.75",current,0.0,1.7737606763839722,1.6235086917877197,1.1350104808807373,0.6996224522590637,2.3971807956695557
f60_a3_p03,pku_round0_00123,"0.25,0.75",current,0.001,1.7753888368606567,1.6325863599777222,1.1330031156539917,0.6999625563621521,2.398831605911255
f60_a3_p03,pku_round0_00123,"0.25,0.75",current,0.01,1.7903977632522583,1.6983686685562134,1.1159167289733887,0.702851414680481,2.413728952407837
f60_a3_p03,pku_round0_00123,"0.25,0.75",current,0.05,1.861560344696045,1.8356157541275024,1.054075837135315,0.7138119339942932,2.480762243270874
f60_a3_p03,pku_round0_00123,"0.25,0.75",current,0.1,1.9555151462554932,1.9160484075546265,0.9932712316513062,0.7253043055534363,2.5663371086120605
f60_a3_p03,pku_round0_00123,"0.25,0.75",current,0.25,2.254626989364624,2.059220790863037,0.8565524220466614,0.7552906274795532,2.833364963531494
f60_a3_p03,pku_round0_00123,"0.25,0.75",current,0.5,2.7890498638153076,2.2044131755828857,0.6959364414215088,0.7988008856773376,3.304778814315796
f60_a3_p03,pku_round0_00123,"0.25,0.75",current,0.75,3.3527469635009766,2.2991671562194824,0.5776584148406982,0.8330180644989014,3.79876708984375
f60_a3_p03,pku_round0_00123,"0.25,0.75",current,1.0,3.9362757205963135,2.365320920944214,0.4867410957813263,0.8594762086868286,4.307654857635498
f60_a3_p03,pku_round0_00123,"0.25,0.75",current,1.5,5.141807556152344,2.448513984680176,0.35883018374443054,0.9008037447929382,5.353055477142334
f60_a3_p03,pku_round0_00123,"0.25,0.75",current,2.0,6.378857612609863,2.495448112487793,0.2753655016422272,0.9269030094146729,6.420198917388916
f60_a3_p03,pku_round0_00123,"0.25,0.75",current,4.0,11.452858924865723,2.560882091522217,0.12350726872682571,0.9669327139854431,10.775177955627441
f60_a3_p03,pku_round0_00123,"0.25,0.75",current,8.0,21.743576049804688,2.577481746673584,0.04661336541175842,0.9846221208572388,19.59716033935547
f60_a3_p03,pku_round0_00123,"0.25,0.75",current,16.0,42.3729362487793,2.5790491104125977,0.030697107315063477,0.9870564341545105,37.316802978515625
f60_a3_p03,pku_round0_00123,"0.25,0.75",normalized,0.0,1.7737606763839722,0.9847584962844849,1.1350104808807373,0.6996224522590637,2.3971807956695557
f60_a3_p03,pku_round0_00123,"0.25,0.75",normalized,0.001,1.774747610092163,0.9896485209465027,1.1347980499267578,0.6996356844902039,2.396435260772705
f60_a3_p03,pku_round0_00123,"0.25,0.75",normalized,0.01,1.7838062047958374,1.0195602178573608,1.133532166481018,0.6996281147003174,2.3898305892944336
f60_a3_p03,pku_round0_00123,"0.25,0.75",normalized,0.05,1.8250329494476318,1.0229631662368774,1.1359868049621582,0.6984779238700867,2.362630844116211
f60_a3_p03,pku_round0_00123,"0.25,0.75",normalized,0.1,1.8748058080673218,0.9653312563896179,1.1455683708190918,0.6961379051208496,2.333033561706543
f60_a3_p03,pku_round0_00123,"0.25,0.75",normalized,0.25,2.006035566329956,0.7905121445655823,1.180311918258667,0.6901863217353821,2.2666921615600586
f60_a3_p03,pku_round0_00123,"0.25,0.75",normalized,0.5,2.175771713256836,0.5827834010124207,1.2340147495269775,0.684622049331665,2.20318603515625
f60_a3_p03,pku_round0_00123,"0.25,0.75",normalized,0.75,2.303360939025879,0.4469510316848755,1.2795977592468262,0.6799681186676025,2.1707241535186768
f60_a3_p03,pku_round0_00123,"0.25,0.75",normalized,1.0,2.402766466140747,0.3537778854370117,1.3186661005020142,0.6757357716560364,2.153827428817749
f60_a3_p03,pku_round0_00123,"0.25,0.75",normalized,1.5,2.54777455329895,0.23784607648849487,1.382501244544983,0.6698851585388184,2.1412220001220703
f60_a3_p03,pku_round0_00123,"0.25,0.75",normalized,2.0,2.648627281188965,0.17110860347747803,1.432684302330017,0.6647655963897705,2.140066146850586
f60_a3_p03,pku_round0_00123,"0.25,0.75",normalized,4.0,2.8621222972869873,0.06672424077987671,1.5584152936935425,0.6497289538383484,2.1550354957580566
f60_a3_p03,pku_round0_00123,"0.25,0.75",normalized,8.0,3.015077829360962,0.021944239735603333,1.667562484741211,0.6353123188018799,2.177462339401245
f60_a3_p03,pku_round0_00123,"0.25,0.75",normalized,16.0,3.1099963188171387,0.006418898701667786,1.7439022064208984,0.6248444318771362,2.195106029510498
f60_a3_p03,pku_round0_00123,"0.25,0.75",normalized,guide_only,3.2220635414123535,,1.842227816581726,0.6112406849861145,2.2187302112579346
f60_a3_p04,pku_round0_00126,"0.25,0.75",current,0.0,1.8162339925765991,-0.010687336325645447,1.55974543094635,0.6138819456100464,2.433950424194336
f60_a3_p04,pku_round0_00126,"0.25,0.75",current,0.001,1.8162274360656738,-0.0029016733169555664,1.5572845935821533,0.6142574548721313,2.435961961746216
f60_a3_p04,pku_round0_00126,"0.25,0.75",current,0.01,1.816489338874817,0.058653414249420166,1.5354098081588745,0.6175678968429565,2.4540915489196777
f60_a3_p04,pku_round0_00126,"0.25,0.75",current,0.05,1.8226556777954102,0.23103632032871246,1.4451059103012085,0.6316817402839661,2.535219669342041
f60_a3_p04,pku_round0_00126,"0.25,0.75",current,0.1,1.8376774787902832,0.3615255355834961,1.3474452495574951,0.6481766104698181,2.637813091278076
f60_a3_p04,pku_round0_00126,"0.25,0.75",current,0.25,1.9117100238800049,0.6019278764724731,1.1248224973678589,0.6888768076896667,2.952321767807007
f60_a3_p04,pku_round0_00126,"0.25,0.75",current,0.5,2.0922441482543945,0.8187605738639832,0.8836591839790344,0.7410382032394409,3.4931447505950928
f60_a3_p04,pku_round0_00126,"0.25,0.75",current,0.75,2.3134231567382812,0.9403364658355713,0.7250871658325195,0.7788392305374146,4.047548294067383
f60_a3_p04,pku_round0_00126,"0.25,0.75",current,1.0,2.5586225986480713,1.0156784057617188,0.6126745343208313,0.8062540292739868,4.61051082611084
f60_a3_p04,pku_round0_00126,"0.25,0.75",current,1.5,3.0899837017059326,1.0995802879333496,0.4660769999027252,0.8453431129455566,5.7517290115356445
f60_a3_p04,pku_round0_00126,"0.25,0.75",current,2.0,3.6516993045806885,1.1431164741516113,0.37526029348373413,0.8730538487434387,6.904664039611816
f60_a3_p04,pku_round0_00126,"0.25,0.75",current,4.0,6.016353607177734,1.206626534461975,0.20573918521404266,0.9257487058639526,11.562000274658203
f60_a3_p04,pku_round0_00126,"0.25,0.75",current,8.0,10.910355567932129,1.232466697692871,0.09467877447605133,0.9639738202095032,20.935373306274414
f60_a3_p04,pku_round0_00126,"0.25,0.75",current,16.0,20.81045913696289,1.2399194240570068,0.038346800953149796,0.9839395880699158,39.7219123840332
f60_a3_p04,pku_round0_00126,"0.25,0.75",normalized,0.0,1.8162339925765991,-0.26717591285705566,1.55974543094635,0.6138819456100464,2.433950424194336
f60_a3_p04,pku_round0_00126,"0.25,0.75",normalized,0.001,1.8159698247909546,-0.2611110210418701,1.5599610805511475,0.613834023475647,2.433528184890747
f60_a3_p04,pku_round0_00126,"0.25,0.75",normalized,0.01,1.813835620880127,-0.21568720042705536,1.5617034435272217,0.6133872866630554,2.4297940731048584
f60_a3_p04,pku_round0_00126,"0.25,0.75",normalized,0.05,1.8075549602508545,-0.11601494252681732,1.567528486251831,0.6117944121360779,2.4144949913024902
f60_a3_p04,pku_round0_00126,"0.25,0.75",normalized,0.1,1.8031753301620483,-0.06511920690536499,1.573868751525879,0.6104155778884888,2.398012161254883
f60_a3_p04,pku_round0_00126,"0.25,0.75",normalized,0.25,1.7989776134490967,-0.002092510461807251,1.5916610956192017,0.6065752506256104,2.3618574142456055
f60_a3_p04,pku_round0_00126,"0.25,0.75",normalized,0.5,1.8034316301345825,0.030352897942066193,1.6161190271377563,0.603283703327179,2.328763246536255
f60_a3_p04,pku_round0_00126,"0.25,0.75",normalized,0.75,1.8121775388717651,0.03755248337984085,1.635089635848999,0.6006314158439636,2.312884569168091
f60_a3_p04,pku_round0_00126,"0.25,0.75",normalized,1.0,1.8216091394424438,0.03724665939807892,1.6502078771591187,0.5981864333152771,2.30525541305542
f60_a3_p04,pku_round0_00126,"0.25,0.75",normalized,1.5,1.8388607501983643,0.031362392008304596,1.6729017496109009,0.5948344469070435,2.300691604614258
f60_a3_p04,pku_round0_00126,"0.25,0.75",normalized,2.0,1.8529759645462036,0.025275588035583496,1.6891827583312988,0.5926547050476074,2.3015546798706055
f60_a3_p04,pku_round0_00126,"0.25,0.75",normalized,4.0,1.8875794410705566,0.011683762073516846,1.7249342203140259,0.5871215462684631,2.3123998641967773
f60_a3_p04,pku_round0_00126,"0.25,0.75",normalized,8.0,1.915545105934143,0.004167415201663971,1.7513381242752075,0.5831339359283447,2.3261525630950928
f60_a3_p04,pku_round0_00126,"0.25,0.75",normalized,16.0,1.9339253902435303,0.001265358179807663,1.767863392829895,0.5808349251747131,2.336583137512207
f60_a3_p04,pku_round0_00126,"0.25,0.75",normalized,guide_only,1.956416130065918,,1.7873163223266602,0.5781424045562744,2.3503201007843018
f60_a3_p05,pku_round0_00146,"0.25,0.75",current,0.0,1.9346859455108643,0.5500678420066833,1.342864751815796,0.6576184630393982,2.4074487686157227
f60_a3_p05,pku_round0_00146,"0.25,0.75",current,0.001,1.9352456331253052,0.5694178938865662,1.3404065370559692,0.6580634117126465,2.409224510192871
f60_a3_p05,pku_round0_00146,"0.25,0.75",current,0.01,1.9410569667816162,0.7135591506958008,1.3187782764434814,0.6620434522628784,2.4252429008483887
f60_a3_p05,pku_round0_00146,"0.25,0.75",current,0.05,1.9768753051757812,1.0216292142868042,1.233032464981079,0.6775575876235962,2.4972944259643555
f60_a3_p05,pku_round0_00146,"0.25,0.75",current,0.1,2.032602548599243,1.192457675933838,1.1435701847076416,0.6942373514175415,2.5892202854156494
f60_a3_p05,pku_round0_00146,"0.25,0.75",current,0.25,2.234243154525757,1.4588954448699951,0.9455243945121765,0.733803391456604,2.875817060470581
f60_a3_p05,pku_round0_00146,"0.25,0.75",current,0.5,2.6263132095336914,1.6535367965698242,0.7433351874351501,0.7799286842346191,3.3811264038085938
f60_a3_p05,pku_round0_00146,"0.25,0.75",current,0.75,3.0542314052581787,1.7612388134002686,0.6108946204185486,0.8135707974433899,3.909640312194824
f60_a3_p05,pku_round0_00146,"0.25,0.75",current,1.0,3.50382399559021,1.8309401273727417,0.5161211490631104,0.8378796577453613,4.452945709228516
f60_a3_p05,pku_round0_00146,"0.25,0.75",current,1.5,4.4423441886901855,1.914120078086853,0.38927218317985535,0.874533474445343,5.565952301025391
f60_a3_p05,pku_round0_00146,"0.25,0.75",current,2.0,5.411671161651611,1.958821177482605,0.30827680230140686,0.8985135555267334,6.699056625366211
f60_a3_p05,pku_round0_00146,"0.25,0.75",current,4.0,9.404603958129883,2.017923355102539,0.16191637516021729,0.9414747953414917,11.308656692504883
f60_a3_p05,pku_round0_00146,"0.25,0.75",current,8.0,17.530256271362305,2.0389862060546875,0.07371056079864502,0.9736056923866272,20.6256046295166
f60_a3_p05,pku_round0_00146,"0.25,0.75",current,16.0,33.87162399291992,2.0441770553588867,0.028532719239592552,0.9886512160301208,39.32453918457031
f60_a3_p05,pku_round0_00146,"0.25,0.75",normalized,0.0,1.9346859455108643,-0.04175332188606262,1.342864751815796,0.6576184630393982,2.4074487686157227
f60_a3_p05,pku_round0_00146,"0.25,0.75",normalized,0.001,1.93465256690979,-0.024962782859802246,1.342702865600586,0.6576910018920898,2.4068174362182617
f60_a3_p05,pku_round0_00146,"0.25,0.75",normalized,0.01,1.9350066184997559,0.09512585401535034,1.3413519859313965,0.6583623290061951,2.401230573654175
f60_a3_p05,pku_round0_00146,"0.25,0.75",normalized,0.05,1.9439352750778198,0.29768067598342896,1.3386346101760864,0.6598418951034546,2.378376007080078
f60_a3_p05,pku_round0_00146,"0.25,0.75",normalized,0.1,1.960510015487671,0.35299232602119446,1.340193271636963,0.6601673364639282,2.3538365364074707
f60_a3_p05,pku_round0_00146,"0.25,0.75",normalized,0.25,2.0153844356536865,0.36266276240348816,1.354099154472351,0.6584284901618958,2.3006536960601807
f60_a3_p05,pku_round0_00146,"0.25,0.75",normalized,0.5,2.0987658500671387,0.30151623487472534,1.3912640810012817,0.653018593788147,2.2540841102600098
f60_a3_p05,pku_round0_00146,"0.25,0.75",normalized,0.75,2.166672945022583,0.2440168261528015,1.429402470588684,0.6476542949676514,2.2340800762176514
f60_a3_p05,pku_round0_00146,"0.25,0.75",normalized,1.0,2.221895217895508,0.19978663325309753,1.4630990028381348,0.642632246017456,2.226472854614258
f60_a3_p05,pku_round0_00146,"0.25,0.75",normalized,1.5,2.305565595626831,0.14001649618148804,1.5175844430923462,0.6362480521202087,2.2263808250427246
f60_a3_p05,pku_round0_00146,"0.25,0.75",normalized,2.0,2.365687847137451,0.10323160886764526,1.5591495037078857,0.6313047409057617,2.233018636703491
f60_a3_p05,pku_round0_00146,"0.25,0.75",normalized,4.0,2.4973456859588623,0.041953086853027344,1.6571005582809448,0.6182156801223755,2.2617313861846924
f60_a3_p05,pku_round0_00146,"0.25,0.75",normalized,8.0,2.594576120376587,0.014083988964557648,1.7347140312194824,0.607718825340271,2.291733980178833
f60_a3_p05,pku_round0_00146,"0.25,0.75",normalized,16.0,2.6557745933532715,0.004155103117227554,1.7850669622421265,0.600664496421814,2.31320858001709
f60_a3_p05,pku_round0_00146,"0.25,0.75",normalized,guide_only,2.728550910949707,,1.8455064296722412,0.5918977856636047,2.3405895233154297
f60_a3_p06,pku_round0_00198,"0.25,0.75",current,0.0,1.7959457635879517,-0.08219002187252045,1.5595791339874268,0.5908989310264587,2.5222997665405273
f60_a3_p06,pku_round0_00198,"0.25,0.75",current,0.001,1.7958705425262451,-0.06858368217945099,1.5570446252822876,0.5913180112838745,2.5242974758148193
f60_a3_p06,pku_round0_00198,"0.25,0.75",current,0.01,1.795728087425232,0.030547119677066803,1.5346933603286743,0.5949299335479736,2.5423049926757812
f60_a3_p06,pku_round0_00198,"0.25,0.75",current,0.05,1.801929235458374,0.24521438777446747,1.4465358257293701,0.6087902784347534,2.6229100227355957
f60_a3_p06,pku_round0_00198,"0.25,0.75",current,0.1,1.8179500102996826,0.38642948865890503,1.354919672012329,0.6234915256500244,2.7248964309692383
f60_a3_p06,pku_round0_00198,"0.25,0.75",current,0.25,1.8976635932922363,0.6516505479812622,1.1439554691314697,0.6617063879966736,3.0378756523132324
f60_a3_p06,pku_round0_00198,"0.25,0.75",current,0.5,2.0934784412384033,0.8862764835357666,0.9080811738967896,0.7105150818824768,3.577275514602661
f60_a3_p06,pku_round0_00198,"0.25,0.75",current,0.75,2.331605911254883,1.0070645809173584,0.7557076215744019,0.7482762932777405,4.131847381591797
f60_a3_p06,pku_round0_00198,"0.25,0.75",current,1.0,2.593032121658325,1.0789281129837036,0.6493957042694092,0.7794354557991028,4.696473598480225
f60_a3_p06,pku_round0_00198,"0.25,0.75",current,1.5,3.1552863121032715,1.1609742641448975,0.5061339139938354,0.8234785795211792,5.8444743156433105
f60_a3_p06,pku_round0_00198,"0.25,0.75",current,2.0,3.7480759620666504,1.206200122833252,0.41040387749671936,0.8539748787879944,7.00731897354126
f60_a3_p06,pku_round0_00198,"0.25,0.75",current,4.0,6.241850852966309,1.2703502178192139,0.2212185114622116,0.9189662337303162,11.71816635131836
f60_a3_p06,pku_round0_00198,"0.25,0.75",current,8.0,11.378426551818848,1.2912529706954956,0.10942529886960983,0.958736002445221,21.217702865600586
f60_a3_p06,pku_round0_00198,"0.25,0.75",current,16.0,21.736358642578125,1.2964205741882324,0.05446190759539604,0.9772999286651611,40.2699089050293
f60_a3_p06,pku_round0_00198,"0.25,0.75",normalized,0.0,1.7959457635879517,-0.31855669617652893,1.5595791339874268,0.5908989310264587,2.5222997665405273
f60_a3_p06,pku_round0_00198,"0.25,0.75",normalized,0.001,1.7956331968307495,-0.3068508207798004,1.559592843055725,0.5909145474433899,2.521775484085083
f60_a3_p06,pku_round0_00198,"0.25,0.75",normalized,0.01,1.793267011642456,-0.22537674009799957,1.5597450733184814,0.5909444093704224,2.5171337127685547
f60_a3_p06,pku_round0_00198,"0.25,0.75",normalized,0.05,1.787743091583252,-0.08265078067779541,1.5630719661712646,0.5898786187171936,2.49800968170166
f60_a3_p06,pku_round0_00198,"0.25,0.75",normalized,0.1,1.785404920578003,-0.01845535635948181,1.5701382160186768,0.5878337025642395,2.4771783351898193
f60_a3_p06,pku_round0_00198,"0.25,0.75",normalized,0.25,1.7893279790878296,0.05492973327636719,1.5897525548934937,0.5836037993431091,2.43030047416687
f60_a3_p06,pku_round0_00198,"0.25,0.75",normalized,0.5,1.8071314096450806,0.07861770689487457,1.6149399280548096,0.5789315700531006,2.384850025177002
f60_a3_p06,pku_round0_00198,"0.25,0.75",normalized,0.75,1.8266074657440186,0.0755176693201065,1.6360703706741333,0.5765037536621094,2.361055850982666
f60_a3_p06,pku_round0_00198,"0.25,0.75",normalized,1.0,1.8445099592208862,0.06745435297489166,1.6543760299682617,0.5752438902854919,2.3482367992401123
f60_a3_p06,pku_round0_00198,"0.25,0.75",normalized,1.5,1.8741530179977417,0.0516950786113739,1.6842223405838013,0.572494626045227,2.33778977394104
f60_a3_p06,pku_round0_00198,"0.25,0.75",normalized,2.0,1.8968944549560547,0.03992537409067154,1.70724356174469,0.5703339576721191,2.335772752761841
f60_a3_p06,pku_round0_00198,"0.25,0.75",normalized,4.0,1.9498848915100098,0.01748403161764145,1.7620139122009277,0.5656512975692749,2.3436331748962402
f60_a3_p06,pku_round0_00198,"0.25,0.75",normalized,8.0,1.9913002252578735,0.0061230286955833435,1.8057101964950562,0.5613598823547363,2.357522487640381
f60_a3_p06,pku_round0_00198,"0.25,0.75",normalized,16.0,2.018226146697998,0.0018494976684451103,1.834141731262207,0.5582826137542725,2.3688180446624756
f60_a3_p06,pku_round0_00198,"0.25,0.75",normalized,guide_only,2.0510566234588623,,1.8682786226272583,0.5544666051864624,2.384199619293213
f60_a3_p07,pku_round0_00203,"0.25,0.75",current,0.0,1.8498454093933105,-0.13305440545082092,1.1772397756576538,0.681938111782074,2.444537878036499
f60_a3_p07,pku_round0_00203,"0.25,0.75",current,0.001,1.8497185707092285,-0.12138625234365463,1.1752443313598633,0.6822760701179504,2.4462995529174805
f60_a3_p07,pku_round0_00203,"0.25,0.75",current,0.01,1.8490431308746338,-0.03341372683644295,1.1579161882400513,0.6851413249969482,2.4621877670288086
f60_a3_p07,pku_round0_00203,"0.25,0.75",current,0.05,1.8524665832519531,0.17337742447853088,1.090876579284668,0.696954607963562,2.5335428714752197
f60_a3_p07,pku_round0_00203,"0.25,0.75",current,0.1,1.8646438121795654,0.30319201946258545,1.0200071334838867,0.709839940071106,2.624342203140259
f60_a3_p07,pku_round0_00203,"0.25,0.75",current,0.25,1.9281638860702515,0.5182363986968994,0.8528733849525452,0.7436664700508118,2.906081199645996
f60_a3_p07,pku_round0_00203,"0.25,0.75",current,0.5,2.081547498703003,0.6860290765762329,0.6719509959220886,0.7837924957275391,3.3998210430145264
f60_a3_p07,pku_round0_00203,"0.25,0.75",current,0.75,2.2643942832946777,0.7685403823852539,0.5581911206245422,0.811808168888092,3.9144814014434814
f60_a3_p07,pku_round0_00203,"0.25,0.75",current,1.0,2.463042974472046,0.81687331199646,0.480503112077713,0.8330387473106384,4.442973613739014
f60_a3_p07,pku_round0_00203,"0.25,0.75",current,1.5,2.8864917755126953,0.8706578016281128,0.38085421919822693,0.8641629815101624,5.5254340171813965
f60_a3_p07,pku_round0_00203,"0.25,0.75",current,2.0,3.3297712802886963,0.8999545574188232,0.3178800046443939,0.8857428431510925,6.627740859985352
f60_a3_p07,pku_round0_00203,"0.25,0.75",current,4.0,5.187553405761719,0.9479941129684448,0.19014179706573486,0.9284528493881226,11.114762306213379
f60_a3_p07,pku_round0_00203,"0.25,0.75",current,8.0,9.039212226867676,0.9705923795700073,0.09559991210699081,0.9627684950828552,20.188627243041992
f60_a3_p07,pku_round0_00203,"0.25,0.75",current,16.0,16.833568572998047,0.9761898517608643,0.04682207480072975,0.9808644652366638,38.40339279174805
f60_a3_p07,pku_round0_00203,"0.25,0.75",normalized,0.0,1.8498454093933105,-0.8056600093841553,1.1772397756576538,0.681938111782074,2.444537878036499
f60_a3_p07,pku_round0_00203,"0.25,0.75",normalized,0.001,1.8490453958511353,-0.7944303750991821,1.1771972179412842,0.6819493770599365,2.4438552856445312
f60_a3_p07,pku_round0_00203,"0.25,0.75",normalized,0.01,1.842294692993164,-0.7103673219680786,1.17713463306427,0.6819156408309937,2.437809705734253
f60_a3_p07,pku_round0_00203,"0.25,0.75",normalized,0.05,1.8183218240737915,-0.5191146731376648,1.181051254272461,0.681441605091095,2.412898302078247
f60_a3_p07,pku_round0_00203,"0.25,0.75",normalized,0.1,1.7953848838806152,-0.40905237197875977,1.1890671253204346,0.6799824833869934,2.385765790939331
f60_a3_p07,pku_round0_00203,"0.25,0.75",normalized,0.25,1.7477221488952637,-0.2489985078573227,1.2143782377243042,0.6756823062896729,2.3248648643493652
f60_a3_p07,pku_round0_00203,"0.25,0.75",normalized,0.5,1.701888084411621,-0.13423095643520355,1.2547374963760376,0.6683541536331177,2.266547441482544
f60_a3_p07,pku_round0_00203,"0.25,0.75",normalized,0.75,1.6757296323776245,-0.08089478313922882,1.2915306091308594,0.6624006628990173,2.236846446990967
f60_a3_p07,pku_round0_00203,"0.25,0.75",normalized,1.0,1.6594611406326294,-0.05192580819129944,1.3240985870361328,0.6574525833129883,2.221486806869507
f60_a3_p07,pku_round0_00203,"0.25,0.75",normalized,1.5,1.641561508178711,-0.023947812616825104,1.3776373863220215,0.6494107842445374,2.2101736068725586
f60_a3_p07,pku_round0_00203,"0.25,0.75",normalized,2.0,1.6329482793807983,-0.012026824057102203,1.4189929962158203,0.6430334448814392,2.209247350692749
f60_a3_p07,pku_round0_00203,"0.25,0.75",normalized,4.0,1.6245819330215454,-0.0005731824785470963,1.5170340538024902,0.6275083422660828,2.2229526042938232
f60_a3_p07,pku_round0_00203,"0.25,0.75",normalized,8.0,1.6265270709991455,0.0007403437048196793,1.5949040651321411,0.6151529550552368,2.243180751800537
f60_a3_p07,pku_round0_00203,"0.25,0.75",normalized,16.0,1.630934238433838,0.00037852267269045115,1.645624041557312,0.6072039604187012,2.2590231895446777
f60_a3_p07,pku_round0_00203,"0.25,0.75",normalized,guide_only,1.6391572952270508,,1.7069462537765503,0.5975419282913208,2.2801854610443115
f60_a3_p08,pku_round0_00209,"0.25,0.75",current,0.0,1.4965304136276245,0.13515430688858032,1.026343822479248,0.726514458656311,2.429358720779419
f60_a3_p08,pku_round0_00209,"0.25,0.75",current,0.001,1.4966691732406616,0.14234334230422974,1.024688720703125,0.7268190383911133,2.4311490058898926
f60_a3_p08,pku_round0_00209,"0.25,0.75",current,0.01,1.4982101917266846,0.19732098281383514,1.0102930068969727,0.7294544577598572,2.4473042488098145
f60_a3_p08,pku_round0_00209,"0.25,0.75",current,0.05,1.5091629028320312,0.330555260181427,0.9545787572860718,0.7396097183227539,2.519991397857666
f60_a3_p08,pku_round0_00209,"0.25,0.75",current,0.1,1.5279186964035034,0.4124736785888672,0.8973879814147949,0.7504339218139648,2.6127805709838867
f60_a3_p08,pku_round0_00209,"0.25,0.75",current,0.25,1.601038932800293,0.5480372905731201,0.7683260440826416,0.7770524024963379,2.9024198055267334
f60_a3_p08,pku_round0_00209,"0.25,0.75",current,0.5,1.7547696828842163,0.6685745120048523,0.6240694522857666,0.8097612857818604,3.4141488075256348
f60_a3_p08,pku_round0_00209,"0.25,0.75",current,0.75,1.9310262203216553,0.7358207702636719,0.5270429849624634,0.8331542015075684,3.9503390789031982
f60_a3_p08,pku_round0_00209,"0.25,0.75",current,1.0,2.120664596557617,0.7783899307250977,0.45736509561538696,0.850496232509613,4.502130508422852
f60_a3_p08,pku_round0_00209,"0.25,0.75",current,1.5,2.5238561630249023,0.8291358947753906,0.3648381233215332,0.8745077252388,5.63346004486084
f60_a3_p08,pku_round0_00209,"0.25,0.75",current,2.0,2.9464354515075684,0.8590025901794434,0.30578553676605225,0.8903583884239197,6.785811424255371
f60_a3_p08,pku_round0_00209,"0.25,0.75",current,4.0,4.729090213775635,0.9129564762115479,0.18066325783729553,0.9314722418785095,11.475242614746094
f60_a3_p08,pku_round0_00209,"0.25,0.75",current,8.0,8.443310737609863,0.9366058111190796,0.08482227474451065,0.9696437120437622,20.954389572143555
f60_a3_p08,pku_round0_00209,"0.25,0.75",current,16.0,15.966498374938965,0.9421731233596802,0.03871093690395355,0.9843669533729553,39.97865295410156
f60_a3_p08,pku_round0_00209,"0.25,0.75",normalized,0.0,1.4965304136276245,-0.33503222465515137,1.026343822479248,0.726514458656311,2.429358720779419
f60_a3_p08,pku_round0_00209,"0.25,0.75",normalized,0.001,1.496198296546936,-0.3288711905479431,1.0263066291809082,0.7265374064445496,2.428720235824585
f60_a3_p08,pku_round0_00209,"0.25,0.75",normalized,0.01,1.493457555770874,-0.2828316390514374,1.0262045860290527,0.7266644239425659,2.4230732917785645
f60_a3_p08,pku_round0_00209,"0.25,0.75",normalized,0.05,1.4845082759857178,-0.18260762095451355,1.0291788578033447,0.726157546043396,2.399991989135742
f60_a3_p08,pku_round0_00209,"0.25,0.75",normalized,0.1,1.4768011569976807,-0.1314564347267151,1.0368086099624634,0.7245490550994873,2.3752548694610596
f60_a3_p08,pku_round0_00209,"0.25,0.75",normalized,0.25,1.4630475044250488,-0.06210213154554367,1.065718412399292,0.718458890914917,2.3219358921051025
f60_a3_p08,pku_round0_00209,"0.25,0.75",normalized,0.5,1.4544131755828857,-0.014470599591732025,1.1122606992721558,0.7086535692214966,2.276099443435669
f60_a3_p08,pku_round0_00209,"0.25,0.75",normalized,0.75,1.453575611114502,0.005088888108730316,1.1523067951202393,0.7002511620521545,2.257336378097534
f60_a3_p08,pku_round0_00209,"0.25,0.75",normalized,1.0,1.4560678005218506,0.013687055557966232,1.1864283084869385,0.6930644512176514,2.251065254211426
f60_a3_p08,pku_round0_00209,"0.25,0.75",normalized,1.5,1.4645392894744873,0.018588539212942123,1.2408819198608398,0.6817293167114258,2.2533843517303467
f60_a3_p08,pku_round0_00209,"0.25,0.75",normalized,2.0,1.4738092422485352,0.0180886872112751,1.2820969820022583,0.6733182072639465,2.261937141418457
f60_a3_p08,pku_round0_00209,"0.25,0.75",normalized,4.0,1.5026543140411377,0.010981081984937191,1.3784022331237793,0.6552437543869019,2.295048475265503
f60_a3_p08,pku_round0_00209,"0.25,0.75",normalized,8.0,1.531036376953125,0.004528757184743881,1.4544949531555176,0.6422715783119202,2.3282651901245117
f60_a3_p08,pku_round0_00209,"0.25,0.75",normalized,16.0,1.551826000213623,0.001486180815845728,1.5042492151260376,0.6336474418640137,2.3516855239868164
f60_a3_p08,pku_round0_00209,"0.25,0.75",normalized,guide_only,1.5793836116790771,,1.5648897886276245,0.6232861876487732,2.3812737464904785
f60_a3_p09,pku_round0_00217,"0.25,0.75",current,0.0,1.1761835813522339,-0.16032356023788452,0.9255562424659729,0.7407091856002808,2.3869950771331787
f60_a3_p09,pku_round0_00217,"0.25,0.75",current,0.001,1.1760283708572388,-0.15049424767494202,0.9236981868743896,0.7410181760787964,2.388789653778076
f60_a3_p09,pku_round0_00217,"0.25,0.75",current,0.01,1.1750173568725586,-0.07882969826459885,0.9080542922019958,0.7435645461082458,2.4049715995788574
f60_a3_p09,pku_round0_00217,"0.25,0.75",current,0.05,1.1753792762756348,0.06942100077867508,0.8543094992637634,0.7525514364242554,2.4775633811950684
f60_a3_p09,pku_round0_00217,"0.25,0.75",current,0.1,1.1809815168380737,0.14646266400814056,0.8054863810539246,0.7609847784042358,2.5697455406188965
f60_a3_p09,pku_round0_00217,"0.25,0.75",current,0.25,1.2123916149139404,0.25766661763191223,0.704645037651062,0.7806777954101562,2.8545103073120117
f60_a3_p09,pku_round0_00217,"0.25,0.75",current,0.5,1.2893493175506592,0.3480120301246643,0.5976666212081909,0.8040049076080322,3.3497982025146484
f60_a3_p09,pku_round0_00217,"0.25,0.75",current,0.75,1.383505940437317,0.401730477809906,0.524630606174469,0.8203831315040588,3.86257004737854
f60_a3_p09,pku_round0_00217,"0.25,0.75",current,1.0,1.4889750480651855,0.4401973783969879,0.4688910245895386,0.8344312906265259,4.38682222366333
f60_a3_p09,pku_round0_00217,"0.25,0.75",current,1.5,1.7233506441116333,0.4931075870990753,0.3853781223297119,0.8589690923690796,5.456608772277832
f60_a3_p09,pku_round0_00217,"0.25,0.75",current,2.0,1.9788177013397217,0.526216447353363,0.32439592480659485,0.8796963691711426,6.543186664581299
f60_a3_p09,pku_round0_00217,"0.25,0.75",current,4.0,3.096414089202881,0.5794378519058228,0.19296634197235107,0.9283970594406128,10.956653594970703
f60_a3_p09,pku_round0_00217,"0.25,0.75",current,8.0,5.474971294403076,0.6030554175376892,0.09232509136199951,0.9665405750274658,19.871505737304688
f60_a3_p09,pku_round0_00217,"0.25,0.75",current,16.0,10.338052749633789,0.610334575176239,0.03106040321290493,0.9887921214103699,37.761314392089844
f60_a3_p09,pku_round0_00217,"0.25,0.75",normalized,0.0,1.1761835813522339,-0.4109508991241455,0.9255562424659729,0.7407091856002808,2.3869950771331787
f60_a3_p09,pku_round0_00217,"0.25,0.75",normalized,0.001,1.1757768392562866,-0.40253958106040955,0.9251770973205566,0.7407439351081848,2.3864030838012695
f60_a3_p09,pku_round0_00217,"0.25,0.75",normalized,0.01,1.1724447011947632,-0.34201493859291077,0.9224886298179626,0.7408813238143921,2.381160259246826
f60_a3_p09,pku_round0_00217,"0.25,0.75",normalized,0.05,1.161630392074585,-0.2221832126379013,0.9200489521026611,0.7400683164596558,2.3595848083496094
f60_a3_p09,pku_round0_00217,"0.25,0.75",normalized,0.1,1.1521544456481934,-0.16351723670959473,0.9254855513572693,0.7376077771186829,2.336132287979126
f60_a3_p09,pku_round0_00217,"0.25,0.75",normalized,0.25,1.134372591972351,-0.08555150777101517,0.9520530104637146,0.7298380136489868,2.2836081981658936
f60_a3_p09,pku_round0_00217,"0.25,0.75",normalized,0.5,1.1205378770828247,-0.03328607976436615,0.9960825443267822,0.7185617685317993,2.233198881149292
f60_a3_p09,pku_round0_00217,"0.25,0.75",normalized,0.75,1.1153514385223389,-0.011025704443454742,1.0334432125091553,0.7093983888626099,2.2071831226348877
f60_a3_p09,pku_round0_00217,"0.25,0.75",normalized,1.0,1.1140865087509155,-0.0003333892673254013,1.0647833347320557,0.7024919390678406,2.193411111831665
f60_a3_p09,pku_round0_00217,"0.25,0.75",normalized,1.5,1.1163779497146606,0.007694282103329897,1.1140823364257812,0.6929556131362915,2.1826436519622803
f60_a3_p09,pku_round0_00217,"0.25,0.75",normalized,2.0,1.120782494544983,0.00940113328397274,1.1510306596755981,0.6866597533226013,2.1810624599456787
f60_a3_p09,pku_round0_00217,"0.25,0.75",normalized,4.0,1.1375290155410767,0.006785338744521141,1.23689603805542,0.6730188727378845,2.191330909729004
f60_a3_p09,pku_round0_00217,"0.25,0.75",normalized,8.0,1.155571460723877,0.0029403958469629288,1.304598331451416,0.6625478267669678,2.2079451084136963
f60_a3_p09,pku_round0_00217,"0.25,0.75",normalized,16.0,1.169206142425537,0.0009831339120864868,1.348768711090088,0.655735194683075,2.2212536334991455
f60_a3_p09,pku_round0_00217,"0.25,0.75",normalized,guide_only,1.1875883340835571,,1.4023926258087158,0.6473801732063293,2.239255666732788
f60_a3_p10,pku_round0_00233,"0.25,0.75",current,0.0,1.3107327222824097,0.1796857714653015,0.8566526770591736,0.7718589901924133,2.495471954345703
f60_a3_p10,pku_round0_00233,"0.25,0.75",current,0.001,1.3109153509140015,0.18551498651504517,0.8550615906715393,0.7721375823020935,2.497307777404785
f60_a3_p10,pku_round0_00233,"0.25,0.75",current,0.01,1.3127933740615845,0.2293030321598053,0.8412904739379883,0.7745317816734314,2.513864517211914
f60_a3_p10,pku_round0_00233,"0.25,0.75",current,0.05,1.3243188858032227,0.33138638734817505,0.789254367351532,0.7838904857635498,2.5881385803222656
f60_a3_p10,pku_round0_00233,"0.25,0.75",current,0.1,1.3426073789596558,0.39482349157333374,0.7373555898666382,0.7937536239624023,2.6824698448181152
f60_a3_p10,pku_round0_00233,"0.25,0.75",current,0.25,1.410620093345642,0.5004673600196838,0.624446451663971,0.8176034092903137,2.9740331172943115
f60_a3_p10,pku_round0_00233,"0.25,0.75",current,0.5,1.5486795902252197,0.5940554141998291,0.502935528755188,0.8461438417434692,3.4819066524505615
f60_a3_p10,pku_round0_00233,"0.25,0.75",current,0.75,1.7044306993484497,0.6476406455039978,0.42220911383628845,0.8657209277153015,4.0086894035339355
f60_a3_p10,pku_round0_00233,"0.25,0.75",current,1.0,1.870927095413208,0.682020902633667,0.36478495597839355,0.8798769116401672,4.548056602478027
f60_a3_p10,pku_round0_00233,"0.25,0.75",current,1.5,2.223257064819336,0.7230374813079834,0.28985604643821716,0.8980603218078613,5.65024995803833
f60_a3_p10,pku_round0_00233,"0.25,0.75",current,2.0,2.591259717941284,0.7473477125167847,0.2438056766986847,0.9102423191070557,6.770952224731445
f60_a3_p10,pku_round0_00233,"0.25,0.75",current,4.0,4.155388355255127,0.8059022426605225,0.15619386732578278,0.9371604919433594,11.327428817749023
f60_a3_p10,pku_round0_00233,"0.25,0.75",current,8.0,7.427958965301514,0.8236950635910034,0.09468000382184982,0.9622268676757812,20.536117553710938
f60_a3_p10,pku_round0_00233,"0.25,0.75",current,16.0,14.04003620147705,0.8281211853027344,0.051541559398174286,0.9798533916473389,39.0184440612793
f60_a3_p10,pku_round0_00233,"0.25,0.75",normalized,0.0,1.3107327222824097,-0.2743944227695465,0.8566526770591736,0.7718589901924133,2.495471954345703
f60_a3_p10,pku_round0_00233,"0.25,0.75",normalized,0.001,1.3104609251022339,-0.26966071128845215,0.8566022515296936,0.7718656063079834,2.4948127269744873
f60_a3_p10,pku_round0_00233,"0.25,0.75",normalized,0.01,1.3081989288330078,-0.23512479662895203,0.8564220666885376,0.7718467116355896,2.4889748096466064
f60_a3_p10,pku_round0_00233,"0.25,0.75",normalized,0.05,1.30048668384552,-0.16371604800224304,0.8595473170280457,0.7711061835289001,2.4648938179016113
f60_a3_p10,pku_round0_00233,"0.25,0.75",normalized,0.1,1.2933326959609985,-0.12625277042388916,0.867372453212738,0.7694661617279053,2.4386088848114014
f60_a3_p10,pku_round0_00233,"0.25,0.75",normalized,0.25,1.2791029214859009,-0.07068879902362823,0.8956875205039978,0.7640613317489624,2.3792266845703125
f60_a3_p10,pku_round0_00233,"0.25,0.75",normalized,0.5,1.267424464225769,-0.02867920696735382,0.9394189119338989,0.7559442520141602,2.3212711811065674
f60_a3_p10,pku_round0_00233,"0.25,0.75",normalized,0.75,1.2629213333129883,-0.00963081419467926,0.9753708839416504,0.7490724325180054,2.290679693222046
f60_a3_p10,pku_round0_00233,"0.25,0.75",normalized,1.0,1.2618381977081299,-6.404519081115723e-05,1.0049810409545898,0.7432551383972168,2.2740283012390137
f60_a3_p10,pku_round0_00233,"0.25,0.75",normalized,1.5,1.2641737461090088,0.007859095931053162,1.050695776939392,0.7338540554046631,2.2601001262664795
f60_a3_p10,pku_round0_00233,"0.25,0.75",normalized,2.0,1.268789291381836,0.010073207318782806,1.0839017629623413,0.7267372012138367,2.256983995437622
f60_a3_p10,pku_round0_00233,"0.25,0.75",normalized,4.0,1.2874231338500977,0.007632166147232056,1.155125617980957,0.7140339016914368,2.265486001968384
f60_a3_p10,pku_round0_00233,"0.25,0.75",normalized,8.0,1.3073601722717285,0.0031743617728352547,1.2071665525436401,0.70621258020401,2.2817907333374023
f60_a3_p10,pku_round0_00233,"0.25,0.75",normalized,16.0,1.3217947483062744,0.0010208054445683956,1.2405153512954712,0.7008192539215088,2.2952029705047607
f60_a3_p10,pku_round0_00233,"0.25,0.75",normalized,guide_only,1.340431571006775,,1.2807151079177856,0.69405198097229,2.3135485649108887
f60_a3_p11,pku_round0_00250,"0.25,0.75",current,0.0,1.2270382642745972,1.0672149658203125,0.8880351781845093,0.7854651212692261,2.401293992996216
f60_a3_p11,pku_round0_00250,"0.25,0.75",current,0.001,1.2281172275543213,1.089983582496643,0.8866004347801208,0.7858182191848755,2.4027860164642334
f60_a3_p11,pku_round0_00250,"0.25,0.75",current,0.01,1.2386999130249023,1.249220848083496,0.8741045594215393,0.7886207103729248,2.416261672973633
f60_a3_p11,pku_round0_00250,"0.25,0.75",current,0.05,1.2950774431228638,1.5015528202056885,0.8293133974075317,0.7968325614929199,2.477114200592041
f60_a3_p11,pku_round0_00250,"0.25,0.75",current,0.1,1.3726660013198853,1.5906323194503784,0.7890980839729309,0.8037342429161072,2.5552797317504883
f60_a3_p11,pku_round0_00250,"0.25,0.75",current,0.25,1.6220999956130981,1.7213183641433716,0.7036677002906799,0.8185226917266846,2.802213191986084
f60_a3_p11,pku_round0_00250,"0.25,0.75",current,0.5,2.0694735050201416,1.847528338432312,0.6079341769218445,0.8368526101112366,3.246788740158081
f60_a3_p11,pku_round0_00250,"0.25,0.75",current,0.75,2.543351173400879,1.9407532215118408,0.5435133576393127,0.8460103869438171,3.72049880027771
f60_a3_p11,pku_round0_00250,"0.25,0.75",current,1.0,3.0380327701568604,2.011850118637085,0.48800405859947205,0.8564484715461731,4.213497161865234
f60_a3_p11,pku_round0_00250,"0.25,0.75",current,1.5,4.064626216888428,2.083961009979248,0.40028640627861023,0.8780720829963684,5.234722137451172
f60_a3_p11,pku_round0_00250,"0.25,0.75",current,2.0,5.116693019866943,2.1215879917144775,0.34041526913642883,0.8924092650413513,6.283219814300537
f60_a3_p11,pku_round0_00250,"0.25,0.75",current,4.0,9.440279006958008,2.186412811279297,0.20240049064159393,0.9242105484008789,10.583852767944336
f60_a3_p11,pku_round0_00250,"0.25,0.75",current,8.0,18.246225357055664,2.2099452018737793,0.11268843710422516,0.9561377763748169,19.321990966796875
f60_a3_p11,pku_round0_00250,"0.25,0.75",current,16.0,35.963932037353516,2.2171411514282227,0.05953952670097351,0.9771283268928528,36.890010833740234
f60_a3_p11,pku_round0_00250,"0.25,0.75",normalized,0.0,1.2270382642745972,0.7282117605209351,0.8880351781845093,0.7854651212692261,2.401293992996216
f60_a3_p11,pku_round0_00250,"0.25,0.75",normalized,0.001,1.2277764081954956,0.7481048107147217,0.8880795240402222,0.7855464816093445,2.400385618209839
f60_a3_p11,pku_round0_00250,"0.25,0.75",normalized,0.01,1.2351609468460083,0.8802118897438049,0.8885819911956787,0.7859448790550232,2.392338514328003
f60_a3_p11,pku_round0_00250,"0.25,0.75",normalized,0.05,1.2744743824005127,1.0217410326004028,0.8963783979415894,0.7842410802841187,2.359156370162964
f60_a3_p11,pku_round0_00250,"0.25,0.75",normalized,0.1,1.3251566886901855,0.9971771836280823,0.9137910008430481,0.7800007462501526,2.322981595993042
f60_a3_p11,pku_round0_00250,"0.25,0.75",normalized,0.25,1.4641528129577637,0.8559023141860962,0.9725041389465332,0.7661392688751221,2.2417707443237305
f60_a3_p11,pku_round0_00250,"0.25,0.75",normalized,0.5,1.6527307033538818,0.6633642911911011,1.0582659244537354,0.7461172342300415,2.1645259857177734
f60_a3_p11,pku_round0_00250,"0.25,0.75",normalized,0.75,1.800169587135315,0.5233222246170044,1.1228011846542358,0.729631245136261,2.1259992122650146
f60_a3_p11,pku_round0_00250,"0.25,0.75",normalized,1.0,1.9174602031707764,0.4202457070350647,1.173653244972229,0.7175171375274658,2.106748580932617
f60_a3_p11,pku_round0_00250,"0.25,0.75",normalized,1.5,2.0909688472747803,0.2863963842391968,1.2541944980621338,0.7003527879714966,2.093888998031616
f60_a3_p11,pku_round0_00250,"0.25,0.75",normalized,2.0,2.21287202835083,0.2075985074043274,1.3175132274627686,0.6870065927505493,2.0944063663482666
f60_a3_p11,pku_round0_00250,"0.25,0.75",normalized,4.0,2.474065065383911,0.08236315846443176,1.4772363901138306,0.6535546183586121,2.1167707443237305
f60_a3_p11,pku_round0_00250,"0.25,0.75",normalized,8.0,2.6642444133758545,0.02749030292034149,1.6154279708862305,0.6270789504051208,2.146888017654419
f60_a3_p11,pku_round0_00250,"0.25,0.75",normalized,16.0,2.78372859954834,0.008119374513626099,1.7108665704727173,0.6090737581253052,2.1700003147125244
f60_a3_p11,pku_round0_00250,"0.25,0.75",normalized,guide_only,2.926274061203003,,1.831458330154419,0.5866684317588806,2.2005527019500732
f60_a4_p00,pku_round0_00058,"0.00,1.00",current,0.0,1.5965498685836792,-0.1280004382133484,1.3259984254837036,0.6929842829704285,2.39994478225708
f60_a4_p00,pku_round0_00058,"0.00,1.00",current,0.001,1.5964269638061523,-0.11850115656852722,1.323456048965454,0.6933668851852417,2.4018287658691406
f60_a4_p00,pku_round0_00058,"0.00,1.00",current,0.01,1.595709204673767,-0.04419926926493645,1.3009077310562134,0.697077751159668,2.4188170433044434
f60_a4_p00,pku_round0_00058,"0.00,1.00",current,0.05,1.5982871055603027,0.14779186248779297,1.208553671836853,0.7117564678192139,2.4949591159820557
f60_a4_p00,pku_round0_00058,"0.00,1.00",current,0.1,1.6091594696044922,0.27719801664352417,1.110037088394165,0.7275001406669617,2.5915210247039795
f60_a4_p00,pku_round0_00058,"0.00,1.00",current,0.25,1.669126033782959,0.4982430040836334,0.8902969360351562,0.7649894952774048,2.8892223834991455
f60_a4_p00,pku_round0_00058,"0.00,1.00",current,0.5,1.8198325634002686,0.6841850280761719,0.6619250774383545,0.8089231252670288,3.4057610034942627
f60_a4_p00,pku_round0_00058,"0.00,1.00",current,0.75,2.0037522315979004,0.7775231599807739,0.5241666436195374,0.8381235003471375,3.9392638206481934
f60_a4_p00,pku_round0_00058,"0.00,1.00",current,1.0,2.2052528858184814,0.8298828601837158,0.43564093112945557,0.8582766652107239,4.483484268188477
f60_a4_p00,pku_round0_00058,"0.00,1.00",current,1.5,2.635364055633545,0.88330078125,0.3321285843849182,0.8857591152191162,5.590918064117432
f60_a4_p00,pku_round0_00058,"0.00,1.00",current,2.0,3.0842413902282715,0.9096455574035645,0.27356183528900146,0.9044613838195801,6.712775230407715
f60_a4_p00,pku_round0_00058,"0.00,1.00",current,4.0,4.9527201652526855,0.9503167867660522,0.16653388738632202,0.9399313926696777,11.2558012008667
f60_a4_p00,pku_round0_00058,"0.00,1.00",current,8.0,8.806473731994629,0.9706254005432129,0.0868164524435997,0.9650470614433289,20.4129695892334
f60_a4_p00,pku_round0_00058,"0.00,1.00",current,16.0,16.598684310913086,0.9756787419319153,0.04541310295462608,0.9825617671012878,38.77528381347656
f60_a4_p00,pku_round0_00058,"0.00,1.00",normalized,0.0,1.5965498685836792,-0.39855194091796875,1.3259984254837036,0.6929842829704285,2.39994478225708
f60_a4_p00,pku_round0_00058,"0.00,1.00",normalized,0.001,1.5961552858352661,-0.3907703757286072,1.3260377645492554,0.693007230758667,2.3994295597076416
f60_a4_p00,pku_round0_00058,"0.00,1.00",normalized,0.01,1.5929150581359863,-0.33259904384613037,1.326257586479187,0.6935175657272339,2.3948686122894287
f60_a4_p00,pku_round0_00058,"0.00,1.00",normalized,0.05,1.5824955701828003,-0.21224063634872437,1.3263797760009766,0.6947059035301208,2.3761515617370605
f60_a4_p00,pku_round0_00058,"0.00,1.00",normalized,0.1,1.573441505432129,-0.15684640407562256,1.3277099132537842,0.6950933337211609,2.3559281826019287
f60_a4_p00,pku_round0_00058,"0.00,1.00",normalized,0.25,1.556011438369751,-0.08637851476669312,1.3381264209747314,0.6942965388298035,2.311377763748169
f60_a4_p00,pku_round0_00058,"0.00,1.00",normalized,0.5,1.5413358211517334,-0.0384010374546051,1.3599002361297607,0.6923729777336121,2.270507335662842
f60_a4_p00,pku_round0_00058,"0.00,1.00",normalized,0.75,1.5346426963806152,-0.017717957496643066,1.3802109956741333,0.6901418566703796,2.2510080337524414
f60_a4_p00,pku_round0_00058,"0.00,1.00",normalized,1.0,1.5316239595413208,-0.007551312446594238,1.397904396057129,0.6878251433372498,2.2417421340942383
f60_a4_p00,pku_round0_00058,"0.00,1.00",normalized,1.5,1.530321717262268,0.0007064193487167358,1.4262269735336304,0.6838396787643433,2.2363669872283936
f60_a4_p00,pku_round0_00058,"0.00,1.00",normalized,2.0,1.5314149856567383,0.003173278644680977,1.447485089302063,0.6806653141975403,2.2375917434692383
f60_a4_p00,pku_round0_00058,"0.00,1.00",normalized,4.0,1.5386309623718262,0.0032261451706290245,1.496188759803772,0.6730806231498718,2.2511606216430664
f60_a4_p00,pku_round0_00058,"0.00,1.00",normalized,8.0,1.5474865436553955,0.0014717248268425465,1.533809781074524,0.6672909259796143,2.2681078910827637
f60_a4_p00,pku_round0_00058,"0.00,1.00",normalized,16.0,1.5543551445007324,0.0004974952898919582,1.5581443309783936,0.6636863946914673,2.2808992862701416
f60_a4_p00,pku_round0_00058,"0.00,1.00",normalized,guide_only,1.5636842250823975,,1.5876965522766113,0.6593259572982788,2.297696828842163
f60_a4_p01,pku_round0_00094,"0.00,1.00",current,0.0,1.798572301864624,2.354478120803833,1.2033889293670654,0.6646784543991089,2.4913198947906494
f60_a4_p01,pku_round0_00094,"0.00,1.00",current,0.001,1.800933837890625,2.3687446117401123,1.2011866569519043,0.665077805519104,2.492976427078247
f60_a4_p01,pku_round0_00094,"0.00,1.00",current,0.01,1.8227359056472778,2.4683072566986084,1.1821191310882568,0.668440043926239,2.507918357849121
f60_a4_p01,pku_round0_00094,"0.00,1.00",current,0.05,1.9258108139038086,2.6480982303619385,1.1113520860671997,0.6807065010070801,2.5750656127929688
f60_a4_p01,pku_round0_00094,"0.00,1.00",current,0.1,2.060859203338623,2.74646258354187,1.0411027669906616,0.6941804885864258,2.660597324371338
f60_a4_p01,pku_round0_00094,"0.00,1.00",current,0.25,2.487640142440796,2.927542209625244,0.8844078183174133,0.7270942330360413,2.9264373779296875
f60_a4_p01,pku_round0_00094,"0.00,1.00",current,0.5,3.2431039810180664,3.0988118648529053,0.7151170969009399,0.7684924602508545,3.393402099609375
f60_a4_p01,pku_round0_00094,"0.00,1.00",current,0.75,4.031313896179199,3.199070692062378,0.6030517220497131,0.7974235415458679,3.8813018798828125
f60_a4_p01,pku_round0_00094,"0.00,1.00",current,1.0,4.839760780334473,3.2641897201538086,0.5209665894508362,0.8215616941452026,4.383407115936279
f60_a4_p01,pku_round0_00094,"0.00,1.00",current,1.5,6.4931230545043945,3.340610980987549,0.40605705976486206,0.858098566532135,5.414686679840088
f60_a4_p01,pku_round0_00094,"0.00,1.00",current,2.0,8.174498558044434,3.380910873413086,0.3291972577571869,0.8812025189399719,6.467798709869385
f60_a4_p01,pku_round0_00094,"0.00,1.00",current,4.0,15.00383472442627,3.4340364933013916,0.18256494402885437,0.930801510810852,10.769580841064453
f60_a4_p01,pku_round0_00094,"0.00,1.00",current,8.0,28.79124641418457,3.4537761211395264,0.08313602954149246,0.9714474081993103,19.49195671081543
f60_a4_p01,pku_round0_00094,"0.00,1.00",current,16.0,56.44638442993164,3.458310604095459,0.033178139477968216,0.9899406433105469,37.01871871948242
f60_a4_p01,pku_round0_00094,"0.00,1.00",normalized,0.0,1.798572301864624,1.7592947483062744,1.2033889293670654,0.6646784543991089,2.4913198947906494
f60_a4_p01,pku_round0_00094,"0.00,1.00",normalized,0.001,1.8003357648849487,1.7677679061889648,1.2033241987228394,0.6647319197654724,2.490485668182373
f60_a4_p01,pku_round0_00094,"0.00,1.00",normalized,0.01,1.8164966106414795,1.8161141872406006,1.2031668424606323,0.6650193333625793,2.4830873012542725
f60_a4_p01,pku_round0_00094,"0.00,1.00",normalized,0.05,1.889334797859192,1.7949327230453491,1.2098462581634521,0.6643578410148621,2.452443838119507
f60_a4_p01,pku_round0_00094,"0.00,1.00",normalized,0.1,1.9762564897537231,1.6798416376113892,1.2246712446212769,0.6628821492195129,2.418724536895752
f60_a4_p01,pku_round0_00094,"0.00,1.00",normalized,0.25,2.2034406661987305,1.3627634048461914,1.2725533246994019,0.6571904420852661,2.3411500453948975
f60_a4_p01,pku_round0_00094,"0.00,1.00",normalized,0.5,2.4945878982543945,0.9944470524787903,1.3427982330322266,0.6491445899009705,2.26226806640625
f60_a4_p01,pku_round0_00094,"0.00,1.00",normalized,0.75,2.7113678455352783,0.7559718489646912,1.4008153676986694,0.6421818733215332,2.2178869247436523
f60_a4_p01,pku_round0_00094,"0.00,1.00",normalized,1.0,2.878865957260132,0.5937797427177429,1.4493892192840576,0.6369901895523071,2.1917035579681396
f60_a4_p01,pku_round0_00094,"0.00,1.00",normalized,1.5,3.1207423210144043,0.39415258169174194,1.5261644124984741,0.6288405060768127,2.165874481201172
f60_a4_p01,pku_round0_00094,"0.00,1.00",normalized,2.0,3.2870538234710693,0.2807301878929138,1.5840603113174438,0.6222202181816101,2.155933141708374
f60_a4_p01,pku_round0_00094,"0.00,1.00",normalized,4.0,3.6331140995025635,0.10673856735229492,1.719319224357605,0.6071817278862,2.1539158821105957
f60_a4_p01,pku_round0_00094,"0.00,1.00",normalized,8.0,3.8751392364501953,0.03431864082813263,1.8261147737503052,0.5951604247093201,2.1657726764678955
f60_a4_p01,pku_round0_00094,"0.00,1.00",normalized,16.0,4.0223917961120605,0.009874626994132996,1.8956841230392456,0.586776077747345,2.1775715351104736
f60_a4_p01,pku_round0_00094,"0.00,1.00",normalized,guide_only,4.192933082580566,,1.9799489974975586,0.5761815309524536,2.1949923038482666
f60_a4_p02,pku_round0_00115,"0.00,1.00",current,0.0,1.8027161359786987,1.0083348751068115,1.5344427824020386,0.6483332514762878,2.3357198238372803
f60_a4_p02,pku_round0_00115,"0.00,1.00",current,0.001,1.8037323951721191,1.024112343788147,1.531700849533081,0.648749828338623,2.337343454360962
f60_a4_p02,pku_round0_00115,"0.00,1.00",current,0.01,1.8135141134262085,1.1432794332504272,1.506983995437622,0.6523886322975159,2.351987361907959
f60_a4_p02,pku_round0_00115,"0.00,1.00",current,0.05,1.8656020164489746,1.417752981185913,1.4023513793945312,0.6688372492790222,2.4177844524383545
f60_a4_p02,pku_round0_00115,"0.00,1.00",current,0.1,1.9410128593444824,1.584606409072876,1.2894904613494873,0.6876475811004639,2.501569986343384
f60_a4_p02,pku_round0_00115,"0.00,1.00",current,0.25,2.201695442199707,1.86020827293396,1.0410839319229126,0.7337207794189453,2.7617809772491455
f60_a4_p02,pku_round0_00115,"0.00,1.00",current,0.5,2.6992428302764893,2.092268466949463,0.7849428653717041,0.7891170382499695,3.218000650405884
f60_a4_p02,pku_round0_00115,"0.00,1.00",current,0.75,3.238990306854248,2.2142388820648193,0.6233898997306824,0.8270020484924316,3.693483352661133
f60_a4_p02,pku_round0_00115,"0.00,1.00",current,1.0,3.802292823791504,2.2863759994506836,0.5130383968353271,0.8538681268692017,4.181739330291748
f60_a4_p02,pku_round0_00115,"0.00,1.00",current,1.5,4.967105865478516,2.362776517868042,0.3771706819534302,0.8876309394836426,5.182174205780029
f60_a4_p02,pku_round0_00115,"0.00,1.00",current,2.0,6.158897876739502,2.4007391929626465,0.3006438612937927,0.9080331325531006,6.201682090759277
f60_a4_p02,pku_round0_00115,"0.00,1.00",current,4.0,11.03827953338623,2.466567039489746,0.1605350822210312,0.9438439607620239,10.357060432434082
f60_a4_p02,pku_round0_00115,"0.00,1.00",current,8.0,20.965330123901367,2.4894094467163086,0.07614334672689438,0.9671638011932373,18.770267486572266
f60_a4_p02,pku_round0_00115,"0.00,1.00",current,16.0,40.91829299926758,2.4964845180511475,0.027965975925326347,0.989273726940155,35.66731643676758
f60_a4_p02,pku_round0_00115,"0.00,1.00",normalized,0.0,1.8027161359786987,0.7400615215301514,1.5344427824020386,0.6483332514762878,2.3357198238372803
f60_a4_p02,pku_round0_00115,"0.00,1.00",normalized,0.001,1.803462028503418,0.7517600059509277,1.5346097946166992,0.6483492851257324,2.335007905960083
f60_a4_p02,pku_round0_00115,"0.00,1.00",normalized,0.01,1.810619592666626,0.8319640159606934,1.5354822874069214,0.6484477519989014,2.328700065612793
f60_a4_p02,pku_round0_00115,"0.00,1.00",normalized,0.05,1.8466277122497559,0.9270251989364624,1.5339884757995605,0.6501350402832031,2.30265212059021
f60_a4_p02,pku_round0_00115,"0.00,1.00",normalized,0.1,1.8924607038497925,0.8981610536575317,1.5312354564666748,0.6521793007850647,2.2741544246673584
f60_a4_p02,pku_round0_00115,"0.00,1.00",normalized,0.25,2.0157556533813477,0.7468268871307373,1.5304791927337646,0.6561750769615173,2.2094244956970215
f60_a4_p02,pku_round0_00115,"0.00,1.00",normalized,0.5,2.1764464378356934,0.5519387722015381,1.5391565561294556,0.6592897772789001,2.145333766937256
f60_a4_p02,pku_round0_00115,"0.00,1.00",normalized,0.75,2.297104597091675,0.421781063079834,1.550789713859558,0.6597418189048767,2.1105618476867676
f60_a4_p02,pku_round0_00115,"0.00,1.00",normalized,1.0,2.390685796737671,0.33214104175567627,1.5625582933425903,0.6591519713401794,2.090869665145874
f60_a4_p02,pku_round0_00115,"0.00,1.00",normalized,1.5,2.526141881942749,0.22092539072036743,1.583882451057434,0.6570221781730652,2.0728697776794434
f60_a4_p02,pku_round0_00115,"0.00,1.00",normalized,2.0,2.6193859577178955,0.1574173867702484,1.6016652584075928,0.6549391150474548,2.067227602005005
f60_a4_p02,pku_round0_00115,"0.00,1.00",normalized,4.0,2.8133437633514404,0.05976448953151703,1.6476095914840698,0.6486892700195312,2.0714120864868164
f60_a4_p02,pku_round0_00115,"0.00,1.00",normalized,8.0,2.948683261871338,0.019162148237228394,1.687672734260559,0.644144594669342,2.085585355758667
f60_a4_p02,pku_round0_00115,"0.00,1.00",normalized,16.0,3.030813455581665,0.005501165986061096,1.7155369520187378,0.6414742469787598,2.0980775356292725
f60_a4_p02,pku_round0_00115,"0.00,1.00",normalized,guide_only,3.1256887912750244,,1.7512823343276978,0.6379209160804749,2.1157031059265137
f60_a4_p03,pku_round0_00123,"0.00,1.00",current,0.0,1.7737606763839722,1.5494771003723145,1.1350104808807373,0.6996224522590637,2.3971807956695557
f60_a4_p03,pku_round0_00123,"0.00,1.00",current,0.001,1.7753149271011353,1.5590534210205078,1.132962942123413,0.6999760270118713,2.398799419403076
f60_a4_p03,pku_round0_00123,"0.00,1.00",current,0.01,1.7896792888641357,1.6283377408981323,1.1155716180801392,0.7029850482940674,2.413410186767578
f60_a4_p03,pku_round0_00123,"0.00,1.00",current,0.05,1.858187198638916,1.7714903354644775,1.0529452562332153,0.7144411206245422,2.4791719913482666
f60_a4_p03,pku_round0_00123,"0.00,1.00",current,0.1,1.9490158557891846,1.8550416231155396,0.9912905097007751,0.7265043258666992,2.563163995742798
f60_a4_p03,pku_round0_00123,"0.00,1.00",current,0.25,2.2396364212036133,2.006866455078125,0.8513365983963013,0.7575319409370422,2.825498104095459
f60_a4_p03,pku_round0_00123,"0.00,1.00",current,0.5,2.76244854927063,2.1631383895874023,0.6853657960891724,0.8023241758346558,3.2892611026763916
f60_a4_p03,pku_round0_00123,"0.00,1.00",current,0.75,3.3168137073516846,2.265286445617676,0.5626756548881531,0.8370174169540405,3.7757837772369385
f60_a4_p03,pku_round0_00123,"0.00,1.00",current,1.0,3.8925182819366455,2.3362231254577637,0.4683331549167633,0.8652657270431519,4.277356147766113
f60_a4_p03,pku_round0_00123,"0.00,1.00",current,1.5,5.084611415863037,2.422536849975586,0.3370301127433777,0.9079079627990723,5.308460235595703
f60_a4_p03,pku_round0_00123,"0.00,1.00",current,2.0,6.308190822601318,2.4671149253845215,0.2564317286014557,0.9315038919448853,6.361623764038086
f60_a4_p03,pku_round0_00123,"0.00,1.00",current,4.0,11.323417663574219,2.534860134124756,0.11967608332633972,0.9642399549484253,10.662264823913574
f60_a4_p03,pku_round0_00123,"0.00,1.00",current,8.0,21.51988983154297,2.554375171661377,0.04031253978610039,0.9865918159484863,19.378135681152344
f60_a4_p03,pku_round0_00123,"0.00,1.00",current,16.0,41.96879959106445,2.556964874267578,0.01422205287963152,0.9963270425796509,36.88764572143555
f60_a4_p03,pku_round0_00123,"0.00,1.00",normalized,0.0,1.7737606763839722,0.9107269048690796,1.1350104808807373,0.6996224522590637,2.3971807956695557
f60_a4_p03,pku_round0_00123,"0.00,1.00",normalized,0.001,1.7746740579605103,0.9161832332611084,1.1347577571868896,0.6996490359306335,2.3964033126831055
f60_a4_p03,pku_round0_00123,"0.00,1.00",normalized,0.01,1.7830911874771118,0.9503049850463867,1.1331894397735596,0.6997606754302979,2.389514923095703
f60_a4_p03,pku_round0_00123,"0.00,1.00",normalized,0.05,1.8217692375183105,0.9633409380912781,1.1349685192108154,0.6990652084350586,2.361116409301758
f60_a4_p03,pku_round0_00123,"0.00,1.00",normalized,0.1,1.8687405586242676,0.9125931262969971,1.1441211700439453,0.6971691846847534,2.330148935317993
f60_a4_p03,pku_round0_00123,"0.00,1.00",normalized,0.25,1.99325430393219,0.7526890635490417,1.1778173446655273,0.6918118596076965,2.2603981494903564
f60_a4_p03,pku_round0_00123,"0.00,1.00",normalized,0.5,2.155592441558838,0.5598700046539307,1.2303842306137085,0.6869050860404968,2.192840576171875
f60_a4_p03,pku_round0_00123,"0.00,1.00",normalized,0.75,2.2785749435424805,0.43224966526031494,1.2754404544830322,0.6825664639472961,2.1575911045074463
f60_a4_p03,pku_round0_00123,"0.00,1.00",normalized,1.0,2.3749594688415527,0.3439099192619324,1.314321517944336,0.679173469543457,2.1386780738830566
f60_a4_p03,pku_round0_00123,"0.00,1.00",normalized,1.5,2.5164482593536377,0.2329329252243042,1.3782458305358887,0.6740352511405945,2.1233842372894287
f60_a4_p03,pku_round0_00123,"0.00,1.00",normalized,2.0,2.615468740463257,0.16842004656791687,1.4287195205688477,0.6687613129615784,2.1205408573150635
f60_a4_p03,pku_round0_00123,"0.00,1.00",normalized,4.0,2.826683282852173,0.06633439660072327,1.5552496910095215,0.6527851819992065,2.1324527263641357
f60_a4_p03,pku_round0_00123,"0.00,1.00",normalized,8.0,2.979217290878296,0.021946266293525696,1.6642791032791138,0.6379736065864563,2.1531262397766113
f60_a4_p03,pku_round0_00123,"0.00,1.00",normalized,16.0,3.0742831230163574,0.006437279284000397,1.7397016286849976,0.627308189868927,2.1698615550994873
f60_a4_p03,pku_round0_00123,"0.00,1.00",normalized,guide_only,3.1867945194244385,,1.835569143295288,0.6133304834365845,2.1925811767578125
f60_a4_p04,pku_round0_00126,"0.00,1.00",current,0.0,1.8162339925765991,-0.05020783841609955,1.55974543094635,0.6138819456100464,2.433950424194336
f60_a4_p04,pku_round0_00126,"0.00,1.00",current,0.001,1.8161885738372803,-0.040673017501831055,1.5574367046356201,0.6142348051071167,2.4359264373779297
f60_a4_p04,pku_round0_00126,"0.00,1.00",current,0.01,1.8161741495132446,0.03429517149925232,1.536755919456482,0.6173421740531921,2.4537346363067627
f60_a4_p04,pku_round0_00126,"0.00,1.00",current,0.05,1.8220272064208984,0.2331022322177887,1.449387788772583,0.6312246322631836,2.5334413051605225
f60_a4_p04,pku_round0_00126,"0.00,1.00",current,0.1,1.8372992277145386,0.3671351671218872,1.353460669517517,0.6472955942153931,2.634275436401367
f60_a4_p04,pku_round0_00126,"0.00,1.00",current,0.25,1.9114422798156738,0.5980792045593262,1.1345288753509521,0.6869156956672668,2.943607807159424
f60_a4_p04,pku_round0_00126,"0.00,1.00",current,0.5,2.090263843536377,0.8105989098548889,0.8959409594535828,0.7383414506912231,3.476166248321533
f60_a4_p04,pku_round0_00126,"0.00,1.00",current,0.75,2.309363603591919,0.9319111108779907,0.7376790642738342,0.7750009894371033,4.022769451141357
f60_a4_p04,pku_round0_00126,"0.00,1.00",current,1.0,2.5524022579193115,1.006760597229004,0.6256899833679199,0.8014923930168152,4.578335285186768
f60_a4_p04,pku_round0_00126,"0.00,1.00",current,1.5,3.079024076461792,1.0896527767181396,0.4808759093284607,0.8386774063110352,5.705618858337402
f60_a4_p04,pku_round0_00126,"0.00,1.00",current,2.0,3.6356821060180664,1.1329162120819092,0.39163994789123535,0.8644738793373108,6.84535551071167
f60_a4_p04,pku_round0_00126,"0.00,1.00",current,4.0,5.979771137237549,1.196035385131836,0.2254795879125595,0.9159899353981018,11.452975273132324
f60_a4_p04,pku_round0_00126,"0.00,1.00",current,8.0,10.832661628723145,1.222637414932251,0.10841363668441772,0.9623400568962097,20.73101806640625
f60_a4_p04,pku_round0_00126,"0.00,1.00",current,16.0,20.653982162475586,1.2304315567016602,0.04690920189023018,0.9830145835876465,39.329708099365234
f60_a4_p04,pku_round0_00126,"0.00,1.00",normalized,0.0,1.8162339925765991,-0.30669641494750977,1.55974543094635,0.6138819456100464,2.433950424194336
f60_a4_p04,pku_round0_00126,"0.00,1.00",normalized,0.001,1.8159313201904297,-0.2985048294067383,1.5601131916046143,0.6138114333152771,2.433492422103882
f60_a4_p04,pku_round0_00126,"0.00,1.00",normalized,0.01,1.8135368824005127,-0.23700641095638275,1.5630570650100708,0.6131632328033447,2.4294402599334717
f60_a4_p04,pku_round0_00126,"0.00,1.00",normalized,0.05,1.8071683645248413,-0.10689117014408112,1.5721560716629028,0.6112987995147705,2.4128012657165527
f60_a4_p04,pku_round0_00126,"0.00,1.00",normalized,0.1,1.8034400939941406,-0.05045697093009949,1.5812822580337524,0.6094136238098145,2.3947956562042236
f60_a4_p04,pku_round0_00126,"0.00,1.00",normalized,0.25,1.801234483718872,0.009592831134796143,1.6070556640625,0.6041707992553711,2.354886054992676
f60_a4_p04,pku_round0_00126,"0.00,1.00",normalized,0.5,1.8082979917526245,0.039966195821762085,1.6423008441925049,0.5992745757102966,2.317444086074829
f60_a4_p04,pku_round0_00126,"0.00,1.00",normalized,0.75,1.819303035736084,0.04603619873523712,1.669121503829956,0.5952184200286865,2.2987253665924072
f60_a4_p04,pku_round0_00126,"0.00,1.00",normalized,1.0,1.8307242393493652,0.04469230771064758,1.690229058265686,0.5917851328849792,2.289167642593384
f60_a4_p04,pku_round0_00126,"0.00,1.00",normalized,1.5,1.8512437343597412,0.03707144409418106,1.7215157747268677,0.5869227051734924,2.282247304916382
f60_a4_p04,pku_round0_00126,"0.00,1.00",normalized,2.0,1.8678785562515259,0.029716365039348602,1.743660807609558,0.5835767388343811,2.281785011291504
f60_a4_p04,pku_round0_00126,"0.00,1.00",normalized,4.0,1.9084248542785645,0.013657420873641968,1.7913342714309692,0.5761607885360718,2.290595054626465
f60_a4_p04,pku_round0_00126,"0.00,1.00",normalized,8.0,1.9410738945007324,0.004859883338212967,1.82569420337677,0.5711272954940796,2.3034462928771973
f60_a4_p04,pku_round0_00126,"0.00,1.00",normalized,16.0,1.962494134902954,0.001473667100071907,1.8468680381774902,0.567949116230011,2.3135123252868652
f60_a4_p04,pku_round0_00126,"0.00,1.00",normalized,guide_only,1.988665223121643,,1.8715215921401978,0.5644330978393555,2.32698130607605
f60_a4_p05,pku_round0_00146,"0.00,1.00",current,0.0,1.8375884294509888,0.6618973016738892,1.223818063735962,0.6770991086959839,2.3902499675750732
f60_a4_p05,pku_round0_00146,"0.00,1.00",current,0.001,1.8382608890533447,0.6827197670936584,1.2214975357055664,0.6775432229042053,2.391947031021118
f60_a4_p05,pku_round0_00146,"0.00,1.00",current,0.01,1.845139503479004,0.8364983201026917,1.201249599456787,0.6815218925476074,2.407261371612549
f60_a4_p05,pku_round0_00146,"0.00,1.00",current,0.05,1.8861072063446045,1.1512690782546997,1.1231296062469482,0.6964126825332642,2.4762237071990967
f60_a4_p05,pku_round0_00146,"0.00,1.00",current,0.1,1.9482837915420532,1.3216522932052612,1.0426021814346313,0.7124857902526855,2.5643787384033203
f60_a4_p05,pku_round0_00146,"0.00,1.00",current,0.25,2.1699917316436768,1.5961703062057495,0.8630024790763855,0.749861478805542,2.8401601314544678
f60_a4_p05,pku_round0_00146,"0.00,1.00",current,0.5,2.5968832969665527,1.7953146696090698,0.6822119355201721,0.7923575043678284,3.328697919845581
f60_a4_p05,pku_round0_00146,"0.00,1.00",current,0.75,3.061241388320923,1.911075234413147,0.5603913068771362,0.8268689513206482,3.841632127761841
f60_a4_p05,pku_round0_00146,"0.00,1.00",current,1.0,3.5490200519561768,1.9856350421905518,0.470139741897583,0.8546920418739319,4.370266914367676
f60_a4_p05,pku_round0_00146,"0.00,1.00",current,1.5,4.564497470855713,2.065624713897705,0.3517723083496094,0.887600839138031,5.455803394317627
f60_a4_p05,pku_round0_00146,"0.00,1.00",current,2.0,5.608215808868408,2.1054248809814453,0.2815631031990051,0.9057080149650574,6.563000202178955
f60_a4_p05,pku_round0_00146,"0.00,1.00",current,4.0,9.892199516296387,2.164135456085205,0.15503473579883575,0.9431195259094238,11.075421333312988
f60_a4_p05,pku_round0_00146,"0.00,1.00",current,8.0,18.59442901611328,2.1807126998901367,0.08346745371818542,0.9664044380187988,20.20655632019043
f60_a4_p05,pku_round0_00146,"0.00,1.00",current,16.0,36.062599182128906,2.18520450592041,0.05076973885297775,0.9770153164863586,38.53974533081055
f60_a4_p05,pku_round0_00146,"0.00,1.00",normalized,0.0,1.8375884294509888,0.048126935958862305,1.223818063735962,0.6770991086959839,2.3902499675750732
f60_a4_p05,pku_round0_00146,"0.00,1.00",normalized,0.001,1.8376456499099731,0.06629276275634766,1.22360098361969,0.6771783828735352,2.3895576000213623
f60_a4_p05,pku_round0_00146,"0.00,1.00",normalized,0.01,1.8388659954071045,0.1954667568206787,1.2219349145889282,0.6779142618179321,2.3834266662597656
f60_a4_p05,pku_round0_00146,"0.00,1.00",normalized,0.05,1.8520523309707642,0.4057468771934509,1.2201377153396606,0.6790289878845215,2.3583080768585205
f60_a4_p05,pku_round0_00146,"0.00,1.00",normalized,0.1,1.873997688293457,0.45983773469924927,1.2241542339324951,0.6789029240608215,2.3312532901763916
f60_a4_p05,pku_round0_00146,"0.00,1.00",normalized,0.25,1.9446824789047241,0.4657670259475708,1.2437574863433838,0.6755186319351196,2.272127866744995
f60_a4_p05,pku_round0_00146,"0.00,1.00",normalized,0.5,2.0521047115325928,0.3900805711746216,1.2910468578338623,0.6679068207740784,2.2191321849823
f60_a4_p05,pku_round0_00146,"0.00,1.00",normalized,0.75,2.140289306640625,0.31803399324417114,1.3395169973373413,0.662644624710083,2.195218086242676
f60_a4_p05,pku_round0_00146,"0.00,1.00",normalized,1.0,2.212451457977295,0.2617114782333374,1.3826285600662231,0.658588171005249,2.185133457183838
f60_a4_p05,pku_round0_00146,"0.00,1.00",normalized,1.5,2.322401285171509,0.18452250957489014,1.4530553817749023,0.6496744751930237,2.182321548461914
f60_a4_p05,pku_round0_00146,"0.00,1.00",normalized,2.0,2.4017796516418457,0.13653653860092163,1.5070314407348633,0.6419805288314819,2.187666893005371
f60_a4_p05,pku_round0_00146,"0.00,1.00",normalized,4.0,2.576509475708008,0.05584585666656494,1.6321731805801392,0.6234489679336548,2.2150840759277344
f60_a4_p05,pku_round0_00146,"0.00,1.00",normalized,8.0,2.7061216831207275,0.01879257708787918,1.7271180152893066,0.6086414456367493,2.2451729774475098
f60_a4_p05,pku_round0_00146,"0.00,1.00",normalized,16.0,2.7877864837646484,0.005543913692235947,1.7864664793014526,0.5989699959754944,2.2670435905456543
f60_a4_p05,pku_round0_00146,"0.00,1.00",normalized,guide_only,2.8848154544830322,,1.8556958436965942,0.588403046131134,2.29516863822937
f60_a4_p06,pku_round0_00198,"0.00,1.00",current,0.0,1.7959457635879517,0.04539373517036438,1.5595791339874268,0.5908989310264587,2.5222997665405273
f60_a4_p06,pku_round0_00198,"0.00,1.00",current,0.001,1.7959983348846436,0.05964522808790207,1.5571233034133911,0.5913276672363281,2.5242698192596436
f60_a4_p06,pku_round0_00198,"0.00,1.00",current,0.01,1.7970377206802368,0.16505731642246246,1.5354450941085815,0.5950174927711487,2.542025566101074
f60_a4_p06,pku_round0_00198,"0.00,1.00",current,0.05,1.8091602325439453,0.40514445304870605,1.4491198062896729,0.609058141708374,2.621527671813965
f60_a4_p06,pku_round0_00198,"0.00,1.00",current,0.1,1.8336756229400635,0.563976526260376,1.3575446605682373,0.6237295866012573,2.7221648693084717
f60_a4_p06,pku_round0_00198,"0.00,1.00",current,0.25,1.9410990476608276,0.8384449481964111,1.1439424753189087,0.6617598533630371,3.031273365020752
f60_a4_p06,pku_round0_00198,"0.00,1.00",current,0.5,2.183764696121216,1.0751006603240967,0.9062517881393433,0.7120447158813477,3.5646843910217285
f60_a4_p06,pku_round0_00198,"0.00,1.00",current,0.75,2.4695680141448975,1.1994987726211548,0.7523240447044373,0.7518793344497681,4.113674640655518
f60_a4_p06,pku_round0_00198,"0.00,1.00",current,1.0,2.779439926147461,1.2738842964172363,0.6446789503097534,0.7836219072341919,4.6729960441589355
f60_a4_p06,pku_round0_00198,"0.00,1.00",current,1.5,3.4399447441101074,1.3586089611053467,0.4993946850299835,0.8283984065055847,5.810919284820557
f60_a4_p06,pku_round0_00198,"0.00,1.00",current,2.0,4.131804943084717,1.4046136140823364,0.402784526348114,0.8602768778800964,6.964121341705322
f60_a4_p06,pku_round0_00198,"0.00,1.00",current,4.0,7.020761013031006,1.4668524265289307,0.21713943779468536,0.9213310480117798,11.638245582580566
f60_a4_p06,pku_round0_00198,"0.00,1.00",current,8.0,12.940237045288086,1.4867792129516602,0.10866710543632507,0.9572882056236267,21.066932678222656
f60_a4_p06,pku_round0_00198,"0.00,1.00",current,16.0,24.865066528320312,1.4926321506500244,0.05176166817545891,0.9806851744651794,39.97935485839844
f60_a4_p06,pku_round0_00198,"0.00,1.00",normalized,0.0,1.7959457635879517,-0.1909729391336441,1.5595791339874268,0.5908989310264587,2.5222997665405273
f60_a4_p06,pku_round0_00198,"0.00,1.00",normalized,0.001,1.7957608699798584,-0.1787208616733551,1.5596715211868286,0.590924084186554,2.521747589111328
f60_a4_p06,pku_round0_00198,"0.00,1.00",normalized,0.01,1.7945709228515625,-0.09204822778701782,1.5604968070983887,0.591028094291687,2.5168569087982178
f60_a4_p06,pku_round0_00198,"0.00,1.00",normalized,0.05,1.7947542667388916,0.06661510467529297,1.5657191276550293,0.5900784730911255,2.4966931343078613
f60_a4_p06,pku_round0_00198,"0.00,1.00",normalized,0.1,1.7999627590179443,0.1316368281841278,1.5732837915420532,0.5879272222518921,2.4746952056884766
f60_a4_p06,pku_round0_00198,"0.00,1.00",normalized,0.25,1.8243298530578613,0.1760576069355011,1.5926053524017334,0.5833821892738342,2.425018787384033
f60_a4_p06,pku_round0_00198,"0.00,1.00",normalized,0.5,1.8674203157424927,0.16328966617584229,1.6187137365341187,0.5792602896690369,2.3764562606811523
f60_a4_p06,pku_round0_00198,"0.00,1.00",normalized,0.75,1.905145525932312,0.1384803056716919,1.6405925750732422,0.577603280544281,2.3506717681884766
f60_a4_p06,pku_round0_00198,"0.00,1.00",normalized,1.0,1.9368880987167358,0.11612744629383087,1.6593706607818604,0.5764955878257751,2.3364980220794678
f60_a4_p06,pku_round0_00198,"0.00,1.00",normalized,1.5,1.9861183166503906,0.08320541679859161,1.6897618770599365,0.5740111470222473,2.3243680000305176
f60_a4_p06,pku_round0_00198,"0.00,1.00",normalized,2.0,2.0220260620117188,0.06192198395729065,1.713079810142517,0.5723443031311035,2.32137393951416
f60_a4_p06,pku_round0_00198,"0.00,1.00",normalized,4.0,2.101457357406616,0.025409124791622162,1.7683323621749878,0.5675271153450012,2.3276491165161133
f60_a4_p06,pku_round0_00198,"0.00,1.00",normalized,8.0,2.160409688949585,0.008544102311134338,1.8124877214431763,0.5632392764091492,2.3407702445983887
f60_a4_p06,pku_round0_00198,"0.00,1.00",normalized,16.0,2.1975347995758057,0.002520352602005005,1.8414722681045532,0.5603128671646118,2.351726770401001
f60_a4_p06,pku_round0_00198,"0.00,1.00",normalized,guide_only,2.2416727542877197,,1.8767908811569214,0.5564714670181274,2.366828441619873
f60_a4_p07,pku_round0_00203,"0.00,1.00",current,0.0,1.8498454093933105,-0.13642629981040955,1.1772397756576538,0.681938111782074,2.444537878036499
f60_a4_p07,pku_round0_00203,"0.00,1.00",current,0.001,1.8497153520584106,-0.12379738688468933,1.1752897500991821,0.6822690963745117,2.4462714195251465
f60_a4_p07,pku_round0_00203,"0.00,1.00",current,0.01,1.849052906036377,-0.02855750173330307,1.1583620309829712,0.6850878000259399,2.4619064331054688
f60_a4_p07,pku_round0_00203,"0.00,1.00",current,0.05,1.8530545234680176,0.19442938268184662,1.09255051612854,0.69718337059021,2.532142162322998
f60_a4_p07,pku_round0_00203,"0.00,1.00",current,0.1,1.8664531707763672,0.32938382029533386,1.0220898389816284,0.7101467251777649,2.6215598583221436
f60_a4_p07,pku_round0_00203,"0.00,1.00",current,0.25,1.9337455034255981,0.5422139763832092,0.8551973700523376,0.743430495262146,2.8992648124694824
f60_a4_p07,pku_round0_00203,"0.00,1.00",current,0.5,2.0933785438537598,0.712682843208313,0.6719813942909241,0.7830585241317749,3.386608123779297
f60_a4_p07,pku_round0_00203,"0.00,1.00",current,0.75,2.283297538757324,0.7983036041259766,0.5556310415267944,0.8126181960105896,3.8951807022094727
f60_a4_p07,pku_round0_00203,"0.00,1.00",current,1.0,2.4896817207336426,0.8488627672195435,0.4759432077407837,0.8347123861312866,4.4178032875061035
f60_a4_p07,pku_round0_00203,"0.00,1.00",current,1.5,2.929882764816284,0.9053815007209778,0.37317341566085815,0.8670018315315247,5.488959312438965
f60_a4_p07,pku_round0_00203,"0.00,1.00",current,2.0,3.390913963317871,0.9360781908035278,0.30768850445747375,0.890119194984436,6.5803399085998535
f60_a4_p07,pku_round0_00203,"0.00,1.00",current,4.0,5.322237014770508,0.9844927787780762,0.17437578737735748,0.9363970160484314,11.025403022766113
f60_a4_p07,pku_round0_00203,"0.00,1.00",current,8.0,9.321087837219238,1.0086342096328735,0.07622764259576797,0.9732939600944519,20.017982482910156
f60_a4_p07,pku_round0_00203,"0.00,1.00",current,16.0,17.419918060302734,1.0138825178146362,0.030114158987998962,0.986619234085083,38.072181701660156
f60_a4_p07,pku_round0_00203,"0.00,1.00",normalized,0.0,1.8498454093933105,-0.8090319633483887,1.1772397756576538,0.681938111782074,2.444537878036499
f60_a4_p07,pku_round0_00203,"0.00,1.00",normalized,0.001,1.849042534828186,-0.7967457175254822,1.177242636680603,0.6819424033164978,2.4438273906707764
f60_a4_p07,pku_round0_00203,"0.00,1.00",normalized,0.01,1.8423086404800415,-0.7047121524810791,1.1775747537612915,0.681864857673645,2.437530994415283
f60_a4_p07,pku_round0_00203,"0.00,1.00",normalized,0.05,1.8189619779586792,-0.4971235990524292,1.1827499866485596,0.6816365718841553,2.4115641117095947
f60_a4_p07,pku_round0_00203,"0.00,1.00",normalized,0.1,1.7972412109375,-0.3839740753173828,1.1915960311889648,0.6802049279212952,2.3832356929779053
f60_a4_p07,pku_round0_00203,"0.00,1.00",normalized,0.25,1.7529127597808838,-0.22981759905815125,1.219199538230896,0.6754814982414246,2.3194117546081543
f60_a4_p07,pku_round0_00203,"0.00,1.00",normalized,0.5,1.7110458612442017,-0.12093478441238403,1.2624996900558472,0.6678229570388794,2.2577385902404785
f60_a4_p07,pku_round0_00203,"0.00,1.00",normalized,0.75,1.6877752542495728,-0.07083511352539062,1.3012722730636597,0.6623145341873169,2.2258174419403076
f60_a4_p07,pku_round0_00203,"0.00,1.00",normalized,1.0,1.6737403869628906,-0.043982863426208496,1.3353818655014038,0.6574761271476746,2.2089016437530518
f60_a4_p07,pku_round0_00203,"0.00,1.00",normalized,1.5,1.659102201461792,-0.018581107258796692,1.3913229703903198,0.6496637463569641,2.1955838203430176
f60_a4_p07,pku_round0_00203,"0.00,1.00",normalized,2.0,1.6527726650238037,-0.008138179779052734,1.4345272779464722,0.6435068249702454,2.193446636199951
f60_a4_p07,pku_round0_00203,"0.00,1.00",normalized,4.0,1.6492971181869507,0.000965852290391922,1.5371143817901611,0.6282723546028137,2.20508074760437
f60_a4_p07,pku_round0_00203,"0.00,1.00",normalized,8.0,1.6547752618789673,0.0012468565255403519,1.6188268661499023,0.6162484884262085,2.2242202758789062
f60_a4_p07,pku_round0_00203,"0.00,1.00",normalized,16.0,1.6613670587539673,0.0005256531876511872,1.6722084283828735,0.6082316040992737,2.2395403385162354
f60_a4_p07,pku_round0_00203,"0.00,1.00",normalized,guide_only,1.6721397638320923,,1.7370096445083618,0.5984904170036316,2.2602241039276123
f60_a4_p08,pku_round0_00209,"0.00,1.00",current,0.0,1.4253443479537964,0.10415410995483398,0.9197282195091248,0.7422876954078674,2.4309139251708984
f60_a4_p08,pku_round0_00209,"0.00,1.00",current,0.001,1.425452709197998,0.11259309202432632,0.9183777570724487,0.7425687313079834,2.4326512813568115
f60_a4_p08,pku_round0_00209,"0.00,1.00",current,0.01,1.4267704486846924,0.1768798828125,0.9066440463066101,0.7449762225151062,2.4483304023742676
f60_a4_p08,pku_round0_00209,"0.00,1.00",current,0.05,1.4372808933258057,0.3235759139060974,0.8617051243782043,0.7538658380508423,2.5189104080200195
f60_a4_p08,pku_round0_00209,"0.00,1.00",current,0.1,1.4556074142456055,0.40076199173927307,0.8164547085762024,0.762896716594696,2.60908579826355
f60_a4_p08,pku_round0_00209,"0.00,1.00",current,0.25,1.5248926877975464,0.5093258023262024,0.7163902521133423,0.7842609882354736,2.891026735305786
f60_a4_p08,pku_round0_00209,"0.00,1.00",current,0.5,1.6655209064483643,0.606940507888794,0.6031027436256409,0.8107854723930359,3.390528678894043
f60_a4_p08,pku_round0_00209,"0.00,1.00",current,0.75,1.8255336284637451,0.6693453788757324,0.5232561230659485,0.8297544717788696,3.9153947830200195
f60_a4_p08,pku_round0_00209,"0.00,1.00",current,1.0,1.9988034963607788,0.7147605419158936,0.463307648897171,0.844173789024353,4.456707954406738
f60_a4_p08,pku_round0_00209,"0.00,1.00",current,1.5,2.3733742237091064,0.7788599729537964,0.37734562158584595,0.8683587312698364,5.568966865539551
f60_a4_p08,pku_round0_00209,"0.00,1.00",current,2.0,2.7739920616149902,0.8207192420959473,0.3168834149837494,0.8858699202537537,6.703854084014893
f60_a4_p08,pku_round0_00209,"0.00,1.00",current,4.0,4.49814510345459,0.8862695693969727,0.1865847259759903,0.930998682975769,11.330044746398926
f60_a4_p08,pku_round0_00209,"0.00,1.00",current,8.0,8.115878105163574,0.916478157043457,0.10089896619319916,0.9640096426010132,20.691282272338867
f60_a4_p08,pku_round0_00209,"0.00,1.00",current,16.0,15.487893104553223,0.9237520694732666,0.04838307574391365,0.9828266501426697,39.48544692993164
f60_a4_p08,pku_round0_00209,"0.00,1.00",normalized,0.0,1.4253443479537964,-0.40146201848983765,0.9197282195091248,0.7422876954078674,2.4309139251708984
f60_a4_p08,pku_round0_00209,"0.00,1.00",normalized,0.001,1.424946904182434,-0.393520325422287,0.9197872877120972,0.742306113243103,2.4302210807800293
f60_a4_p08,pku_round0_00209,"0.00,1.00",normalized,0.01,1.421688437461853,-0.33378615975379944,0.9205015897750854,0.7423748970031738,2.4240894317626953
f60_a4_p08,pku_round0_00209,"0.00,1.00",normalized,0.05,1.4114000797271729,-0.20459654927253723,0.9266900420188904,0.741327702999115,2.3989622592926025
f60_a4_p08,pku_round0_00209,"0.00,1.00",normalized,0.1,1.402920126914978,-0.14234301447868347,0.9381838440895081,0.7387897968292236,2.371896266937256
f60_a4_p08,pku_round0_00209,"0.00,1.00",normalized,0.25,1.3883776664733887,-0.06358599662780762,0.9783206582069397,0.729752242565155,2.31282114982605
f60_a4_p08,pku_round0_00209,"0.00,1.00",normalized,0.5,1.3804347515106201,-0.008063584566116333,1.0410934686660767,0.7160928845405579,2.260352611541748
f60_a4_p08,pku_round0_00209,"0.00,1.00",normalized,0.75,1.3818291425704956,0.016043230891227722,1.0940126180648804,0.7045523524284363,2.23736834526062
f60_a4_p08,pku_round0_00209,"0.00,1.00",normalized,1.0,1.3873670101165771,0.02678394317626953,1.1383529901504517,0.695024311542511,2.228353977203369
f60_a4_p08,pku_round0_00209,"0.00,1.00",normalized,1.5,1.4026631116867065,0.03224295377731323,1.2076389789581299,0.6811438202857971,2.2275869846343994
f60_a4_p08,pku_round0_00209,"0.00,1.00",normalized,2.0,1.418460488319397,0.03040381520986557,1.2586827278137207,0.6714320182800293,2.2346181869506836
f60_a4_p08,pku_round0_00209,"0.00,1.00",normalized,4.0,1.46564519405365,0.01754145696759224,1.3727954626083374,0.6513011455535889,2.2660090923309326
f60_a4_p08,pku_round0_00209,"0.00,1.00",normalized,8.0,1.5101041793823242,0.006966819055378437,1.459808588027954,0.6362496018409729,2.2990312576293945
f60_a4_p08,pku_round0_00209,"0.00,1.00",normalized,16.0,1.5417324304580688,0.0022378647699952126,1.5166397094726562,0.6267732977867126,2.3226733207702637
f60_a4_p08,pku_round0_00209,"0.00,1.00",normalized,guide_only,1.582761526107788,,1.5866239070892334,0.6150082945823669,2.3527939319610596
f60_a4_p09,pku_round0_00217,"0.00,1.00",current,0.0,1.1761835813522339,-0.05847135931253433,0.9255562424659729,0.7407091856002808,2.3869950771331787
f60_a4_p09,pku_round0_00217,"0.00,1.00",current,0.001,1.1761306524276733,-0.047596246004104614,0.9237385392189026,0.7410018444061279,2.388761281967163
f60_a4_p09,pku_round0_00217,"0.00,1.00",current,0.01,1.1760846376419067,0.03242841362953186,0.9084225296974182,0.7435665726661682,2.404688596725464
f60_a4_p09,pku_round0_00217,"0.00,1.00",current,0.05,1.1813924312591553,0.20211827754974365,0.8553458452224731,0.7526669502258301,2.4761552810668945
f60_a4_p09,pku_round0_00217,"0.00,1.00",current,0.1,1.1939085721969604,0.2883814573287964,0.8062854409217834,0.7611056566238403,2.566946506500244
f60_a4_p09,pku_round0_00217,"0.00,1.00",current,0.25,1.2468044757843018,0.4000336229801178,0.7051251530647278,0.780592679977417,2.847644329071045
f60_a4_p09,pku_round0_00217,"0.00,1.00",current,0.5,1.3589211702346802,0.48757046461105347,0.5989281535148621,0.8042256832122803,3.3364570140838623
f60_a4_p09,pku_round0_00217,"0.00,1.00",current,0.75,1.4878644943237305,0.5405904650688171,0.5259336233139038,0.8208712935447693,3.843033790588379
f60_a4_p09,pku_round0_00217,"0.00,1.00",current,1.0,1.6280055046081543,0.5787417888641357,0.4697851836681366,0.8356411457061768,4.36129093170166
f60_a4_p09,pku_round0_00217,"0.00,1.00",current,1.5,1.9315502643585205,0.6312757730484009,0.3850874602794647,0.8628604412078857,5.419488906860352
f60_a4_p09,pku_round0_00217,"0.00,1.00",current,2.0,2.2560670375823975,0.664340615272522,0.32322585582733154,0.8833732008934021,6.494827747344971
f60_a4_p09,pku_round0_00217,"0.00,1.00",current,4.0,3.6562438011169434,0.7242525815963745,0.17775169014930725,0.935584306716919,10.864930152893066
f60_a4_p09,pku_round0_00217,"0.00,1.00",current,8.0,6.606775283813477,0.7438216209411621,0.08387012034654617,0.9670401811599731,19.69542121887207
f60_a4_p09,pku_round0_00217,"0.00,1.00",current,16.0,12.582429885864258,0.7486391663551331,0.039240315556526184,0.9851778149604797,37.41831588745117
f60_a4_p09,pku_round0_00217,"0.00,1.00",normalized,0.0,1.1761835813522339,-0.3090986907482147,0.9255562424659729,0.7407091856002808,2.3869950771331787
f60_a4_p09,pku_round0_00217,"0.00,1.00",normalized,0.001,1.1758792400360107,-0.29976654052734375,0.9252172112464905,0.7407275438308716,2.3863747119903564
f60_a4_p09,pku_round0_00217,"0.00,1.00",normalized,0.01,1.173505187034607,-0.23221951723098755,0.9228556156158447,0.740883469581604,2.3808798789978027
f60_a4_p09,pku_round0_00217,"0.00,1.00",normalized,0.05,1.1674095392227173,-0.09995207190513611,0.9212102293968201,0.7401552200317383,2.358243465423584
f60_a4_p09,pku_round0_00217,"0.00,1.00",normalized,0.1,1.1640074253082275,-0.04448041319847107,0.9269267320632935,0.7376404404640198,2.333587884902954
f60_a4_p09,pku_round0_00217,"0.00,1.00",normalized,0.25,1.162168264389038,0.008150279521942139,0.9545016884803772,0.7295509576797485,2.2781155109405518
f60_a4_p09,pku_round0_00217,"0.00,1.00",normalized,0.5,1.1678028106689453,0.031554944813251495,1.000968098640442,0.71810382604599,2.224304437637329
f60_a4_p09,pku_round0_00217,"0.00,1.00",normalized,0.75,1.1765323877334595,0.036792851984500885,1.0405434370040894,0.708655834197998,2.196019411087036
f60_a4_p09,pku_round0_00217,"0.00,1.00",normalized,1.0,1.1857529878616333,0.036465615034103394,1.0738221406936646,0.7015587091445923,2.18064546585083
f60_a4_p09,pku_round0_00217,"0.00,1.00",normalized,1.5,1.2028319835662842,0.031474605202674866,1.126328706741333,0.6919342875480652,2.1677956581115723
f60_a4_p09,pku_round0_00217,"0.00,1.00",normalized,2.0,1.217184066772461,0.026048433035612106,1.165785551071167,0.6850383281707764,2.1649422645568848
f60_a4_p09,pku_round0_00217,"0.00,1.00",normalized,4.0,1.2541002035140991,0.012900227680802345,1.2576682567596436,0.6697297096252441,2.1729860305786133
f60_a4_p09,pku_round0_00217,"0.00,1.00",normalized,8.0,1.285840392112732,0.004858887754380703,1.3302090167999268,0.6575765609741211,2.188380241394043
f60_a4_p09,pku_round0_00217,"0.00,1.00",normalized,16.0,1.3076435327529907,0.0015265783295035362,1.3775948286056519,0.6498450636863708,2.201077461242676
f60_a4_p09,pku_round0_00217,"0.00,1.00",normalized,guide_only,1.335323452949524,,1.435254454612732,0.6402732133865356,2.218489408493042
f60_a4_p10,pku_round0_00233,"0.00,1.00",current,0.0,1.3107327222824097,0.2049533575773239,0.8566526770591736,0.7718589901924133,2.495471954345703
f60_a4_p10,pku_round0_00233,"0.00,1.00",current,0.001,1.3109407424926758,0.21083970367908478,0.8550886511802673,0.772131085395813,2.4972758293151855
f60_a4_p10,pku_round0_00233,"0.00,1.00",current,0.01,1.3130481243133545,0.2549716532230377,0.8415653705596924,0.77448570728302,2.5135457515716553
f60_a4_p10,pku_round0_00233,"0.00,1.00",current,0.05,1.325598955154419,0.3566715717315674,0.7906030416488647,0.7836558222770691,2.5865628719329834
f60_a4_p10,pku_round0_00233,"0.00,1.00",current,0.1,1.3451197147369385,0.41886621713638306,0.7397854924201965,0.7933114767074585,2.679359197616577
f60_a4_p10,pku_round0_00233,"0.00,1.00",current,0.25,1.4165711402893066,0.5226723551750183,0.628623902797699,0.8166244029998779,2.9665424823760986
f60_a4_p10,pku_round0_00233,"0.00,1.00",current,0.5,1.5600870847702026,0.6157177686691284,0.5078433752059937,0.8445582389831543,3.46775484085083
f60_a4_p10,pku_round0_00233,"0.00,1.00",current,0.75,1.7212570905685425,0.6693466901779175,0.4270569980144501,0.8638002276420593,3.988497018814087
f60_a4_p10,pku_round0_00233,"0.00,1.00",current,1.0,1.8931840658187866,0.7037424445152283,0.3696146607398987,0.8775986433029175,4.522280693054199
f60_a4_p10,pku_round0_00233,"0.00,1.00",current,1.5,2.256309747695923,0.7444051504135132,0.29496151208877563,0.8957416415214539,5.614229202270508
f60_a4_p10,pku_round0_00233,"0.00,1.00",current,2.0,2.6347172260284424,0.7672814726829529,0.24802975356578827,0.9092444181442261,6.725458145141602
f60_a4_p10,pku_round0_00233,"0.00,1.00",current,4.0,4.212276935577393,0.8022929430007935,0.1586574912071228,0.9378026127815247,11.247305870056152
f60_a4_p10,pku_round0_00233,"0.00,1.00",current,8.0,7.472962856292725,0.8226718902587891,0.09239323437213898,0.9631291031837463,20.391143798828125
f60_a4_p10,pku_round0_00233,"0.00,1.00",current,16.0,14.083037376403809,0.8282394409179688,0.0454145148396492,0.9840465784072876,38.74683380126953
f60_a4_p10,pku_round0_00233,"0.00,1.00",normalized,0.0,1.3107327222824097,-0.2491268366575241,0.8566526770591736,0.7718589901924133,2.495471954345703
f60_a4_p10,pku_round0_00233,"0.00,1.00",normalized,0.001,1.310486078262329,-0.24433228373527527,0.856629490852356,0.7718590497970581,2.494781017303467
f60_a4_p10,pku_round0_00233,"0.00,1.00",normalized,0.01,1.3084540367126465,-0.20940113067626953,0.8567067384719849,0.7717997431755066,2.488659381866455
f60_a4_p10,pku_round0_00233,"0.00,1.00",normalized,0.05,1.301775574684143,-0.13807079195976257,0.8611330389976501,0.7708458304405212,2.463393211364746
f60_a4_p10,pku_round0_00233,"0.00,1.00",normalized,0.1,1.2958756685256958,-0.10177010297775269,0.8706703186035156,0.7689263224601746,2.4357805252075195
f60_a4_p10,pku_round0_00233,"0.00,1.00",normalized,0.25,1.2850687503814697,-0.0493750274181366,0.9038144946098328,0.7626560926437378,2.373234272003174
f60_a4_p10,pku_round0_00233,"0.00,1.00",normalized,0.5,1.2782008647918701,-0.011341795325279236,0.9543401598930359,0.7532941699028015,2.3118367195129395
f60_a4_p10,pku_round0_00233,"0.00,1.00",normalized,0.75,1.2776148319244385,0.004461929202079773,0.9957246780395508,0.7454957962036133,2.2791409492492676
f60_a4_p10,pku_round0_00233,"0.00,1.00",normalized,1.0,1.2797012329101562,0.011276572942733765,1.0296708345413208,0.7390961050987244,2.2611403465270996
f60_a4_p10,pku_round0_00233,"0.00,1.00",normalized,1.5,1.2865731716156006,0.014925524592399597,1.0818930864334106,0.7291107177734375,2.2456912994384766
f60_a4_p10,pku_round0_00233,"0.00,1.00",normalized,2.0,1.2939682006835938,0.014353211969137192,1.1202136278152466,0.7218897342681885,2.2418196201324463
f60_a4_p10,pku_round0_00233,"0.00,1.00",normalized,4.0,1.3166754245758057,0.008610295131802559,1.2068074941635132,0.7058970332145691,2.2494614124298096
f60_a4_p10,pku_round0_00233,"0.00,1.00",normalized,8.0,1.3389338254928589,0.0035550659522414207,1.2725549936294556,0.6934264898300171,2.2656824588775635
f60_a4_p10,pku_round0_00233,"0.00,1.00",normalized,16.0,1.3552662134170532,0.0011682207696139812,1.3141580820083618,0.6853414177894592,2.2792253494262695
f60_a4_p10,pku_round0_00233,"0.00,1.00",normalized,guide_only,1.37692391872406,,1.3633900880813599,0.6766381859779358,2.2978732585906982
f60_a4_p11,pku_round0_00250,"0.00,1.00",current,0.0,1.2270382642745972,1.0608595609664917,0.8880351781845093,0.7854651212692261,2.401293992996216
f60_a4_p11,pku_round0_00250,"0.00,1.00",current,0.001,1.2281111478805542,1.084578037261963,0.8865422010421753,0.7858303785324097,2.402752637863159
f60_a4_p11,pku_round0_00250,"0.00,1.00",current,0.01,1.2386767864227295,1.2502222061157227,0.8736245036125183,0.7887170314788818,2.4159271717071533
f60_a4_p11,pku_round0_00250,"0.00,1.00",current,0.05,1.295300006866455,1.5097289085388184,0.8282136917114258,0.7970694303512573,2.475438356399536
f60_a4_p11,pku_round0_00250,"0.00,1.00",current,0.1,1.3732954263687134,1.5985075235366821,0.7878976464271545,0.8040716648101807,2.5519211292266846
f60_a4_p11,pku_round0_00250,"0.00,1.00",current,0.25,1.6238592863082886,1.7289772033691406,0.7015274167060852,0.8193501234054565,2.7937541007995605
f60_a4_p11,pku_round0_00250,"0.00,1.00",current,0.5,2.07340407371521,1.8573969602584839,0.6036347150802612,0.8389161229133606,3.2296159267425537
f60_a4_p11,pku_round0_00250,"0.00,1.00",current,0.75,2.5500845909118652,1.9533371925354004,0.5371568202972412,0.848943829536438,3.6944568157196045
f60_a4_p11,pku_round0_00250,"0.00,1.00",current,1.0,3.0481936931610107,2.026451587677002,0.47947949171066284,0.861214816570282,4.178603649139404
f60_a4_p11,pku_round0_00250,"0.00,1.00",current,1.5,4.082560062408447,2.100419044494629,0.3884679973125458,0.8859609365463257,5.182422637939453
f60_a4_p11,pku_round0_00250,"0.00,1.00",current,2.0,5.143547058105469,2.141066074371338,0.3245490491390228,0.9023218154907227,6.213886737823486
f60_a4_p11,pku_round0_00250,"0.00,1.00",current,4.0,9.514359474182129,2.210308790206909,0.1700497567653656,0.9426674842834473,10.448373794555664
f60_a4_p11,pku_round0_00250,"0.00,1.00",current,8.0,18.40192985534668,2.2279176712036133,0.09914609789848328,0.9582131505012512,19.057336807250977
f60_a4_p11,pku_round0_00250,"0.00,1.00",current,16.0,36.25978469848633,2.2349205017089844,0.05476485937833786,0.9803775548934937,36.369503021240234
f60_a4_p11,pku_round0_00250,"0.00,1.00",normalized,0.0,1.2270382642745972,0.7218563556671143,0.8880351781845093,0.7854651212692261,2.401293992996216
f60_a4_p11,pku_round0_00250,"0.00,1.00",normalized,0.001,1.2277705669403076,0.7425956130027771,0.8880214095115662,0.7855585813522339,2.4003522396087646
f60_a4_p11,pku_round0_00250,"0.00,1.00",normalized,0.01,1.2351336479187012,0.8803693056106567,0.8880940675735474,0.7860429883003235,2.3920071125030518
f60_a4_p11,pku_round0_00250,"0.00,1.00",normalized,0.05,1.2746318578720093,1.0280812978744507,0.895192563533783,0.7844946980476379,2.357560157775879
f60_a4_p11,pku_round0_00250,"0.00,1.00",normalized,0.1,1.3256161212921143,1.0026214122772217,0.9125175476074219,0.7803508639335632,2.3199281692504883
f60_a4_p11,pku_round0_00250,"0.00,1.00",normalized,0.25,1.4651689529418945,0.8583444356918335,0.9708285927772522,0.7668769955635071,2.2350034713745117
f60_a4_p11,pku_round0_00250,"0.00,1.00",normalized,0.5,1.6541472673416138,0.6645315289497375,1.0556621551513672,0.747543454170227,2.1530776023864746
f60_a4_p11,pku_round0_00250,"0.00,1.00",normalized,0.75,1.8018518686294556,0.524317741394043,1.1194921731948853,0.7314263582229614,2.1111183166503906
f60_a4_p11,pku_round0_00250,"0.00,1.00",normalized,1.0,1.9193775653839111,0.4211307168006897,1.1698404550552368,0.7198895812034607,2.089301824569702
f60_a4_p11,pku_round0_00250,"0.00,1.00",normalized,1.5,2.093271493911743,0.2870621383190155,1.2499369382858276,0.7035039663314819,2.0729691982269287
f60_a4_p11,pku_round0_00250,"0.00,1.00",normalized,2.0,2.215466260910034,0.20811060070991516,1.3132448196411133,0.6904168128967285,2.0712954998016357
f60_a4_p11,pku_round0_00250,"0.00,1.00",normalized,4.0,2.477346181869507,0.08259263634681702,1.4737728834152222,0.6568213701248169,2.089674711227417
f60_a4_p11,pku_round0_00250,"0.00,1.00",normalized,8.0,2.6680655479431152,0.0275687575340271,1.6132639646530151,0.6284029483795166,2.1174819469451904
f60_a4_p11,pku_round0_00250,"0.00,1.00",normalized,16.0,2.787885904312134,0.008141733705997467,1.7100130319595337,0.6099537014961243,2.1393823623657227
f60_a4_p11,pku_round0_00250,"0.00,1.00",normalized,guide_only,2.9308106899261475,,1.8330632448196411,0.5866304039955139,2.1687111854553223
