nohup: ignoring input
[2026-09-16T07:08:22] Phase-08 generations found: 600
[2026-09-16T07:08:22] Waiting for GPU0 free VRAM >= 18000 MiB (check every 5s)
[2026-09-16T07:08:22] GPU0 free=2900 MiB
[2026-09-16T07:08:27] GPU0 free=2900 MiB
[2026-09-16T07:08:32] GPU0 free=2900 MiB
[2026-09-16T07:08:37] GPU0 free=2900 MiB
[2026-09-16T07:08:42] GPU0 free=2900 MiB
[2026-09-16T07:08:47] GPU0 free=2900 MiB
[2026-09-16T07:08:52] GPU0 free=2900 MiB
[2026-09-16T07:08:57] GPU0 free=2900 MiB
[2026-09-16T07:09:02] GPU0 free=2900 MiB
[2026-09-16T07:09:07] GPU0 free=2900 MiB
[2026-09-16T07:09:12] GPU0 free=2900 MiB
[2026-09-16T07:09:18] GPU0 free=2900 MiB
[2026-09-16T07:09:23] GPU0 free=2900 MiB
[2026-09-16T07:09:28] GPU0 free=2900 MiB
[2026-09-16T07:09:33] GPU0 free=2900 MiB
[2026-09-16T07:09:38] GPU0 free=2900 MiB
[2026-09-16T07:09:43] GPU0 free=2900 MiB
[2026-09-16T07:09:48] GPU0 free=2900 MiB
[2026-09-16T07:09:53] GPU0 free=2900 MiB
[2026-09-16T07:09:58] GPU0 free=2900 MiB
[2026-09-16T07:10:03] GPU0 free=2900 MiB
[2026-09-16T07:10:08] GPU0 free=2900 MiB
[2026-09-16T07:10:13] GPU0 free=2900 MiB
[2026-09-16T07:10:18] GPU0 free=2900 MiB
[2026-09-16T07:10:23] GPU0 free=2900 MiB
[2026-09-16T07:10:28] GPU0 free=2900 MiB
[2026-09-16T07:10:33] GPU0 free=2900 MiB
[2026-09-16T07:10:38] GPU0 free=2900 MiB
[2026-09-16T07:10:43] GPU0 free=2900 MiB
[2026-09-16T07:10:48] GPU0 free=2900 MiB
[2026-09-16T07:10:54] GPU0 free=2900 MiB
[2026-09-16T07:10:59] GPU0 free=2900 MiB
[2026-09-16T07:11:04] GPU0 free=2900 MiB
[2026-09-16T07:11:09] GPU0 free=2900 MiB
[2026-09-16T07:11:14] GPU0 free=2900 MiB
[2026-09-16T07:11:19] GPU0 free=2900 MiB
[2026-09-16T07:11:24] GPU0 free=2900 MiB
[2026-09-16T07:11:29] GPU0 free=2900 MiB
[2026-09-16T07:11:34] GPU0 free=2900 MiB
[2026-09-16T07:11:39] GPU0 free=2900 MiB
[2026-09-16T07:11:44] GPU0 free=2900 MiB
[2026-09-16T07:11:49] GPU0 free=2900 MiB
[2026-09-16T07:11:54] GPU0 free=2900 MiB
[2026-09-16T07:11:59] GPU0 free=2900 MiB
[2026-09-16T07:12:04] GPU0 free=2900 MiB
[2026-09-16T07:12:09] GPU0 free=2900 MiB
[2026-09-16T07:12:14] GPU0 free=2900 MiB
[2026-09-16T07:12:19] GPU0 free=2900 MiB
[2026-09-16T07:12:24] GPU0 free=2900 MiB
[2026-09-16T07:12:29] GPU0 free=2900 MiB
[2026-09-16T07:12:34] GPU0 free=2900 MiB
[2026-09-16T07:12:39] GPU0 free=2900 MiB
[2026-09-16T07:12:45] GPU0 free=2900 MiB
[2026-09-16T07:12:50] GPU0 free=2900 MiB
[2026-09-16T07:12:55] GPU0 free=2900 MiB
[2026-09-16T07:13:00] GPU0 free=2900 MiB
[2026-09-16T07:13:05] GPU0 free=2900 MiB
[2026-09-16T07:13:10] GPU0 free=2900 MiB
[2026-09-16T07:13:15] GPU0 free=2900 MiB
[2026-09-16T07:13:20] GPU0 free=2900 MiB
[2026-09-16T07:13:25] GPU0 free=2900 MiB
[2026-09-16T07:13:30] GPU0 free=2900 MiB
[2026-09-16T07:13:35] GPU0 free=2900 MiB
[2026-09-16T07:13:40] GPU0 free=2900 MiB
[2026-09-16T07:13:45] GPU0 free=2900 MiB
[2026-09-16T07:13:50] GPU0 free=2900 MiB
[2026-09-16T07:13:55] GPU0 free=2900 MiB
[2026-09-16T07:14:00] GPU0 free=2900 MiB
[2026-09-16T07:14:05] GPU0 free=2900 MiB
[2026-09-16T07:14:10] GPU0 free=2900 MiB
[2026-09-16T07:14:15] GPU0 free=2900 MiB
[2026-09-16T07:14:20] GPU0 free=2900 MiB
[2026-09-16T07:14:25] GPU0 free=2900 MiB
[2026-09-16T07:14:31] GPU0 free=2900 MiB
[2026-09-16T07:14:36] GPU0 free=2900 MiB
[2026-09-16T07:14:41] GPU0 free=2900 MiB
[2026-09-16T07:14:46] GPU0 free=2900 MiB
[2026-09-16T07:14:51] GPU0 free=2900 MiB
[2026-09-16T07:14:56] GPU0 free=2900 MiB
[2026-09-16T07:15:01] GPU0 free=2900 MiB
[2026-09-16T07:15:06] GPU0 free=2900 MiB
[2026-09-16T07:15:11] GPU0 free=2900 MiB
[2026-09-16T07:15:16] GPU0 free=2900 MiB
[2026-09-16T07:15:21] GPU0 free=2900 MiB
[2026-09-16T07:15:26] GPU0 free=2900 MiB
[2026-09-16T07:15:31] GPU0 free=2900 MiB
[2026-09-16T07:15:36] GPU0 free=2900 MiB
[2026-09-16T07:15:41] GPU0 free=2900 MiB
[2026-09-16T07:15:46] GPU0 free=2900 MiB
[2026-09-16T07:15:51] GPU0 free=2900 MiB
[2026-09-16T07:15:56] GPU0 free=2900 MiB
[2026-09-16T07:16:01] GPU0 free=2900 MiB
[2026-09-16T07:16:06] GPU0 free=2900 MiB
[2026-09-16T07:16:12] GPU0 free=2900 MiB
[2026-09-16T07:16:17] GPU0 free=2900 MiB
[2026-09-16T07:16:22] GPU0 free=2900 MiB
[2026-09-16T07:16:27] GPU0 free=2900 MiB
[2026-09-16T07:16:32] GPU0 free=2900 MiB
[2026-09-16T07:16:37] GPU0 free=2900 MiB
[2026-09-16T07:16:42] GPU0 free=2900 MiB
[2026-09-16T07:16:47] GPU0 free=2900 MiB
[2026-09-16T07:16:52] GPU0 free=2900 MiB
[2026-09-16T07:16:57] GPU0 free=2900 MiB
[2026-09-16T07:17:02] GPU0 free=2900 MiB
[2026-09-16T07:17:07] GPU0 free=2900 MiB
[2026-09-16T07:17:12] GPU0 free=2900 MiB
[2026-09-16T07:17:17] GPU0 free=2900 MiB
[2026-09-16T07:17:22] GPU0 free=2900 MiB
[2026-09-16T07:17:27] GPU0 free=2900 MiB
[2026-09-16T07:17:32] GPU0 free=2900 MiB
[2026-09-16T07:17:37] GPU0 free=2900 MiB
[2026-09-16T07:17:42] GPU0 free=2900 MiB
[2026-09-16T07:17:47] GPU0 free=2900 MiB
[2026-09-16T07:17:52] GPU0 free=2900 MiB
[2026-09-16T07:17:57] GPU0 free=2900 MiB
[2026-09-16T07:18:02] GPU0 free=2900 MiB
[2026-09-16T07:18:08] GPU0 free=2900 MiB
[2026-09-16T07:18:13] GPU0 free=2900 MiB
[2026-09-16T07:18:18] GPU0 free=2900 MiB
[2026-09-16T07:18:23] GPU0 free=2900 MiB
[2026-09-16T07:18:28] GPU0 free=2900 MiB
[2026-09-16T07:18:33] GPU0 free=2900 MiB
[2026-09-16T07:18:38] GPU0 free=2900 MiB
[2026-09-16T07:18:43] GPU0 free=2900 MiB
[2026-09-16T07:18:48] GPU0 free=2900 MiB
[2026-09-16T07:18:53] GPU0 free=2900 MiB
[2026-09-16T07:18:58] GPU0 free=2900 MiB
[2026-09-16T07:19:03] GPU0 free=2900 MiB
[2026-09-16T07:19:08] GPU0 free=2900 MiB
[2026-09-16T07:19:13] GPU0 free=2900 MiB
[2026-09-16T07:19:18] GPU0 free=2900 MiB
[2026-09-16T07:19:23] GPU0 free=2900 MiB
[2026-09-16T07:19:28] GPU0 free=2900 MiB
[2026-09-16T07:19:33] GPU0 free=2900 MiB
[2026-09-16T07:19:38] GPU0 free=2900 MiB
[2026-09-16T07:19:43] GPU0 free=2900 MiB
[2026-09-16T07:19:48] GPU0 free=2900 MiB
[2026-09-16T07:19:53] GPU0 free=2900 MiB
[2026-09-16T07:19:59] GPU0 free=2900 MiB
[2026-09-16T07:20:04] GPU0 free=2900 MiB
[2026-09-16T07:20:09] GPU0 free=2900 MiB
[2026-09-16T07:20:14] GPU0 free=2900 MiB
[2026-09-16T07:20:19] GPU0 free=2900 MiB
[2026-09-16T07:20:24] GPU0 free=2900 MiB
[2026-09-16T07:20:29] GPU0 free=2900 MiB
[2026-09-16T07:20:34] GPU0 free=2900 MiB
[2026-09-16T07:20:39] GPU0 free=2900 MiB
[2026-09-16T07:20:44] GPU0 free=2900 MiB
[2026-09-16T07:20:49] GPU0 free=2900 MiB
[2026-09-16T07:20:54] GPU0 free=2900 MiB
[2026-09-16T07:20:59] GPU0 free=2900 MiB
[2026-09-16T07:21:04] GPU0 free=2900 MiB
[2026-09-16T07:21:09] GPU0 free=2900 MiB
[2026-09-16T07:21:14] GPU0 free=2900 MiB
[2026-09-16T07:21:19] GPU0 free=2900 MiB
[2026-09-16T07:21:24] GPU0 free=2900 MiB
[2026-09-16T07:21:29] GPU0 free=2900 MiB
[2026-09-16T07:21:35] GPU0 free=2900 MiB
[2026-09-16T07:21:40] GPU0 free=2900 MiB
[2026-09-16T07:21:45] GPU0 free=2900 MiB
[2026-09-16T07:21:50] GPU0 free=2900 MiB
[2026-09-16T07:21:55] GPU0 free=2900 MiB
[2026-09-16T07:22:00] GPU0 free=2900 MiB
[2026-09-16T07:22:05] GPU0 free=2900 MiB
[2026-09-16T07:22:10] GPU0 free=2900 MiB
[2026-09-16T07:22:15] GPU0 free=2900 MiB
[2026-09-16T07:22:20] GPU0 free=2900 MiB
[2026-09-16T07:22:25] GPU0 free=2900 MiB
[2026-09-16T07:22:30] GPU0 free=2900 MiB
[2026-09-16T07:22:35] GPU0 free=2900 MiB
[2026-09-16T07:22:40] GPU0 free=2900 MiB
[2026-09-16T07:22:45] GPU0 free=2900 MiB
[2026-09-16T07:22:50] GPU0 free=2900 MiB
[2026-09-16T07:22:55] GPU0 free=2900 MiB
[2026-09-16T07:23:00] GPU0 free=2900 MiB
[2026-09-16T07:23:05] GPU0 free=2900 MiB
[2026-09-16T07:23:10] GPU0 free=2900 MiB
[2026-09-16T07:23:15] GPU0 free=2900 MiB
[2026-09-16T07:23:20] GPU0 free=2900 MiB
[2026-09-16T07:23:26] GPU0 free=2900 MiB
[2026-09-16T07:23:31] GPU0 free=2900 MiB
[2026-09-16T07:23:36] GPU0 free=2900 MiB
[2026-09-16T07:23:41] GPU0 free=2900 MiB
[2026-09-16T07:23:46] GPU0 free=2900 MiB
[2026-09-16T07:23:51] GPU0 free=2900 MiB
[2026-09-16T07:23:56] GPU0 free=2900 MiB
[2026-09-16T07:24:01] GPU0 free=2900 MiB
[2026-09-16T07:24:06] GPU0 free=2900 MiB
[2026-09-16T07:24:11] GPU0 free=2900 MiB
[2026-09-16T07:24:16] GPU0 free=2900 MiB
[2026-09-16T07:24:21] GPU0 free=2900 MiB
[2026-09-16T07:24:26] GPU0 free=2900 MiB
[2026-09-16T07:24:31] GPU0 free=2900 MiB
[2026-09-16T07:24:36] GPU0 free=2900 MiB
[2026-09-16T07:24:41] GPU0 free=2900 MiB
[2026-09-16T07:24:46] GPU0 free=2900 MiB
[2026-09-16T07:24:51] GPU0 free=2900 MiB
[2026-09-16T07:24:56] GPU0 free=2900 MiB
[2026-09-16T07:25:01] GPU0 free=2900 MiB
[2026-09-16T07:25:07] GPU0 free=2900 MiB
[2026-09-16T07:25:12] GPU0 free=2900 MiB
[2026-09-16T07:25:17] GPU0 free=2900 MiB
[2026-09-16T07:25:22] GPU0 free=2900 MiB
[2026-09-16T07:25:27] GPU0 free=2900 MiB
[2026-09-16T07:25:32] GPU0 free=2900 MiB
[2026-09-16T07:25:37] GPU0 free=2900 MiB
[2026-09-16T07:25:42] GPU0 free=2900 MiB
[2026-09-16T07:25:47] GPU0 free=2900 MiB
[2026-09-16T07:25:52] GPU0 free=2900 MiB
[2026-09-16T07:25:57] GPU0 free=2900 MiB
[2026-09-16T07:26:02] GPU0 free=2900 MiB
[2026-09-16T07:26:07] GPU0 free=2900 MiB
[2026-09-16T07:26:12] GPU0 free=2900 MiB
[2026-09-16T07:26:17] GPU0 free=2900 MiB
[2026-09-16T07:26:22] GPU0 free=2900 MiB
[2026-09-16T07:26:27] GPU0 free=2900 MiB
[2026-09-16T07:26:32] GPU0 free=2900 MiB
[2026-09-16T07:26:37] GPU0 free=2900 MiB
[2026-09-16T07:26:42] GPU0 free=2900 MiB
[2026-09-16T07:26:47] GPU0 free=2900 MiB
[2026-09-16T07:26:52] GPU0 free=2900 MiB
[2026-09-16T07:26:57] GPU0 free=2900 MiB
[2026-09-16T07:27:02] GPU0 free=2900 MiB
[2026-09-16T07:27:08] GPU0 free=2900 MiB
[2026-09-16T07:27:13] GPU0 free=2900 MiB
[2026-09-16T07:27:18] GPU0 free=2900 MiB
[2026-09-16T07:27:23] GPU0 free=2900 MiB
[2026-09-16T07:27:28] GPU0 free=2900 MiB
[2026-09-16T07:27:33] GPU0 free=2900 MiB
[2026-09-16T07:27:38] GPU0 free=2900 MiB
[2026-09-16T07:27:43] GPU0 free=2900 MiB
[2026-09-16T07:27:48] GPU0 free=2900 MiB
[2026-09-16T07:27:53] GPU0 free=2900 MiB
[2026-09-16T07:27:58] GPU0 free=2900 MiB
[2026-09-16T07:28:03] GPU0 free=2900 MiB
[2026-09-16T07:28:08] GPU0 free=2900 MiB
[2026-09-16T07:28:13] GPU0 free=2900 MiB
[2026-09-16T07:28:18] GPU0 free=2900 MiB
[2026-09-16T07:28:23] GPU0 free=2900 MiB
[2026-09-16T07:28:28] GPU0 free=2900 MiB
[2026-09-16T07:28:33] GPU0 free=2900 MiB
[2026-09-16T07:28:38] GPU0 free=2900 MiB
[2026-09-16T07:28:43] GPU0 free=2900 MiB
[2026-09-16T07:28:48] GPU0 free=2900 MiB
[2026-09-16T07:28:54] GPU0 free=2900 MiB
[2026-09-16T07:28:59] GPU0 free=2900 MiB
[2026-09-16T07:29:04] GPU0 free=2900 MiB
[2026-09-16T07:29:09] GPU0 free=2900 MiB
[2026-09-16T07:29:14] GPU0 free=2900 MiB
[2026-09-16T07:29:19] GPU0 free=2900 MiB
[2026-09-16T07:29:24] GPU0 free=2900 MiB
[2026-09-16T07:29:29] GPU0 free=2900 MiB
[2026-09-16T07:29:34] GPU0 free=2900 MiB
[2026-09-16T07:29:39] GPU0 free=2900 MiB
[2026-09-16T07:29:44] GPU0 free=2900 MiB
[2026-09-16T07:29:49] GPU0 free=2900 MiB
[2026-09-16T07:29:54] GPU0 free=2900 MiB
[2026-09-16T07:29:59] GPU0 free=2900 MiB
[2026-09-16T07:30:04] GPU0 free=2900 MiB
[2026-09-16T07:30:09] GPU0 free=2900 MiB
[2026-09-16T07:30:14] GPU0 free=2900 MiB
[2026-09-16T07:30:19] GPU0 free=2900 MiB
[2026-09-16T07:30:24] GPU0 free=2900 MiB
[2026-09-16T07:30:29] GPU0 free=2900 MiB
[2026-09-16T07:30:35] GPU0 free=2900 MiB
[2026-09-16T07:30:40] GPU0 free=2900 MiB
[2026-09-16T07:30:45] GPU0 free=2900 MiB
[2026-09-16T07:30:50] GPU0 free=2900 MiB
[2026-09-16T07:30:55] GPU0 free=2900 MiB
[2026-09-16T07:31:00] GPU0 free=2900 MiB
[2026-09-16T07:31:05] GPU0 free=2900 MiB
[2026-09-16T07:31:10] GPU0 free=2900 MiB
[2026-09-16T07:31:15] GPU0 free=2900 MiB
[2026-09-16T07:31:20] GPU0 free=2900 MiB
[2026-09-16T07:31:25] GPU0 free=2900 MiB
[2026-09-16T07:31:30] GPU0 free=2900 MiB
[2026-09-16T07:31:35] GPU0 free=2900 MiB
[2026-09-16T07:31:40] GPU0 free=2900 MiB
[2026-09-16T07:31:45] GPU0 free=2900 MiB
[2026-09-16T07:31:50] GPU0 free=2900 MiB
[2026-09-16T07:31:55] GPU0 free=2900 MiB
[2026-09-16T07:32:00] GPU0 free=2900 MiB
[2026-09-16T07:32:05] GPU0 free=2900 MiB
[2026-09-16T07:32:10] GPU0 free=2900 MiB
[2026-09-16T07:32:15] GPU0 free=2900 MiB
[2026-09-16T07:32:21] GPU0 free=2900 MiB
[2026-09-16T07:32:26] GPU0 free=2900 MiB
[2026-09-16T07:32:31] GPU0 free=2900 MiB
[2026-09-16T07:32:36] GPU0 free=2900 MiB
[2026-09-16T07:32:41] GPU0 free=2900 MiB
[2026-09-16T07:32:46] GPU0 free=2900 MiB
[2026-09-16T07:32:51] GPU0 free=2900 MiB
[2026-09-16T07:32:56] GPU0 free=2900 MiB
[2026-09-16T07:33:01] GPU0 free=2900 MiB
[2026-09-16T07:33:06] GPU0 free=2900 MiB
[2026-09-16T07:33:11] GPU0 free=2900 MiB
[2026-09-16T07:33:16] GPU0 free=2900 MiB
[2026-09-16T07:33:21] GPU0 free=2900 MiB
[2026-09-16T07:33:26] GPU0 free=2900 MiB
[2026-09-16T07:33:31] GPU0 free=2900 MiB
[2026-09-16T07:33:36] GPU0 free=2900 MiB
[2026-09-16T07:33:41] GPU0 free=2900 MiB
[2026-09-16T07:33:46] GPU0 free=2900 MiB
[2026-09-16T07:33:51] GPU0 free=2900 MiB
[2026-09-16T07:33:56] GPU0 free=2900 MiB
[2026-09-16T07:34:01] GPU0 free=2900 MiB
[2026-09-16T07:34:06] GPU0 free=2900 MiB
[2026-09-16T07:34:12] GPU0 free=2900 MiB
[2026-09-16T07:34:17] GPU0 free=2900 MiB
[2026-09-16T07:34:22] GPU0 free=2900 MiB
[2026-09-16T07:34:27] GPU0 free=2900 MiB
[2026-09-16T07:34:32] GPU0 free=2900 MiB
[2026-09-16T07:34:37] GPU0 free=2900 MiB
[2026-09-16T07:34:42] GPU0 free=2900 MiB
[2026-09-16T07:34:47] GPU0 free=2900 MiB
[2026-09-16T07:34:52] GPU0 free=2900 MiB
[2026-09-16T07:34:57] GPU0 free=2900 MiB
[2026-09-16T07:35:02] GPU0 free=2900 MiB
[2026-09-16T07:35:07] GPU0 free=2900 MiB
[2026-09-16T07:35:12] GPU0 free=2900 MiB
[2026-09-16T07:35:17] GPU0 free=2900 MiB
[2026-09-16T07:35:22] GPU0 free=2900 MiB
[2026-09-16T07:35:27] GPU0 free=2900 MiB
[2026-09-16T07:35:32] GPU0 free=2900 MiB
[2026-09-16T07:35:37] GPU0 free=2900 MiB
[2026-09-16T07:35:42] GPU0 free=2900 MiB
[2026-09-16T07:35:47] GPU0 free=2900 MiB
[2026-09-16T07:35:53] GPU0 free=2900 MiB
[2026-09-16T07:35:58] GPU0 free=2900 MiB
[2026-09-16T07:36:03] GPU0 free=2900 MiB
[2026-09-16T07:36:08] GPU0 free=2900 MiB
[2026-09-16T07:36:13] GPU0 free=2900 MiB
[2026-09-16T07:36:18] GPU0 free=2900 MiB
[2026-09-16T07:36:23] GPU0 free=2900 MiB
[2026-09-16T07:36:28] GPU0 free=2900 MiB
[2026-09-16T07:36:33] GPU0 free=2900 MiB
[2026-09-16T07:36:38] GPU0 free=2900 MiB
[2026-09-16T07:36:43] GPU0 free=2900 MiB
[2026-09-16T07:36:48] GPU0 free=2900 MiB
[2026-09-16T07:36:53] GPU0 free=2900 MiB
[2026-09-16T07:36:58] GPU0 free=2900 MiB
[2026-09-16T07:37:03] GPU0 free=2900 MiB
[2026-09-16T07:37:08] GPU0 free=2900 MiB
[2026-09-16T07:37:13] GPU0 free=2900 MiB
[2026-09-16T07:37:18] GPU0 free=2900 MiB
[2026-09-16T07:37:23] GPU0 free=2900 MiB
[2026-09-16T07:37:28] GPU0 free=2900 MiB
[2026-09-16T07:37:33] GPU0 free=2900 MiB
[2026-09-16T07:37:39] GPU0 free=2900 MiB
[2026-09-16T07:37:44] GPU0 free=2900 MiB
[2026-09-16T07:37:49] GPU0 free=2900 MiB
[2026-09-16T07:37:54] GPU0 free=2900 MiB
[2026-09-16T07:37:59] GPU0 free=2900 MiB
[2026-09-16T07:38:04] GPU0 free=2900 MiB
[2026-09-16T07:38:09] GPU0 free=2900 MiB
[2026-09-16T07:38:14] GPU0 free=2900 MiB
[2026-09-16T07:38:19] GPU0 free=2900 MiB
[2026-09-16T07:38:24] GPU0 free=2900 MiB
[2026-09-16T07:38:29] GPU0 free=2900 MiB
[2026-09-16T07:38:34] GPU0 free=2900 MiB
[2026-09-16T07:38:39] GPU0 free=2900 MiB
[2026-09-16T07:38:44] GPU0 free=2900 MiB
[2026-09-16T07:38:49] GPU0 free=2900 MiB
[2026-09-16T07:38:54] GPU0 free=2900 MiB
[2026-09-16T07:38:59] GPU0 free=2900 MiB
[2026-09-16T07:39:04] GPU0 free=2900 MiB
[2026-09-16T07:39:09] GPU0 free=2900 MiB
[2026-09-16T07:39:15] GPU0 free=2900 MiB
[2026-09-16T07:39:20] GPU0 free=2900 MiB
[2026-09-16T07:39:25] GPU0 free=2900 MiB
[2026-09-16T07:39:30] GPU0 free=2900 MiB
[2026-09-16T07:39:35] GPU0 free=2900 MiB
[2026-09-16T07:39:40] GPU0 free=2900 MiB
[2026-09-16T07:39:45] GPU0 free=2900 MiB
[2026-09-16T07:39:50] GPU0 free=2900 MiB
[2026-09-16T07:39:55] GPU0 free=2900 MiB
[2026-09-16T07:40:00] GPU0 free=2900 MiB
[2026-09-16T07:40:05] GPU0 free=2900 MiB
[2026-09-16T07:40:10] GPU0 free=2900 MiB
[2026-09-16T07:40:15] GPU0 free=2900 MiB
[2026-09-16T07:40:20] GPU0 free=2900 MiB
[2026-09-16T07:40:25] GPU0 free=2900 MiB
[2026-09-16T07:40:30] GPU0 free=2900 MiB
[2026-09-16T07:40:35] GPU0 free=2900 MiB
[2026-09-16T07:40:40] GPU0 free=2900 MiB
[2026-09-16T07:40:45] GPU0 free=2900 MiB
[2026-09-16T07:40:50] GPU0 free=2900 MiB
[2026-09-16T07:40:56] GPU0 free=2900 MiB
[2026-09-16T07:41:01] GPU0 free=2900 MiB
[2026-09-16T07:41:06] GPU0 free=2900 MiB
[2026-09-16T07:41:11] GPU0 free=2900 MiB
[2026-09-16T07:41:16] GPU0 free=2900 MiB
[2026-09-16T07:41:21] GPU0 free=2900 MiB
[2026-09-16T07:41:26] GPU0 free=2900 MiB
[2026-09-16T07:41:31] GPU0 free=2900 MiB
[2026-09-16T07:41:36] GPU0 free=2900 MiB
[2026-09-16T07:41:41] GPU0 free=2900 MiB
[2026-09-16T07:41:46] GPU0 free=2900 MiB
[2026-09-16T07:41:51] GPU0 free=2900 MiB
[2026-09-16T07:41:56] GPU0 free=2900 MiB
[2026-09-16T07:42:01] GPU0 free=2900 MiB
[2026-09-16T07:42:06] GPU0 free=2900 MiB
[2026-09-16T07:42:11] GPU0 free=2900 MiB
[2026-09-16T07:42:16] GPU0 free=2900 MiB
[2026-09-16T07:42:21] GPU0 free=2900 MiB
[2026-09-16T07:42:26] GPU0 free=2900 MiB
[2026-09-16T07:42:31] GPU0 free=2900 MiB
[2026-09-16T07:42:36] GPU0 free=2900 MiB
[2026-09-16T07:42:42] GPU0 free=2900 MiB
[2026-09-16T07:42:47] GPU0 free=2900 MiB
[2026-09-16T07:42:52] GPU0 free=2900 MiB
[2026-09-16T07:42:57] GPU0 free=2900 MiB
[2026-09-16T07:43:02] GPU0 free=2900 MiB
[2026-09-16T07:43:07] GPU0 free=2900 MiB
[2026-09-16T07:43:12] GPU0 free=2900 MiB
[2026-09-16T07:43:17] GPU0 free=2900 MiB
[2026-09-16T07:43:22] GPU0 free=2900 MiB
[2026-09-16T07:43:27] GPU0 free=2900 MiB
[2026-09-16T07:43:32] GPU0 free=2900 MiB
[2026-09-16T07:43:37] GPU0 free=2900 MiB
[2026-09-16T07:43:42] GPU0 free=2900 MiB
[2026-09-16T07:43:47] GPU0 free=2900 MiB
[2026-09-16T07:43:52] GPU0 free=2900 MiB
[2026-09-16T07:43:57] GPU0 free=2900 MiB
[2026-09-16T07:44:02] GPU0 free=2900 MiB
[2026-09-16T07:44:07] GPU0 free=2900 MiB
[2026-09-16T07:44:12] GPU0 free=2900 MiB
[2026-09-16T07:44:17] GPU0 free=2900 MiB
[2026-09-16T07:44:23] GPU0 free=2900 MiB
[2026-09-16T07:44:28] GPU0 free=2900 MiB
[2026-09-16T07:44:33] GPU0 free=2900 MiB
[2026-09-16T07:44:38] GPU0 free=2900 MiB
[2026-09-16T07:44:43] GPU0 free=2900 MiB
[2026-09-16T07:44:48] GPU0 free=2900 MiB
[2026-09-16T07:44:53] GPU0 free=2900 MiB
[2026-09-16T07:44:58] GPU0 free=2900 MiB
[2026-09-16T07:45:03] GPU0 free=2900 MiB
[2026-09-16T07:45:08] GPU0 free=2900 MiB
[2026-09-16T07:45:13] GPU0 free=2900 MiB
[2026-09-16T07:45:18] GPU0 free=2900 MiB
[2026-09-16T07:45:23] GPU0 free=2900 MiB
[2026-09-16T07:45:28] GPU0 free=2900 MiB
[2026-09-16T07:45:33] GPU0 free=2900 MiB
[2026-09-16T07:45:38] GPU0 free=2900 MiB
[2026-09-16T07:45:43] GPU0 free=2900 MiB
[2026-09-16T07:45:48] GPU0 free=2900 MiB
[2026-09-16T07:45:53] GPU0 free=2900 MiB
[2026-09-16T07:45:58] GPU0 free=2900 MiB
[2026-09-16T07:46:04] GPU0 free=2900 MiB
[2026-09-16T07:46:09] GPU0 free=2900 MiB
[2026-09-16T07:46:14] GPU0 free=2900 MiB
[2026-09-16T07:46:19] GPU0 free=2900 MiB
[2026-09-16T07:46:24] GPU0 free=2900 MiB
[2026-09-16T07:46:29] GPU0 free=2900 MiB
[2026-09-16T07:46:34] GPU0 free=2900 MiB
[2026-09-16T07:46:39] GPU0 free=2900 MiB
[2026-09-16T07:46:44] GPU0 free=2900 MiB
[2026-09-16T07:46:49] GPU0 free=2900 MiB
[2026-09-16T07:46:54] GPU0 free=2900 MiB
[2026-09-16T07:46:59] GPU0 free=2900 MiB
[2026-09-16T07:47:04] GPU0 free=2900 MiB
[2026-09-16T07:47:09] GPU0 free=2900 MiB
[2026-09-16T07:47:14] GPU0 free=2900 MiB
[2026-09-16T07:47:19] GPU0 free=2900 MiB
[2026-09-16T07:47:24] GPU0 free=2900 MiB
[2026-09-16T07:47:29] GPU0 free=2900 MiB
[2026-09-16T07:47:34] GPU0 free=2900 MiB
[2026-09-16T07:47:39] GPU0 free=2900 MiB
[2026-09-16T07:47:45] GPU0 free=2900 MiB
[2026-09-16T07:47:50] GPU0 free=2900 MiB
[2026-09-16T07:47:55] GPU0 free=2900 MiB
[2026-09-16T07:48:00] GPU0 free=2900 MiB
[2026-09-16T07:48:05] GPU0 free=2900 MiB
[2026-09-16T07:48:10] GPU0 free=2900 MiB
[2026-09-16T07:48:15] GPU0 free=2900 MiB
[2026-09-16T07:48:20] GPU0 free=2900 MiB
[2026-09-16T07:48:25] GPU0 free=2900 MiB
[2026-09-16T07:48:30] GPU0 free=2900 MiB
[2026-09-16T07:48:35] GPU0 free=2900 MiB
[2026-09-16T07:48:40] GPU0 free=2900 MiB
[2026-09-16T07:48:45] GPU0 free=2900 MiB
[2026-09-16T07:48:50] GPU0 free=2900 MiB
[2026-09-16T07:48:55] GPU0 free=2900 MiB
[2026-09-16T07:49:00] GPU0 free=2900 MiB
[2026-09-16T07:49:05] GPU0 free=2900 MiB
[2026-09-16T07:49:10] GPU0 free=2900 MiB
[2026-09-16T07:49:15] GPU0 free=2900 MiB
[2026-09-16T07:49:20] GPU0 free=2900 MiB
[2026-09-16T07:49:25] GPU0 free=2900 MiB
[2026-09-16T07:49:30] GPU0 free=2900 MiB
[2026-09-16T07:49:36] GPU0 free=2900 MiB
[2026-09-16T07:49:41] GPU0 free=2900 MiB
[2026-09-16T07:49:46] GPU0 free=2900 MiB
[2026-09-16T07:49:51] GPU0 free=2900 MiB
[2026-09-16T07:49:56] GPU0 free=2900 MiB
[2026-09-16T07:50:01] GPU0 free=2900 MiB
[2026-09-16T07:50:06] GPU0 free=2900 MiB
[2026-09-16T07:50:11] GPU0 free=2900 MiB
[2026-09-16T07:50:16] GPU0 free=2900 MiB
[2026-09-16T07:50:21] GPU0 free=2900 MiB
[2026-09-16T07:50:26] GPU0 free=2900 MiB
[2026-09-16T07:50:31] GPU0 free=2900 MiB
[2026-09-16T07:50:36] GPU0 free=2900 MiB
[2026-09-16T07:50:41] GPU0 free=2900 MiB
[2026-09-16T07:50:46] GPU0 free=2900 MiB
[2026-09-16T07:50:51] GPU0 free=2900 MiB
[2026-09-16T07:50:56] GPU0 free=2900 MiB
[2026-09-16T07:51:01] GPU0 free=2900 MiB
[2026-09-16T07:51:06] GPU0 free=2900 MiB
[2026-09-16T07:51:11] GPU0 free=2900 MiB
[2026-09-16T07:51:16] GPU0 free=2900 MiB
[2026-09-16T07:51:21] GPU0 free=2900 MiB
[2026-09-16T07:51:26] GPU0 free=2900 MiB
[2026-09-16T07:51:32] GPU0 free=2900 MiB
[2026-09-16T07:51:37] GPU0 free=2900 MiB
[2026-09-16T07:51:42] GPU0 free=2900 MiB
[2026-09-16T07:51:47] GPU0 free=2900 MiB
[2026-09-16T07:51:52] GPU0 free=2900 MiB
[2026-09-16T07:51:57] GPU0 free=2900 MiB
[2026-09-16T07:52:02] GPU0 free=2900 MiB
[2026-09-16T07:52:07] GPU0 free=2900 MiB
[2026-09-16T07:52:12] GPU0 free=2900 MiB
[2026-09-16T07:52:17] GPU0 free=2900 MiB
[2026-09-16T07:52:22] GPU0 free=2900 MiB
[2026-09-16T07:52:27] GPU0 free=2900 MiB
[2026-09-16T07:52:32] GPU0 free=2900 MiB
[2026-09-16T07:52:37] GPU0 free=2900 MiB
[2026-09-16T07:52:42] GPU0 free=2900 MiB
[2026-09-16T07:52:47] GPU0 free=2900 MiB
[2026-09-16T07:52:52] GPU0 free=2900 MiB
[2026-09-16T07:52:57] GPU0 free=2900 MiB
[2026-09-16T07:53:02] GPU0 free=2900 MiB
[2026-09-16T07:53:07] GPU0 free=2900 MiB
[2026-09-16T07:53:12] GPU0 free=2900 MiB
[2026-09-16T07:53:17] GPU0 free=2900 MiB
[2026-09-16T07:53:22] GPU0 free=2900 MiB
[2026-09-16T07:53:28] GPU0 free=2900 MiB
[2026-09-16T07:53:33] GPU0 free=2900 MiB
[2026-09-16T07:53:38] GPU0 free=2900 MiB
[2026-09-16T07:53:43] GPU0 free=2900 MiB
[2026-09-16T07:53:48] GPU0 free=2900 MiB
[2026-09-16T07:53:53] GPU0 free=2900 MiB
[2026-09-16T07:53:58] GPU0 free=2900 MiB
[2026-09-16T07:54:03] GPU0 free=2900 MiB
[2026-09-16T07:54:08] GPU0 free=2900 MiB
[2026-09-16T07:54:13] GPU0 free=2900 MiB
[2026-09-16T07:54:18] GPU0 free=2900 MiB
[2026-09-16T07:54:23] GPU0 free=2900 MiB
[2026-09-16T07:54:28] GPU0 free=2900 MiB
[2026-09-16T07:54:33] GPU0 free=2900 MiB
[2026-09-16T07:54:38] GPU0 free=2900 MiB
[2026-09-16T07:54:43] GPU0 free=2900 MiB
[2026-09-16T07:54:48] GPU0 free=2900 MiB
[2026-09-16T07:54:53] GPU0 free=2900 MiB
[2026-09-16T07:54:58] GPU0 free=2900 MiB
[2026-09-16T07:55:03] GPU0 free=2900 MiB
[2026-09-16T07:55:08] GPU0 free=2900 MiB
[2026-09-16T07:55:13] GPU0 free=2900 MiB
[2026-09-16T07:55:18] GPU0 free=2900 MiB
[2026-09-16T07:55:23] GPU0 free=2900 MiB
[2026-09-16T07:55:29] GPU0 free=2900 MiB
[2026-09-16T07:55:34] GPU0 free=2900 MiB
[2026-09-16T07:55:39] GPU0 free=2900 MiB
[2026-09-16T07:55:44] GPU0 free=2900 MiB
[2026-09-16T07:55:49] GPU0 free=2900 MiB
[2026-09-16T07:55:54] GPU0 free=2900 MiB
[2026-09-16T07:55:59] GPU0 free=2900 MiB
[2026-09-16T07:56:04] GPU0 free=2900 MiB
[2026-09-16T07:56:09] GPU0 free=2900 MiB
[2026-09-16T07:56:14] GPU0 free=2900 MiB
[2026-09-16T07:56:19] GPU0 free=2900 MiB
[2026-09-16T07:56:24] GPU0 free=2900 MiB
[2026-09-16T07:56:29] GPU0 free=2900 MiB
[2026-09-16T07:56:34] GPU0 free=2900 MiB
[2026-09-16T07:56:39] GPU0 free=2900 MiB
[2026-09-16T07:56:44] GPU0 free=2900 MiB
[2026-09-16T07:56:49] GPU0 free=2900 MiB
[2026-09-16T07:56:54] GPU0 free=2900 MiB
[2026-09-16T07:56:59] GPU0 free=2900 MiB
[2026-09-16T07:57:04] GPU0 free=2900 MiB
[2026-09-16T07:57:09] GPU0 free=2900 MiB
[2026-09-16T07:57:15] GPU0 free=2900 MiB
[2026-09-16T07:57:20] GPU0 free=2900 MiB
[2026-09-16T07:57:25] GPU0 free=2900 MiB
[2026-09-16T07:57:30] GPU0 free=2900 MiB
[2026-09-16T07:57:35] GPU0 free=2900 MiB
[2026-09-16T07:57:40] GPU0 free=2900 MiB
[2026-09-16T07:57:45] GPU0 free=2900 MiB
[2026-09-16T07:57:50] GPU0 free=2900 MiB
[2026-09-16T07:57:55] GPU0 free=2900 MiB
[2026-09-16T07:58:00] GPU0 free=2900 MiB
[2026-09-16T07:58:05] GPU0 free=2900 MiB
[2026-09-16T07:58:10] GPU0 free=2900 MiB
[2026-09-16T07:58:15] GPU0 free=2900 MiB
[2026-09-16T07:58:20] GPU0 free=2900 MiB
[2026-09-16T07:58:25] GPU0 free=2900 MiB
[2026-09-16T07:58:30] GPU0 free=2900 MiB
[2026-09-16T07:58:35] GPU0 free=2900 MiB
[2026-09-16T07:58:40] GPU0 free=2900 MiB
[2026-09-16T07:58:45] GPU0 free=2900 MiB
[2026-09-16T07:58:50] GPU0 free=2900 MiB
[2026-09-16T07:58:56] GPU0 free=2900 MiB
[2026-09-16T07:59:01] GPU0 free=2900 MiB
[2026-09-16T07:59:06] GPU0 free=2900 MiB
[2026-09-16T07:59:11] GPU0 free=2900 MiB
[2026-09-16T07:59:16] GPU0 free=2900 MiB
[2026-09-16T07:59:21] GPU0 free=2900 MiB
[2026-09-16T07:59:26] GPU0 free=2900 MiB
[2026-09-16T07:59:31] GPU0 free=2900 MiB
[2026-09-16T07:59:36] GPU0 free=2900 MiB
[2026-09-16T07:59:41] GPU0 free=2900 MiB
[2026-09-16T07:59:46] GPU0 free=2900 MiB
[2026-09-16T07:59:51] GPU0 free=2900 MiB
[2026-09-16T07:59:56] GPU0 free=2900 MiB
[2026-09-16T08:00:01] GPU0 free=2900 MiB
[2026-09-16T08:00:06] GPU0 free=2900 MiB
[2026-09-16T08:00:11] GPU0 free=2900 MiB
[2026-09-16T08:00:16] GPU0 free=2900 MiB
[2026-09-16T08:00:21] GPU0 free=2900 MiB
[2026-09-16T08:00:26] GPU0 free=2900 MiB
[2026-09-16T08:00:31] GPU0 free=2900 MiB
[2026-09-16T08:00:36] GPU0 free=2900 MiB
[2026-09-16T08:00:41] GPU0 free=2900 MiB
[2026-09-16T08:00:47] GPU0 free=2900 MiB
[2026-09-16T08:00:52] GPU0 free=2900 MiB
[2026-09-16T08:00:57] GPU0 free=2900 MiB
[2026-09-16T08:01:02] GPU0 free=2900 MiB
[2026-09-16T08:01:07] GPU0 free=2900 MiB
[2026-09-16T08:01:12] GPU0 free=2900 MiB
[2026-09-16T08:01:17] GPU0 free=2900 MiB
[2026-09-16T08:01:22] GPU0 free=2900 MiB
[2026-09-16T08:01:27] GPU0 free=2900 MiB
[2026-09-16T08:01:32] GPU0 free=2900 MiB
[2026-09-16T08:01:37] GPU0 free=2900 MiB
[2026-09-16T08:01:42] GPU0 free=2900 MiB
[2026-09-16T08:01:47] GPU0 free=2900 MiB
[2026-09-16T08:01:52] GPU0 free=2900 MiB
[2026-09-16T08:01:57] GPU0 free=2900 MiB
[2026-09-16T08:02:02] GPU0 free=2900 MiB
[2026-09-16T08:02:07] GPU0 free=2900 MiB
[2026-09-16T08:02:12] GPU0 free=2900 MiB
[2026-09-16T08:02:17] GPU0 free=2900 MiB
[2026-09-16T08:02:22] GPU0 free=2900 MiB
[2026-09-16T08:02:27] GPU0 free=2900 MiB
[2026-09-16T08:02:32] GPU0 free=2900 MiB
[2026-09-16T08:02:37] GPU0 free=2900 MiB
[2026-09-16T08:02:43] GPU0 free=2900 MiB
[2026-09-16T08:02:48] GPU0 free=2900 MiB
[2026-09-16T08:02:53] GPU0 free=2900 MiB
[2026-09-16T08:02:58] GPU0 free=2900 MiB
[2026-09-16T08:03:03] GPU0 free=2900 MiB
[2026-09-16T08:03:08] GPU0 free=2900 MiB
[2026-09-16T08:03:13] GPU0 free=2900 MiB
[2026-09-16T08:03:18] GPU0 free=2900 MiB
[2026-09-16T08:03:23] GPU0 free=2900 MiB
[2026-09-16T08:03:28] GPU0 free=2900 MiB
[2026-09-16T08:03:33] GPU0 free=2900 MiB
[2026-09-16T08:03:38] GPU0 free=2900 MiB
[2026-09-16T08:03:43] GPU0 free=2900 MiB
[2026-09-16T08:03:48] GPU0 free=2900 MiB
[2026-09-16T08:03:53] GPU0 free=2900 MiB
[2026-09-16T08:03:58] GPU0 free=2900 MiB
[2026-09-16T08:04:03] GPU0 free=2900 MiB
[2026-09-16T08:04:08] GPU0 free=2900 MiB
[2026-09-16T08:04:13] GPU0 free=2900 MiB
[2026-09-16T08:04:18] GPU0 free=2900 MiB
[2026-09-16T08:04:23] GPU0 free=2900 MiB
[2026-09-16T08:04:28] GPU0 free=2900 MiB
[2026-09-16T08:04:34] GPU0 free=2900 MiB
[2026-09-16T08:04:39] GPU0 free=2900 MiB
[2026-09-16T08:04:44] GPU0 free=2900 MiB
[2026-09-16T08:04:49] GPU0 free=2900 MiB
[2026-09-16T08:04:54] GPU0 free=2900 MiB
[2026-09-16T08:04:59] GPU0 free=2900 MiB
[2026-09-16T08:05:04] GPU0 free=2900 MiB
[2026-09-16T08:05:09] GPU0 free=2900 MiB
[2026-09-16T08:05:14] GPU0 free=2900 MiB
[2026-09-16T08:05:19] GPU0 free=2900 MiB
[2026-09-16T08:05:24] GPU0 free=2900 MiB
[2026-09-16T08:05:29] GPU0 free=2900 MiB
[2026-09-16T08:05:34] GPU0 free=2900 MiB
[2026-09-16T08:05:39] GPU0 free=2900 MiB
[2026-09-16T08:05:44] GPU0 free=2900 MiB
[2026-09-16T08:05:49] GPU0 free=2900 MiB
[2026-09-16T08:05:54] GPU0 free=2900 MiB
[2026-09-16T08:05:59] GPU0 free=2900 MiB
[2026-09-16T08:06:04] GPU0 free=2900 MiB
[2026-09-16T08:06:10] GPU0 free=2900 MiB
[2026-09-16T08:06:15] GPU0 free=2900 MiB
[2026-09-16T08:06:20] GPU0 free=2900 MiB
[2026-09-16T08:06:25] GPU0 free=2900 MiB
[2026-09-16T08:06:30] GPU0 free=2900 MiB
[2026-09-16T08:06:35] GPU0 free=2900 MiB
[2026-09-16T08:06:40] GPU0 free=2900 MiB
[2026-09-16T08:06:45] GPU0 free=2900 MiB
[2026-09-16T08:06:50] GPU0 free=2900 MiB
[2026-09-16T08:06:55] GPU0 free=2900 MiB
[2026-09-16T08:07:00] GPU0 free=2900 MiB
[2026-09-16T08:07:05] GPU0 free=2900 MiB
[2026-09-16T08:07:10] GPU0 free=2900 MiB
[2026-09-16T08:07:15] GPU0 free=2900 MiB
[2026-09-16T08:07:20] GPU0 free=2900 MiB
[2026-09-16T08:07:25] GPU0 free=2900 MiB
[2026-09-16T08:07:30] GPU0 free=2900 MiB
[2026-09-16T08:07:35] GPU0 free=2900 MiB
[2026-09-16T08:07:40] GPU0 free=2900 MiB
[2026-09-16T08:07:45] GPU0 free=2900 MiB
[2026-09-16T08:07:50] GPU0 free=2900 MiB
[2026-09-16T08:07:56] GPU0 free=2900 MiB
[2026-09-16T08:08:01] GPU0 free=2900 MiB
[2026-09-16T08:08:06] GPU0 free=2900 MiB
[2026-09-16T08:08:11] GPU0 free=2900 MiB
[2026-09-16T08:08:16] GPU0 free=2900 MiB
[2026-09-16T08:08:21] GPU0 free=2900 MiB
[2026-09-16T08:08:26] GPU0 free=2900 MiB
[2026-09-16T08:08:31] GPU0 free=2900 MiB
[2026-09-16T08:08:36] GPU0 free=2900 MiB
[2026-09-16T08:08:41] GPU0 free=2900 MiB
[2026-09-16T08:08:46] GPU0 free=2900 MiB
[2026-09-16T08:08:51] GPU0 free=2900 MiB
[2026-09-16T08:08:56] GPU0 free=2900 MiB
[2026-09-16T08:09:01] GPU0 free=2900 MiB
[2026-09-16T08:09:06] GPU0 free=2900 MiB
[2026-09-16T08:09:11] GPU0 free=2900 MiB
[2026-09-16T08:09:16] GPU0 free=2900 MiB
[2026-09-16T08:09:21] GPU0 free=2900 MiB
[2026-09-16T08:09:27] GPU0 free=2900 MiB
[2026-09-16T08:09:32] GPU0 free=2900 MiB
[2026-09-16T08:09:37] GPU0 free=2900 MiB
[2026-09-16T08:09:42] GPU0 free=2900 MiB
[2026-09-16T08:09:47] GPU0 free=2900 MiB
[2026-09-16T08:09:52] GPU0 free=2900 MiB
[2026-09-16T08:09:57] GPU0 free=2900 MiB
[2026-09-16T08:10:02] GPU0 free=2900 MiB
[2026-09-16T08:10:07] GPU0 free=2900 MiB
[2026-09-16T08:10:12] GPU0 free=2900 MiB
[2026-09-16T08:10:17] GPU0 free=2900 MiB
[2026-09-16T08:10:22] GPU0 free=2900 MiB
[2026-09-16T08:10:27] GPU0 free=2900 MiB
[2026-09-16T08:10:32] GPU0 free=2900 MiB
[2026-09-16T08:10:37] GPU0 free=2900 MiB
[2026-09-16T08:10:42] GPU0 free=2900 MiB
[2026-09-16T08:10:47] GPU0 free=2900 MiB
[2026-09-16T08:10:52] GPU0 free=2900 MiB
[2026-09-16T08:10:57] GPU0 free=2900 MiB
[2026-09-16T08:11:02] GPU0 free=2900 MiB
[2026-09-16T08:11:08] GPU0 free=2900 MiB
[2026-09-16T08:11:13] GPU0 free=2900 MiB
[2026-09-16T08:11:18] GPU0 free=2900 MiB
[2026-09-16T08:11:23] GPU0 free=2900 MiB
[2026-09-16T08:11:28] GPU0 free=2900 MiB
[2026-09-16T08:11:33] GPU0 free=2900 MiB
[2026-09-16T08:11:38] GPU0 free=2900 MiB
[2026-09-16T08:11:43] GPU0 free=2900 MiB
[2026-09-16T08:11:48] GPU0 free=2900 MiB
[2026-09-16T08:11:53] GPU0 free=2900 MiB
[2026-09-16T08:11:58] GPU0 free=2900 MiB
[2026-09-16T08:12:03] GPU0 free=2900 MiB
[2026-09-16T08:12:08] GPU0 free=2900 MiB
[2026-09-16T08:12:13] GPU0 free=2900 MiB
[2026-09-16T08:12:18] GPU0 free=2900 MiB
[2026-09-16T08:12:23] GPU0 free=2900 MiB
[2026-09-16T08:12:28] GPU0 free=2900 MiB
[2026-09-16T08:12:33] GPU0 free=2900 MiB
[2026-09-16T08:12:38] GPU0 free=2900 MiB
[2026-09-16T08:12:43] GPU0 free=2900 MiB
[2026-09-16T08:12:48] GPU0 free=2900 MiB
[2026-09-16T08:12:54] GPU0 free=2900 MiB
[2026-09-16T08:12:59] GPU0 free=2900 MiB
[2026-09-16T08:13:04] GPU0 free=2900 MiB
[2026-09-16T08:13:09] GPU0 free=2900 MiB
[2026-09-16T08:13:14] GPU0 free=2900 MiB
[2026-09-16T08:13:19] GPU0 free=2900 MiB
[2026-09-16T08:13:24] GPU0 free=2900 MiB
[2026-09-16T08:13:29] GPU0 free=2900 MiB
[2026-09-16T08:13:34] GPU0 free=2900 MiB
[2026-09-16T08:13:39] GPU0 free=2900 MiB
[2026-09-16T08:13:44] GPU0 free=2900 MiB
[2026-09-16T08:13:49] GPU0 free=2900 MiB
[2026-09-16T08:13:54] GPU0 free=2900 MiB
[2026-09-16T08:13:59] GPU0 free=2900 MiB
[2026-09-16T08:14:04] GPU0 free=2900 MiB
[2026-09-16T08:14:09] GPU0 free=2900 MiB
[2026-09-16T08:14:14] GPU0 free=2900 MiB
[2026-09-16T08:14:19] GPU0 free=2900 MiB
[2026-09-16T08:14:24] GPU0 free=2900 MiB
[2026-09-16T08:14:30] GPU0 free=2900 MiB
[2026-09-16T08:14:35] GPU0 free=2900 MiB
[2026-09-16T08:14:40] GPU0 free=2900 MiB
[2026-09-16T08:14:45] GPU0 free=2900 MiB
[2026-09-16T08:14:50] GPU0 free=2900 MiB
[2026-09-16T08:14:55] GPU0 free=2900 MiB
[2026-09-16T08:15:00] GPU0 free=2900 MiB
[2026-09-16T08:15:05] GPU0 free=2900 MiB
[2026-09-16T08:15:10] GPU0 free=2900 MiB
[2026-09-16T08:15:15] GPU0 free=2900 MiB
[2026-09-16T08:15:20] GPU0 free=2900 MiB
[2026-09-16T08:15:25] GPU0 free=2900 MiB
[2026-09-16T08:15:30] GPU0 free=2900 MiB
[2026-09-16T08:15:35] GPU0 free=2900 MiB
[2026-09-16T08:15:40] GPU0 free=2900 MiB
[2026-09-16T08:15:45] GPU0 free=2900 MiB
[2026-09-16T08:15:50] GPU0 free=2900 MiB
[2026-09-16T08:15:55] GPU0 free=2900 MiB
[2026-09-16T08:16:00] GPU0 free=2900 MiB
[2026-09-16T08:16:05] GPU0 free=2900 MiB
[2026-09-16T08:16:10] GPU0 free=2900 MiB
[2026-09-16T08:16:16] GPU0 free=2900 MiB
[2026-09-16T08:16:21] GPU0 free=2900 MiB
[2026-09-16T08:16:26] GPU0 free=2900 MiB
[2026-09-16T08:16:31] GPU0 free=2900 MiB
[2026-09-16T08:16:36] GPU0 free=2900 MiB
[2026-09-16T08:16:41] GPU0 free=2900 MiB
[2026-09-16T08:16:46] GPU0 free=2900 MiB
[2026-09-16T08:16:51] GPU0 free=2900 MiB
[2026-09-16T08:16:56] GPU0 free=2900 MiB
[2026-09-16T08:17:01] GPU0 free=2900 MiB
[2026-09-16T08:17:06] GPU0 free=2900 MiB
[2026-09-16T08:17:11] GPU0 free=2900 MiB
[2026-09-16T08:17:16] GPU0 free=2900 MiB
[2026-09-16T08:17:21] GPU0 free=2900 MiB
[2026-09-16T08:17:26] GPU0 free=2900 MiB
[2026-09-16T08:17:31] GPU0 free=2900 MiB
[2026-09-16T08:17:36] GPU0 free=2900 MiB
[2026-09-16T08:17:41] GPU0 free=2900 MiB
[2026-09-16T08:17:46] GPU0 free=2900 MiB
[2026-09-16T08:17:51] GPU0 free=2900 MiB
[2026-09-16T08:17:56] GPU0 free=2900 MiB
[2026-09-16T08:18:01] GPU0 free=2900 MiB
[2026-09-16T08:18:06] GPU0 free=2900 MiB
[2026-09-16T08:18:11] GPU0 free=2900 MiB
[2026-09-16T08:18:17] GPU0 free=2900 MiB
[2026-09-16T08:18:22] GPU0 free=2900 MiB
[2026-09-16T08:18:27] GPU0 free=2900 MiB
[2026-09-16T08:18:32] GPU0 free=2900 MiB
[2026-09-16T08:18:37] GPU0 free=2900 MiB
[2026-09-16T08:18:42] GPU0 free=2900 MiB
[2026-09-16T08:18:47] GPU0 free=2900 MiB
[2026-09-16T08:18:52] GPU0 free=2900 MiB
[2026-09-16T08:18:57] GPU0 free=2900 MiB
[2026-09-16T08:19:02] GPU0 free=2900 MiB
[2026-09-16T08:19:07] GPU0 free=2900 MiB
[2026-09-16T08:19:12] GPU0 free=2900 MiB
[2026-09-16T08:19:17] GPU0 free=2900 MiB
[2026-09-16T08:19:22] GPU0 free=2900 MiB
[2026-09-16T08:19:27] GPU0 free=2900 MiB
[2026-09-16T08:19:32] GPU0 free=2900 MiB
[2026-09-16T08:19:37] GPU0 free=2900 MiB
[2026-09-16T08:19:42] GPU0 free=2900 MiB
[2026-09-16T08:19:47] GPU0 free=2900 MiB
[2026-09-16T08:19:52] GPU0 free=2900 MiB
[2026-09-16T08:19:57] GPU0 free=2900 MiB
[2026-09-16T08:20:02] GPU0 free=2900 MiB
[2026-09-16T08:20:08] GPU0 free=2900 MiB
[2026-09-16T08:20:13] GPU0 free=2900 MiB
[2026-09-16T08:20:18] GPU0 free=2900 MiB
[2026-09-16T08:20:23] GPU0 free=2900 MiB
[2026-09-16T08:20:28] GPU0 free=2900 MiB
[2026-09-16T08:20:33] GPU0 free=2900 MiB
[2026-09-16T08:20:38] GPU0 free=2900 MiB
[2026-09-16T08:20:43] GPU0 free=2900 MiB
[2026-09-16T08:20:48] GPU0 free=2900 MiB
[2026-09-16T08:20:53] GPU0 free=2900 MiB
[2026-09-16T08:20:58] GPU0 free=2900 MiB
[2026-09-16T08:21:03] GPU0 free=2900 MiB
[2026-09-16T08:21:08] GPU0 free=2900 MiB
[2026-09-16T08:21:13] GPU0 free=2900 MiB
[2026-09-16T08:21:18] GPU0 free=2900 MiB
[2026-09-16T08:21:23] GPU0 free=2900 MiB
[2026-09-16T08:21:28] GPU0 free=2900 MiB
[2026-09-16T08:21:33] GPU0 free=2900 MiB
[2026-09-16T08:21:38] GPU0 free=2900 MiB
[2026-09-16T08:21:43] GPU0 free=2900 MiB
[2026-09-16T08:21:48] GPU0 free=2900 MiB
[2026-09-16T08:21:53] GPU0 free=2900 MiB
[2026-09-16T08:21:59] GPU0 free=2900 MiB
[2026-09-16T08:22:04] GPU0 free=2900 MiB
[2026-09-16T08:22:09] GPU0 free=2900 MiB
[2026-09-16T08:22:14] GPU0 free=2900 MiB
[2026-09-16T08:22:19] GPU0 free=2900 MiB
[2026-09-16T08:22:24] GPU0 free=2900 MiB
[2026-09-16T08:22:29] GPU0 free=2900 MiB
[2026-09-16T08:22:34] GPU0 free=2900 MiB
[2026-09-16T08:22:39] GPU0 free=2900 MiB
[2026-09-16T08:22:44] GPU0 free=2900 MiB
[2026-09-16T08:22:49] GPU0 free=2900 MiB
[2026-09-16T08:22:54] GPU0 free=2900 MiB
[2026-09-16T08:22:59] GPU0 free=2900 MiB
[2026-09-16T08:23:04] GPU0 free=2900 MiB
[2026-09-16T08:23:09] GPU0 free=2900 MiB
[2026-09-16T08:23:14] GPU0 free=2900 MiB
[2026-09-16T08:23:19] GPU0 free=2900 MiB
[2026-09-16T08:23:24] GPU0 free=2900 MiB
[2026-09-16T08:23:29] GPU0 free=2900 MiB
[2026-09-16T08:23:34] GPU0 free=2900 MiB
[2026-09-16T08:23:39] GPU0 free=2900 MiB
[2026-09-16T08:23:45] GPU0 free=2900 MiB
[2026-09-16T08:23:50] GPU0 free=2900 MiB
[2026-09-16T08:23:55] GPU0 free=2900 MiB
[2026-09-16T08:24:00] GPU0 free=2900 MiB
[2026-09-16T08:24:05] GPU0 free=2900 MiB
[2026-09-16T08:24:10] GPU0 free=2900 MiB
[2026-09-16T08:24:15] GPU0 free=2900 MiB
[2026-09-16T08:24:20] GPU0 free=2900 MiB
[2026-09-16T08:24:25] GPU0 free=2900 MiB
[2026-09-16T08:24:30] GPU0 free=2900 MiB
[2026-09-16T08:24:35] GPU0 free=2900 MiB
[2026-09-16T08:24:40] GPU0 free=2900 MiB
[2026-09-16T08:24:45] GPU0 free=2900 MiB
[2026-09-16T08:24:50] GPU0 free=2900 MiB
[2026-09-16T08:24:55] GPU0 free=2900 MiB
[2026-09-16T08:25:00] GPU0 free=2900 MiB
[2026-09-16T08:25:05] GPU0 free=2900 MiB
[2026-09-16T08:25:10] GPU0 free=2900 MiB
[2026-09-16T08:25:15] GPU0 free=2900 MiB
[2026-09-16T08:25:21] GPU0 free=2900 MiB
[2026-09-16T08:25:26] GPU0 free=2900 MiB
[2026-09-16T08:25:31] GPU0 free=2900 MiB
[2026-09-16T08:25:36] GPU0 free=2900 MiB
[2026-09-16T08:25:41] GPU0 free=2900 MiB
[2026-09-16T08:25:46] GPU0 free=2900 MiB
[2026-09-16T08:25:51] GPU0 free=2900 MiB
[2026-09-16T08:25:56] GPU0 free=2900 MiB
[2026-09-16T08:26:01] GPU0 free=2900 MiB
[2026-09-16T08:26:06] GPU0 free=2900 MiB
[2026-09-16T08:26:11] GPU0 free=2900 MiB
[2026-09-16T08:26:16] GPU0 free=2900 MiB
[2026-09-16T08:26:21] GPU0 free=2900 MiB
[2026-09-16T08:26:26] GPU0 free=2900 MiB
[2026-09-16T08:26:31] GPU0 free=2900 MiB
[2026-09-16T08:26:36] GPU0 free=2900 MiB
[2026-09-16T08:26:41] GPU0 free=2900 MiB
[2026-09-16T08:26:46] GPU0 free=2900 MiB
[2026-09-16T08:26:51] GPU0 free=2900 MiB
[2026-09-16T08:26:56] GPU0 free=2900 MiB
[2026-09-16T08:27:01] GPU0 free=2900 MiB
[2026-09-16T08:27:07] GPU0 free=2900 MiB
[2026-09-16T08:27:12] GPU0 free=2900 MiB
[2026-09-16T08:27:17] GPU0 free=2900 MiB
[2026-09-16T08:27:22] GPU0 free=2900 MiB
[2026-09-16T08:27:27] GPU0 free=2900 MiB
[2026-09-16T08:27:32] GPU0 free=2900 MiB
[2026-09-16T08:27:37] GPU0 free=2900 MiB
[2026-09-16T08:27:42] GPU0 free=2900 MiB
[2026-09-16T08:27:47] GPU0 free=2900 MiB
[2026-09-16T08:27:52] GPU0 free=2900 MiB
[2026-09-16T08:27:57] GPU0 free=2900 MiB
[2026-09-16T08:28:02] GPU0 free=2900 MiB
[2026-09-16T08:28:07] GPU0 free=2900 MiB
[2026-09-16T08:28:12] GPU0 free=2900 MiB
[2026-09-16T08:28:17] GPU0 free=2900 MiB
[2026-09-16T08:28:22] GPU0 free=2900 MiB
[2026-09-16T08:28:27] GPU0 free=2900 MiB
[2026-09-16T08:28:32] GPU0 free=2900 MiB
[2026-09-16T08:28:37] GPU0 free=2900 MiB
[2026-09-16T08:28:42] GPU0 free=2900 MiB
[2026-09-16T08:28:48] GPU0 free=2900 MiB
[2026-09-16T08:28:53] GPU0 free=2900 MiB
[2026-09-16T08:28:58] GPU0 free=2900 MiB
[2026-09-16T08:29:03] GPU0 free=2900 MiB
[2026-09-16T08:29:08] GPU0 free=2900 MiB
[2026-09-16T08:29:13] GPU0 free=2900 MiB
[2026-09-16T08:29:18] GPU0 free=2900 MiB
[2026-09-16T08:29:23] GPU0 free=2900 MiB
[2026-09-16T08:29:28] GPU0 free=2900 MiB
[2026-09-16T08:29:33] GPU0 free=2900 MiB
[2026-09-16T08:29:38] GPU0 free=2900 MiB
[2026-09-16T08:29:43] GPU0 free=2900 MiB
[2026-09-16T08:29:48] GPU0 free=2900 MiB
[2026-09-16T08:29:53] GPU0 free=2900 MiB
[2026-09-16T08:29:58] GPU0 free=2900 MiB
[2026-09-16T08:30:03] GPU0 free=2900 MiB
[2026-09-16T08:30:08] GPU0 free=2900 MiB
[2026-09-16T08:30:13] GPU0 free=2900 MiB
[2026-09-16T08:30:18] GPU0 free=2900 MiB
[2026-09-16T08:30:23] GPU0 free=2900 MiB
[2026-09-16T08:30:28] GPU0 free=2900 MiB
[2026-09-16T08:30:33] GPU0 free=2900 MiB
[2026-09-16T08:30:39] GPU0 free=2900 MiB
[2026-09-16T08:30:44] GPU0 free=2900 MiB
[2026-09-16T08:30:49] GPU0 free=2900 MiB
[2026-09-16T08:30:54] GPU0 free=2900 MiB
[2026-09-16T08:30:59] GPU0 free=2900 MiB
[2026-09-16T08:31:04] GPU0 free=2900 MiB
[2026-09-16T08:31:09] GPU0 free=2900 MiB
[2026-09-16T08:31:14] GPU0 free=2900 MiB
[2026-09-16T08:31:19] GPU0 free=2900 MiB
[2026-09-16T08:31:24] GPU0 free=2900 MiB
[2026-09-16T08:31:29] GPU0 free=2900 MiB
[2026-09-16T08:31:34] GPU0 free=2900 MiB
[2026-09-16T08:31:39] GPU0 free=2900 MiB
[2026-09-16T08:31:44] GPU0 free=2900 MiB
[2026-09-16T08:31:49] GPU0 free=2900 MiB
[2026-09-16T08:31:54] GPU0 free=2900 MiB
[2026-09-16T08:31:59] GPU0 free=2900 MiB
[2026-09-16T08:32:04] GPU0 free=2900 MiB
[2026-09-16T08:32:09] GPU0 free=2900 MiB
[2026-09-16T08:32:14] GPU0 free=2900 MiB
[2026-09-16T08:32:19] GPU0 free=2900 MiB
[2026-09-16T08:32:25] GPU0 free=2900 MiB
[2026-09-16T08:32:30] GPU0 free=2900 MiB
[2026-09-16T08:32:35] GPU0 free=2900 MiB
[2026-09-16T08:32:40] GPU0 free=2900 MiB
[2026-09-16T08:32:45] GPU0 free=2900 MiB
[2026-09-16T08:32:50] GPU0 free=2900 MiB
[2026-09-16T08:32:55] GPU0 free=2900 MiB
[2026-09-16T08:33:00] GPU0 free=2900 MiB
[2026-09-16T08:33:05] GPU0 free=2900 MiB
[2026-09-16T08:33:10] GPU0 free=2900 MiB
[2026-09-16T08:33:15] GPU0 free=2900 MiB
[2026-09-16T08:33:20] GPU0 free=2900 MiB
[2026-09-16T08:33:25] GPU0 free=2900 MiB
[2026-09-16T08:33:30] GPU0 free=2900 MiB
[2026-09-16T08:33:35] GPU0 free=2900 MiB
[2026-09-16T08:33:40] GPU0 free=2900 MiB
[2026-09-16T08:33:45] GPU0 free=2900 MiB
[2026-09-16T08:33:50] GPU0 free=2900 MiB
[2026-09-16T08:33:55] GPU0 free=2900 MiB
[2026-09-16T08:34:00] GPU0 free=2900 MiB
[2026-09-16T08:34:05] GPU0 free=2900 MiB
[2026-09-16T08:34:10] GPU0 free=2900 MiB
[2026-09-16T08:34:15] GPU0 free=2900 MiB
[2026-09-16T08:34:21] GPU0 free=2900 MiB
[2026-09-16T08:34:26] GPU0 free=2900 MiB
[2026-09-16T08:34:31] GPU0 free=2900 MiB
[2026-09-16T08:34:36] GPU0 free=2900 MiB
[2026-09-16T08:34:41] GPU0 free=2900 MiB
[2026-09-16T08:34:46] GPU0 free=2900 MiB
[2026-09-16T08:34:51] GPU0 free=2900 MiB
[2026-09-16T08:34:56] GPU0 free=2900 MiB
[2026-09-16T08:35:01] GPU0 free=2900 MiB
[2026-09-16T08:35:06] GPU0 free=2900 MiB
[2026-09-16T08:35:11] GPU0 free=2900 MiB
[2026-09-16T08:35:16] GPU0 free=2900 MiB
[2026-09-16T08:35:21] GPU0 free=2900 MiB
[2026-09-16T08:35:26] GPU0 free=2900 MiB
[2026-09-16T08:35:31] GPU0 free=2900 MiB
[2026-09-16T08:35:36] GPU0 free=2900 MiB
[2026-09-16T08:35:41] GPU0 free=2900 MiB
[2026-09-16T08:35:46] GPU0 free=2900 MiB
[2026-09-16T08:35:51] GPU0 free=2900 MiB
[2026-09-16T08:35:56] GPU0 free=2900 MiB
[2026-09-16T08:36:01] GPU0 free=2900 MiB
[2026-09-16T08:36:06] GPU0 free=2900 MiB
[2026-09-16T08:36:12] GPU0 free=2900 MiB
[2026-09-16T08:36:17] GPU0 free=2900 MiB
[2026-09-16T08:36:22] GPU0 free=2900 MiB
[2026-09-16T08:36:27] GPU0 free=2900 MiB
[2026-09-16T08:36:32] GPU0 free=2900 MiB
[2026-09-16T08:36:37] GPU0 free=2900 MiB
[2026-09-16T08:36:42] GPU0 free=2900 MiB
[2026-09-16T08:36:47] GPU0 free=2900 MiB
[2026-09-16T08:36:52] GPU0 free=2900 MiB
[2026-09-16T08:36:57] GPU0 free=2900 MiB
[2026-09-16T08:37:02] GPU0 free=2900 MiB
[2026-09-16T08:37:07] GPU0 free=2900 MiB
[2026-09-16T08:37:12] GPU0 free=2900 MiB
[2026-09-16T08:37:17] GPU0 free=2900 MiB
[2026-09-16T08:37:22] GPU0 free=2900 MiB
[2026-09-16T08:37:27] GPU0 free=2900 MiB
[2026-09-16T08:37:32] GPU0 free=2900 MiB
[2026-09-16T08:37:37] GPU0 free=2900 MiB
[2026-09-16T08:37:42] GPU0 free=2900 MiB
[2026-09-16T08:37:47] GPU0 free=2900 MiB
[2026-09-16T08:37:53] GPU0 free=2900 MiB
[2026-09-16T08:37:58] GPU0 free=2900 MiB
[2026-09-16T08:38:03] GPU0 free=2900 MiB
[2026-09-16T08:38:08] GPU0 free=2900 MiB
[2026-09-16T08:38:13] GPU0 free=2900 MiB
[2026-09-16T08:38:18] GPU0 free=2900 MiB
[2026-09-16T08:38:23] GPU0 free=2900 MiB
[2026-09-16T08:38:28] GPU0 free=2900 MiB
[2026-09-16T08:38:33] GPU0 free=2900 MiB
[2026-09-16T08:38:38] GPU0 free=2900 MiB
[2026-09-16T08:38:43] GPU0 free=2900 MiB
[2026-09-16T08:38:48] GPU0 free=2900 MiB
[2026-09-16T08:38:53] GPU0 free=2900 MiB
[2026-09-16T08:38:58] GPU0 free=2900 MiB
[2026-09-16T08:39:03] GPU0 free=2900 MiB
[2026-09-16T08:39:08] GPU0 free=2900 MiB
[2026-09-16T08:39:13] GPU0 free=2900 MiB
[2026-09-16T08:39:18] GPU0 free=2900 MiB
[2026-09-16T08:39:23] GPU0 free=2900 MiB
[2026-09-16T08:39:28] GPU0 free=2900 MiB
[2026-09-16T08:39:34] GPU0 free=2900 MiB
[2026-09-16T08:39:39] GPU0 free=2900 MiB
[2026-09-16T08:39:44] GPU0 free=2900 MiB
[2026-09-16T08:39:49] GPU0 free=2900 MiB
[2026-09-16T08:39:54] GPU0 free=2900 MiB
[2026-09-16T08:39:59] GPU0 free=2900 MiB
[2026-09-16T08:40:04] GPU0 free=2900 MiB
[2026-09-16T08:40:09] GPU0 free=2900 MiB
[2026-09-16T08:40:14] GPU0 free=2900 MiB
[2026-09-16T08:40:19] GPU0 free=2900 MiB
[2026-09-16T08:40:24] GPU0 free=2900 MiB
[2026-09-16T08:40:29] GPU0 free=2900 MiB
[2026-09-16T08:40:34] GPU0 free=2900 MiB
[2026-09-16T08:40:39] GPU0 free=2900 MiB
[2026-09-16T08:40:44] GPU0 free=2900 MiB
[2026-09-16T08:40:49] GPU0 free=2900 MiB
[2026-09-16T08:40:54] GPU0 free=2900 MiB
[2026-09-16T08:40:59] GPU0 free=2900 MiB
[2026-09-16T08:41:04] GPU0 free=2900 MiB
[2026-09-16T08:41:09] GPU0 free=2900 MiB
[2026-09-16T08:41:15] GPU0 free=2900 MiB
[2026-09-16T08:41:20] GPU0 free=2900 MiB
[2026-09-16T08:41:25] GPU0 free=2900 MiB
[2026-09-16T08:41:30] GPU0 free=2900 MiB
[2026-09-16T08:41:35] GPU0 free=2900 MiB
[2026-09-16T08:41:40] GPU0 free=2900 MiB
[2026-09-16T08:41:45] GPU0 free=2900 MiB
[2026-09-16T08:41:50] GPU0 free=2900 MiB
[2026-09-16T08:41:55] GPU0 free=2900 MiB
[2026-09-16T08:42:00] GPU0 free=2900 MiB
[2026-09-16T08:42:05] GPU0 free=2900 MiB
[2026-09-16T08:42:10] GPU0 free=2900 MiB
[2026-09-16T08:42:15] GPU0 free=2900 MiB
[2026-09-16T08:42:20] GPU0 free=2900 MiB
[2026-09-16T08:42:25] GPU0 free=2900 MiB
[2026-09-16T08:42:30] GPU0 free=2900 MiB
[2026-09-16T08:42:35] GPU0 free=2900 MiB
[2026-09-16T08:42:40] GPU0 free=2900 MiB
[2026-09-16T08:42:45] GPU0 free=2900 MiB
[2026-09-16T08:42:50] GPU0 free=2900 MiB
[2026-09-16T08:42:55] GPU0 free=2900 MiB
[2026-09-16T08:43:01] GPU0 free=2900 MiB
[2026-09-16T08:43:06] GPU0 free=2900 MiB
[2026-09-16T08:43:11] GPU0 free=2900 MiB
[2026-09-16T08:43:16] GPU0 free=2900 MiB
[2026-09-16T08:43:21] GPU0 free=2900 MiB
[2026-09-16T08:43:26] GPU0 free=2900 MiB
[2026-09-16T08:43:31] GPU0 free=2900 MiB
[2026-09-16T08:43:36] GPU0 free=2900 MiB
[2026-09-16T08:43:41] GPU0 free=2900 MiB
[2026-09-16T08:43:46] GPU0 free=2900 MiB
[2026-09-16T08:43:51] GPU0 free=2900 MiB
[2026-09-16T08:43:56] GPU0 free=2900 MiB
[2026-09-16T08:44:01] GPU0 free=2900 MiB
[2026-09-16T08:44:06] GPU0 free=2900 MiB
[2026-09-16T08:44:11] GPU0 free=2900 MiB
[2026-09-16T08:44:16] GPU0 free=2900 MiB
[2026-09-16T08:44:21] GPU0 free=2900 MiB
[2026-09-16T08:44:26] GPU0 free=2900 MiB
[2026-09-16T08:44:31] GPU0 free=2900 MiB
[2026-09-16T08:44:36] GPU0 free=2900 MiB
[2026-09-16T08:44:41] GPU0 free=2900 MiB
[2026-09-16T08:44:47] GPU0 free=2900 MiB
[2026-09-16T08:44:52] GPU0 free=2900 MiB
[2026-09-16T08:44:57] GPU0 free=2900 MiB
[2026-09-16T08:45:02] GPU0 free=2900 MiB
[2026-09-16T08:45:07] GPU0 free=2900 MiB
[2026-09-16T08:45:12] GPU0 free=2900 MiB
[2026-09-16T08:45:17] GPU0 free=2900 MiB
[2026-09-16T08:45:22] GPU0 free=2900 MiB
[2026-09-16T08:45:27] GPU0 free=2900 MiB
[2026-09-16T08:45:32] GPU0 free=2900 MiB
[2026-09-16T08:45:37] GPU0 free=2900 MiB
[2026-09-16T08:45:42] GPU0 free=2900 MiB
[2026-09-16T08:45:47] GPU0 free=2900 MiB
[2026-09-16T08:45:52] GPU0 free=2900 MiB
[2026-09-16T08:45:57] GPU0 free=2900 MiB
[2026-09-16T08:46:02] GPU0 free=2900 MiB
[2026-09-16T08:46:07] GPU0 free=2900 MiB
[2026-09-16T08:46:12] GPU0 free=2900 MiB
[2026-09-16T08:46:17] GPU0 free=2900 MiB
[2026-09-16T08:46:22] GPU0 free=2900 MiB
[2026-09-16T08:46:27] GPU0 free=2900 MiB
[2026-09-16T08:46:33] GPU0 free=2900 MiB
[2026-09-16T08:46:38] GPU0 free=2900 MiB
[2026-09-16T08:46:43] GPU0 free=2900 MiB
[2026-09-16T08:46:48] GPU0 free=2900 MiB
[2026-09-16T08:46:53] GPU0 free=2900 MiB
[2026-09-16T08:46:58] GPU0 free=2900 MiB
[2026-09-16T08:47:03] GPU0 free=2900 MiB
[2026-09-16T08:47:08] GPU0 free=2900 MiB
[2026-09-16T08:47:13] GPU0 free=2900 MiB
[2026-09-16T08:47:18] GPU0 free=2900 MiB
[2026-09-16T08:47:23] GPU0 free=2900 MiB
[2026-09-16T08:47:28] GPU0 free=2900 MiB
[2026-09-16T08:47:33] GPU0 free=2900 MiB
[2026-09-16T08:47:38] GPU0 free=2900 MiB
[2026-09-16T08:47:43] GPU0 free=2900 MiB
[2026-09-16T08:47:48] GPU0 free=2900 MiB
[2026-09-16T08:47:53] GPU0 free=2900 MiB
[2026-09-16T08:47:58] GPU0 free=2900 MiB
[2026-09-16T08:48:03] GPU0 free=2900 MiB
[2026-09-16T08:48:08] GPU0 free=2900 MiB
[2026-09-16T08:48:13] GPU0 free=2900 MiB
[2026-09-16T08:48:19] GPU0 free=2900 MiB
[2026-09-16T08:48:24] GPU0 free=2900 MiB
[2026-09-16T08:48:29] GPU0 free=2900 MiB
[2026-09-16T08:48:34] GPU0 free=2900 MiB
[2026-09-16T08:48:39] GPU0 free=2900 MiB
[2026-09-16T08:48:44] GPU0 free=2900 MiB
[2026-09-16T08:48:49] GPU0 free=2900 MiB
[2026-09-16T08:48:54] GPU0 free=2900 MiB
[2026-09-16T08:48:59] GPU0 free=2900 MiB
[2026-09-16T08:49:04] GPU0 free=2900 MiB
[2026-09-16T08:49:09] GPU0 free=2900 MiB
[2026-09-16T08:49:14] GPU0 free=2900 MiB
[2026-09-16T08:49:19] GPU0 free=2900 MiB
[2026-09-16T08:49:24] GPU0 free=2900 MiB
[2026-09-16T08:49:29] GPU0 free=2900 MiB
[2026-09-16T08:49:34] GPU0 free=2900 MiB
[2026-09-16T08:49:39] GPU0 free=2900 MiB
[2026-09-16T08:49:44] GPU0 free=2900 MiB
[2026-09-16T08:49:49] GPU0 free=2900 MiB
[2026-09-16T08:49:54] GPU0 free=2900 MiB
[2026-09-16T08:49:59] GPU0 free=2900 MiB
[2026-09-16T08:50:04] GPU0 free=2900 MiB
[2026-09-16T08:50:09] GPU0 free=2900 MiB
[2026-09-16T08:50:15] GPU0 free=2900 MiB
[2026-09-16T08:50:20] GPU0 free=2900 MiB
[2026-09-16T08:50:25] GPU0 free=2900 MiB
[2026-09-16T08:50:30] GPU0 free=2900 MiB
[2026-09-16T08:50:35] GPU0 free=2900 MiB
[2026-09-16T08:50:40] GPU0 free=2900 MiB
[2026-09-16T08:50:45] GPU0 free=2900 MiB
[2026-09-16T08:50:50] GPU0 free=2900 MiB
[2026-09-16T08:50:55] GPU0 free=2900 MiB
[2026-09-16T08:51:00] GPU0 free=2900 MiB
[2026-09-16T08:51:05] GPU0 free=2900 MiB
[2026-09-16T08:51:10] GPU0 free=2900 MiB
[2026-09-16T08:51:15] GPU0 free=2900 MiB
[2026-09-16T08:51:20] GPU0 free=2900 MiB
[2026-09-16T08:51:25] GPU0 free=2900 MiB
[2026-09-16T08:51:30] GPU0 free=2900 MiB
[2026-09-16T08:51:35] GPU0 free=2900 MiB
[2026-09-16T08:51:40] GPU0 free=2900 MiB
[2026-09-16T08:51:45] GPU0 free=2900 MiB
[2026-09-16T08:51:50] GPU0 free=2900 MiB
[2026-09-16T08:51:56] GPU0 free=2900 MiB
[2026-09-16T08:52:01] GPU0 free=2900 MiB
[2026-09-16T08:52:06] GPU0 free=2900 MiB
[2026-09-16T08:52:11] GPU0 free=2900 MiB
[2026-09-16T08:52:16] GPU0 free=2900 MiB
[2026-09-16T08:52:21] GPU0 free=2900 MiB
[2026-09-16T08:52:26] GPU0 free=2900 MiB
[2026-09-16T08:52:31] GPU0 free=2900 MiB
[2026-09-16T08:52:36] GPU0 free=2900 MiB
[2026-09-16T08:52:41] GPU0 free=2900 MiB
[2026-09-16T08:52:46] GPU0 free=2900 MiB
[2026-09-16T08:52:51] GPU0 free=2900 MiB
[2026-09-16T08:52:56] GPU0 free=2900 MiB
[2026-09-16T08:53:01] GPU0 free=2900 MiB
[2026-09-16T08:53:06] GPU0 free=2900 MiB
[2026-09-16T08:53:11] GPU0 free=2900 MiB
[2026-09-16T08:53:16] GPU0 free=2900 MiB
[2026-09-16T08:53:21] GPU0 free=2900 MiB
[2026-09-16T08:53:26] GPU0 free=2900 MiB
[2026-09-16T08:53:31] GPU0 free=2900 MiB
[2026-09-16T08:53:37] GPU0 free=2900 MiB
[2026-09-16T08:53:42] GPU0 free=2900 MiB
[2026-09-16T08:53:47] GPU0 free=2900 MiB
[2026-09-16T08:53:52] GPU0 free=2900 MiB
[2026-09-16T08:53:57] GPU0 free=2900 MiB
[2026-09-16T08:54:02] GPU0 free=2900 MiB
[2026-09-16T08:54:07] GPU0 free=2900 MiB
[2026-09-16T08:54:12] GPU0 free=2900 MiB
[2026-09-16T08:54:17] GPU0 free=2900 MiB
[2026-09-16T08:54:22] GPU0 free=2900 MiB
[2026-09-16T08:54:27] GPU0 free=2900 MiB
[2026-09-16T08:54:32] GPU0 free=2900 MiB
[2026-09-16T08:54:37] GPU0 free=2900 MiB
[2026-09-16T08:54:42] GPU0 free=2900 MiB
[2026-09-16T08:54:47] GPU0 free=2900 MiB
[2026-09-16T08:54:52] GPU0 free=2900 MiB
[2026-09-16T08:54:57] GPU0 free=2900 MiB
[2026-09-16T08:55:02] GPU0 free=2900 MiB
[2026-09-16T08:55:07] GPU0 free=2900 MiB
[2026-09-16T08:55:12] GPU0 free=2900 MiB
[2026-09-16T08:55:17] GPU0 free=2900 MiB
[2026-09-16T08:55:23] GPU0 free=2900 MiB
[2026-09-16T08:55:28] GPU0 free=2900 MiB
[2026-09-16T08:55:33] GPU0 free=2900 MiB
[2026-09-16T08:55:38] GPU0 free=2900 MiB
[2026-09-16T08:55:43] GPU0 free=2900 MiB
[2026-09-16T08:55:48] GPU0 free=2900 MiB
[2026-09-16T08:55:53] GPU0 free=2900 MiB
[2026-09-16T08:55:58] GPU0 free=2900 MiB
[2026-09-16T08:56:03] GPU0 free=2900 MiB
[2026-09-16T08:56:08] GPU0 free=2900 MiB
[2026-09-16T08:56:13] GPU0 free=2900 MiB
[2026-09-16T08:56:18] GPU0 free=2900 MiB
[2026-09-16T08:56:23] GPU0 free=2900 MiB
[2026-09-16T08:56:28] GPU0 free=2900 MiB
[2026-09-16T08:56:33] GPU0 free=2900 MiB
[2026-09-16T08:56:38] GPU0 free=2900 MiB
[2026-09-16T08:56:43] GPU0 free=2900 MiB
[2026-09-16T08:56:48] GPU0 free=2900 MiB
[2026-09-16T08:56:53] GPU0 free=2900 MiB
[2026-09-16T08:56:58] GPU0 free=2900 MiB
[2026-09-16T08:57:03] GPU0 free=2900 MiB
[2026-09-16T08:57:09] GPU0 free=2900 MiB
[2026-09-16T08:57:14] GPU0 free=2900 MiB
[2026-09-16T08:57:19] GPU0 free=2900 MiB
[2026-09-16T08:57:24] GPU0 free=2900 MiB
[2026-09-16T08:57:29] GPU0 free=2900 MiB
[2026-09-16T08:57:34] GPU0 free=2900 MiB
[2026-09-16T08:57:39] GPU0 free=2900 MiB
[2026-09-16T08:57:44] GPU0 free=2900 MiB
[2026-09-16T08:57:49] GPU0 free=2900 MiB
[2026-09-16T08:57:54] GPU0 free=2900 MiB
[2026-09-16T08:57:59] GPU0 free=2900 MiB
[2026-09-16T08:58:04] GPU0 free=2900 MiB
[2026-09-16T08:58:09] GPU0 free=2900 MiB
[2026-09-16T08:58:14] GPU0 free=2900 MiB
[2026-09-16T08:58:19] GPU0 free=2900 MiB
[2026-09-16T08:58:24] GPU0 free=2900 MiB
[2026-09-16T08:58:29] GPU0 free=2900 MiB
[2026-09-16T08:58:34] GPU0 free=2900 MiB
[2026-09-16T08:58:39] GPU0 free=2900 MiB
[2026-09-16T08:58:44] GPU0 free=2900 MiB
[2026-09-16T08:58:49] GPU0 free=2900 MiB
[2026-09-16T08:58:55] GPU0 free=2900 MiB
[2026-09-16T08:59:00] GPU0 free=2900 MiB
[2026-09-16T08:59:05] GPU0 free=2900 MiB
[2026-09-16T08:59:10] GPU0 free=2900 MiB
[2026-09-16T08:59:15] GPU0 free=2900 MiB
[2026-09-16T08:59:20] GPU0 free=2900 MiB
[2026-09-16T08:59:25] GPU0 free=2900 MiB
[2026-09-16T08:59:30] GPU0 free=2900 MiB
[2026-09-16T08:59:35] GPU0 free=2900 MiB
[2026-09-16T08:59:40] GPU0 free=2900 MiB
[2026-09-16T08:59:45] GPU0 free=2900 MiB
[2026-09-16T08:59:50] GPU0 free=2900 MiB
[2026-09-16T08:59:55] GPU0 free=2900 MiB
[2026-09-16T09:00:00] GPU0 free=2900 MiB
[2026-09-16T09:00:05] GPU0 free=2900 MiB
[2026-09-16T09:00:10] GPU0 free=2900 MiB
[2026-09-16T09:00:15] GPU0 free=2900 MiB
[2026-09-16T09:00:20] GPU0 free=2900 MiB
[2026-09-16T09:00:25] GPU0 free=2900 MiB
[2026-09-16T09:00:30] GPU0 free=2900 MiB
[2026-09-16T09:00:35] GPU0 free=2900 MiB
[2026-09-16T09:00:41] GPU0 free=2900 MiB
[2026-09-16T09:00:46] GPU0 free=2900 MiB
[2026-09-16T09:00:51] GPU0 free=2900 MiB
[2026-09-16T09:00:56] GPU0 free=2900 MiB
[2026-09-16T09:01:01] GPU0 free=2900 MiB
[2026-09-16T09:01:06] GPU0 free=2900 MiB
[2026-09-16T09:01:11] GPU0 free=2900 MiB
[2026-09-16T09:01:16] GPU0 free=2900 MiB
[2026-09-16T09:01:21] GPU0 free=2900 MiB
[2026-09-16T09:01:26] GPU0 free=2900 MiB
[2026-09-16T09:01:31] GPU0 free=2900 MiB
[2026-09-16T09:01:36] GPU0 free=2900 MiB
[2026-09-16T09:01:41] GPU0 free=2900 MiB
[2026-09-16T09:01:46] GPU0 free=2900 MiB
[2026-09-16T09:01:51] GPU0 free=2900 MiB
[2026-09-16T09:01:56] GPU0 free=2900 MiB
[2026-09-16T09:02:01] GPU0 free=2900 MiB
[2026-09-16T09:02:06] GPU0 free=2900 MiB
[2026-09-16T09:02:11] GPU0 free=2900 MiB
[2026-09-16T09:02:16] GPU0 free=2900 MiB
[2026-09-16T09:02:21] GPU0 free=2900 MiB
[2026-09-16T09:02:27] GPU0 free=2900 MiB
[2026-09-16T09:02:32] GPU0 free=2900 MiB
[2026-09-16T09:02:37] GPU0 free=2900 MiB
[2026-09-16T09:02:42] GPU0 free=2900 MiB
[2026-09-16T09:02:47] GPU0 free=2900 MiB
[2026-09-16T09:02:52] GPU0 free=2900 MiB
[2026-09-16T09:02:57] GPU0 free=2900 MiB
[2026-09-16T09:03:02] GPU0 free=2900 MiB
[2026-09-16T09:03:07] GPU0 free=2900 MiB
[2026-09-16T09:03:12] GPU0 free=2900 MiB
[2026-09-16T09:03:17] GPU0 free=2900 MiB
[2026-09-16T09:03:22] GPU0 free=2900 MiB
[2026-09-16T09:03:27] GPU0 free=2900 MiB
[2026-09-16T09:03:32] GPU0 free=2900 MiB
[2026-09-16T09:03:37] GPU0 free=2900 MiB
[2026-09-16T09:03:42] GPU0 free=2900 MiB
[2026-09-16T09:03:47] GPU0 free=2900 MiB
[2026-09-16T09:03:52] GPU0 free=2900 MiB
[2026-09-16T09:03:57] GPU0 free=2900 MiB
[2026-09-16T09:04:02] GPU0 free=2900 MiB
[2026-09-16T09:04:07] GPU0 free=2900 MiB
[2026-09-16T09:04:12] GPU0 free=2900 MiB
[2026-09-16T09:04:17] GPU0 free=2900 MiB
[2026-09-16T09:04:23] GPU0 free=2900 MiB
[2026-09-16T09:04:28] GPU0 free=2900 MiB
[2026-09-16T09:04:33] GPU0 free=2900 MiB
[2026-09-16T09:04:38] GPU0 free=2900 MiB
[2026-09-16T09:04:43] GPU0 free=2900 MiB
[2026-09-16T09:04:48] GPU0 free=2900 MiB
[2026-09-16T09:04:53] GPU0 free=2900 MiB
[2026-09-16T09:04:58] GPU0 free=2900 MiB
[2026-09-16T09:05:03] GPU0 free=2900 MiB
[2026-09-16T09:05:08] GPU0 free=2900 MiB
[2026-09-16T09:05:13] GPU0 free=2900 MiB
[2026-09-16T09:05:18] GPU0 free=2900 MiB
[2026-09-16T09:05:23] GPU0 free=2900 MiB
[2026-09-16T09:05:28] GPU0 free=2900 MiB
[2026-09-16T09:05:33] GPU0 free=2900 MiB
[2026-09-16T09:05:38] GPU0 free=2900 MiB
[2026-09-16T09:05:43] GPU0 free=2900 MiB
[2026-09-16T09:05:48] GPU0 free=2900 MiB
[2026-09-16T09:05:53] GPU0 free=2900 MiB
[2026-09-16T09:05:58] GPU0 free=2900 MiB
[2026-09-16T09:06:04] GPU0 free=2900 MiB
[2026-09-16T09:06:09] GPU0 free=2900 MiB
[2026-09-16T09:06:14] GPU0 free=2900 MiB
[2026-09-16T09:06:19] GPU0 free=2900 MiB
[2026-09-16T09:06:24] GPU0 free=2900 MiB
[2026-09-16T09:06:29] GPU0 free=2900 MiB
[2026-09-16T09:06:34] GPU0 free=2900 MiB
[2026-09-16T09:06:39] GPU0 free=2900 MiB
[2026-09-16T09:06:44] GPU0 free=2900 MiB
[2026-09-16T09:06:49] GPU0 free=2900 MiB
[2026-09-16T09:06:54] GPU0 free=2900 MiB
[2026-09-16T09:06:59] GPU0 free=2900 MiB
[2026-09-16T09:07:04] GPU0 free=2900 MiB
[2026-09-16T09:07:09] GPU0 free=2900 MiB
[2026-09-16T09:07:14] GPU0 free=2900 MiB
[2026-09-16T09:07:19] GPU0 free=2900 MiB
[2026-09-16T09:07:24] GPU0 free=2900 MiB
[2026-09-16T09:07:29] GPU0 free=2900 MiB
[2026-09-16T09:07:34] GPU0 free=2900 MiB
[2026-09-16T09:07:39] GPU0 free=2900 MiB
[2026-09-16T09:07:44] GPU0 free=2900 MiB
[2026-09-16T09:07:49] GPU0 free=2900 MiB
[2026-09-16T09:07:55] GPU0 free=2900 MiB
[2026-09-16T09:08:00] GPU0 free=2900 MiB
[2026-09-16T09:08:05] GPU0 free=2900 MiB
[2026-09-16T09:08:10] GPU0 free=2900 MiB
[2026-09-16T09:08:15] GPU0 free=2900 MiB
[2026-09-16T09:08:20] GPU0 free=2900 MiB
[2026-09-16T09:08:25] GPU0 free=2900 MiB
[2026-09-16T09:08:30] GPU0 free=2900 MiB
[2026-09-16T09:08:35] GPU0 free=2900 MiB
[2026-09-16T09:08:40] GPU0 free=2900 MiB
[2026-09-16T09:08:45] GPU0 free=2900 MiB
[2026-09-16T09:08:50] GPU0 free=2900 MiB
[2026-09-16T09:08:55] GPU0 free=2900 MiB
[2026-09-16T09:09:00] GPU0 free=2900 MiB
[2026-09-16T09:09:05] GPU0 free=2900 MiB
[2026-09-16T09:09:10] GPU0 free=2900 MiB
[2026-09-16T09:09:15] GPU0 free=2900 MiB
[2026-09-16T09:09:20] GPU0 free=2900 MiB
[2026-09-16T09:09:25] GPU0 free=2900 MiB
[2026-09-16T09:09:30] GPU0 free=2900 MiB
[2026-09-16T09:09:36] GPU0 free=2900 MiB
[2026-09-16T09:09:41] GPU0 free=2900 MiB
[2026-09-16T09:09:46] GPU0 free=2900 MiB
[2026-09-16T09:09:51] GPU0 free=2900 MiB
[2026-09-16T09:09:56] GPU0 free=2900 MiB
[2026-09-16T09:10:01] GPU0 free=2900 MiB
[2026-09-16T09:10:06] GPU0 free=2900 MiB
[2026-09-16T09:10:11] GPU0 free=2900 MiB
[2026-09-16T09:10:16] GPU0 free=2900 MiB
[2026-09-16T09:10:21] GPU0 free=2900 MiB
[2026-09-16T09:10:26] GPU0 free=2900 MiB
[2026-09-16T09:10:31] GPU0 free=2900 MiB
[2026-09-16T09:10:36] GPU0 free=2900 MiB
[2026-09-16T09:10:41] GPU0 free=2900 MiB
[2026-09-16T09:10:46] GPU0 free=2900 MiB
[2026-09-16T09:10:51] GPU0 free=2900 MiB
[2026-09-16T09:10:56] GPU0 free=2900 MiB
[2026-09-16T09:11:01] GPU0 free=2900 MiB
[2026-09-16T09:11:06] GPU0 free=2900 MiB
[2026-09-16T09:11:11] GPU0 free=2900 MiB
[2026-09-16T09:11:16] GPU0 free=2900 MiB
[2026-09-16T09:11:22] GPU0 free=2900 MiB
[2026-09-16T09:11:27] GPU0 free=2900 MiB
[2026-09-16T09:11:32] GPU0 free=2900 MiB
[2026-09-16T09:11:37] GPU0 free=2900 MiB
[2026-09-16T09:11:42] GPU0 free=2900 MiB
[2026-09-16T09:11:47] GPU0 free=2900 MiB
[2026-09-16T09:11:52] GPU0 free=2900 MiB
[2026-09-16T09:11:57] GPU0 free=2900 MiB
[2026-09-16T09:12:02] GPU0 free=2900 MiB
[2026-09-16T09:12:07] GPU0 free=2900 MiB
[2026-09-16T09:12:12] GPU0 free=2900 MiB
[2026-09-16T09:12:17] GPU0 free=2900 MiB
[2026-09-16T09:12:22] GPU0 free=2900 MiB
[2026-09-16T09:12:27] GPU0 free=2900 MiB
[2026-09-16T09:12:32] GPU0 free=2900 MiB
[2026-09-16T09:12:37] GPU0 free=2900 MiB
[2026-09-16T09:12:42] GPU0 free=2900 MiB
[2026-09-16T09:12:47] GPU0 free=2900 MiB
[2026-09-16T09:12:52] GPU0 free=2900 MiB
[2026-09-16T09:12:57] GPU0 free=2900 MiB
[2026-09-16T09:13:03] GPU0 free=2900 MiB
[2026-09-16T09:13:08] GPU0 free=2900 MiB
[2026-09-16T09:13:13] GPU0 free=2900 MiB
[2026-09-16T09:13:18] GPU0 free=2900 MiB
[2026-09-16T09:13:23] GPU0 free=2900 MiB
[2026-09-16T09:13:28] GPU0 free=2900 MiB
[2026-09-16T09:13:33] GPU0 free=2900 MiB
[2026-09-16T09:13:38] GPU0 free=2900 MiB
[2026-09-16T09:13:43] GPU0 free=2900 MiB
[2026-09-16T09:13:48] GPU0 free=2900 MiB
[2026-09-16T09:13:53] GPU0 free=2900 MiB
[2026-09-16T09:13:58] GPU0 free=2900 MiB
[2026-09-16T09:14:03] GPU0 free=2900 MiB
[2026-09-16T09:14:08] GPU0 free=2900 MiB
[2026-09-16T09:14:13] GPU0 free=2900 MiB
[2026-09-16T09:14:18] GPU0 free=2900 MiB
[2026-09-16T09:14:23] GPU0 free=2900 MiB
[2026-09-16T09:14:28] GPU0 free=2900 MiB
[2026-09-16T09:14:33] GPU0 free=2900 MiB
[2026-09-16T09:14:38] GPU0 free=2900 MiB
[2026-09-16T09:14:43] GPU0 free=2900 MiB
[2026-09-16T09:14:49] GPU0 free=2900 MiB
[2026-09-16T09:14:54] GPU0 free=2900 MiB
[2026-09-16T09:14:59] GPU0 free=2900 MiB
[2026-09-16T09:15:04] GPU0 free=2900 MiB
[2026-09-16T09:15:09] GPU0 free=2900 MiB
[2026-09-16T09:15:14] GPU0 free=2900 MiB
[2026-09-16T09:15:19] GPU0 free=2900 MiB
[2026-09-16T09:15:24] GPU0 free=2900 MiB
[2026-09-16T09:15:29] GPU0 free=2900 MiB
[2026-09-16T09:15:34] GPU0 free=2900 MiB
[2026-09-16T09:15:39] GPU0 free=2900 MiB
[2026-09-16T09:15:44] GPU0 free=2900 MiB
[2026-09-16T09:15:49] GPU0 free=2900 MiB
[2026-09-16T09:15:54] GPU0 free=2900 MiB
[2026-09-16T09:15:59] GPU0 free=2900 MiB
[2026-09-16T09:16:04] GPU0 free=2900 MiB
[2026-09-16T09:16:09] GPU0 free=2900 MiB
[2026-09-16T09:16:14] GPU0 free=2900 MiB
[2026-09-16T09:16:19] GPU0 free=2900 MiB
[2026-09-16T09:16:24] GPU0 free=2900 MiB
[2026-09-16T09:16:29] GPU0 free=2900 MiB
[2026-09-16T09:16:35] GPU0 free=2900 MiB
[2026-09-16T09:16:40] GPU0 free=2900 MiB
[2026-09-16T09:16:45] GPU0 free=2900 MiB
[2026-09-16T09:16:50] GPU0 free=2900 MiB
[2026-09-16T09:16:55] GPU0 free=2900 MiB
[2026-09-16T09:17:00] GPU0 free=2900 MiB
[2026-09-16T09:17:05] GPU0 free=2900 MiB
[2026-09-16T09:17:10] GPU0 free=2900 MiB
[2026-09-16T09:17:15] GPU0 free=2900 MiB
[2026-09-16T09:17:20] GPU0 free=2900 MiB
[2026-09-16T09:17:25] GPU0 free=2900 MiB
[2026-09-16T09:17:30] GPU0 free=2900 MiB
[2026-09-16T09:17:35] GPU0 free=2900 MiB
[2026-09-16T09:17:40] GPU0 free=2900 MiB
[2026-09-16T09:17:45] GPU0 free=2900 MiB
[2026-09-16T09:17:50] GPU0 free=2900 MiB
[2026-09-16T09:17:55] GPU0 free=2900 MiB
[2026-09-16T09:18:00] GPU0 free=2900 MiB
[2026-09-16T09:18:05] GPU0 free=2900 MiB
[2026-09-16T09:18:10] GPU0 free=2900 MiB
[2026-09-16T09:18:15] GPU0 free=2900 MiB
[2026-09-16T09:18:21] GPU0 free=2900 MiB
[2026-09-16T09:18:26] GPU0 free=2900 MiB
[2026-09-16T09:18:31] GPU0 free=2900 MiB
[2026-09-16T09:18:36] GPU0 free=2900 MiB
[2026-09-16T09:18:41] GPU0 free=2900 MiB
[2026-09-16T09:18:46] GPU0 free=2900 MiB
[2026-09-16T09:18:51] GPU0 free=2900 MiB
[2026-09-16T09:18:56] GPU0 free=2900 MiB
[2026-09-16T09:19:01] GPU0 free=2900 MiB
[2026-09-16T09:19:06] GPU0 free=2900 MiB
[2026-09-16T09:19:11] GPU0 free=2900 MiB
[2026-09-16T09:19:16] GPU0 free=2900 MiB
[2026-09-16T09:19:21] GPU0 free=2900 MiB
[2026-09-16T09:19:26] GPU0 free=2900 MiB
[2026-09-16T09:19:31] GPU0 free=2900 MiB
[2026-09-16T09:19:36] GPU0 free=2900 MiB
[2026-09-16T09:19:41] GPU0 free=2900 MiB
[2026-09-16T09:19:46] GPU0 free=2900 MiB
[2026-09-16T09:19:51] GPU0 free=2900 MiB
[2026-09-16T09:19:56] GPU0 free=2900 MiB
[2026-09-16T09:20:01] GPU0 free=2900 MiB
[2026-09-16T09:20:06] GPU0 free=2900 MiB
[2026-09-16T09:20:12] GPU0 free=2900 MiB
[2026-09-16T09:20:17] GPU0 free=2900 MiB
[2026-09-16T09:20:22] GPU0 free=2900 MiB
[2026-09-16T09:20:27] GPU0 free=2900 MiB
[2026-09-16T09:20:32] GPU0 free=2900 MiB
[2026-09-16T09:20:37] GPU0 free=2900 MiB
[2026-09-16T09:20:42] GPU0 free=2900 MiB
[2026-09-16T09:20:47] GPU0 free=2900 MiB
[2026-09-16T09:20:52] GPU0 free=2900 MiB
[2026-09-16T09:20:57] GPU0 free=2900 MiB
[2026-09-16T09:21:02] GPU0 free=2900 MiB
[2026-09-16T09:21:07] GPU0 free=2900 MiB
[2026-09-16T09:21:12] GPU0 free=2900 MiB
[2026-09-16T09:21:17] GPU0 free=2900 MiB
[2026-09-16T09:21:22] GPU0 free=2900 MiB
[2026-09-16T09:21:27] GPU0 free=2900 MiB
[2026-09-16T09:21:32] GPU0 free=2900 MiB
[2026-09-16T09:21:37] GPU0 free=2900 MiB
[2026-09-16T09:21:42] GPU0 free=2900 MiB
[2026-09-16T09:21:47] GPU0 free=2900 MiB
[2026-09-16T09:21:52] GPU0 free=2900 MiB
[2026-09-16T09:21:58] GPU0 free=2900 MiB
[2026-09-16T09:22:03] GPU0 free=2900 MiB
[2026-09-16T09:22:08] GPU0 free=2900 MiB
[2026-09-16T09:22:13] GPU0 free=2900 MiB
[2026-09-16T09:22:18] GPU0 free=2900 MiB
[2026-09-16T09:22:23] GPU0 free=2900 MiB
[2026-09-16T09:22:28] GPU0 free=2900 MiB
[2026-09-16T09:22:33] GPU0 free=2900 MiB
[2026-09-16T09:22:38] GPU0 free=2900 MiB
[2026-09-16T09:22:43] GPU0 free=2900 MiB
[2026-09-16T09:22:48] GPU0 free=2900 MiB
[2026-09-16T09:22:53] GPU0 free=2900 MiB
[2026-09-16T09:22:58] GPU0 free=2900 MiB
[2026-09-16T09:23:03] GPU0 free=2900 MiB
[2026-09-16T09:23:08] GPU0 free=2900 MiB
[2026-09-16T09:23:13] GPU0 free=2900 MiB
[2026-09-16T09:23:18] GPU0 free=2900 MiB
[2026-09-16T09:23:23] GPU0 free=2900 MiB
[2026-09-16T09:23:28] GPU0 free=2900 MiB
[2026-09-16T09:23:33] GPU0 free=2900 MiB
[2026-09-16T09:23:39] GPU0 free=2900 MiB
[2026-09-16T09:23:44] GPU0 free=2900 MiB
[2026-09-16T09:23:49] GPU0 free=2900 MiB
[2026-09-16T09:23:54] GPU0 free=2900 MiB
[2026-09-16T09:23:59] GPU0 free=2900 MiB
[2026-09-16T09:24:04] GPU0 free=2900 MiB
[2026-09-16T09:24:09] GPU0 free=2900 MiB
[2026-09-16T09:24:14] GPU0 free=2900 MiB
[2026-09-16T09:24:19] GPU0 free=2900 MiB
[2026-09-16T09:24:24] GPU0 free=2900 MiB
[2026-09-16T09:24:29] GPU0 free=2900 MiB
[2026-09-16T09:24:34] GPU0 free=2900 MiB
[2026-09-16T09:24:39] GPU0 free=2900 MiB
[2026-09-16T09:24:44] GPU0 free=2900 MiB
[2026-09-16T09:24:49] GPU0 free=2900 MiB
[2026-09-16T09:24:54] GPU0 free=2900 MiB
[2026-09-16T09:24:59] GPU0 free=2900 MiB
[2026-09-16T09:25:04] GPU0 free=2900 MiB
[2026-09-16T09:25:09] GPU0 free=2900 MiB
[2026-09-16T09:25:14] GPU0 free=2900 MiB
[2026-09-16T09:25:20] GPU0 free=2900 MiB
[2026-09-16T09:25:25] GPU0 free=2900 MiB
[2026-09-16T09:25:30] GPU0 free=2900 MiB
[2026-09-16T09:25:35] GPU0 free=2900 MiB
[2026-09-16T09:25:40] GPU0 free=2900 MiB
[2026-09-16T09:25:45] GPU0 free=2900 MiB
[2026-09-16T09:25:50] GPU0 free=2900 MiB
[2026-09-16T09:25:55] GPU0 free=2900 MiB
[2026-09-16T09:26:00] GPU0 free=2900 MiB
[2026-09-16T09:26:05] GPU0 free=2900 MiB
[2026-09-16T09:26:10] GPU0 free=2900 MiB
[2026-09-16T09:26:15] GPU0 free=2900 MiB
[2026-09-16T09:26:20] GPU0 free=2900 MiB
[2026-09-16T09:26:25] GPU0 free=2900 MiB
[2026-09-16T09:26:30] GPU0 free=2900 MiB
[2026-09-16T09:26:35] GPU0 free=2900 MiB
[2026-09-16T09:26:40] GPU0 free=2900 MiB
[2026-09-16T09:26:45] GPU0 free=2900 MiB
[2026-09-16T09:26:50] GPU0 free=2900 MiB
[2026-09-16T09:26:55] GPU0 free=2900 MiB
[2026-09-16T09:27:00] GPU0 free=2900 MiB
[2026-09-16T09:27:06] GPU0 free=2900 MiB
[2026-09-16T09:27:11] GPU0 free=2900 MiB
[2026-09-16T09:27:16] GPU0 free=2900 MiB
[2026-09-16T09:27:21] GPU0 free=2900 MiB
[2026-09-16T09:27:26] GPU0 free=2900 MiB
[2026-09-16T09:27:31] GPU0 free=2900 MiB
[2026-09-16T09:27:36] GPU0 free=2900 MiB
[2026-09-16T09:27:41] GPU0 free=2900 MiB
[2026-09-16T09:27:46] GPU0 free=2900 MiB
[2026-09-16T09:27:51] GPU0 free=2900 MiB
[2026-09-16T09:27:56] GPU0 free=2900 MiB
[2026-09-16T09:28:01] GPU0 free=2900 MiB
[2026-09-16T09:28:06] GPU0 free=2900 MiB
[2026-09-16T09:28:11] GPU0 free=2900 MiB
[2026-09-16T09:28:16] GPU0 free=2900 MiB
[2026-09-16T09:28:21] GPU0 free=2900 MiB
[2026-09-16T09:28:26] GPU0 free=2900 MiB
[2026-09-16T09:28:31] GPU0 free=2900 MiB
[2026-09-16T09:28:36] GPU0 free=2900 MiB
[2026-09-16T09:28:41] GPU0 free=2900 MiB
[2026-09-16T09:28:46] GPU0 free=2900 MiB
[2026-09-16T09:28:52] GPU0 free=2900 MiB
[2026-09-16T09:28:57] GPU0 free=2900 MiB
[2026-09-16T09:29:02] GPU0 free=2900 MiB
[2026-09-16T09:29:07] GPU0 free=2900 MiB
[2026-09-16T09:29:12] GPU0 free=2900 MiB
[2026-09-16T09:29:17] GPU0 free=2900 MiB
[2026-09-16T09:29:22] GPU0 free=2900 MiB
[2026-09-16T09:29:27] GPU0 free=2900 MiB
[2026-09-16T09:29:32] GPU0 free=2900 MiB
[2026-09-16T09:29:37] GPU0 free=2900 MiB
[2026-09-16T09:29:42] GPU0 free=2900 MiB
[2026-09-16T09:29:47] GPU0 free=2900 MiB
[2026-09-16T09:29:52] GPU0 free=2900 MiB
[2026-09-16T09:29:57] GPU0 free=2900 MiB
[2026-09-16T09:30:02] GPU0 free=2900 MiB
[2026-09-16T09:30:07] GPU0 free=2900 MiB
[2026-09-16T09:30:12] GPU0 free=2900 MiB
[2026-09-16T09:30:17] GPU0 free=2900 MiB
[2026-09-16T09:30:22] GPU0 free=2900 MiB
[2026-09-16T09:30:27] GPU0 free=2900 MiB
[2026-09-16T09:30:32] GPU0 free=2900 MiB
[2026-09-16T09:30:37] GPU0 free=2900 MiB
[2026-09-16T09:30:43] GPU0 free=2900 MiB
[2026-09-16T09:30:48] GPU0 free=2900 MiB
[2026-09-16T09:30:53] GPU0 free=2900 MiB
[2026-09-16T09:30:58] GPU0 free=2900 MiB
[2026-09-16T09:31:03] GPU0 free=2900 MiB
[2026-09-16T09:31:08] GPU0 free=2900 MiB
[2026-09-16T09:31:13] GPU0 free=2900 MiB
[2026-09-16T09:31:18] GPU0 free=2900 MiB
[2026-09-16T09:31:23] GPU0 free=2900 MiB
[2026-09-16T09:31:28] GPU0 free=2900 MiB
[2026-09-16T09:31:33] GPU0 free=2900 MiB
[2026-09-16T09:31:38] GPU0 free=2900 MiB
[2026-09-16T09:31:43] GPU0 free=2900 MiB
[2026-09-16T09:31:48] GPU0 free=2900 MiB
[2026-09-16T09:31:53] GPU0 free=2900 MiB
[2026-09-16T09:31:58] GPU0 free=2900 MiB
[2026-09-16T09:32:03] GPU0 free=2900 MiB
[2026-09-16T09:32:08] GPU0 free=2900 MiB
[2026-09-16T09:32:13] GPU0 free=2900 MiB
[2026-09-16T09:32:18] GPU0 free=2900 MiB
[2026-09-16T09:32:24] GPU0 free=2900 MiB
[2026-09-16T09:32:29] GPU0 free=2900 MiB
[2026-09-16T09:32:34] GPU0 free=2900 MiB
[2026-09-16T09:32:39] GPU0 free=2900 MiB
[2026-09-16T09:32:44] GPU0 free=2900 MiB
[2026-09-16T09:32:49] GPU0 free=2900 MiB
[2026-09-16T09:32:54] GPU0 free=2900 MiB
[2026-09-16T09:32:59] GPU0 free=2900 MiB
[2026-09-16T09:33:04] GPU0 free=2900 MiB
[2026-09-16T09:33:09] GPU0 free=2900 MiB
[2026-09-16T09:33:14] GPU0 free=2900 MiB
[2026-09-16T09:33:19] GPU0 free=2900 MiB
[2026-09-16T09:33:24] GPU0 free=2900 MiB
[2026-09-16T09:33:29] GPU0 free=2900 MiB
[2026-09-16T09:33:34] GPU0 free=2900 MiB
[2026-09-16T09:33:39] GPU0 free=2900 MiB
[2026-09-16T09:33:44] GPU0 free=2900 MiB
[2026-09-16T09:33:49] GPU0 free=2900 MiB
[2026-09-16T09:33:54] GPU0 free=2900 MiB
[2026-09-16T09:33:59] GPU0 free=2900 MiB
[2026-09-16T09:34:04] GPU0 free=2900 MiB
[2026-09-16T09:34:10] GPU0 free=2900 MiB
[2026-09-16T09:34:15] GPU0 free=2900 MiB
[2026-09-16T09:34:20] GPU0 free=2900 MiB
[2026-09-16T09:34:25] GPU0 free=2900 MiB
[2026-09-16T09:34:30] GPU0 free=2900 MiB
[2026-09-16T09:34:35] GPU0 free=2900 MiB
[2026-09-16T09:34:40] GPU0 free=2900 MiB
[2026-09-16T09:34:45] GPU0 free=2900 MiB
[2026-09-16T09:34:50] GPU0 free=2900 MiB
[2026-09-16T09:34:55] GPU0 free=2900 MiB
[2026-09-16T09:35:00] GPU0 free=2900 MiB
[2026-09-16T09:35:05] GPU0 free=2900 MiB
[2026-09-16T09:35:10] GPU0 free=2900 MiB
[2026-09-16T09:35:15] GPU0 free=2900 MiB
[2026-09-16T09:35:20] GPU0 free=2900 MiB
[2026-09-16T09:35:25] GPU0 free=2900 MiB
[2026-09-16T09:35:30] GPU0 free=2900 MiB
[2026-09-16T09:35:35] GPU0 free=2900 MiB
[2026-09-16T09:35:41] GPU0 free=2900 MiB
[2026-09-16T09:35:46] GPU0 free=2900 MiB
[2026-09-16T09:35:51] GPU0 free=2900 MiB
[2026-09-16T09:35:56] GPU0 free=2900 MiB
[2026-09-16T09:36:01] GPU0 free=2900 MiB
[2026-09-16T09:36:06] GPU0 free=2900 MiB
[2026-09-16T09:36:11] GPU0 free=2900 MiB
[2026-09-16T09:36:16] GPU0 free=2900 MiB
[2026-09-16T09:36:21] GPU0 free=2900 MiB
[2026-09-16T09:36:26] GPU0 free=2900 MiB
[2026-09-16T09:36:31] GPU0 free=2900 MiB
[2026-09-16T09:36:36] GPU0 free=2900 MiB
[2026-09-16T09:36:41] GPU0 free=2900 MiB
[2026-09-16T09:36:46] GPU0 free=2900 MiB
[2026-09-16T09:36:51] GPU0 free=2900 MiB
[2026-09-16T09:36:56] GPU0 free=2900 MiB
[2026-09-16T09:37:01] GPU0 free=2900 MiB
[2026-09-16T09:37:06] GPU0 free=2900 MiB
[2026-09-16T09:37:11] GPU0 free=2900 MiB
[2026-09-16T09:37:16] GPU0 free=2900 MiB
[2026-09-16T09:37:22] GPU0 free=2900 MiB
[2026-09-16T09:37:27] GPU0 free=2900 MiB
[2026-09-16T09:37:32] GPU0 free=2900 MiB
[2026-09-16T09:37:37] GPU0 free=2900 MiB
[2026-09-16T09:37:42] GPU0 free=2900 MiB
[2026-09-16T09:37:47] GPU0 free=2900 MiB
[2026-09-16T09:37:52] GPU0 free=2900 MiB
[2026-09-16T09:37:57] GPU0 free=2900 MiB
[2026-09-16T09:38:02] GPU0 free=2900 MiB
[2026-09-16T09:38:07] GPU0 free=2900 MiB
[2026-09-16T09:38:12] GPU0 free=2900 MiB
[2026-09-16T09:38:17] GPU0 free=2900 MiB
[2026-09-16T09:38:22] GPU0 free=2900 MiB
[2026-09-16T09:38:27] GPU0 free=2900 MiB
[2026-09-16T09:38:32] GPU0 free=2900 MiB
[2026-09-16T09:38:37] GPU0 free=2900 MiB
[2026-09-16T09:38:42] GPU0 free=2900 MiB
[2026-09-16T09:38:47] GPU0 free=2900 MiB
[2026-09-16T09:38:52] GPU0 free=2900 MiB
[2026-09-16T09:38:57] GPU0 free=2900 MiB
[2026-09-16T09:39:03] GPU0 free=2900 MiB
[2026-09-16T09:39:08] GPU0 free=2900 MiB
[2026-09-16T09:39:13] GPU0 free=2900 MiB
[2026-09-16T09:39:18] GPU0 free=2900 MiB
[2026-09-16T09:39:23] GPU0 free=2900 MiB
[2026-09-16T09:39:28] GPU0 free=2900 MiB
[2026-09-16T09:39:33] GPU0 free=2900 MiB
[2026-09-16T09:39:38] GPU0 free=2900 MiB
[2026-09-16T09:39:43] GPU0 free=2900 MiB
[2026-09-16T09:39:48] GPU0 free=2900 MiB
[2026-09-16T09:39:53] GPU0 free=2900 MiB
[2026-09-16T09:39:58] GPU0 free=2900 MiB
[2026-09-16T09:40:03] GPU0 free=2900 MiB
[2026-09-16T09:40:08] GPU0 free=2900 MiB
[2026-09-16T09:40:13] GPU0 free=2900 MiB
[2026-09-16T09:40:18] GPU0 free=2900 MiB
[2026-09-16T09:40:23] GPU0 free=2900 MiB
[2026-09-16T09:40:28] GPU0 free=2900 MiB
[2026-09-16T09:40:33] GPU0 free=2900 MiB
[2026-09-16T09:40:38] GPU0 free=2900 MiB
[2026-09-16T09:40:43] GPU0 free=2900 MiB
[2026-09-16T09:40:48] GPU0 free=2900 MiB
[2026-09-16T09:40:54] GPU0 free=2900 MiB
[2026-09-16T09:40:59] GPU0 free=2900 MiB
[2026-09-16T09:41:04] GPU0 free=2900 MiB
[2026-09-16T09:41:09] GPU0 free=2900 MiB
[2026-09-16T09:41:14] GPU0 free=2900 MiB
[2026-09-16T09:41:19] GPU0 free=2900 MiB
[2026-09-16T09:41:24] GPU0 free=2900 MiB
[2026-09-16T09:41:29] GPU0 free=2900 MiB
[2026-09-16T09:41:34] GPU0 free=2900 MiB
[2026-09-16T09:41:39] GPU0 free=2900 MiB
[2026-09-16T09:41:44] GPU0 free=2900 MiB
[2026-09-16T09:41:49] GPU0 free=2900 MiB
[2026-09-16T09:41:54] GPU0 free=2900 MiB
[2026-09-16T09:41:59] GPU0 free=2900 MiB
[2026-09-16T09:42:04] GPU0 free=2900 MiB
[2026-09-16T09:42:09] GPU0 free=2900 MiB
[2026-09-16T09:42:14] GPU0 free=2900 MiB
[2026-09-16T09:42:19] GPU0 free=2900 MiB
[2026-09-16T09:42:24] GPU0 free=2900 MiB
[2026-09-16T09:42:29] GPU0 free=2900 MiB
[2026-09-16T09:42:35] GPU0 free=2900 MiB
[2026-09-16T09:42:40] GPU0 free=2900 MiB
[2026-09-16T09:42:45] GPU0 free=2900 MiB
[2026-09-16T09:42:50] GPU0 free=2900 MiB
[2026-09-16T09:42:55] GPU0 free=2900 MiB
[2026-09-16T09:43:00] GPU0 free=2900 MiB
[2026-09-16T09:43:05] GPU0 free=2900 MiB
[2026-09-16T09:43:10] GPU0 free=2900 MiB
[2026-09-16T09:43:15] GPU0 free=2900 MiB
[2026-09-16T09:43:20] GPU0 free=2900 MiB
[2026-09-16T09:43:25] GPU0 free=2900 MiB
[2026-09-16T09:43:30] GPU0 free=2900 MiB
[2026-09-16T09:43:35] GPU0 free=2900 MiB
[2026-09-16T09:43:40] GPU0 free=2900 MiB
[2026-09-16T09:43:45] GPU0 free=2900 MiB
[2026-09-16T09:43:50] GPU0 free=2900 MiB
[2026-09-16T09:43:55] GPU0 free=2900 MiB
[2026-09-16T09:44:00] GPU0 free=2900 MiB
[2026-09-16T09:44:05] GPU0 free=2900 MiB
[2026-09-16T09:44:10] GPU0 free=2900 MiB
[2026-09-16T09:44:15] GPU0 free=2900 MiB
[2026-09-16T09:44:21] GPU0 free=2900 MiB
[2026-09-16T09:44:26] GPU0 free=2900 MiB
[2026-09-16T09:44:31] GPU0 free=2900 MiB
[2026-09-16T09:44:36] GPU0 free=2900 MiB
[2026-09-16T09:44:41] GPU0 free=2900 MiB
[2026-09-16T09:44:46] GPU0 free=2900 MiB
[2026-09-16T09:44:51] GPU0 free=2900 MiB
[2026-09-16T09:44:56] GPU0 free=2900 MiB
[2026-09-16T09:45:01] GPU0 free=2900 MiB
[2026-09-16T09:45:06] GPU0 free=2900 MiB
[2026-09-16T09:45:11] GPU0 free=2900 MiB
[2026-09-16T09:45:16] GPU0 free=2900 MiB
[2026-09-16T09:45:21] GPU0 free=2900 MiB
[2026-09-16T09:45:26] GPU0 free=2900 MiB
[2026-09-16T09:45:31] GPU0 free=2900 MiB
[2026-09-16T09:45:36] GPU0 free=2900 MiB
[2026-09-16T09:45:41] GPU0 free=2900 MiB
[2026-09-16T09:45:46] GPU0 free=2900 MiB
[2026-09-16T09:45:51] GPU0 free=2900 MiB
[2026-09-16T09:45:56] GPU0 free=2900 MiB
[2026-09-16T09:46:01] GPU0 free=2900 MiB
[2026-09-16T09:46:07] GPU0 free=2900 MiB
[2026-09-16T09:46:12] GPU0 free=2900 MiB
[2026-09-16T09:46:17] GPU0 free=2900 MiB
[2026-09-16T09:46:22] GPU0 free=2900 MiB
[2026-09-16T09:46:27] GPU0 free=2900 MiB
[2026-09-16T09:46:32] GPU0 free=2900 MiB
[2026-09-16T09:46:37] GPU0 free=2900 MiB
[2026-09-16T09:46:42] GPU0 free=2900 MiB
[2026-09-16T09:46:47] GPU0 free=2900 MiB
[2026-09-16T09:46:52] GPU0 free=2900 MiB
[2026-09-16T09:46:57] GPU0 free=2900 MiB
[2026-09-16T09:47:02] GPU0 free=2900 MiB
[2026-09-16T09:47:07] GPU0 free=2900 MiB
[2026-09-16T09:47:12] GPU0 free=2900 MiB
[2026-09-16T09:47:17] GPU0 free=2900 MiB
[2026-09-16T09:47:22] GPU0 free=2900 MiB
[2026-09-16T09:47:27] GPU0 free=2900 MiB
[2026-09-16T09:47:32] GPU0 free=2900 MiB
[2026-09-16T09:47:37] GPU0 free=2900 MiB
[2026-09-16T09:47:42] GPU0 free=2900 MiB
[2026-09-16T09:47:47] GPU0 free=2900 MiB
[2026-09-16T09:47:52] GPU0 free=2900 MiB
[2026-09-16T09:47:58] GPU0 free=2900 MiB
[2026-09-16T09:48:03] GPU0 free=2900 MiB
[2026-09-16T09:48:08] GPU0 free=2900 MiB
[2026-09-16T09:48:13] GPU0 free=2900 MiB
[2026-09-16T09:48:18] GPU0 free=2900 MiB
[2026-09-16T09:48:23] GPU0 free=2900 MiB
[2026-09-16T09:48:28] GPU0 free=2900 MiB
[2026-09-16T09:48:33] GPU0 free=2900 MiB
[2026-09-16T09:48:38] GPU0 free=2900 MiB
[2026-09-16T09:48:43] GPU0 free=2900 MiB
[2026-09-16T09:48:48] GPU0 free=2900 MiB
[2026-09-16T09:48:53] GPU0 free=2900 MiB
[2026-09-16T09:48:58] GPU0 free=2900 MiB
[2026-09-16T09:49:03] GPU0 free=2900 MiB
[2026-09-16T09:49:08] GPU0 free=2900 MiB
[2026-09-16T09:49:13] GPU0 free=2900 MiB
[2026-09-16T09:49:18] GPU0 free=2900 MiB
[2026-09-16T09:49:23] GPU0 free=2900 MiB
[2026-09-16T09:49:28] GPU0 free=2900 MiB
[2026-09-16T09:49:33] GPU0 free=2900 MiB
[2026-09-16T09:49:39] GPU0 free=2900 MiB
[2026-09-16T09:49:44] GPU0 free=2900 MiB
[2026-09-16T09:49:49] GPU0 free=2900 MiB
[2026-09-16T09:49:54] GPU0 free=2900 MiB
[2026-09-16T09:49:59] GPU0 free=2900 MiB
[2026-09-16T09:50:04] GPU0 free=2900 MiB
[2026-09-16T09:50:09] GPU0 free=2900 MiB
[2026-09-16T09:50:14] GPU0 free=2900 MiB
[2026-09-16T09:50:19] GPU0 free=2900 MiB
[2026-09-16T09:50:24] GPU0 free=2900 MiB
[2026-09-16T09:50:29] GPU0 free=2900 MiB
[2026-09-16T09:50:34] GPU0 free=2900 MiB
[2026-09-16T09:50:39] GPU0 free=2900 MiB
[2026-09-16T09:50:44] GPU0 free=2900 MiB
[2026-09-16T09:50:49] GPU0 free=2900 MiB
[2026-09-16T09:50:54] GPU0 free=2900 MiB
[2026-09-16T09:50:59] GPU0 free=2900 MiB
[2026-09-16T09:51:04] GPU0 free=2900 MiB
[2026-09-16T09:51:09] GPU0 free=2900 MiB
[2026-09-16T09:51:14] GPU0 free=2900 MiB
[2026-09-16T09:51:19] GPU0 free=2900 MiB
[2026-09-16T09:51:24] GPU0 free=2900 MiB
[2026-09-16T09:51:29] GPU0 free=2900 MiB
[2026-09-16T09:51:35] GPU0 free=2900 MiB
[2026-09-16T09:51:40] GPU0 free=2900 MiB
[2026-09-16T09:51:45] GPU0 free=2900 MiB
[2026-09-16T09:51:50] GPU0 free=2900 MiB
[2026-09-16T09:51:55] GPU0 free=2900 MiB
[2026-09-16T09:52:00] GPU0 free=2900 MiB
[2026-09-16T09:52:05] GPU0 free=2900 MiB
[2026-09-16T09:52:10] GPU0 free=2900 MiB
[2026-09-16T09:52:15] GPU0 free=2900 MiB
[2026-09-16T09:52:20] GPU0 free=2900 MiB
[2026-09-16T09:52:25] GPU0 free=2900 MiB
[2026-09-16T09:52:30] GPU0 free=2900 MiB
[2026-09-16T09:52:35] GPU0 free=2900 MiB
[2026-09-16T09:52:40] GPU0 free=2900 MiB
[2026-09-16T09:52:45] GPU0 free=2900 MiB
[2026-09-16T09:52:50] GPU0 free=2900 MiB
[2026-09-16T09:52:55] GPU0 free=2900 MiB
[2026-09-16T09:53:00] GPU0 free=2900 MiB
[2026-09-16T09:53:05] GPU0 free=2900 MiB
[2026-09-16T09:53:10] GPU0 free=2900 MiB
[2026-09-16T09:53:15] GPU0 free=2900 MiB
[2026-09-16T09:53:20] GPU0 free=2900 MiB
[2026-09-16T09:53:25] GPU0 free=2900 MiB
[2026-09-16T09:53:31] GPU0 free=2900 MiB
[2026-09-16T09:53:36] GPU0 free=2900 MiB
[2026-09-16T09:53:41] GPU0 free=2900 MiB
[2026-09-16T09:53:46] GPU0 free=2900 MiB
[2026-09-16T09:53:51] GPU0 free=2900 MiB
[2026-09-16T09:53:56] GPU0 free=2900 MiB
[2026-09-16T09:54:01] GPU0 free=2900 MiB
[2026-09-16T09:54:06] GPU0 free=2900 MiB
[2026-09-16T09:54:11] GPU0 free=2900 MiB
[2026-09-16T09:54:16] GPU0 free=2900 MiB
[2026-09-16T09:54:21] GPU0 free=2900 MiB
[2026-09-16T09:54:26] GPU0 free=2900 MiB
[2026-09-16T09:54:31] GPU0 free=2900 MiB
[2026-09-16T09:54:36] GPU0 free=2900 MiB
[2026-09-16T09:54:41] GPU0 free=2900 MiB
[2026-09-16T09:54:46] GPU0 free=2900 MiB
[2026-09-16T09:54:51] GPU0 free=2900 MiB
[2026-09-16T09:54:56] GPU0 free=2900 MiB
[2026-09-16T09:55:01] GPU0 free=2900 MiB
[2026-09-16T09:55:06] GPU0 free=2900 MiB
[2026-09-16T09:55:11] GPU0 free=2900 MiB
[2026-09-16T09:55:17] GPU0 free=2900 MiB
[2026-09-16T09:55:22] GPU0 free=2900 MiB
[2026-09-16T09:55:27] GPU0 free=2900 MiB
[2026-09-16T09:55:32] GPU0 free=2900 MiB
[2026-09-16T09:55:37] GPU0 free=2900 MiB
[2026-09-16T09:55:42] GPU0 free=2900 MiB
[2026-09-16T09:55:47] GPU0 free=2900 MiB
[2026-09-16T09:55:52] GPU0 free=2900 MiB
[2026-09-16T09:55:57] GPU0 free=2900 MiB
[2026-09-16T09:56:02] GPU0 free=2900 MiB
[2026-09-16T09:56:07] GPU0 free=2900 MiB
[2026-09-16T09:56:12] GPU0 free=2900 MiB
[2026-09-16T09:56:17] GPU0 free=2900 MiB
[2026-09-16T09:56:22] GPU0 free=2900 MiB
[2026-09-16T09:56:27] GPU0 free=2900 MiB
[2026-09-16T09:56:32] GPU0 free=2900 MiB
[2026-09-16T09:56:37] GPU0 free=2900 MiB
[2026-09-16T09:56:42] GPU0 free=2900 MiB
[2026-09-16T09:56:47] GPU0 free=2900 MiB
[2026-09-16T09:56:52] GPU0 free=2900 MiB
[2026-09-16T09:56:57] GPU0 free=2900 MiB
[2026-09-16T09:57:02] GPU0 free=2900 MiB
[2026-09-16T09:57:08] GPU0 free=2900 MiB
[2026-09-16T09:57:13] GPU0 free=2900 MiB
[2026-09-16T09:57:18] GPU0 free=2900 MiB
[2026-09-16T09:57:23] GPU0 free=2900 MiB
[2026-09-16T09:57:28] GPU0 free=2900 MiB
[2026-09-16T09:57:33] GPU0 free=2900 MiB
[2026-09-16T09:57:38] GPU0 free=2900 MiB
[2026-09-16T09:57:43] GPU0 free=2900 MiB
[2026-09-16T09:57:48] GPU0 free=2900 MiB
[2026-09-16T09:57:53] GPU0 free=2900 MiB
[2026-09-16T09:57:58] GPU0 free=2900 MiB
[2026-09-16T09:58:03] GPU0 free=2900 MiB
[2026-09-16T09:58:08] GPU0 free=2900 MiB
[2026-09-16T09:58:13] GPU0 free=2900 MiB
[2026-09-16T09:58:18] GPU0 free=2900 MiB
[2026-09-16T09:58:23] GPU0 free=2900 MiB
[2026-09-16T09:58:28] GPU0 free=2900 MiB
[2026-09-16T09:58:33] GPU0 free=2900 MiB
[2026-09-16T09:58:38] GPU0 free=2900 MiB
[2026-09-16T09:58:43] GPU0 free=2900 MiB
[2026-09-16T09:58:48] GPU0 free=2900 MiB
[2026-09-16T09:58:54] GPU0 free=2900 MiB
[2026-09-16T09:58:59] GPU0 free=2900 MiB
[2026-09-16T09:59:04] GPU0 free=2900 MiB
[2026-09-16T09:59:09] GPU0 free=2900 MiB
[2026-09-16T09:59:14] GPU0 free=2900 MiB
[2026-09-16T09:59:19] GPU0 free=2900 MiB
[2026-09-16T09:59:24] GPU0 free=2900 MiB
[2026-09-16T09:59:29] GPU0 free=2900 MiB
[2026-09-16T09:59:34] GPU0 free=2900 MiB
[2026-09-16T09:59:39] GPU0 free=2900 MiB
[2026-09-16T09:59:44] GPU0 free=2900 MiB
[2026-09-16T09:59:49] GPU0 free=2900 MiB
[2026-09-16T09:59:54] GPU0 free=2900 MiB
[2026-09-16T09:59:59] GPU0 free=2900 MiB
[2026-09-16T10:00:04] GPU0 free=2900 MiB
[2026-09-16T10:00:09] GPU0 free=2900 MiB
[2026-09-16T10:00:14] GPU0 free=2900 MiB
[2026-09-16T10:00:19] GPU0 free=2900 MiB
[2026-09-16T10:00:24] GPU0 free=2900 MiB
[2026-09-16T10:00:29] GPU0 free=2900 MiB
[2026-09-16T10:00:34] GPU0 free=2900 MiB
[2026-09-16T10:00:39] GPU0 free=2900 MiB
[2026-09-16T10:00:45] GPU0 free=2900 MiB
[2026-09-16T10:00:50] GPU0 free=2900 MiB
[2026-09-16T10:00:55] GPU0 free=2900 MiB
[2026-09-16T10:01:00] GPU0 free=2900 MiB
[2026-09-16T10:01:05] GPU0 free=2900 MiB
[2026-09-16T10:01:10] GPU0 free=2900 MiB
[2026-09-16T10:01:15] GPU0 free=2900 MiB
[2026-09-16T10:01:20] GPU0 free=2900 MiB
[2026-09-16T10:01:25] GPU0 free=2900 MiB
[2026-09-16T10:01:30] GPU0 free=2900 MiB
[2026-09-16T10:01:35] GPU0 free=2900 MiB
[2026-09-16T10:01:40] GPU0 free=2900 MiB
[2026-09-16T10:01:45] GPU0 free=2900 MiB
[2026-09-16T10:01:50] GPU0 free=2900 MiB
[2026-09-16T10:01:55] GPU0 free=2900 MiB
[2026-09-16T10:02:00] GPU0 free=2900 MiB
[2026-09-16T10:02:05] GPU0 free=2900 MiB
[2026-09-16T10:02:10] GPU0 free=2900 MiB
[2026-09-16T10:02:15] GPU0 free=2900 MiB
[2026-09-16T10:02:20] GPU0 free=2900 MiB
[2026-09-16T10:02:25] GPU0 free=2900 MiB
[2026-09-16T10:02:30] GPU0 free=2900 MiB
[2026-09-16T10:02:36] GPU0 free=2900 MiB
[2026-09-16T10:02:41] GPU0 free=2900 MiB
[2026-09-16T10:02:46] GPU0 free=2900 MiB
[2026-09-16T10:02:51] GPU0 free=2900 MiB
[2026-09-16T10:02:56] GPU0 free=2900 MiB
[2026-09-16T10:03:01] GPU0 free=2900 MiB
[2026-09-16T10:03:06] GPU0 free=2900 MiB
[2026-09-16T10:03:11] GPU0 free=2900 MiB
[2026-09-16T10:03:16] GPU0 free=2900 MiB
[2026-09-16T10:03:21] GPU0 free=2900 MiB
[2026-09-16T10:03:26] GPU0 free=2900 MiB
[2026-09-16T10:03:31] GPU0 free=2900 MiB
[2026-09-16T10:03:36] GPU0 free=2900 MiB
[2026-09-16T10:03:41] GPU0 free=2900 MiB
[2026-09-16T10:03:46] GPU0 free=2900 MiB
[2026-09-16T10:03:51] GPU0 free=2900 MiB
[2026-09-16T10:03:56] GPU0 free=2900 MiB
[2026-09-16T10:04:01] GPU0 free=2900 MiB
[2026-09-16T10:04:06] GPU0 free=2900 MiB
[2026-09-16T10:04:12] GPU0 free=2900 MiB
[2026-09-16T10:04:17] GPU0 free=2900 MiB
[2026-09-16T10:04:22] GPU0 free=2900 MiB
[2026-09-16T10:04:27] GPU0 free=2900 MiB
[2026-09-16T10:04:32] GPU0 free=2900 MiB
[2026-09-16T10:04:37] GPU0 free=2900 MiB
[2026-09-16T10:04:42] GPU0 free=2900 MiB
[2026-09-16T10:04:47] GPU0 free=2900 MiB
[2026-09-16T10:04:52] GPU0 free=2900 MiB
[2026-09-16T10:04:57] GPU0 free=2900 MiB
[2026-09-16T10:05:02] GPU0 free=2900 MiB
[2026-09-16T10:05:07] GPU0 free=2900 MiB
[2026-09-16T10:05:12] GPU0 free=2900 MiB
[2026-09-16T10:05:17] GPU0 free=2900 MiB
[2026-09-16T10:05:22] GPU0 free=2900 MiB
[2026-09-16T10:05:27] GPU0 free=2900 MiB
[2026-09-16T10:05:32] GPU0 free=2900 MiB
[2026-09-16T10:05:37] GPU0 free=2900 MiB
[2026-09-16T10:05:42] GPU0 free=2900 MiB
[2026-09-16T10:05:47] GPU0 free=2900 MiB
[2026-09-16T10:05:53] GPU0 free=2900 MiB
[2026-09-16T10:05:58] GPU0 free=2900 MiB
[2026-09-16T10:06:03] GPU0 free=2900 MiB
[2026-09-16T10:06:08] GPU0 free=2900 MiB
[2026-09-16T10:06:13] GPU0 free=2900 MiB
[2026-09-16T10:06:18] GPU0 free=2900 MiB
[2026-09-16T10:06:23] GPU0 free=2900 MiB
[2026-09-16T10:06:28] GPU0 free=2900 MiB
[2026-09-16T10:06:33] GPU0 free=2900 MiB
[2026-09-16T10:06:38] GPU0 free=2900 MiB
[2026-09-16T10:06:43] GPU0 free=2900 MiB
[2026-09-16T10:06:48] GPU0 free=2900 MiB
[2026-09-16T10:06:53] GPU0 free=2900 MiB
[2026-09-16T10:06:58] GPU0 free=2900 MiB
[2026-09-16T10:07:03] GPU0 free=2900 MiB
[2026-09-16T10:07:08] GPU0 free=2900 MiB
[2026-09-16T10:07:13] GPU0 free=2900 MiB
[2026-09-16T10:07:18] GPU0 free=2900 MiB
[2026-09-16T10:07:23] GPU0 free=2900 MiB
[2026-09-16T10:07:28] GPU0 free=2900 MiB
[2026-09-16T10:07:33] GPU0 free=2900 MiB
[2026-09-16T10:07:39] GPU0 free=2900 MiB
[2026-09-16T10:07:44] GPU0 free=2900 MiB
[2026-09-16T10:07:49] GPU0 free=2900 MiB
[2026-09-16T10:07:54] GPU0 free=2900 MiB
[2026-09-16T10:07:59] GPU0 free=2900 MiB
[2026-09-16T10:08:04] GPU0 free=2900 MiB
[2026-09-16T10:08:09] GPU0 free=2900 MiB
[2026-09-16T10:08:14] GPU0 free=2900 MiB
[2026-09-16T10:08:19] GPU0 free=2900 MiB
[2026-09-16T10:08:24] GPU0 free=2900 MiB
[2026-09-16T10:08:29] GPU0 free=2900 MiB
[2026-09-16T10:08:34] GPU0 free=2900 MiB
[2026-09-16T10:08:39] GPU0 free=2900 MiB
[2026-09-16T10:08:44] GPU0 free=2900 MiB
[2026-09-16T10:08:49] GPU0 free=2900 MiB
[2026-09-16T10:08:54] GPU0 free=2900 MiB
[2026-09-16T10:08:59] GPU0 free=2900 MiB
[2026-09-16T10:09:04] GPU0 free=2900 MiB
[2026-09-16T10:09:09] GPU0 free=2900 MiB
[2026-09-16T10:09:14] GPU0 free=2900 MiB
[2026-09-16T10:09:19] GPU0 free=2900 MiB
[2026-09-16T10:09:25] GPU0 free=2900 MiB
[2026-09-16T10:09:30] GPU0 free=2900 MiB
[2026-09-16T10:09:35] GPU0 free=2900 MiB
[2026-09-16T10:09:40] GPU0 free=2900 MiB
[2026-09-16T10:09:45] GPU0 free=2900 MiB
[2026-09-16T10:09:50] GPU0 free=2900 MiB
[2026-09-16T10:09:55] GPU0 free=2900 MiB
[2026-09-16T10:10:00] GPU0 free=2900 MiB
[2026-09-16T10:10:05] GPU0 free=2900 MiB
[2026-09-16T10:10:10] GPU0 free=2900 MiB
[2026-09-16T10:10:15] GPU0 free=2900 MiB
[2026-09-16T10:10:20] GPU0 free=2900 MiB
[2026-09-16T10:10:25] GPU0 free=2900 MiB
[2026-09-16T10:10:30] GPU0 free=2900 MiB
[2026-09-16T10:10:35] GPU0 free=2900 MiB
[2026-09-16T10:10:40] GPU0 free=2900 MiB
[2026-09-16T10:10:45] GPU0 free=2900 MiB
[2026-09-16T10:10:50] GPU0 free=2900 MiB
[2026-09-16T10:10:55] GPU0 free=2900 MiB
[2026-09-16T10:11:01] GPU0 free=2900 MiB
[2026-09-16T10:11:06] GPU0 free=2900 MiB
[2026-09-16T10:11:11] GPU0 free=2900 MiB
[2026-09-16T10:11:16] GPU0 free=2900 MiB
[2026-09-16T10:11:21] GPU0 free=2900 MiB
[2026-09-16T10:11:26] GPU0 free=2900 MiB
[2026-09-16T10:11:31] GPU0 free=2900 MiB
[2026-09-16T10:11:36] GPU0 free=2900 MiB
[2026-09-16T10:11:41] GPU0 free=2900 MiB
[2026-09-16T10:11:46] GPU0 free=2900 MiB
[2026-09-16T10:11:51] GPU0 free=2900 MiB
[2026-09-16T10:11:56] GPU0 free=2900 MiB
[2026-09-16T10:12:01] GPU0 free=2900 MiB
[2026-09-16T10:12:06] GPU0 free=2900 MiB
[2026-09-16T10:12:11] GPU0 free=2900 MiB
[2026-09-16T10:12:16] GPU0 free=2900 MiB
[2026-09-16T10:12:21] GPU0 free=2900 MiB
[2026-09-16T10:12:26] GPU0 free=2900 MiB
[2026-09-16T10:12:31] GPU0 free=2900 MiB
[2026-09-16T10:12:36] GPU0 free=2900 MiB
[2026-09-16T10:12:41] GPU0 free=2900 MiB
[2026-09-16T10:12:47] GPU0 free=2900 MiB
[2026-09-16T10:12:52] GPU0 free=2900 MiB
[2026-09-16T10:12:57] GPU0 free=2900 MiB
[2026-09-16T10:13:02] GPU0 free=2900 MiB
[2026-09-16T10:13:07] GPU0 free=2900 MiB
[2026-09-16T10:13:12] GPU0 free=2900 MiB
[2026-09-16T10:13:17] GPU0 free=2900 MiB
[2026-09-16T10:13:22] GPU0 free=2900 MiB
[2026-09-16T10:13:27] GPU0 free=2900 MiB
[2026-09-16T10:13:32] GPU0 free=2900 MiB
[2026-09-16T10:13:37] GPU0 free=2900 MiB
[2026-09-16T10:13:42] GPU0 free=2900 MiB
[2026-09-16T10:13:47] GPU0 free=2900 MiB
[2026-09-16T10:13:52] GPU0 free=2900 MiB
[2026-09-16T10:13:57] GPU0 free=2900 MiB
[2026-09-16T10:14:02] GPU0 free=2900 MiB
[2026-09-16T10:14:07] GPU0 free=2900 MiB
[2026-09-16T10:14:12] GPU0 free=2900 MiB
[2026-09-16T10:14:17] GPU0 free=2900 MiB
[2026-09-16T10:14:22] GPU0 free=2900 MiB
[2026-09-16T10:14:27] GPU0 free=2900 MiB
[2026-09-16T10:14:32] GPU0 free=2900 MiB
[2026-09-16T10:14:38] GPU0 free=2900 MiB
[2026-09-16T10:14:43] GPU0 free=2900 MiB
[2026-09-16T10:14:48] GPU0 free=2900 MiB
[2026-09-16T10:14:53] GPU0 free=2900 MiB
[2026-09-16T10:14:58] GPU0 free=2900 MiB
[2026-09-16T10:15:03] GPU0 free=2900 MiB
[2026-09-16T10:15:08] GPU0 free=2900 MiB
[2026-09-16T10:15:13] GPU0 free=2900 MiB
[2026-09-16T10:15:18] GPU0 free=2900 MiB
[2026-09-16T10:15:23] GPU0 free=2900 MiB
[2026-09-16T10:15:28] GPU0 free=2900 MiB
[2026-09-16T10:15:33] GPU0 free=2900 MiB
[2026-09-16T10:15:38] GPU0 free=2900 MiB
[2026-09-16T10:15:43] GPU0 free=2900 MiB
[2026-09-16T10:15:48] GPU0 free=2900 MiB
[2026-09-16T10:15:53] GPU0 free=2900 MiB
[2026-09-16T10:15:58] GPU0 free=2900 MiB
[2026-09-16T10:16:03] GPU0 free=2900 MiB
[2026-09-16T10:16:08] GPU0 free=2900 MiB
[2026-09-16T10:16:14] GPU0 free=2900 MiB
[2026-09-16T10:16:19] GPU0 free=2900 MiB
[2026-09-16T10:16:24] GPU0 free=2900 MiB
[2026-09-16T10:16:29] GPU0 free=2900 MiB
[2026-09-16T10:16:34] GPU0 free=2900 MiB
[2026-09-16T10:16:39] GPU0 free=2900 MiB
[2026-09-16T10:16:44] GPU0 free=2900 MiB
[2026-09-16T10:16:49] GPU0 free=2900 MiB
[2026-09-16T10:16:54] GPU0 free=2900 MiB
[2026-09-16T10:16:59] GPU0 free=2900 MiB
[2026-09-16T10:17:04] GPU0 free=2900 MiB
[2026-09-16T10:17:09] GPU0 free=2900 MiB
[2026-09-16T10:17:14] GPU0 free=2900 MiB
[2026-09-16T10:17:19] GPU0 free=2900 MiB
[2026-09-16T10:17:24] GPU0 free=2900 MiB
[2026-09-16T10:17:29] GPU0 free=2900 MiB
[2026-09-16T10:17:34] GPU0 free=2900 MiB
[2026-09-16T10:17:39] GPU0 free=2900 MiB
[2026-09-16T10:17:44] GPU0 free=2900 MiB
[2026-09-16T10:17:49] GPU0 free=2900 MiB
[2026-09-16T10:17:54] GPU0 free=2900 MiB
[2026-09-16T10:18:00] GPU0 free=2900 MiB
[2026-09-16T10:18:05] GPU0 free=2900 MiB
[2026-09-16T10:18:10] GPU0 free=2900 MiB
[2026-09-16T10:18:15] GPU0 free=2900 MiB
[2026-09-16T10:18:20] GPU0 free=2900 MiB
[2026-09-16T10:18:25] GPU0 free=2900 MiB
[2026-09-16T10:18:30] GPU0 free=2900 MiB
[2026-09-16T10:18:35] GPU0 free=2900 MiB
[2026-09-16T10:18:40] GPU0 free=2900 MiB
[2026-09-16T10:18:45] GPU0 free=2900 MiB
[2026-09-16T10:18:50] GPU0 free=2900 MiB
[2026-09-16T10:18:55] GPU0 free=2900 MiB
[2026-09-16T10:19:00] GPU0 free=2900 MiB
[2026-09-16T10:19:05] GPU0 free=2900 MiB
[2026-09-16T10:19:10] GPU0 free=2900 MiB
[2026-09-16T10:19:15] GPU0 free=2900 MiB
[2026-09-16T10:19:20] GPU0 free=2900 MiB
[2026-09-16T10:19:25] GPU0 free=2900 MiB
[2026-09-16T10:19:30] GPU0 free=2900 MiB
[2026-09-16T10:19:35] GPU0 free=2900 MiB
[2026-09-16T10:19:40] GPU0 free=2900 MiB
[2026-09-16T10:19:45] GPU0 free=2900 MiB
[2026-09-16T10:19:51] GPU0 free=2900 MiB
[2026-09-16T10:19:56] GPU0 free=2900 MiB
[2026-09-16T10:20:01] GPU0 free=2900 MiB
[2026-09-16T10:20:06] GPU0 free=2900 MiB
[2026-09-16T10:20:11] GPU0 free=2900 MiB
[2026-09-16T10:20:16] GPU0 free=2900 MiB
[2026-09-16T10:20:21] GPU0 free=2900 MiB
[2026-09-16T10:20:26] GPU0 free=2900 MiB
[2026-09-16T10:20:31] GPU0 free=2900 MiB
[2026-09-16T10:20:36] GPU0 free=2900 MiB
[2026-09-16T10:20:41] GPU0 free=2900 MiB
[2026-09-16T10:20:46] GPU0 free=2900 MiB
[2026-09-16T10:20:51] GPU0 free=2900 MiB
[2026-09-16T10:20:56] GPU0 free=2900 MiB
[2026-09-16T10:21:01] GPU0 free=2900 MiB
[2026-09-16T10:21:06] GPU0 free=2900 MiB
[2026-09-16T10:21:11] GPU0 free=2900 MiB
[2026-09-16T10:21:16] GPU0 free=2900 MiB
[2026-09-16T10:21:21] GPU0 free=2900 MiB
[2026-09-16T10:21:26] GPU0 free=2900 MiB
[2026-09-16T10:21:31] GPU0 free=2900 MiB
[2026-09-16T10:21:36] GPU0 free=2900 MiB
[2026-09-16T10:21:42] GPU0 free=2900 MiB
[2026-09-16T10:21:47] GPU0 free=2900 MiB
[2026-09-16T10:21:52] GPU0 free=2900 MiB
[2026-09-16T10:21:57] GPU0 free=2900 MiB
[2026-09-16T10:22:02] GPU0 free=2900 MiB
[2026-09-16T10:22:07] GPU0 free=2900 MiB
[2026-09-16T10:22:12] GPU0 free=2900 MiB
[2026-09-16T10:22:17] GPU0 free=2900 MiB
[2026-09-16T10:22:22] GPU0 free=2900 MiB
[2026-09-16T10:22:27] GPU0 free=2900 MiB
[2026-09-16T10:22:32] GPU0 free=2900 MiB
[2026-09-16T10:22:37] GPU0 free=2900 MiB
[2026-09-16T10:22:42] GPU0 free=2900 MiB
[2026-09-16T10:22:47] GPU0 free=2900 MiB
[2026-09-16T10:22:52] GPU0 free=2900 MiB
[2026-09-16T10:22:57] GPU0 free=2900 MiB
[2026-09-16T10:23:02] GPU0 free=2900 MiB
[2026-09-16T10:23:07] GPU0 free=2900 MiB
[2026-09-16T10:23:12] GPU0 free=2900 MiB
[2026-09-16T10:23:17] GPU0 free=2900 MiB
[2026-09-16T10:23:22] GPU0 free=2900 MiB
[2026-09-16T10:23:28] GPU0 free=2900 MiB
[2026-09-16T10:23:33] GPU0 free=2900 MiB
[2026-09-16T10:23:38] GPU0 free=2900 MiB
[2026-09-16T10:23:43] GPU0 free=2900 MiB
[2026-09-16T10:23:48] GPU0 free=2900 MiB
[2026-09-16T10:23:53] GPU0 free=2900 MiB
[2026-09-16T10:23:58] GPU0 free=2900 MiB
[2026-09-16T10:24:03] GPU0 free=2900 MiB
[2026-09-16T10:24:08] GPU0 free=2900 MiB
[2026-09-16T10:24:13] GPU0 free=2900 MiB
[2026-09-16T10:24:18] GPU0 free=2900 MiB
[2026-09-16T10:24:23] GPU0 free=2900 MiB
[2026-09-16T10:24:28] GPU0 free=2900 MiB
[2026-09-16T10:24:33] GPU0 free=2900 MiB
[2026-09-16T10:24:38] GPU0 free=2900 MiB
[2026-09-16T10:24:43] GPU0 free=2900 MiB
[2026-09-16T10:24:48] GPU0 free=2900 MiB
[2026-09-16T10:24:53] GPU0 free=2900 MiB
[2026-09-16T10:24:58] GPU0 free=2900 MiB
[2026-09-16T10:25:03] GPU0 free=2900 MiB
[2026-09-16T10:25:08] GPU0 free=2900 MiB
[2026-09-16T10:25:14] GPU0 free=2900 MiB
[2026-09-16T10:25:19] GPU0 free=2900 MiB
[2026-09-16T10:25:24] GPU0 free=2900 MiB
[2026-09-16T10:25:29] GPU0 free=2900 MiB
[2026-09-16T10:25:34] GPU0 free=2900 MiB
[2026-09-16T10:25:39] GPU0 free=2900 MiB
[2026-09-16T10:25:44] GPU0 free=2900 MiB
[2026-09-16T10:25:49] GPU0 free=2900 MiB
[2026-09-16T10:25:54] GPU0 free=2900 MiB
[2026-09-16T10:25:59] GPU0 free=2900 MiB
[2026-09-16T10:26:04] GPU0 free=2900 MiB
[2026-09-16T10:26:09] GPU0 free=2900 MiB
[2026-09-16T10:26:14] GPU0 free=2900 MiB
[2026-09-16T10:26:19] GPU0 free=2900 MiB
[2026-09-16T10:26:24] GPU0 free=2900 MiB
[2026-09-16T10:26:29] GPU0 free=2900 MiB
[2026-09-16T10:26:34] GPU0 free=2900 MiB
[2026-09-16T10:26:39] GPU0 free=2900 MiB
[2026-09-16T10:26:44] GPU0 free=2900 MiB
[2026-09-16T10:26:49] GPU0 free=2900 MiB
[2026-09-16T10:26:55] GPU0 free=2900 MiB
[2026-09-16T10:27:00] GPU0 free=2900 MiB
[2026-09-16T10:27:05] GPU0 free=2900 MiB
[2026-09-16T10:27:10] GPU0 free=2900 MiB
[2026-09-16T10:27:15] GPU0 free=2900 MiB
[2026-09-16T10:27:20] GPU0 free=2900 MiB
[2026-09-16T10:27:25] GPU0 free=2900 MiB
[2026-09-16T10:27:30] GPU0 free=2900 MiB
[2026-09-16T10:27:35] GPU0 free=2900 MiB
[2026-09-16T10:27:40] GPU0 free=2900 MiB
[2026-09-16T10:27:45] GPU0 free=2900 MiB
[2026-09-16T10:27:50] GPU0 free=2900 MiB
[2026-09-16T10:27:55] GPU0 free=2900 MiB
[2026-09-16T10:28:00] GPU0 free=2900 MiB
[2026-09-16T10:28:05] GPU0 free=2900 MiB
[2026-09-16T10:28:10] GPU0 free=2900 MiB
[2026-09-16T10:28:15] GPU0 free=2900 MiB
[2026-09-16T10:28:20] GPU0 free=2900 MiB
[2026-09-16T10:28:25] GPU0 free=2900 MiB
[2026-09-16T10:28:31] GPU0 free=2900 MiB
[2026-09-16T10:28:36] GPU0 free=2900 MiB
[2026-09-16T10:28:41] GPU0 free=2900 MiB
[2026-09-16T10:28:46] GPU0 free=2900 MiB
[2026-09-16T10:28:51] GPU0 free=2900 MiB
[2026-09-16T10:28:56] GPU0 free=2900 MiB
[2026-09-16T10:29:01] GPU0 free=2900 MiB
[2026-09-16T10:29:06] GPU0 free=2900 MiB
[2026-09-16T10:29:11] GPU0 free=2900 MiB
[2026-09-16T10:29:16] GPU0 free=2900 MiB
[2026-09-16T10:29:21] GPU0 free=2900 MiB
[2026-09-16T10:29:26] GPU0 free=2900 MiB
[2026-09-16T10:29:31] GPU0 free=2900 MiB
[2026-09-16T10:29:36] GPU0 free=2900 MiB
[2026-09-16T10:29:41] GPU0 free=2900 MiB
[2026-09-16T10:29:46] GPU0 free=2900 MiB
[2026-09-16T10:29:51] GPU0 free=2900 MiB
[2026-09-16T10:29:56] GPU0 free=2900 MiB
[2026-09-16T10:30:01] GPU0 free=2900 MiB
[2026-09-16T10:30:06] GPU0 free=2900 MiB
[2026-09-16T10:30:11] GPU0 free=2900 MiB
[2026-09-16T10:30:16] GPU0 free=2900 MiB
[2026-09-16T10:30:22] GPU0 free=2900 MiB
[2026-09-16T10:30:27] GPU0 free=2900 MiB
[2026-09-16T10:30:32] GPU0 free=2900 MiB
[2026-09-16T10:30:37] GPU0 free=2900 MiB
[2026-09-16T10:30:42] GPU0 free=2900 MiB
[2026-09-16T10:30:47] GPU0 free=2900 MiB
[2026-09-16T10:30:52] GPU0 free=2900 MiB
[2026-09-16T10:30:57] GPU0 free=2900 MiB
[2026-09-16T10:31:02] GPU0 free=2900 MiB
[2026-09-16T10:31:07] GPU0 free=2900 MiB
[2026-09-16T10:31:12] GPU0 free=2900 MiB
[2026-09-16T10:31:17] GPU0 free=2900 MiB
[2026-09-16T10:31:22] GPU0 free=2900 MiB
[2026-09-16T10:31:27] GPU0 free=2900 MiB
[2026-09-16T10:31:32] GPU0 free=2900 MiB
[2026-09-16T10:31:37] GPU0 free=2900 MiB
[2026-09-16T10:31:42] GPU0 free=2900 MiB
[2026-09-16T10:31:47] GPU0 free=2900 MiB
[2026-09-16T10:31:52] GPU0 free=2900 MiB
[2026-09-16T10:31:57] GPU0 free=2900 MiB
[2026-09-16T10:32:03] GPU0 free=2900 MiB
[2026-09-16T10:32:08] GPU0 free=2900 MiB
[2026-09-16T10:32:13] GPU0 free=2900 MiB
[2026-09-16T10:32:18] GPU0 free=2900 MiB
[2026-09-16T10:32:23] GPU0 free=2900 MiB
[2026-09-16T10:32:28] GPU0 free=2900 MiB
[2026-09-16T10:32:33] GPU0 free=2900 MiB
[2026-09-16T10:32:38] GPU0 free=2900 MiB
[2026-09-16T10:32:43] GPU0 free=2900 MiB
[2026-09-16T10:32:48] GPU0 free=2900 MiB
[2026-09-16T10:32:53] GPU0 free=2900 MiB
[2026-09-16T10:32:58] GPU0 free=2900 MiB
[2026-09-16T10:33:03] GPU0 free=2900 MiB
[2026-09-16T10:33:08] GPU0 free=2900 MiB
[2026-09-16T10:33:13] GPU0 free=2900 MiB
[2026-09-16T10:33:18] GPU0 free=2900 MiB
[2026-09-16T10:33:23] GPU0 free=2900 MiB
[2026-09-16T10:33:28] GPU0 free=2900 MiB
[2026-09-16T10:33:33] GPU0 free=2900 MiB
[2026-09-16T10:33:38] GPU0 free=2900 MiB
[2026-09-16T10:33:44] GPU0 free=2900 MiB
[2026-09-16T10:33:49] GPU0 free=2900 MiB
[2026-09-16T10:33:54] GPU0 free=2900 MiB
[2026-09-16T10:33:59] GPU0 free=2900 MiB
[2026-09-16T10:34:04] GPU0 free=2900 MiB
[2026-09-16T10:34:09] GPU0 free=2900 MiB
[2026-09-16T10:34:14] GPU0 free=2900 MiB
[2026-09-16T10:34:19] GPU0 free=2900 MiB
[2026-09-16T10:34:24] GPU0 free=2900 MiB
[2026-09-16T10:34:29] GPU0 free=2900 MiB
[2026-09-16T10:34:34] GPU0 free=2900 MiB
[2026-09-16T10:34:39] GPU0 free=2900 MiB
[2026-09-16T10:34:44] GPU0 free=2900 MiB
[2026-09-16T10:34:49] GPU0 free=2900 MiB
[2026-09-16T10:34:54] GPU0 free=2900 MiB
[2026-09-16T10:34:59] GPU0 free=2900 MiB
[2026-09-16T10:35:04] GPU0 free=2900 MiB
[2026-09-16T10:35:09] GPU0 free=2900 MiB
[2026-09-16T10:35:14] GPU0 free=2900 MiB
[2026-09-16T10:35:19] GPU0 free=2900 MiB
[2026-09-16T10:35:25] GPU0 free=2900 MiB
[2026-09-16T10:35:30] GPU0 free=2900 MiB
[2026-09-16T10:35:35] GPU0 free=2900 MiB
[2026-09-16T10:35:40] GPU0 free=2900 MiB
[2026-09-16T10:35:45] GPU0 free=2900 MiB
[2026-09-16T10:35:50] GPU0 free=2900 MiB
[2026-09-16T10:35:55] GPU0 free=2900 MiB
[2026-09-16T10:36:00] GPU0 free=2900 MiB
[2026-09-16T10:36:05] GPU0 free=2900 MiB
[2026-09-16T10:36:10] GPU0 free=2900 MiB
[2026-09-16T10:36:15] GPU0 free=2900 MiB
[2026-09-16T10:36:20] GPU0 free=2900 MiB
[2026-09-16T10:36:25] GPU0 free=2900 MiB
[2026-09-16T10:36:30] GPU0 free=2900 MiB
[2026-09-16T10:36:35] GPU0 free=2900 MiB
[2026-09-16T10:36:40] GPU0 free=2900 MiB
[2026-09-16T10:36:45] GPU0 free=2900 MiB
[2026-09-16T10:36:50] GPU0 free=2900 MiB
[2026-09-16T10:36:55] GPU0 free=2900 MiB
[2026-09-16T10:37:00] GPU0 free=2900 MiB
[2026-09-16T10:37:05] GPU0 free=2900 MiB
[2026-09-16T10:37:11] GPU0 free=2900 MiB
[2026-09-16T10:37:16] GPU0 free=2900 MiB
[2026-09-16T10:37:21] GPU0 free=2900 MiB
[2026-09-16T10:37:26] GPU0 free=2900 MiB
[2026-09-16T10:37:31] GPU0 free=2900 MiB
[2026-09-16T10:37:36] GPU0 free=2900 MiB
[2026-09-16T10:37:41] GPU0 free=2900 MiB
[2026-09-16T10:37:46] GPU0 free=2900 MiB
[2026-09-16T10:37:51] GPU0 free=2900 MiB
[2026-09-16T10:37:56] GPU0 free=2900 MiB
[2026-09-16T10:38:01] GPU0 free=2900 MiB
[2026-09-16T10:38:06] GPU0 free=2900 MiB
[2026-09-16T10:38:11] GPU0 free=2900 MiB
[2026-09-16T10:38:16] GPU0 free=2900 MiB
[2026-09-16T10:38:21] GPU0 free=2900 MiB
[2026-09-16T10:38:26] GPU0 free=2900 MiB
[2026-09-16T10:38:31] GPU0 free=2900 MiB
[2026-09-16T10:38:36] GPU0 free=2900 MiB
[2026-09-16T10:38:41] GPU0 free=2900 MiB
[2026-09-16T10:38:47] GPU0 free=2900 MiB
[2026-09-16T10:38:52] GPU0 free=2900 MiB
[2026-09-16T10:38:57] GPU0 free=2900 MiB
[2026-09-16T10:39:02] GPU0 free=2900 MiB
[2026-09-16T10:39:07] GPU0 free=2900 MiB
[2026-09-16T10:39:12] GPU0 free=2900 MiB
[2026-09-16T10:39:17] GPU0 free=2900 MiB
[2026-09-16T10:39:22] GPU0 free=2900 MiB
[2026-09-16T10:39:27] GPU0 free=2900 MiB
[2026-09-16T10:39:32] GPU0 free=2900 MiB
[2026-09-16T10:39:37] GPU0 free=2900 MiB
[2026-09-16T10:39:42] GPU0 free=2900 MiB
[2026-09-16T10:39:47] GPU0 free=2900 MiB
[2026-09-16T10:39:52] GPU0 free=2900 MiB
[2026-09-16T10:39:57] GPU0 free=2900 MiB
[2026-09-16T10:40:02] GPU0 free=2900 MiB
[2026-09-16T10:40:07] GPU0 free=2900 MiB
[2026-09-16T10:40:12] GPU0 free=2900 MiB
[2026-09-16T10:40:17] GPU0 free=2900 MiB
[2026-09-16T10:40:22] GPU0 free=2900 MiB
[2026-09-16T10:40:28] GPU0 free=2900 MiB
[2026-09-16T10:40:33] GPU0 free=2900 MiB
[2026-09-16T10:40:38] GPU0 free=2900 MiB
[2026-09-16T10:40:43] GPU0 free=2900 MiB
[2026-09-16T10:40:48] GPU0 free=2900 MiB
[2026-09-16T10:40:53] GPU0 free=2900 MiB
[2026-09-16T10:40:58] GPU0 free=2900 MiB
[2026-09-16T10:41:03] GPU0 free=2900 MiB
[2026-09-16T10:41:08] GPU0 free=2900 MiB
[2026-09-16T10:41:13] GPU0 free=2900 MiB
[2026-09-16T10:41:18] GPU0 free=2900 MiB
[2026-09-16T10:41:23] GPU0 free=2900 MiB
[2026-09-16T10:41:28] GPU0 free=2900 MiB
[2026-09-16T10:41:33] GPU0 free=2900 MiB
[2026-09-16T10:41:38] GPU0 free=2900 MiB
[2026-09-16T10:41:43] GPU0 free=2900 MiB
[2026-09-16T10:41:48] GPU0 free=2900 MiB
[2026-09-16T10:41:53] GPU0 free=2900 MiB
[2026-09-16T10:41:58] GPU0 free=2900 MiB
[2026-09-16T10:42:03] GPU0 free=2900 MiB
[2026-09-16T10:42:09] GPU0 free=2900 MiB
[2026-09-16T10:42:14] GPU0 free=2900 MiB
[2026-09-16T10:42:19] GPU0 free=2900 MiB
[2026-09-16T10:42:24] GPU0 free=2900 MiB
[2026-09-16T10:42:29] GPU0 free=2900 MiB
[2026-09-16T10:42:34] GPU0 free=2900 MiB
[2026-09-16T10:42:39] GPU0 free=2900 MiB
[2026-09-16T10:42:44] GPU0 free=2900 MiB
[2026-09-16T10:42:49] GPU0 free=2900 MiB
[2026-09-16T10:42:54] GPU0 free=2900 MiB
[2026-09-16T10:42:59] GPU0 free=2900 MiB
[2026-09-16T10:43:04] GPU0 free=2900 MiB
[2026-09-16T10:43:09] GPU0 free=2900 MiB
[2026-09-16T10:43:14] GPU0 free=2900 MiB
[2026-09-16T10:43:19] GPU0 free=2900 MiB
[2026-09-16T10:43:24] GPU0 free=2900 MiB
[2026-09-16T10:43:29] GPU0 free=2900 MiB
[2026-09-16T10:43:34] GPU0 free=2900 MiB
[2026-09-16T10:43:39] GPU0 free=2900 MiB
[2026-09-16T10:43:44] GPU0 free=2900 MiB
[2026-09-16T10:43:49] GPU0 free=2900 MiB
[2026-09-16T10:43:54] GPU0 free=2900 MiB
[2026-09-16T10:44:00] GPU0 free=2900 MiB
[2026-09-16T10:44:05] GPU0 free=2900 MiB
[2026-09-16T10:44:10] GPU0 free=2900 MiB
[2026-09-16T10:44:15] GPU0 free=2900 MiB
[2026-09-16T10:44:20] GPU0 free=2900 MiB
[2026-09-16T10:44:25] GPU0 free=2900 MiB
[2026-09-16T10:44:30] GPU0 free=2900 MiB
[2026-09-16T10:44:35] GPU0 free=2900 MiB
[2026-09-16T10:44:40] GPU0 free=2900 MiB
[2026-09-16T10:44:45] GPU0 free=2900 MiB
[2026-09-16T10:44:50] GPU0 free=2900 MiB
[2026-09-16T10:44:55] GPU0 free=2900 MiB
[2026-09-16T10:45:00] GPU0 free=2900 MiB
[2026-09-16T10:45:05] GPU0 free=2900 MiB
[2026-09-16T10:45:10] GPU0 free=2900 MiB
[2026-09-16T10:45:15] GPU0 free=2900 MiB
[2026-09-16T10:45:20] GPU0 free=2900 MiB
[2026-09-16T10:45:25] GPU0 free=2900 MiB
[2026-09-16T10:45:30] GPU0 free=2900 MiB
[2026-09-16T10:45:35] GPU0 free=2900 MiB
[2026-09-16T10:45:40] GPU0 free=2900 MiB
[2026-09-16T10:45:45] GPU0 free=2900 MiB
[2026-09-16T10:45:51] GPU0 free=2900 MiB
[2026-09-16T10:45:56] GPU0 free=2900 MiB
[2026-09-16T10:46:01] GPU0 free=2900 MiB
[2026-09-16T10:46:06] GPU0 free=2900 MiB
[2026-09-16T10:46:11] GPU0 free=2900 MiB
[2026-09-16T10:46:16] GPU0 free=2900 MiB
[2026-09-16T10:46:21] GPU0 free=2900 MiB
[2026-09-16T10:46:26] GPU0 free=2900 MiB
[2026-09-16T10:46:31] GPU0 free=2900 MiB
[2026-09-16T10:46:36] GPU0 free=2900 MiB
[2026-09-16T10:46:41] GPU0 free=2900 MiB
[2026-09-16T10:46:46] GPU0 free=2900 MiB
[2026-09-16T10:46:51] GPU0 free=2900 MiB
[2026-09-16T10:46:56] GPU0 free=2900 MiB
[2026-09-16T10:47:01] GPU0 free=2900 MiB
[2026-09-16T10:47:06] GPU0 free=2900 MiB
[2026-09-16T10:47:11] GPU0 free=2900 MiB
[2026-09-16T10:47:16] GPU0 free=2900 MiB
[2026-09-16T10:47:21] GPU0 free=2900 MiB
[2026-09-16T10:47:26] GPU0 free=2900 MiB
[2026-09-16T10:47:31] GPU0 free=2900 MiB
[2026-09-16T10:47:37] GPU0 free=2900 MiB
[2026-09-16T10:47:42] GPU0 free=2900 MiB
[2026-09-16T10:47:47] GPU0 free=2900 MiB
[2026-09-16T10:47:52] GPU0 free=2900 MiB
[2026-09-16T10:47:57] GPU0 free=2900 MiB
[2026-09-16T10:48:02] GPU0 free=2900 MiB
[2026-09-16T10:48:07] GPU0 free=2900 MiB
[2026-09-16T10:48:12] GPU0 free=2900 MiB
[2026-09-16T10:48:17] GPU0 free=2900 MiB
[2026-09-16T10:48:22] GPU0 free=2900 MiB
[2026-09-16T10:48:27] GPU0 free=2900 MiB
[2026-09-16T10:48:32] GPU0 free=2900 MiB
[2026-09-16T10:48:37] GPU0 free=2900 MiB
[2026-09-16T10:48:42] GPU0 free=2900 MiB
[2026-09-16T10:48:47] GPU0 free=2900 MiB
[2026-09-16T10:48:52] GPU0 free=2900 MiB
[2026-09-16T10:48:57] GPU0 free=2900 MiB
[2026-09-16T10:49:02] GPU0 free=2900 MiB
[2026-09-16T10:49:07] GPU0 free=2900 MiB
[2026-09-16T10:49:12] GPU0 free=2900 MiB
[2026-09-16T10:49:18] GPU0 free=2900 MiB
[2026-09-16T10:49:23] GPU0 free=2900 MiB
[2026-09-16T10:49:28] GPU0 free=2900 MiB
[2026-09-16T10:49:33] GPU0 free=2900 MiB
[2026-09-16T10:49:38] GPU0 free=2900 MiB
[2026-09-16T10:49:43] GPU0 free=2900 MiB
[2026-09-16T10:49:48] GPU0 free=2900 MiB
[2026-09-16T10:49:53] GPU0 free=2900 MiB
[2026-09-16T10:49:58] GPU0 free=2900 MiB
[2026-09-16T10:50:03] GPU0 free=2900 MiB
[2026-09-16T10:50:08] GPU0 free=2900 MiB
[2026-09-16T10:50:13] GPU0 free=2900 MiB
[2026-09-16T10:50:18] GPU0 free=2900 MiB
[2026-09-16T10:50:23] GPU0 free=2900 MiB
[2026-09-16T10:50:28] GPU0 free=2900 MiB
[2026-09-16T10:50:33] GPU0 free=2900 MiB
[2026-09-16T10:50:38] GPU0 free=2900 MiB
[2026-09-16T10:50:43] GPU0 free=2900 MiB
[2026-09-16T10:50:48] GPU0 free=2900 MiB
[2026-09-16T10:50:53] GPU0 free=2900 MiB
[2026-09-16T10:50:58] GPU0 free=2900 MiB
[2026-09-16T10:51:03] GPU0 free=2900 MiB
[2026-09-16T10:51:08] GPU0 free=2900 MiB
[2026-09-16T10:51:13] GPU0 free=2900 MiB
[2026-09-16T10:51:19] GPU0 free=2900 MiB
[2026-09-16T10:51:24] GPU0 free=2900 MiB
[2026-09-16T10:51:29] GPU0 free=2900 MiB
[2026-09-16T10:51:34] GPU0 free=2900 MiB
[2026-09-16T10:51:39] GPU0 free=2900 MiB
[2026-09-16T10:51:44] GPU0 free=2900 MiB
[2026-09-16T10:51:49] GPU0 free=2900 MiB
[2026-09-16T10:51:54] GPU0 free=2900 MiB
[2026-09-16T10:51:59] GPU0 free=2900 MiB
[2026-09-16T10:52:04] GPU0 free=2900 MiB
[2026-09-16T10:52:09] GPU0 free=2900 MiB
[2026-09-16T10:52:14] GPU0 free=2900 MiB
[2026-09-16T10:52:19] GPU0 free=2900 MiB
[2026-09-16T10:52:24] GPU0 free=2900 MiB
[2026-09-16T10:52:29] GPU0 free=2900 MiB
[2026-09-16T10:52:34] GPU0 free=2900 MiB
[2026-09-16T10:52:39] GPU0 free=2900 MiB
[2026-09-16T10:52:44] GPU0 free=2900 MiB
[2026-09-16T10:52:49] GPU0 free=2900 MiB
[2026-09-16T10:52:54] GPU0 free=2900 MiB
[2026-09-16T10:52:59] GPU0 free=2900 MiB
[2026-09-16T10:53:04] GPU0 free=2900 MiB
[2026-09-16T10:53:09] GPU0 free=2900 MiB
[2026-09-16T10:53:15] GPU0 free=2900 MiB
[2026-09-16T10:53:20] GPU0 free=2900 MiB
[2026-09-16T10:53:25] GPU0 free=2900 MiB
[2026-09-16T10:53:30] GPU0 free=2900 MiB
[2026-09-16T10:53:35] GPU0 free=2900 MiB
[2026-09-16T10:53:40] GPU0 free=2900 MiB
[2026-09-16T10:53:45] GPU0 free=2900 MiB
[2026-09-16T10:53:50] GPU0 free=2900 MiB
[2026-09-16T10:53:55] GPU0 free=2900 MiB
[2026-09-16T10:54:00] GPU0 free=2900 MiB
[2026-09-16T10:54:05] GPU0 free=2900 MiB
[2026-09-16T10:54:10] GPU0 free=2900 MiB
[2026-09-16T10:54:15] GPU0 free=2900 MiB
[2026-09-16T10:54:20] GPU0 free=2900 MiB
[2026-09-16T10:54:25] GPU0 free=2900 MiB
[2026-09-16T10:54:30] GPU0 free=2900 MiB
[2026-09-16T10:54:35] GPU0 free=2900 MiB
[2026-09-16T10:54:40] GPU0 free=2900 MiB
[2026-09-16T10:54:45] GPU0 free=2900 MiB
[2026-09-16T10:54:50] GPU0 free=2900 MiB
[2026-09-16T10:54:55] GPU0 free=2900 MiB
[2026-09-16T10:55:01] GPU0 free=2900 MiB
[2026-09-16T10:55:06] GPU0 free=2900 MiB
[2026-09-16T10:55:11] GPU0 free=2900 MiB
[2026-09-16T10:55:16] GPU0 free=2900 MiB
[2026-09-16T10:55:21] GPU0 free=2900 MiB
[2026-09-16T10:55:26] GPU0 free=2900 MiB
[2026-09-16T10:55:31] GPU0 free=2900 MiB
[2026-09-16T10:55:36] GPU0 free=2900 MiB
[2026-09-16T10:55:41] GPU0 free=2900 MiB
[2026-09-16T10:55:46] GPU0 free=2900 MiB
[2026-09-16T10:55:51] GPU0 free=2900 MiB
[2026-09-16T10:55:56] GPU0 free=2900 MiB
[2026-09-16T10:56:01] GPU0 free=2900 MiB
[2026-09-16T10:56:06] GPU0 free=2900 MiB
[2026-09-16T10:56:11] GPU0 free=2900 MiB
[2026-09-16T10:56:16] GPU0 free=2900 MiB
[2026-09-16T10:56:21] GPU0 free=2900 MiB
[2026-09-16T10:56:26] GPU0 free=2900 MiB
[2026-09-16T10:56:31] GPU0 free=2900 MiB
[2026-09-16T10:56:36] GPU0 free=2900 MiB
[2026-09-16T10:56:41] GPU0 free=2900 MiB
[2026-09-16T10:56:46] GPU0 free=2900 MiB
[2026-09-16T10:56:51] GPU0 free=2900 MiB
[2026-09-16T10:56:57] GPU0 free=2900 MiB
[2026-09-16T10:57:02] GPU0 free=2900 MiB
[2026-09-16T10:57:07] GPU0 free=2900 MiB
[2026-09-16T10:57:12] GPU0 free=2900 MiB
[2026-09-16T10:57:17] GPU0 free=2900 MiB
[2026-09-16T10:57:22] GPU0 free=2900 MiB
[2026-09-16T10:57:27] GPU0 free=2900 MiB
[2026-09-16T10:57:32] GPU0 free=2900 MiB
[2026-09-16T10:57:37] GPU0 free=2900 MiB
[2026-09-16T10:57:42] GPU0 free=2900 MiB
[2026-09-16T10:57:47] GPU0 free=2900 MiB
[2026-09-16T10:57:52] GPU0 free=2900 MiB
[2026-09-16T10:57:57] GPU0 free=2900 MiB
[2026-09-16T10:58:02] GPU0 free=2900 MiB
[2026-09-16T10:58:07] GPU0 free=2900 MiB
[2026-09-16T10:58:12] GPU0 free=2900 MiB
[2026-09-16T10:58:17] GPU0 free=2900 MiB
[2026-09-16T10:58:22] GPU0 free=2900 MiB
[2026-09-16T10:58:27] GPU0 free=2900 MiB
[2026-09-16T10:58:33] GPU0 free=2900 MiB
[2026-09-16T10:58:38] GPU0 free=2900 MiB
[2026-09-16T10:58:43] GPU0 free=2900 MiB
[2026-09-16T10:58:48] GPU0 free=2900 MiB
[2026-09-16T10:58:53] GPU0 free=2900 MiB
[2026-09-16T10:58:58] GPU0 free=2900 MiB
[2026-09-16T10:59:03] GPU0 free=2900 MiB
[2026-09-16T10:59:08] GPU0 free=2900 MiB
[2026-09-16T10:59:13] GPU0 free=2900 MiB
[2026-09-16T10:59:18] GPU0 free=2900 MiB
[2026-09-16T10:59:23] GPU0 free=2900 MiB
[2026-09-16T10:59:28] GPU0 free=2900 MiB
[2026-09-16T10:59:33] GPU0 free=2900 MiB
[2026-09-16T10:59:38] GPU0 free=2900 MiB
[2026-09-16T10:59:43] GPU0 free=2900 MiB
[2026-09-16T10:59:48] GPU0 free=2900 MiB
[2026-09-16T10:59:53] GPU0 free=2900 MiB
[2026-09-16T10:59:58] GPU0 free=2900 MiB
[2026-09-16T11:00:03] GPU0 free=2900 MiB
[2026-09-16T11:00:09] GPU0 free=2900 MiB
[2026-09-16T11:00:14] GPU0 free=2900 MiB
[2026-09-16T11:00:19] GPU0 free=2900 MiB
[2026-09-16T11:00:24] GPU0 free=2900 MiB
[2026-09-16T11:00:29] GPU0 free=2900 MiB
[2026-09-16T11:00:34] GPU0 free=2900 MiB
[2026-09-16T11:00:39] GPU0 free=2900 MiB
[2026-09-16T11:00:44] GPU0 free=2900 MiB
[2026-09-16T11:00:49] GPU0 free=2900 MiB
[2026-09-16T11:00:54] GPU0 free=2900 MiB
[2026-09-16T11:00:59] GPU0 free=2900 MiB
[2026-09-16T11:01:04] GPU0 free=2900 MiB
[2026-09-16T11:01:09] GPU0 free=2900 MiB
[2026-09-16T11:01:14] GPU0 free=2900 MiB
[2026-09-16T11:01:19] GPU0 free=2900 MiB
[2026-09-16T11:01:24] GPU0 free=2900 MiB
[2026-09-16T11:01:29] GPU0 free=2900 MiB
[2026-09-16T11:01:34] GPU0 free=2900 MiB
[2026-09-16T11:01:39] GPU0 free=2900 MiB
[2026-09-16T11:01:44] GPU0 free=2900 MiB
[2026-09-16T11:01:49] GPU0 free=2900 MiB
[2026-09-16T11:01:55] GPU0 free=2900 MiB
[2026-09-16T11:02:00] GPU0 free=2900 MiB
[2026-09-16T11:02:05] GPU0 free=2900 MiB
[2026-09-16T11:02:10] GPU0 free=2900 MiB
[2026-09-16T11:02:15] GPU0 free=2900 MiB
[2026-09-16T11:02:20] GPU0 free=2900 MiB
[2026-09-16T11:02:25] GPU0 free=2900 MiB
[2026-09-16T11:02:30] GPU0 free=2900 MiB
[2026-09-16T11:02:35] GPU0 free=2900 MiB
[2026-09-16T11:02:40] GPU0 free=2900 MiB
[2026-09-16T11:02:45] GPU0 free=2900 MiB
[2026-09-16T11:02:50] GPU0 free=2900 MiB
[2026-09-16T11:02:55] GPU0 free=2900 MiB
[2026-09-16T11:03:00] GPU0 free=2900 MiB
[2026-09-16T11:03:05] GPU0 free=2900 MiB
[2026-09-16T11:03:10] GPU0 free=2900 MiB
[2026-09-16T11:03:15] GPU0 free=2900 MiB
[2026-09-16T11:03:20] GPU0 free=2900 MiB
[2026-09-16T11:03:25] GPU0 free=2900 MiB
[2026-09-16T11:03:30] GPU0 free=2900 MiB
[2026-09-16T11:03:35] GPU0 free=2900 MiB
[2026-09-16T11:03:41] GPU0 free=2900 MiB
[2026-09-16T11:03:46] GPU0 free=2900 MiB
[2026-09-16T11:03:51] GPU0 free=2900 MiB
[2026-09-16T11:03:56] GPU0 free=2900 MiB
[2026-09-16T11:04:01] GPU0 free=2900 MiB
[2026-09-16T11:04:06] GPU0 free=2900 MiB
[2026-09-16T11:04:11] GPU0 free=2900 MiB
[2026-09-16T11:04:16] GPU0 free=2900 MiB
[2026-09-16T11:04:21] GPU0 free=2900 MiB
[2026-09-16T11:04:26] GPU0 free=2900 MiB
[2026-09-16T11:04:31] GPU0 free=2900 MiB
[2026-09-16T11:04:36] GPU0 free=2900 MiB
[2026-09-16T11:04:41] GPU0 free=2900 MiB
[2026-09-16T11:04:46] GPU0 free=2900 MiB
[2026-09-16T11:04:51] GPU0 free=2900 MiB
[2026-09-16T11:04:56] GPU0 free=2900 MiB
[2026-09-16T11:05:01] GPU0 free=2900 MiB
[2026-09-16T11:05:06] GPU0 free=2900 MiB
[2026-09-16T11:05:11] GPU0 free=2900 MiB
[2026-09-16T11:05:16] GPU0 free=2900 MiB
[2026-09-16T11:05:21] GPU0 free=2900 MiB
[2026-09-16T11:05:26] GPU0 free=2900 MiB
[2026-09-16T11:05:32] GPU0 free=2900 MiB
[2026-09-16T11:05:37] GPU0 free=2900 MiB
[2026-09-16T11:05:42] GPU0 free=2900 MiB
[2026-09-16T11:05:47] GPU0 free=2900 MiB
[2026-09-16T11:05:52] GPU0 free=2900 MiB
[2026-09-16T11:05:57] GPU0 free=2900 MiB
[2026-09-16T11:06:02] GPU0 free=2900 MiB
[2026-09-16T11:06:07] GPU0 free=2900 MiB
[2026-09-16T11:06:12] GPU0 free=2900 MiB
[2026-09-16T11:06:17] GPU0 free=2900 MiB
[2026-09-16T11:06:22] GPU0 free=2900 MiB
[2026-09-16T11:06:27] GPU0 free=2900 MiB
[2026-09-16T11:06:32] GPU0 free=2900 MiB
[2026-09-16T11:06:37] GPU0 free=2900 MiB
[2026-09-16T11:06:42] GPU0 free=2900 MiB
[2026-09-16T11:06:47] GPU0 free=2900 MiB
[2026-09-16T11:06:52] GPU0 free=2900 MiB
[2026-09-16T11:06:57] GPU0 free=2900 MiB
[2026-09-16T11:07:02] GPU0 free=2900 MiB
[2026-09-16T11:07:07] GPU0 free=2900 MiB
[2026-09-16T11:07:12] GPU0 free=2900 MiB
[2026-09-16T11:07:17] GPU0 free=2900 MiB
[2026-09-16T11:07:22] GPU0 free=2900 MiB
[2026-09-16T11:07:27] GPU0 free=2900 MiB
[2026-09-16T11:07:33] GPU0 free=2900 MiB
[2026-09-16T11:07:38] GPU0 free=2900 MiB
[2026-09-16T11:07:43] GPU0 free=2900 MiB
[2026-09-16T11:07:48] GPU0 free=2900 MiB
[2026-09-16T11:07:53] GPU0 free=2900 MiB
[2026-09-16T11:07:58] GPU0 free=2900 MiB
[2026-09-16T11:08:03] GPU0 free=2900 MiB
[2026-09-16T11:08:08] GPU0 free=2900 MiB
[2026-09-16T11:08:13] GPU0 free=2900 MiB
[2026-09-16T11:08:18] GPU0 free=2900 MiB
[2026-09-16T11:08:23] GPU0 free=2900 MiB
[2026-09-16T11:08:28] GPU0 free=2900 MiB
[2026-09-16T11:08:33] GPU0 free=2900 MiB
[2026-09-16T11:08:38] GPU0 free=2900 MiB
[2026-09-16T11:08:43] GPU0 free=2900 MiB
[2026-09-16T11:08:48] GPU0 free=2900 MiB
[2026-09-16T11:08:53] GPU0 free=2900 MiB
[2026-09-16T11:08:58] GPU0 free=2900 MiB
[2026-09-16T11:09:03] GPU0 free=2900 MiB
[2026-09-16T11:09:08] GPU0 free=2900 MiB
[2026-09-16T11:09:14] GPU0 free=2900 MiB
[2026-09-16T11:09:19] GPU0 free=2900 MiB
[2026-09-16T11:09:24] GPU0 free=2900 MiB
[2026-09-16T11:09:29] GPU0 free=2900 MiB
[2026-09-16T11:09:34] GPU0 free=2900 MiB
[2026-09-16T11:09:39] GPU0 free=2900 MiB
[2026-09-16T11:09:44] GPU0 free=2900 MiB
[2026-09-16T11:09:49] GPU0 free=2900 MiB
[2026-09-16T11:09:54] GPU0 free=2900 MiB
[2026-09-16T11:09:59] GPU0 free=2900 MiB
[2026-09-16T11:10:04] GPU0 free=2900 MiB
[2026-09-16T11:10:09] GPU0 free=2900 MiB
[2026-09-16T11:10:14] GPU0 free=2900 MiB
[2026-09-16T11:10:19] GPU0 free=2900 MiB
[2026-09-16T11:10:24] GPU0 free=2900 MiB
[2026-09-16T11:10:29] GPU0 free=2900 MiB
[2026-09-16T11:10:34] GPU0 free=2900 MiB
[2026-09-16T11:10:39] GPU0 free=2900 MiB
[2026-09-16T11:10:44] GPU0 free=2900 MiB
[2026-09-16T11:10:49] GPU0 free=2900 MiB
[2026-09-16T11:10:54] GPU0 free=2900 MiB
[2026-09-16T11:11:00] GPU0 free=2900 MiB
[2026-09-16T11:11:05] GPU0 free=2900 MiB
[2026-09-16T11:11:10] GPU0 free=2900 MiB
[2026-09-16T11:11:15] GPU0 free=2900 MiB
[2026-09-16T11:11:20] GPU0 free=2900 MiB
[2026-09-16T11:11:25] GPU0 free=2900 MiB
[2026-09-16T11:11:30] GPU0 free=2900 MiB
[2026-09-16T11:11:35] GPU0 free=2900 MiB
[2026-09-16T11:11:40] GPU0 free=2900 MiB
[2026-09-16T11:11:45] GPU0 free=2900 MiB
[2026-09-16T11:11:50] GPU0 free=2900 MiB
[2026-09-16T11:11:55] GPU0 free=2900 MiB
[2026-09-16T11:12:00] GPU0 free=2900 MiB
[2026-09-16T11:12:05] GPU0 free=2900 MiB
[2026-09-16T11:12:10] GPU0 free=2900 MiB
[2026-09-16T11:12:15] GPU0 free=2900 MiB
[2026-09-16T11:12:20] GPU0 free=2900 MiB
[2026-09-16T11:12:25] GPU0 free=2900 MiB
[2026-09-16T11:12:30] GPU0 free=2900 MiB
[2026-09-16T11:12:35] GPU0 free=2900 MiB
[2026-09-16T11:12:41] GPU0 free=2900 MiB
[2026-09-16T11:12:46] GPU0 free=2900 MiB
[2026-09-16T11:12:51] GPU0 free=2900 MiB
[2026-09-16T11:12:56] GPU0 free=2900 MiB
[2026-09-16T11:13:01] GPU0 free=2900 MiB
[2026-09-16T11:13:06] GPU0 free=2900 MiB
[2026-09-16T11:13:11] GPU0 free=2900 MiB
[2026-09-16T11:13:16] GPU0 free=2900 MiB
[2026-09-16T11:13:21] GPU0 free=2900 MiB
[2026-09-16T11:13:26] GPU0 free=2900 MiB
[2026-09-16T11:13:31] GPU0 free=2900 MiB
[2026-09-16T11:13:36] GPU0 free=2900 MiB
[2026-09-16T11:13:41] GPU0 free=2900 MiB
[2026-09-16T11:13:46] GPU0 free=2900 MiB
[2026-09-16T11:13:51] GPU0 free=2900 MiB
[2026-09-16T11:13:56] GPU0 free=2900 MiB
[2026-09-16T11:14:01] GPU0 free=2900 MiB
[2026-09-16T11:14:06] GPU0 free=2900 MiB
[2026-09-16T11:14:11] GPU0 free=2900 MiB
[2026-09-16T11:14:16] GPU0 free=2900 MiB
[2026-09-16T11:14:21] GPU0 free=2900 MiB
[2026-09-16T11:14:26] GPU0 free=2900 MiB
[2026-09-16T11:14:32] GPU0 free=2900 MiB
[2026-09-16T11:14:37] GPU0 free=2900 MiB
[2026-09-16T11:14:42] GPU0 free=2900 MiB
[2026-09-16T11:14:47] GPU0 free=2900 MiB
[2026-09-16T11:14:52] GPU0 free=2900 MiB
[2026-09-16T11:14:57] GPU0 free=2900 MiB
[2026-09-16T11:15:02] GPU0 free=2900 MiB
[2026-09-16T11:15:07] GPU0 free=2900 MiB
[2026-09-16T11:15:12] GPU0 free=2900 MiB
[2026-09-16T11:15:17] GPU0 free=2900 MiB
[2026-09-16T11:15:22] GPU0 free=2900 MiB
[2026-09-16T11:15:27] GPU0 free=2900 MiB
[2026-09-16T11:15:32] GPU0 free=2900 MiB
[2026-09-16T11:15:37] GPU0 free=2900 MiB
[2026-09-16T11:15:42] GPU0 free=2900 MiB
[2026-09-16T11:15:47] GPU0 free=2900 MiB
[2026-09-16T11:15:53] GPU0 free=2900 MiB
[2026-09-16T11:15:58] GPU0 free=2900 MiB
[2026-09-16T11:16:03] GPU0 free=2900 MiB
[2026-09-16T11:16:08] GPU0 free=2900 MiB
[2026-09-16T11:16:13] GPU0 free=2900 MiB
[2026-09-16T11:16:18] GPU0 free=2900 MiB
[2026-09-16T11:16:23] GPU0 free=2900 MiB
[2026-09-16T11:16:28] GPU0 free=2900 MiB
[2026-09-16T11:16:33] GPU0 free=2900 MiB
[2026-09-16T11:16:38] GPU0 free=2900 MiB
[2026-09-16T11:16:43] GPU0 free=2900 MiB
[2026-09-16T11:16:48] GPU0 free=2900 MiB
[2026-09-16T11:16:53] GPU0 free=2900 MiB
[2026-09-16T11:16:58] GPU0 free=2900 MiB
[2026-09-16T11:17:03] GPU0 free=2900 MiB
[2026-09-16T11:17:08] GPU0 free=2900 MiB
[2026-09-16T11:17:13] GPU0 free=2900 MiB
[2026-09-16T11:17:18] GPU0 free=2900 MiB
[2026-09-16T11:17:23] GPU0 free=2900 MiB
[2026-09-16T11:17:29] GPU0 free=2900 MiB
[2026-09-16T11:17:34] GPU0 free=2900 MiB
[2026-09-16T11:17:39] GPU0 free=2900 MiB
[2026-09-16T11:17:44] GPU0 free=2900 MiB
[2026-09-16T11:17:49] GPU0 free=2900 MiB
[2026-09-16T11:17:54] GPU0 free=2900 MiB
[2026-09-16T11:17:59] GPU0 free=2900 MiB
[2026-09-16T11:18:04] GPU0 free=2900 MiB
[2026-09-16T11:18:09] GPU0 free=2900 MiB
[2026-09-16T11:18:14] GPU0 free=2900 MiB
[2026-09-16T11:18:19] GPU0 free=2900 MiB
[2026-09-16T11:18:24] GPU0 free=2900 MiB
[2026-09-16T11:18:29] GPU0 free=2900 MiB
[2026-09-16T11:18:34] GPU0 free=2900 MiB
[2026-09-16T11:18:39] GPU0 free=2900 MiB
[2026-09-16T11:18:44] GPU0 free=2900 MiB
[2026-09-16T11:18:49] GPU0 free=2900 MiB
[2026-09-16T11:18:54] GPU0 free=2900 MiB
[2026-09-16T11:18:59] GPU0 free=2900 MiB
[2026-09-16T11:19:04] GPU0 free=2900 MiB
[2026-09-16T11:19:09] GPU0 free=2900 MiB
[2026-09-16T11:19:15] GPU0 free=2900 MiB
[2026-09-16T11:19:20] GPU0 free=2900 MiB
[2026-09-16T11:19:25] GPU0 free=2900 MiB
[2026-09-16T11:19:30] GPU0 free=2900 MiB
[2026-09-16T11:19:35] GPU0 free=2900 MiB
[2026-09-16T11:19:40] GPU0 free=2900 MiB
[2026-09-16T11:19:45] GPU0 free=2900 MiB
[2026-09-16T11:19:50] GPU0 free=2900 MiB
[2026-09-16T11:19:55] GPU0 free=2900 MiB
[2026-09-16T11:20:00] GPU0 free=2900 MiB
[2026-09-16T11:20:05] GPU0 free=2900 MiB
[2026-09-16T11:20:10] GPU0 free=2900 MiB
[2026-09-16T11:20:15] GPU0 free=2900 MiB
[2026-09-16T11:20:20] GPU0 free=2900 MiB
[2026-09-16T11:20:25] GPU0 free=2900 MiB
[2026-09-16T11:20:30] GPU0 free=2900 MiB
[2026-09-16T11:20:35] GPU0 free=2900 MiB
[2026-09-16T11:20:40] GPU0 free=2900 MiB
[2026-09-16T11:20:45] GPU0 free=2900 MiB
[2026-09-16T11:20:50] GPU0 free=2900 MiB
[2026-09-16T11:20:56] GPU0 free=2900 MiB
[2026-09-16T11:21:01] GPU0 free=2900 MiB
[2026-09-16T11:21:06] GPU0 free=2900 MiB
[2026-09-16T11:21:11] GPU0 free=2900 MiB
[2026-09-16T11:21:16] GPU0 free=2900 MiB
[2026-09-16T11:21:21] GPU0 free=2900 MiB
[2026-09-16T11:21:26] GPU0 free=2900 MiB
[2026-09-16T11:21:31] GPU0 free=2900 MiB
[2026-09-16T11:21:36] GPU0 free=2900 MiB
[2026-09-16T11:21:41] GPU0 free=2900 MiB
[2026-09-16T11:21:46] GPU0 free=2900 MiB
[2026-09-16T11:21:51] GPU0 free=2900 MiB
[2026-09-16T11:21:56] GPU0 free=2900 MiB
[2026-09-16T11:22:01] GPU0 free=2900 MiB
[2026-09-16T11:22:06] GPU0 free=2900 MiB
[2026-09-16T11:22:11] GPU0 free=2900 MiB
[2026-09-16T11:22:16] GPU0 free=2900 MiB
[2026-09-16T11:22:21] GPU0 free=2900 MiB
[2026-09-16T11:22:26] GPU0 free=2900 MiB
[2026-09-16T11:22:31] GPU0 free=2900 MiB
[2026-09-16T11:22:36] GPU0 free=2900 MiB
[2026-09-16T11:22:42] GPU0 free=2900 MiB
[2026-09-16T11:22:47] GPU0 free=2900 MiB
[2026-09-16T11:22:52] GPU0 free=2900 MiB
[2026-09-16T11:22:57] GPU0 free=2900 MiB
[2026-09-16T11:23:02] GPU0 free=2900 MiB
[2026-09-16T11:23:07] GPU0 free=2900 MiB
[2026-09-16T11:23:12] GPU0 free=2900 MiB
[2026-09-16T11:23:17] GPU0 free=2900 MiB
[2026-09-16T11:23:22] GPU0 free=2900 MiB
[2026-09-16T11:23:27] GPU0 free=2900 MiB
[2026-09-16T11:23:32] GPU0 free=2900 MiB
[2026-09-16T11:23:37] GPU0 free=2900 MiB
[2026-09-16T11:23:42] GPU0 free=2900 MiB
[2026-09-16T11:23:47] GPU0 free=2900 MiB
[2026-09-16T11:23:52] GPU0 free=2900 MiB
[2026-09-16T11:23:57] GPU0 free=2900 MiB
[2026-09-16T11:24:02] GPU0 free=2900 MiB
[2026-09-16T11:24:07] GPU0 free=2900 MiB
[2026-09-16T11:24:12] GPU0 free=2900 MiB
[2026-09-16T11:24:17] GPU0 free=2900 MiB
[2026-09-16T11:24:22] GPU0 free=2900 MiB
[2026-09-16T11:24:27] GPU0 free=2900 MiB
[2026-09-16T11:24:32] GPU0 free=2900 MiB
[2026-09-16T11:24:38] GPU0 free=2900 MiB
[2026-09-16T11:24:43] GPU0 free=2900 MiB
[2026-09-16T11:24:48] GPU0 free=2900 MiB
[2026-09-16T11:24:53] GPU0 free=2900 MiB
[2026-09-16T11:24:58] GPU0 free=2900 MiB
[2026-09-16T11:25:03] GPU0 free=2900 MiB
[2026-09-16T11:25:08] GPU0 free=2900 MiB
[2026-09-16T11:25:13] GPU0 free=2900 MiB
[2026-09-16T11:25:18] GPU0 free=2900 MiB
[2026-09-16T11:25:23] GPU0 free=2900 MiB
[2026-09-16T11:25:28] GPU0 free=2900 MiB
[2026-09-16T11:25:33] GPU0 free=2900 MiB
[2026-09-16T11:25:38] GPU0 free=2900 MiB
[2026-09-16T11:25:43] GPU0 free=2900 MiB
[2026-09-16T11:25:48] GPU0 free=2900 MiB
[2026-09-16T11:25:53] GPU0 free=2900 MiB
[2026-09-16T11:25:58] GPU0 free=2900 MiB
[2026-09-16T11:26:03] GPU0 free=2900 MiB
[2026-09-16T11:26:08] GPU0 free=2900 MiB
[2026-09-16T11:26:13] GPU0 free=2900 MiB
[2026-09-16T11:26:18] GPU0 free=2900 MiB
[2026-09-16T11:26:23] GPU0 free=2900 MiB
[2026-09-16T11:26:29] GPU0 free=2900 MiB
[2026-09-16T11:26:34] GPU0 free=2900 MiB
[2026-09-16T11:26:39] GPU0 free=2900 MiB
[2026-09-16T11:26:44] GPU0 free=2900 MiB
[2026-09-16T11:26:49] GPU0 free=2900 MiB
[2026-09-16T11:26:54] GPU0 free=2900 MiB
[2026-09-16T11:26:59] GPU0 free=2900 MiB
[2026-09-16T11:27:04] GPU0 free=2900 MiB
[2026-09-16T11:27:09] GPU0 free=2900 MiB
[2026-09-16T11:27:14] GPU0 free=2900 MiB
[2026-09-16T11:27:19] GPU0 free=2900 MiB
[2026-09-16T11:27:24] GPU0 free=2900 MiB
[2026-09-16T11:27:29] GPU0 free=2900 MiB
[2026-09-16T11:27:34] GPU0 free=2900 MiB
[2026-09-16T11:27:39] GPU0 free=2900 MiB
[2026-09-16T11:27:44] GPU0 free=2900 MiB
[2026-09-16T11:27:49] GPU0 free=2900 MiB
[2026-09-16T11:27:54] GPU0 free=2900 MiB
[2026-09-16T11:27:59] GPU0 free=2900 MiB
[2026-09-16T11:28:04] GPU0 free=2900 MiB
[2026-09-16T11:28:09] GPU0 free=2900 MiB
[2026-09-16T11:28:15] GPU0 free=2900 MiB
[2026-09-16T11:28:20] GPU0 free=2900 MiB
[2026-09-16T11:28:25] GPU0 free=2900 MiB
[2026-09-16T11:28:30] GPU0 free=2900 MiB
[2026-09-16T11:28:35] GPU0 free=2900 MiB
[2026-09-16T11:28:40] GPU0 free=2900 MiB
[2026-09-16T11:28:45] GPU0 free=2900 MiB
[2026-09-16T11:28:50] GPU0 free=2900 MiB
[2026-09-16T11:28:55] GPU0 free=2900 MiB
[2026-09-16T11:29:00] GPU0 free=2900 MiB
[2026-09-16T11:29:05] GPU0 free=2900 MiB
[2026-09-16T11:29:10] GPU0 free=2900 MiB
[2026-09-16T11:29:15] GPU0 free=2900 MiB
[2026-09-16T11:29:20] GPU0 free=2900 MiB
[2026-09-16T11:29:25] GPU0 free=2900 MiB
[2026-09-16T11:29:30] GPU0 free=2900 MiB
[2026-09-16T11:29:35] GPU0 free=2900 MiB
[2026-09-16T11:29:40] GPU0 free=2900 MiB
[2026-09-16T11:29:45] GPU0 free=2900 MiB
[2026-09-16T11:29:50] GPU0 free=2900 MiB
[2026-09-16T11:29:55] GPU0 free=2900 MiB
[2026-09-16T11:30:00] GPU0 free=2900 MiB
[2026-09-16T11:30:06] GPU0 free=2900 MiB
[2026-09-16T11:30:11] GPU0 free=2900 MiB
[2026-09-16T11:30:16] GPU0 free=2900 MiB
[2026-09-16T11:30:21] GPU0 free=2900 MiB
[2026-09-16T11:30:26] GPU0 free=2900 MiB
[2026-09-16T11:30:31] GPU0 free=2900 MiB
[2026-09-16T11:30:36] GPU0 free=2900 MiB
[2026-09-16T11:30:41] GPU0 free=2900 MiB
[2026-09-16T11:30:46] GPU0 free=2900 MiB
[2026-09-16T11:30:51] GPU0 free=2900 MiB
[2026-09-16T11:30:56] GPU0 free=2900 MiB
[2026-09-16T11:31:01] GPU0 free=2900 MiB
[2026-09-16T11:31:06] GPU0 free=2900 MiB
[2026-09-16T11:31:11] GPU0 free=2900 MiB
[2026-09-16T11:31:16] GPU0 free=2900 MiB
[2026-09-16T11:31:21] GPU0 free=2900 MiB
[2026-09-16T11:31:26] GPU0 free=2900 MiB
[2026-09-16T11:31:31] GPU0 free=2900 MiB
[2026-09-16T11:31:36] GPU0 free=2900 MiB
[2026-09-16T11:31:41] GPU0 free=2900 MiB
[2026-09-16T11:31:46] GPU0 free=2900 MiB
[2026-09-16T11:31:51] GPU0 free=2900 MiB
[2026-09-16T11:31:56] GPU0 free=2900 MiB
[2026-09-16T11:32:02] GPU0 free=2900 MiB
[2026-09-16T11:32:07] GPU0 free=2900 MiB
[2026-09-16T11:32:12] GPU0 free=2900 MiB
[2026-09-16T11:32:17] GPU0 free=2900 MiB
[2026-09-16T11:32:22] GPU0 free=2900 MiB
[2026-09-16T11:32:27] GPU0 free=2900 MiB
[2026-09-16T11:32:32] GPU0 free=2900 MiB
[2026-09-16T11:32:37] GPU0 free=32109 MiB
[2026-09-16T11:32:39] GPU READY: 32109 MiB free
[2026-09-16T11:32:39] START PHASE 07 SCORER SANITY
[2026-09-16T11:32:39] CMD: /home/jupyter-iec2024se10/.conda/envs/genarm/bin/python3.10 PARM_TARO/recovery/low_vram_suite/07_scorer_sanity.py --limit 10
[2026-09-16T11:32:59] PHASE 07 SCORER SANITY PASS
[2026-09-16T11:33:04] Waiting for GPU0 free VRAM >= 18000 MiB (check every 5s)
[2026-09-16T11:33:04] GPU0 free=32109 MiB
[2026-09-16T11:33:06] GPU READY: 32109 MiB free
[2026-09-16T11:33:06] START PHASE 09 FEASIBILITY60 SCORE
[2026-09-16T11:33:06] CMD: /home/jupyter-iec2024se10/.conda/envs/genarm/bin/python3.10 PARM_TARO/recovery/low_vram_suite/09_feasibility60_score.py
[2026-09-16T11:34:44] PHASE 09 FEASIBILITY60 SCORE PASS
[2026-09-16T11:34:44] START PHASE 10 DECISION REPORT
[2026-09-16T11:34:44] CMD: /home/jupyter-iec2024se10/.conda/envs/genarm/bin/python3.10 PARM_TARO/recovery/low_vram_suite/10_decision_report.py
[2026-09-16T11:34:44] PHASE 10 DECISION REPORT PASS
[2026-09-16T11:34:44] ALL DONE: PHASE 07 -> 09 -> 10 COMPLETE
