rollout_id,state_id,response_key,reward_score
f60_a0_p00_s00_w0.00,f60_a0_p00_s00,875f4502f639789c07d16352ffacb47b1f9479b2dcfdea3c35fc80317b01c1fb,-2.01171875
f60_a0_p00_s00_w0.25,f60_a0_p00_s00,875f4502f639789c07d16352ffacb47b1f9479b2dcfdea3c35fc80317b01c1fb,-2.01171875
f60_a0_p00_s00_w0.50,f60_a0_p00_s00,8b70f7ee2ea3631fc321f7fa83bf14197e791e685b1482b0ea18370da02a986d,2.3125
f60_a0_p00_s00_w0.75,f60_a0_p00_s00,8b70f7ee2ea3631fc321f7fa83bf14197e791e685b1482b0ea18370da02a986d,2.3125
f60_a0_p00_s00_w1.00,f60_a0_p00_s00,8b70f7ee2ea3631fc321f7fa83bf14197e791e685b1482b0ea18370da02a986d,2.3125
f60_a0_p00_s01_w0.00,f60_a0_p00_s01,a5bd4563093b3baf262ed5cd5e48994817ef5c34dd4b1ebe71a6aeb2118a5980,-2.97265625
f60_a0_p00_s01_w0.25,f60_a0_p00_s01,a5bd4563093b3baf262ed5cd5e48994817ef5c34dd4b1ebe71a6aeb2118a5980,-2.97265625
f60_a0_p00_s01_w0.50,f60_a0_p00_s01,a5bd4563093b3baf262ed5cd5e48994817ef5c34dd4b1ebe71a6aeb2118a5980,-2.97265625
f60_a0_p00_s01_w0.75,f60_a0_p00_s01,a5bd4563093b3baf262ed5cd5e48994817ef5c34dd4b1ebe71a6aeb2118a5980,-2.97265625
f60_a0_p00_s01_w1.00,f60_a0_p00_s01,a5bd4563093b3baf262ed5cd5e48994817ef5c34dd4b1ebe71a6aeb2118a5980,-2.97265625
f60_a0_p00_s02_w0.00,f60_a0_p00_s02,9cc8e1fb30a5f4629c4fcf68e212292ae57f0a7975d6de6f244a75066b67b4de,5.69921875
f60_a0_p00_s02_w0.25,f60_a0_p00_s02,52608f41707a8b0095c04017408ba282d8f15d6ad1cc28ac16bb6975d5d53053,6.796875
f60_a0_p00_s02_w0.50,f60_a0_p00_s02,52608f41707a8b0095c04017408ba282d8f15d6ad1cc28ac16bb6975d5d53053,6.796875
f60_a0_p00_s02_w0.75,f60_a0_p00_s02,52608f41707a8b0095c04017408ba282d8f15d6ad1cc28ac16bb6975d5d53053,6.796875
f60_a0_p00_s02_w1.00,f60_a0_p00_s02,52608f41707a8b0095c04017408ba282d8f15d6ad1cc28ac16bb6975d5d53053,6.796875
f60_a0_p00_s03_w0.00,f60_a0_p00_s03,d3b5600975b15a31826986d94f13c5a4178a99c0c6fe76e9bc29e520a4dd3268,6.87890625
f60_a0_p00_s03_w0.25,f60_a0_p00_s03,d3b5600975b15a31826986d94f13c5a4178a99c0c6fe76e9bc29e520a4dd3268,6.87890625
f60_a0_p00_s03_w0.50,f60_a0_p00_s03,d3b5600975b15a31826986d94f13c5a4178a99c0c6fe76e9bc29e520a4dd3268,6.87890625
f60_a0_p00_s03_w0.75,f60_a0_p00_s03,d3b5600975b15a31826986d94f13c5a4178a99c0c6fe76e9bc29e520a4dd3268,6.87890625
f60_a0_p00_s03_w1.00,f60_a0_p00_s03,d3b5600975b15a31826986d94f13c5a4178a99c0c6fe76e9bc29e520a4dd3268,6.87890625
f60_a0_p00_s04_w0.00,f60_a0_p00_s04,618ee9497dded0ed305659641c30fc1208eb335ad7e53efa0d94c2f8470e9754,8.1328125
f60_a0_p00_s04_w0.25,f60_a0_p00_s04,618ee9497dded0ed305659641c30fc1208eb335ad7e53efa0d94c2f8470e9754,8.1328125
f60_a0_p00_s04_w0.50,f60_a0_p00_s04,618ee9497dded0ed305659641c30fc1208eb335ad7e53efa0d94c2f8470e9754,8.1328125
f60_a0_p00_s04_w0.75,f60_a0_p00_s04,618ee9497dded0ed305659641c30fc1208eb335ad7e53efa0d94c2f8470e9754,8.1328125
f60_a0_p00_s04_w1.00,f60_a0_p00_s04,618ee9497dded0ed305659641c30fc1208eb335ad7e53efa0d94c2f8470e9754,8.1328125
f60_a1_p00_s00_w0.00,f60_a1_p00_s00,875f4502f639789c07d16352ffacb47b1f9479b2dcfdea3c35fc80317b01c1fb,-2.01171875
f60_a1_p00_s00_w0.25,f60_a1_p00_s00,875f4502f639789c07d16352ffacb47b1f9479b2dcfdea3c35fc80317b01c1fb,-2.01171875
f60_a1_p00_s00_w0.50,f60_a1_p00_s00,8b70f7ee2ea3631fc321f7fa83bf14197e791e685b1482b0ea18370da02a986d,2.3125
f60_a1_p00_s00_w0.75,f60_a1_p00_s00,8b70f7ee2ea3631fc321f7fa83bf14197e791e685b1482b0ea18370da02a986d,2.3125
f60_a1_p00_s00_w1.00,f60_a1_p00_s00,8b70f7ee2ea3631fc321f7fa83bf14197e791e685b1482b0ea18370da02a986d,2.3125
f60_a1_p00_s01_w0.00,f60_a1_p00_s01,a5bd4563093b3baf262ed5cd5e48994817ef5c34dd4b1ebe71a6aeb2118a5980,-2.97265625
f60_a1_p00_s01_w0.25,f60_a1_p00_s01,a5bd4563093b3baf262ed5cd5e48994817ef5c34dd4b1ebe71a6aeb2118a5980,-2.97265625
f60_a1_p00_s01_w0.50,f60_a1_p00_s01,a5bd4563093b3baf262ed5cd5e48994817ef5c34dd4b1ebe71a6aeb2118a5980,-2.97265625
f60_a1_p00_s01_w0.75,f60_a1_p00_s01,a5bd4563093b3baf262ed5cd5e48994817ef5c34dd4b1ebe71a6aeb2118a5980,-2.97265625
f60_a1_p00_s01_w1.00,f60_a1_p00_s01,a5bd4563093b3baf262ed5cd5e48994817ef5c34dd4b1ebe71a6aeb2118a5980,-2.97265625
f60_a1_p00_s02_w0.00,f60_a1_p00_s02,e0ba25698871114505838241158c52e5ef34ca61c8a65c94f0c6c8d8268dfde1,5.95703125
f60_a1_p00_s02_w0.25,f60_a1_p00_s02,52608f41707a8b0095c04017408ba282d8f15d6ad1cc28ac16bb6975d5d53053,6.796875
f60_a1_p00_s02_w0.50,f60_a1_p00_s02,52608f41707a8b0095c04017408ba282d8f15d6ad1cc28ac16bb6975d5d53053,6.796875
f60_a1_p00_s02_w0.75,f60_a1_p00_s02,52608f41707a8b0095c04017408ba282d8f15d6ad1cc28ac16bb6975d5d53053,6.796875
f60_a1_p00_s02_w1.00,f60_a1_p00_s02,52608f41707a8b0095c04017408ba282d8f15d6ad1cc28ac16bb6975d5d53053,6.796875
f60_a1_p00_s03_w0.00,f60_a1_p00_s03,d3b5600975b15a31826986d94f13c5a4178a99c0c6fe76e9bc29e520a4dd3268,6.87890625
f60_a1_p00_s03_w0.25,f60_a1_p00_s03,d3b5600975b15a31826986d94f13c5a4178a99c0c6fe76e9bc29e520a4dd3268,6.87890625
f60_a1_p00_s03_w0.50,f60_a1_p00_s03,d3b5600975b15a31826986d94f13c5a4178a99c0c6fe76e9bc29e520a4dd3268,6.87890625
f60_a1_p00_s03_w0.75,f60_a1_p00_s03,d3b5600975b15a31826986d94f13c5a4178a99c0c6fe76e9bc29e520a4dd3268,6.87890625
f60_a1_p00_s03_w1.00,f60_a1_p00_s03,d3b5600975b15a31826986d94f13c5a4178a99c0c6fe76e9bc29e520a4dd3268,6.87890625
f60_a1_p00_s04_w0.00,f60_a1_p00_s04,618ee9497dded0ed305659641c30fc1208eb335ad7e53efa0d94c2f8470e9754,8.1328125
f60_a1_p00_s04_w0.25,f60_a1_p00_s04,618ee9497dded0ed305659641c30fc1208eb335ad7e53efa0d94c2f8470e9754,8.1328125
f60_a1_p00_s04_w0.50,f60_a1_p00_s04,618ee9497dded0ed305659641c30fc1208eb335ad7e53efa0d94c2f8470e9754,8.1328125
f60_a1_p00_s04_w0.75,f60_a1_p00_s04,618ee9497dded0ed305659641c30fc1208eb335ad7e53efa0d94c2f8470e9754,8.1328125
f60_a1_p00_s04_w1.00,f60_a1_p00_s04,618ee9497dded0ed305659641c30fc1208eb335ad7e53efa0d94c2f8470e9754,8.1328125
f60_a2_p00_s00_w0.00,f60_a2_p00_s00,0c5655712cc1f6256120eb777e865f3cd87caca96185b1d3a713af452a1a02c9,-2.55078125
f60_a2_p00_s00_w0.25,f60_a2_p00_s00,0c5655712cc1f6256120eb777e865f3cd87caca96185b1d3a713af452a1a02c9,-2.55078125
f60_a2_p00_s00_w0.50,f60_a2_p00_s00,fc550f21681c7817066eab474d59cca049abccdef38d14d7fd13b2cc30c22d95,1.5576171875
f60_a2_p00_s00_w0.75,f60_a2_p00_s00,fc550f21681c7817066eab474d59cca049abccdef38d14d7fd13b2cc30c22d95,1.5576171875
f60_a2_p00_s00_w1.00,f60_a2_p00_s00,fc550f21681c7817066eab474d59cca049abccdef38d14d7fd13b2cc30c22d95,1.5576171875
f60_a2_p00_s01_w0.00,f60_a2_p00_s01,c1f86e7a8edda7d3249770651509ac1b38d896d4a2f97f9c192e5c0ba5638c0d,3.35546875
f60_a2_p00_s01_w0.25,f60_a2_p00_s01,c1f86e7a8edda7d3249770651509ac1b38d896d4a2f97f9c192e5c0ba5638c0d,3.35546875
f60_a2_p00_s01_w0.50,f60_a2_p00_s01,c1f86e7a8edda7d3249770651509ac1b38d896d4a2f97f9c192e5c0ba5638c0d,3.35546875
f60_a2_p00_s01_w0.75,f60_a2_p00_s01,c1f86e7a8edda7d3249770651509ac1b38d896d4a2f97f9c192e5c0ba5638c0d,3.35546875
f60_a2_p00_s01_w1.00,f60_a2_p00_s01,c1f86e7a8edda7d3249770651509ac1b38d896d4a2f97f9c192e5c0ba5638c0d,3.35546875
f60_a2_p00_s02_w0.00,f60_a2_p00_s02,42062e376065dbb3e563245e65ce1fcba761e667b0ee4a834269402673e1b38c,4.125
f60_a2_p00_s02_w0.25,f60_a2_p00_s02,42062e376065dbb3e563245e65ce1fcba761e667b0ee4a834269402673e1b38c,4.125
f60_a2_p00_s02_w0.50,f60_a2_p00_s02,42062e376065dbb3e563245e65ce1fcba761e667b0ee4a834269402673e1b38c,4.125
f60_a2_p00_s02_w0.75,f60_a2_p00_s02,42062e376065dbb3e563245e65ce1fcba761e667b0ee4a834269402673e1b38c,4.125
f60_a2_p00_s02_w1.00,f60_a2_p00_s02,42062e376065dbb3e563245e65ce1fcba761e667b0ee4a834269402673e1b38c,4.125
f60_a2_p00_s03_w0.00,f60_a2_p00_s03,8ec57680f8c9899c6c4ce54c5aba42ad89281d4123e3a029874daa42e1e133a8,5.26171875
f60_a2_p00_s03_w0.25,f60_a2_p00_s03,8ec57680f8c9899c6c4ce54c5aba42ad89281d4123e3a029874daa42e1e133a8,5.26171875
f60_a2_p00_s03_w0.50,f60_a2_p00_s03,8ec57680f8c9899c6c4ce54c5aba42ad89281d4123e3a029874daa42e1e133a8,5.26171875
f60_a2_p00_s03_w0.75,f60_a2_p00_s03,8ec57680f8c9899c6c4ce54c5aba42ad89281d4123e3a029874daa42e1e133a8,5.26171875
f60_a2_p00_s03_w1.00,f60_a2_p00_s03,8ec57680f8c9899c6c4ce54c5aba42ad89281d4123e3a029874daa42e1e133a8,5.26171875
f60_a2_p00_s04_w0.00,f60_a2_p00_s04,8b8c68d96b8cf5530a7251004a512bda8d52da867b520f48865dc8700229186a,-2.763671875
f60_a2_p00_s04_w0.25,f60_a2_p00_s04,8b8c68d96b8cf5530a7251004a512bda8d52da867b520f48865dc8700229186a,-2.763671875
f60_a2_p00_s04_w0.50,f60_a2_p00_s04,8b8c68d96b8cf5530a7251004a512bda8d52da867b520f48865dc8700229186a,-2.763671875
f60_a2_p00_s04_w0.75,f60_a2_p00_s04,8b8c68d96b8cf5530a7251004a512bda8d52da867b520f48865dc8700229186a,-2.763671875
f60_a2_p00_s04_w1.00,f60_a2_p00_s04,8b8c68d96b8cf5530a7251004a512bda8d52da867b520f48865dc8700229186a,-2.763671875
f60_a3_p00_s00_w0.00,f60_a3_p00_s00,0c5655712cc1f6256120eb777e865f3cd87caca96185b1d3a713af452a1a02c9,-2.55078125
f60_a3_p00_s00_w0.25,f60_a3_p00_s00,0c5655712cc1f6256120eb777e865f3cd87caca96185b1d3a713af452a1a02c9,-2.55078125
f60_a3_p00_s00_w0.50,f60_a3_p00_s00,ba0be6eaf1af2a2e500cd6d2716b527264710c87bc18baf637f7936f364dacc2,-0.53955078125
f60_a3_p00_s00_w0.75,f60_a3_p00_s00,ba0be6eaf1af2a2e500cd6d2716b527264710c87bc18baf637f7936f364dacc2,-0.53955078125
f60_a3_p00_s00_w1.00,f60_a3_p00_s00,ba0be6eaf1af2a2e500cd6d2716b527264710c87bc18baf637f7936f364dacc2,-0.53955078125
f60_a3_p00_s01_w0.00,f60_a3_p00_s01,d666bdf044ceb3e36a3b748341c83e218ed782b9f0fcb5a58186724e35c878aa,-0.0382080078125
f60_a3_p00_s01_w0.25,f60_a3_p00_s01,f0aa53267380e5efad3ab8f4e1187cba14612384179464bd00ad2b46587a13b2,0.47705078125
f60_a3_p00_s01_w0.50,f60_a3_p00_s01,f0aa53267380e5efad3ab8f4e1187cba14612384179464bd00ad2b46587a13b2,0.47705078125
f60_a3_p00_s01_w0.75,f60_a3_p00_s01,f0aa53267380e5efad3ab8f4e1187cba14612384179464bd00ad2b46587a13b2,0.47705078125
f60_a3_p00_s01_w1.00,f60_a3_p00_s01,f0aa53267380e5efad3ab8f4e1187cba14612384179464bd00ad2b46587a13b2,0.47705078125
f60_a3_p00_s02_w0.00,f60_a3_p00_s02,bf7a314f232f4de1888633b19180cf1165aaa032064d36f6f311c0fb796727b0,1.4443359375
f60_a3_p00_s02_w0.25,f60_a3_p00_s02,bf7a314f232f4de1888633b19180cf1165aaa032064d36f6f311c0fb796727b0,1.4443359375
f60_a3_p00_s02_w0.50,f60_a3_p00_s02,bf7a314f232f4de1888633b19180cf1165aaa032064d36f6f311c0fb796727b0,1.4443359375
f60_a3_p00_s02_w0.75,f60_a3_p00_s02,bf7a314f232f4de1888633b19180cf1165aaa032064d36f6f311c0fb796727b0,1.4443359375
f60_a3_p00_s02_w1.00,f60_a3_p00_s02,bf7a314f232f4de1888633b19180cf1165aaa032064d36f6f311c0fb796727b0,1.4443359375
f60_a3_p00_s03_w0.00,f60_a3_p00_s03,f6ee775a3fb01333c00e811111186bf05f99d16138255d05274ac9a0baa16e14,1.4296875
f60_a3_p00_s03_w0.25,f60_a3_p00_s03,f6ee775a3fb01333c00e811111186bf05f99d16138255d05274ac9a0baa16e14,1.4296875
f60_a3_p00_s03_w0.50,f60_a3_p00_s03,f6ee775a3fb01333c00e811111186bf05f99d16138255d05274ac9a0baa16e14,1.4296875
f60_a3_p00_s03_w0.75,f60_a3_p00_s03,f6ee775a3fb01333c00e811111186bf05f99d16138255d05274ac9a0baa16e14,1.4296875
f60_a3_p00_s03_w1.00,f60_a3_p00_s03,f6ee775a3fb01333c00e811111186bf05f99d16138255d05274ac9a0baa16e14,1.4296875
f60_a3_p00_s04_w0.00,f60_a3_p00_s04,43e967badfb1737e4d3e04404dcfa2266973a2ccbd37cf206453c6a160257171,1.2841796875
f60_a3_p00_s04_w0.25,f60_a3_p00_s04,43e967badfb1737e4d3e04404dcfa2266973a2ccbd37cf206453c6a160257171,1.2841796875
f60_a3_p00_s04_w0.50,f60_a3_p00_s04,d121460c36cbcd0fa68904e66aa149ab56c921fd49f56aa56017563ad7e3ed66,0.744140625
f60_a3_p00_s04_w0.75,f60_a3_p00_s04,d121460c36cbcd0fa68904e66aa149ab56c921fd49f56aa56017563ad7e3ed66,0.744140625
f60_a3_p00_s04_w1.00,f60_a3_p00_s04,d121460c36cbcd0fa68904e66aa149ab56c921fd49f56aa56017563ad7e3ed66,0.744140625
f60_a4_p00_s00_w0.00,f60_a4_p00_s00,0c5655712cc1f6256120eb777e865f3cd87caca96185b1d3a713af452a1a02c9,-2.55078125
f60_a4_p00_s00_w0.25,f60_a4_p00_s00,0c5655712cc1f6256120eb777e865f3cd87caca96185b1d3a713af452a1a02c9,-2.55078125
f60_a4_p00_s00_w0.50,f60_a4_p00_s00,ba0be6eaf1af2a2e500cd6d2716b527264710c87bc18baf637f7936f364dacc2,-0.53955078125
f60_a4_p00_s00_w0.75,f60_a4_p00_s00,ba0be6eaf1af2a2e500cd6d2716b527264710c87bc18baf637f7936f364dacc2,-0.53955078125
f60_a4_p00_s00_w1.00,f60_a4_p00_s00,e8c23b413b80800372890d6ee32aae74e86b75455ec55938e318ca7290955a04,-0.07562255859375
f60_a4_p00_s01_w0.00,f60_a4_p00_s01,811135a6c9d1fcf3d760e3433c8bcbadd017be8bfd6c80a00e5a1588b2e1004a,3.31640625
f60_a4_p00_s01_w0.25,f60_a4_p00_s01,811135a6c9d1fcf3d760e3433c8bcbadd017be8bfd6c80a00e5a1588b2e1004a,3.31640625
f60_a4_p00_s01_w0.50,f60_a4_p00_s01,811135a6c9d1fcf3d760e3433c8bcbadd017be8bfd6c80a00e5a1588b2e1004a,3.31640625
f60_a4_p00_s01_w0.75,f60_a4_p00_s01,811135a6c9d1fcf3d760e3433c8bcbadd017be8bfd6c80a00e5a1588b2e1004a,3.31640625
f60_a4_p00_s01_w1.00,f60_a4_p00_s01,811135a6c9d1fcf3d760e3433c8bcbadd017be8bfd6c80a00e5a1588b2e1004a,3.31640625
f60_a4_p00_s02_w0.00,f60_a4_p00_s02,a121e0b8b7ce9857ee5ec47d7754e023cfe4d4bc6096b8ca46faff757f778ca1,1.109375
f60_a4_p00_s02_w0.25,f60_a4_p00_s02,a121e0b8b7ce9857ee5ec47d7754e023cfe4d4bc6096b8ca46faff757f778ca1,1.109375
f60_a4_p00_s02_w0.50,f60_a4_p00_s02,a121e0b8b7ce9857ee5ec47d7754e023cfe4d4bc6096b8ca46faff757f778ca1,1.109375
f60_a4_p00_s02_w0.75,f60_a4_p00_s02,a121e0b8b7ce9857ee5ec47d7754e023cfe4d4bc6096b8ca46faff757f778ca1,1.109375
f60_a4_p00_s02_w1.00,f60_a4_p00_s02,a121e0b8b7ce9857ee5ec47d7754e023cfe4d4bc6096b8ca46faff757f778ca1,1.109375
f60_a4_p00_s03_w0.00,f60_a4_p00_s03,cefd8fb88218bf50bfaa6e3a904faec24c03835cb18ce228e46ea3856b75eb2e,0.90283203125
f60_a4_p00_s03_w0.25,f60_a4_p00_s03,cefd8fb88218bf50bfaa6e3a904faec24c03835cb18ce228e46ea3856b75eb2e,0.90283203125
f60_a4_p00_s03_w0.50,f60_a4_p00_s03,cefd8fb88218bf50bfaa6e3a904faec24c03835cb18ce228e46ea3856b75eb2e,0.90283203125
f60_a4_p00_s03_w0.75,f60_a4_p00_s03,cefd8fb88218bf50bfaa6e3a904faec24c03835cb18ce228e46ea3856b75eb2e,0.90283203125
f60_a4_p00_s03_w1.00,f60_a4_p00_s03,cefd8fb88218bf50bfaa6e3a904faec24c03835cb18ce228e46ea3856b75eb2e,0.90283203125
f60_a4_p00_s04_w0.00,f60_a4_p00_s04,64e55c4bf1dd0ffbea65a712862f1bc19666d17af208750c1d35addb8241fade,0.1710205078125
f60_a4_p00_s04_w0.25,f60_a4_p00_s04,64e55c4bf1dd0ffbea65a712862f1bc19666d17af208750c1d35addb8241fade,0.1710205078125
f60_a4_p00_s04_w0.50,f60_a4_p00_s04,64e55c4bf1dd0ffbea65a712862f1bc19666d17af208750c1d35addb8241fade,0.1710205078125
f60_a4_p00_s04_w0.75,f60_a4_p00_s04,64e55c4bf1dd0ffbea65a712862f1bc19666d17af208750c1d35addb8241fade,0.1710205078125
f60_a4_p00_s04_w1.00,f60_a4_p00_s04,64e55c4bf1dd0ffbea65a712862f1bc19666d17af208750c1d35addb8241fade,0.1710205078125
f60_a0_p01_s00_w0.00,f60_a0_p01_s00,b5c6be0ed20ed256c1d76e268f29167096cff1684c39d2914497e77957002d8d,-5.32421875
f60_a0_p01_s00_w0.25,f60_a0_p01_s00,7c7d20bfd4460af30d1ed3923d123c4d09e6aee8d6e86ecd0297ab444cbaaa84,2.85546875
f60_a0_p01_s00_w0.50,f60_a0_p01_s00,7c7d20bfd4460af30d1ed3923d123c4d09e6aee8d6e86ecd0297ab444cbaaa84,2.85546875
f60_a0_p01_s00_w0.75,f60_a0_p01_s00,7c7d20bfd4460af30d1ed3923d123c4d09e6aee8d6e86ecd0297ab444cbaaa84,2.85546875
f60_a0_p01_s00_w1.00,f60_a0_p01_s00,7c7d20bfd4460af30d1ed3923d123c4d09e6aee8d6e86ecd0297ab444cbaaa84,2.85546875
f60_a0_p01_s01_w0.00,f60_a0_p01_s01,2f7ff26337a77ff26764cbb5c175411f44eafc199d3ede22409a14b43badfc55,3.865234375
f60_a0_p01_s01_w0.25,f60_a0_p01_s01,2f7ff26337a77ff26764cbb5c175411f44eafc199d3ede22409a14b43badfc55,3.865234375
f60_a0_p01_s01_w0.50,f60_a0_p01_s01,2f7ff26337a77ff26764cbb5c175411f44eafc199d3ede22409a14b43badfc55,3.865234375
f60_a0_p01_s01_w0.75,f60_a0_p01_s01,2f7ff26337a77ff26764cbb5c175411f44eafc199d3ede22409a14b43badfc55,3.865234375
f60_a0_p01_s01_w1.00,f60_a0_p01_s01,2f7ff26337a77ff26764cbb5c175411f44eafc199d3ede22409a14b43badfc55,3.865234375
f60_a0_p01_s02_w0.00,f60_a0_p01_s02,5d6a05c67b7bfa0f6860dcdfe095fac0dd191d0f755d1c384fb20faf07010715,1.828125
f60_a0_p01_s02_w0.25,f60_a0_p01_s02,5d6a05c67b7bfa0f6860dcdfe095fac0dd191d0f755d1c384fb20faf07010715,1.828125
f60_a0_p01_s02_w0.50,f60_a0_p01_s02,5d6a05c67b7bfa0f6860dcdfe095fac0dd191d0f755d1c384fb20faf07010715,1.828125
f60_a0_p01_s02_w0.75,f60_a0_p01_s02,5d6a05c67b7bfa0f6860dcdfe095fac0dd191d0f755d1c384fb20faf07010715,1.828125
f60_a0_p01_s02_w1.00,f60_a0_p01_s02,5d6a05c67b7bfa0f6860dcdfe095fac0dd191d0f755d1c384fb20faf07010715,1.828125
f60_a0_p01_s03_w0.00,f60_a0_p01_s03,704d2c5cf8a70d721d2c702dad645a2659fc99d275df114939afaced0b400551,1.7822265625
f60_a0_p01_s03_w0.25,f60_a0_p01_s03,704d2c5cf8a70d721d2c702dad645a2659fc99d275df114939afaced0b400551,1.7822265625
f60_a0_p01_s03_w0.50,f60_a0_p01_s03,704d2c5cf8a70d721d2c702dad645a2659fc99d275df114939afaced0b400551,1.7822265625
f60_a0_p01_s03_w0.75,f60_a0_p01_s03,704d2c5cf8a70d721d2c702dad645a2659fc99d275df114939afaced0b400551,1.7822265625
f60_a0_p01_s03_w1.00,f60_a0_p01_s03,704d2c5cf8a70d721d2c702dad645a2659fc99d275df114939afaced0b400551,1.7822265625
f60_a0_p01_s04_w0.00,f60_a0_p01_s04,97fca1eeef34d1ad73fb7e8e35cb35d9c1d891f21dd8533b439678af89b8de0c,-2.083984375
f60_a0_p01_s04_w0.25,f60_a0_p01_s04,97fca1eeef34d1ad73fb7e8e35cb35d9c1d891f21dd8533b439678af89b8de0c,-2.083984375
f60_a0_p01_s04_w0.50,f60_a0_p01_s04,97fca1eeef34d1ad73fb7e8e35cb35d9c1d891f21dd8533b439678af89b8de0c,-2.083984375
f60_a0_p01_s04_w0.75,f60_a0_p01_s04,97fca1eeef34d1ad73fb7e8e35cb35d9c1d891f21dd8533b439678af89b8de0c,-2.083984375
f60_a0_p01_s04_w1.00,f60_a0_p01_s04,97fca1eeef34d1ad73fb7e8e35cb35d9c1d891f21dd8533b439678af89b8de0c,-2.083984375
f60_a1_p01_s00_w0.00,f60_a1_p01_s00,c300e7bfa1380fb89b403718312734e434c18aae717af7841c44870746afc837,-5.01953125
f60_a1_p01_s00_w0.25,f60_a1_p01_s00,7c7d20bfd4460af30d1ed3923d123c4d09e6aee8d6e86ecd0297ab444cbaaa84,2.85546875
f60_a1_p01_s00_w0.50,f60_a1_p01_s00,7c7d20bfd4460af30d1ed3923d123c4d09e6aee8d6e86ecd0297ab444cbaaa84,2.85546875
f60_a1_p01_s00_w0.75,f60_a1_p01_s00,7c7d20bfd4460af30d1ed3923d123c4d09e6aee8d6e86ecd0297ab444cbaaa84,2.85546875
f60_a1_p01_s00_w1.00,f60_a1_p01_s00,7c7d20bfd4460af30d1ed3923d123c4d09e6aee8d6e86ecd0297ab444cbaaa84,2.85546875
f60_a1_p01_s01_w0.00,f60_a1_p01_s01,2f7ff26337a77ff26764cbb5c175411f44eafc199d3ede22409a14b43badfc55,3.865234375
f60_a1_p01_s01_w0.25,f60_a1_p01_s01,2f7ff26337a77ff26764cbb5c175411f44eafc199d3ede22409a14b43badfc55,3.865234375
f60_a1_p01_s01_w0.50,f60_a1_p01_s01,2f7ff26337a77ff26764cbb5c175411f44eafc199d3ede22409a14b43badfc55,3.865234375
f60_a1_p01_s01_w0.75,f60_a1_p01_s01,2f7ff26337a77ff26764cbb5c175411f44eafc199d3ede22409a14b43badfc55,3.865234375
f60_a1_p01_s01_w1.00,f60_a1_p01_s01,2f7ff26337a77ff26764cbb5c175411f44eafc199d3ede22409a14b43badfc55,3.865234375
f60_a1_p01_s02_w0.00,f60_a1_p01_s02,5d6a05c67b7bfa0f6860dcdfe095fac0dd191d0f755d1c384fb20faf07010715,1.828125
f60_a1_p01_s02_w0.25,f60_a1_p01_s02,5d6a05c67b7bfa0f6860dcdfe095fac0dd191d0f755d1c384fb20faf07010715,1.828125
f60_a1_p01_s02_w0.50,f60_a1_p01_s02,5d6a05c67b7bfa0f6860dcdfe095fac0dd191d0f755d1c384fb20faf07010715,1.828125
f60_a1_p01_s02_w0.75,f60_a1_p01_s02,5d6a05c67b7bfa0f6860dcdfe095fac0dd191d0f755d1c384fb20faf07010715,1.828125
f60_a1_p01_s02_w1.00,f60_a1_p01_s02,5d6a05c67b7bfa0f6860dcdfe095fac0dd191d0f755d1c384fb20faf07010715,1.828125
f60_a1_p01_s03_w0.00,f60_a1_p01_s03,704d2c5cf8a70d721d2c702dad645a2659fc99d275df114939afaced0b400551,1.7822265625
f60_a1_p01_s03_w0.25,f60_a1_p01_s03,704d2c5cf8a70d721d2c702dad645a2659fc99d275df114939afaced0b400551,1.7822265625
f60_a1_p01_s03_w0.50,f60_a1_p01_s03,704d2c5cf8a70d721d2c702dad645a2659fc99d275df114939afaced0b400551,1.7822265625
f60_a1_p01_s03_w0.75,f60_a1_p01_s03,704d2c5cf8a70d721d2c702dad645a2659fc99d275df114939afaced0b400551,1.7822265625
f60_a1_p01_s03_w1.00,f60_a1_p01_s03,704d2c5cf8a70d721d2c702dad645a2659fc99d275df114939afaced0b400551,1.7822265625
f60_a1_p01_s04_w0.00,f60_a1_p01_s04,97fca1eeef34d1ad73fb7e8e35cb35d9c1d891f21dd8533b439678af89b8de0c,-2.083984375
f60_a1_p01_s04_w0.25,f60_a1_p01_s04,97fca1eeef34d1ad73fb7e8e35cb35d9c1d891f21dd8533b439678af89b8de0c,-2.083984375
f60_a1_p01_s04_w0.50,f60_a1_p01_s04,97fca1eeef34d1ad73fb7e8e35cb35d9c1d891f21dd8533b439678af89b8de0c,-2.083984375
f60_a1_p01_s04_w0.75,f60_a1_p01_s04,97fca1eeef34d1ad73fb7e8e35cb35d9c1d891f21dd8533b439678af89b8de0c,-2.083984375
f60_a1_p01_s04_w1.00,f60_a1_p01_s04,97fca1eeef34d1ad73fb7e8e35cb35d9c1d891f21dd8533b439678af89b8de0c,-2.083984375
f60_a2_p01_s00_w0.00,f60_a2_p01_s00,23e661b7fa24933a52be146e0e2bd06aff574c9c04541c9606bd5545cd417cf5,1.2265625
f60_a2_p01_s00_w0.25,f60_a2_p01_s00,7c7d20bfd4460af30d1ed3923d123c4d09e6aee8d6e86ecd0297ab444cbaaa84,2.85546875
f60_a2_p01_s00_w0.50,f60_a2_p01_s00,7c7d20bfd4460af30d1ed3923d123c4d09e6aee8d6e86ecd0297ab444cbaaa84,2.85546875
f60_a2_p01_s00_w0.75,f60_a2_p01_s00,7c7d20bfd4460af30d1ed3923d123c4d09e6aee8d6e86ecd0297ab444cbaaa84,2.85546875
f60_a2_p01_s00_w1.00,f60_a2_p01_s00,7c7d20bfd4460af30d1ed3923d123c4d09e6aee8d6e86ecd0297ab444cbaaa84,2.85546875
f60_a2_p01_s01_w0.00,f60_a2_p01_s01,2f7ff26337a77ff26764cbb5c175411f44eafc199d3ede22409a14b43badfc55,3.865234375
f60_a2_p01_s01_w0.25,f60_a2_p01_s01,2f7ff26337a77ff26764cbb5c175411f44eafc199d3ede22409a14b43badfc55,3.865234375
f60_a2_p01_s01_w0.50,f60_a2_p01_s01,2f7ff26337a77ff26764cbb5c175411f44eafc199d3ede22409a14b43badfc55,3.865234375
f60_a2_p01_s01_w0.75,f60_a2_p01_s01,2f7ff26337a77ff26764cbb5c175411f44eafc199d3ede22409a14b43badfc55,3.865234375
f60_a2_p01_s01_w1.00,f60_a2_p01_s01,2f7ff26337a77ff26764cbb5c175411f44eafc199d3ede22409a14b43badfc55,3.865234375
f60_a2_p01_s02_w0.00,f60_a2_p01_s02,5d6a05c67b7bfa0f6860dcdfe095fac0dd191d0f755d1c384fb20faf07010715,1.828125
f60_a2_p01_s02_w0.25,f60_a2_p01_s02,5d6a05c67b7bfa0f6860dcdfe095fac0dd191d0f755d1c384fb20faf07010715,1.828125
f60_a2_p01_s02_w0.50,f60_a2_p01_s02,5d6a05c67b7bfa0f6860dcdfe095fac0dd191d0f755d1c384fb20faf07010715,1.828125
f60_a2_p01_s02_w0.75,f60_a2_p01_s02,5d6a05c67b7bfa0f6860dcdfe095fac0dd191d0f755d1c384fb20faf07010715,1.828125
f60_a2_p01_s02_w1.00,f60_a2_p01_s02,5d6a05c67b7bfa0f6860dcdfe095fac0dd191d0f755d1c384fb20faf07010715,1.828125
f60_a2_p01_s03_w0.00,f60_a2_p01_s03,704d2c5cf8a70d721d2c702dad645a2659fc99d275df114939afaced0b400551,1.7822265625
f60_a2_p01_s03_w0.25,f60_a2_p01_s03,704d2c5cf8a70d721d2c702dad645a2659fc99d275df114939afaced0b400551,1.7822265625
f60_a2_p01_s03_w0.50,f60_a2_p01_s03,704d2c5cf8a70d721d2c702dad645a2659fc99d275df114939afaced0b400551,1.7822265625
f60_a2_p01_s03_w0.75,f60_a2_p01_s03,704d2c5cf8a70d721d2c702dad645a2659fc99d275df114939afaced0b400551,1.7822265625
f60_a2_p01_s03_w1.00,f60_a2_p01_s03,704d2c5cf8a70d721d2c702dad645a2659fc99d275df114939afaced0b400551,1.7822265625
f60_a2_p01_s04_w0.00,f60_a2_p01_s04,97fca1eeef34d1ad73fb7e8e35cb35d9c1d891f21dd8533b439678af89b8de0c,-2.083984375
f60_a2_p01_s04_w0.25,f60_a2_p01_s04,97fca1eeef34d1ad73fb7e8e35cb35d9c1d891f21dd8533b439678af89b8de0c,-2.083984375
f60_a2_p01_s04_w0.50,f60_a2_p01_s04,97fca1eeef34d1ad73fb7e8e35cb35d9c1d891f21dd8533b439678af89b8de0c,-2.083984375
f60_a2_p01_s04_w0.75,f60_a2_p01_s04,97fca1eeef34d1ad73fb7e8e35cb35d9c1d891f21dd8533b439678af89b8de0c,-2.083984375
f60_a2_p01_s04_w1.00,f60_a2_p01_s04,97fca1eeef34d1ad73fb7e8e35cb35d9c1d891f21dd8533b439678af89b8de0c,-2.083984375
f60_a3_p01_s00_w0.00,f60_a3_p01_s00,73398eb8536e2064971ef16205975296493e6987487a1fcdee9f0fe2d494c282,1.1572265625
f60_a3_p01_s00_w0.25,f60_a3_p01_s00,db65c7889153f4c5a60805d3b691d1f31680c0ae67d08abaaf20331a467cba6d,-14.0859375
f60_a3_p01_s00_w0.50,f60_a3_p01_s00,db65c7889153f4c5a60805d3b691d1f31680c0ae67d08abaaf20331a467cba6d,-14.0859375
f60_a3_p01_s00_w0.75,f60_a3_p01_s00,db65c7889153f4c5a60805d3b691d1f31680c0ae67d08abaaf20331a467cba6d,-14.0859375
f60_a3_p01_s00_w1.00,f60_a3_p01_s00,db65c7889153f4c5a60805d3b691d1f31680c0ae67d08abaaf20331a467cba6d,-14.0859375
f60_a3_p01_s01_w0.00,f60_a3_p01_s01,efbc630dd903539f407bd1c1f9e713416379e01cdf61df07be9374ea1567d54f,-1.404296875
f60_a3_p01_s01_w0.25,f60_a3_p01_s01,efbc630dd903539f407bd1c1f9e713416379e01cdf61df07be9374ea1567d54f,-1.404296875
f60_a3_p01_s01_w0.50,f60_a3_p01_s01,efbc630dd903539f407bd1c1f9e713416379e01cdf61df07be9374ea1567d54f,-1.404296875
f60_a3_p01_s01_w0.75,f60_a3_p01_s01,d387444e6c215a5fa9a08639ae8529f9b0bbb4ec24a2abc6bb8caac37166fde3,2.626953125
f60_a3_p01_s01_w1.00,f60_a3_p01_s01,d387444e6c215a5fa9a08639ae8529f9b0bbb4ec24a2abc6bb8caac37166fde3,2.626953125
f60_a3_p01_s02_w0.00,f60_a3_p01_s02,f49093b48eaf9a06235ffd9cc24df4d9a70bc4b2ce8734df306f123c488ee050,4.5390625
f60_a3_p01_s02_w0.25,f60_a3_p01_s02,b32f061ed693393427d9fd04dc4411746d80987f8c1b4186da1bf72f359843ed,5.4765625
f60_a3_p01_s02_w0.50,f60_a3_p01_s02,b32f061ed693393427d9fd04dc4411746d80987f8c1b4186da1bf72f359843ed,5.4765625
f60_a3_p01_s02_w0.75,f60_a3_p01_s02,b32f061ed693393427d9fd04dc4411746d80987f8c1b4186da1bf72f359843ed,5.4765625
f60_a3_p01_s02_w1.00,f60_a3_p01_s02,b32f061ed693393427d9fd04dc4411746d80987f8c1b4186da1bf72f359843ed,5.4765625
f60_a3_p01_s03_w0.00,f60_a3_p01_s03,3cc30317a7e75dcce1eb79857029f355f673f0d856e0f85656f6838dc1e93f92,2.048828125
f60_a3_p01_s03_w0.25,f60_a3_p01_s03,3cc30317a7e75dcce1eb79857029f355f673f0d856e0f85656f6838dc1e93f92,2.048828125
f60_a3_p01_s03_w0.50,f60_a3_p01_s03,3cc30317a7e75dcce1eb79857029f355f673f0d856e0f85656f6838dc1e93f92,2.048828125
f60_a3_p01_s03_w0.75,f60_a3_p01_s03,3cc30317a7e75dcce1eb79857029f355f673f0d856e0f85656f6838dc1e93f92,2.048828125
f60_a3_p01_s03_w1.00,f60_a3_p01_s03,3cc30317a7e75dcce1eb79857029f355f673f0d856e0f85656f6838dc1e93f92,2.048828125
f60_a3_p01_s04_w0.00,f60_a3_p01_s04,40e8757cc60a41725b0c7f2be98eb5c2582b0a2fdf34b2b7da315b65ed474466,3.78515625
f60_a3_p01_s04_w0.25,f60_a3_p01_s04,40e8757cc60a41725b0c7f2be98eb5c2582b0a2fdf34b2b7da315b65ed474466,3.78515625
f60_a3_p01_s04_w0.50,f60_a3_p01_s04,40e8757cc60a41725b0c7f2be98eb5c2582b0a2fdf34b2b7da315b65ed474466,3.78515625
f60_a3_p01_s04_w0.75,f60_a3_p01_s04,40e8757cc60a41725b0c7f2be98eb5c2582b0a2fdf34b2b7da315b65ed474466,3.78515625
f60_a3_p01_s04_w1.00,f60_a3_p01_s04,40e8757cc60a41725b0c7f2be98eb5c2582b0a2fdf34b2b7da315b65ed474466,3.78515625
f60_a4_p01_s00_w0.00,f60_a4_p01_s00,237de07a698475b9c5195003d9f4a9c23fdebc571232f064459be98e1f078925,-0.03369140625
f60_a4_p01_s00_w0.25,f60_a4_p01_s00,db65c7889153f4c5a60805d3b691d1f31680c0ae67d08abaaf20331a467cba6d,-14.0859375
f60_a4_p01_s00_w0.50,f60_a4_p01_s00,db65c7889153f4c5a60805d3b691d1f31680c0ae67d08abaaf20331a467cba6d,-14.0859375
f60_a4_p01_s00_w0.75,f60_a4_p01_s00,db65c7889153f4c5a60805d3b691d1f31680c0ae67d08abaaf20331a467cba6d,-14.0859375
f60_a4_p01_s00_w1.00,f60_a4_p01_s00,db65c7889153f4c5a60805d3b691d1f31680c0ae67d08abaaf20331a467cba6d,-14.0859375
f60_a4_p01_s01_w0.00,f60_a4_p01_s01,efbc630dd903539f407bd1c1f9e713416379e01cdf61df07be9374ea1567d54f,-1.404296875
f60_a4_p01_s01_w0.25,f60_a4_p01_s01,efbc630dd903539f407bd1c1f9e713416379e01cdf61df07be9374ea1567d54f,-1.404296875
f60_a4_p01_s01_w0.50,f60_a4_p01_s01,8e385e6e20db048f849fbd3d3f6c236e2bf41df455654feb42ffb611a4cbf9ab,0.1934814453125
f60_a4_p01_s01_w0.75,f60_a4_p01_s01,8e385e6e20db048f849fbd3d3f6c236e2bf41df455654feb42ffb611a4cbf9ab,0.1934814453125
f60_a4_p01_s01_w1.00,f60_a4_p01_s01,8e385e6e20db048f849fbd3d3f6c236e2bf41df455654feb42ffb611a4cbf9ab,0.1934814453125
f60_a4_p01_s02_w0.00,f60_a4_p01_s02,136677356856e3572c7e32807b56be4f94ec14b8deddc9ad8378fde2d1150550,3.341796875
f60_a4_p01_s02_w0.25,f60_a4_p01_s02,e7daaaff2d425265e512271f1ed27ffdd97491fa4605fcbaf39be8895e9dcf34,3.025390625
f60_a4_p01_s02_w0.50,f60_a4_p01_s02,e7daaaff2d425265e512271f1ed27ffdd97491fa4605fcbaf39be8895e9dcf34,3.025390625
f60_a4_p01_s02_w0.75,f60_a4_p01_s02,e7daaaff2d425265e512271f1ed27ffdd97491fa4605fcbaf39be8895e9dcf34,3.025390625
f60_a4_p01_s02_w1.00,f60_a4_p01_s02,e7daaaff2d425265e512271f1ed27ffdd97491fa4605fcbaf39be8895e9dcf34,3.025390625
f60_a4_p01_s03_w0.00,f60_a4_p01_s03,33332d4ca4178b29c2c27e0a37a36d381581e2e2f523432c3cc4b05d0b56b6be,3.88671875
f60_a4_p01_s03_w0.25,f60_a4_p01_s03,33332d4ca4178b29c2c27e0a37a36d381581e2e2f523432c3cc4b05d0b56b6be,3.88671875
f60_a4_p01_s03_w0.50,f60_a4_p01_s03,33332d4ca4178b29c2c27e0a37a36d381581e2e2f523432c3cc4b05d0b56b6be,3.88671875
f60_a4_p01_s03_w0.75,f60_a4_p01_s03,33332d4ca4178b29c2c27e0a37a36d381581e2e2f523432c3cc4b05d0b56b6be,3.88671875
f60_a4_p01_s03_w1.00,f60_a4_p01_s03,33332d4ca4178b29c2c27e0a37a36d381581e2e2f523432c3cc4b05d0b56b6be,3.88671875
f60_a4_p01_s04_w0.00,f60_a4_p01_s04,2ca86b9d465329996dae914e4c872e550999898a1c46248de502bfa84d995ea6,3.431640625
f60_a4_p01_s04_w0.25,f60_a4_p01_s04,2ca86b9d465329996dae914e4c872e550999898a1c46248de502bfa84d995ea6,3.431640625
f60_a4_p01_s04_w0.50,f60_a4_p01_s04,2ca86b9d465329996dae914e4c872e550999898a1c46248de502bfa84d995ea6,3.431640625
f60_a4_p01_s04_w0.75,f60_a4_p01_s04,2ca86b9d465329996dae914e4c872e550999898a1c46248de502bfa84d995ea6,3.431640625
f60_a4_p01_s04_w1.00,f60_a4_p01_s04,2ca86b9d465329996dae914e4c872e550999898a1c46248de502bfa84d995ea6,3.431640625
f60_a0_p02_s00_w0.00,f60_a0_p02_s00,aa715085c7457583689663efac2546f3a00a42bae082a9f3876a273544742f98,1.8203125
f60_a0_p02_s00_w0.25,f60_a0_p02_s00,aa715085c7457583689663efac2546f3a00a42bae082a9f3876a273544742f98,1.8203125
f60_a0_p02_s00_w0.50,f60_a0_p02_s00,9efb742039841eae4ab16aec6bf95d0b74d659a16925e34f7aae7f2ec183bede,3.408203125
f60_a0_p02_s00_w0.75,f60_a0_p02_s00,9efb742039841eae4ab16aec6bf95d0b74d659a16925e34f7aae7f2ec183bede,3.408203125
f60_a0_p02_s00_w1.00,f60_a0_p02_s00,9efb742039841eae4ab16aec6bf95d0b74d659a16925e34f7aae7f2ec183bede,3.408203125
f60_a0_p02_s01_w0.00,f60_a0_p02_s01,899cb16c7e40b639e2d2f768a3e83e1e3f0c1c60e6ac3a6e436b2e6f709c85cb,2.587890625
f60_a0_p02_s01_w0.25,f60_a0_p02_s01,899cb16c7e40b639e2d2f768a3e83e1e3f0c1c60e6ac3a6e436b2e6f709c85cb,2.587890625
f60_a0_p02_s01_w0.50,f60_a0_p02_s01,899cb16c7e40b639e2d2f768a3e83e1e3f0c1c60e6ac3a6e436b2e6f709c85cb,2.587890625
f60_a0_p02_s01_w0.75,f60_a0_p02_s01,899cb16c7e40b639e2d2f768a3e83e1e3f0c1c60e6ac3a6e436b2e6f709c85cb,2.587890625
f60_a0_p02_s01_w1.00,f60_a0_p02_s01,899cb16c7e40b639e2d2f768a3e83e1e3f0c1c60e6ac3a6e436b2e6f709c85cb,2.587890625
f60_a0_p02_s02_w0.00,f60_a0_p02_s02,c9aab59c8cc9463a73fe60f871526aff982d733b490347ea347a492f4e274340,1.1259765625
f60_a0_p02_s02_w0.25,f60_a0_p02_s02,c9aab59c8cc9463a73fe60f871526aff982d733b490347ea347a492f4e274340,1.1259765625
f60_a0_p02_s02_w0.50,f60_a0_p02_s02,c9aab59c8cc9463a73fe60f871526aff982d733b490347ea347a492f4e274340,1.1259765625
f60_a0_p02_s02_w0.75,f60_a0_p02_s02,c9aab59c8cc9463a73fe60f871526aff982d733b490347ea347a492f4e274340,1.1259765625
f60_a0_p02_s02_w1.00,f60_a0_p02_s02,c9aab59c8cc9463a73fe60f871526aff982d733b490347ea347a492f4e274340,1.1259765625
f60_a0_p02_s03_w0.00,f60_a0_p02_s03,6317444e2ff1b3b86e083898be738c6d7ca94756e88d622b15494a50f23d40f5,0.94091796875
f60_a0_p02_s03_w0.25,f60_a0_p02_s03,6317444e2ff1b3b86e083898be738c6d7ca94756e88d622b15494a50f23d40f5,0.94091796875
f60_a0_p02_s03_w0.50,f60_a0_p02_s03,6317444e2ff1b3b86e083898be738c6d7ca94756e88d622b15494a50f23d40f5,0.94091796875
f60_a0_p02_s03_w0.75,f60_a0_p02_s03,6317444e2ff1b3b86e083898be738c6d7ca94756e88d622b15494a50f23d40f5,0.94091796875
f60_a0_p02_s03_w1.00,f60_a0_p02_s03,6317444e2ff1b3b86e083898be738c6d7ca94756e88d622b15494a50f23d40f5,0.94091796875
f60_a0_p02_s04_w0.00,f60_a0_p02_s04,7743396bc89859fd2906d85ce0d59def77e4c38523bf4e26c4335416ab1ec98a,1.810546875
f60_a0_p02_s04_w0.25,f60_a0_p02_s04,7743396bc89859fd2906d85ce0d59def77e4c38523bf4e26c4335416ab1ec98a,1.810546875
f60_a0_p02_s04_w0.50,f60_a0_p02_s04,7743396bc89859fd2906d85ce0d59def77e4c38523bf4e26c4335416ab1ec98a,1.810546875
f60_a0_p02_s04_w0.75,f60_a0_p02_s04,7743396bc89859fd2906d85ce0d59def77e4c38523bf4e26c4335416ab1ec98a,1.810546875
f60_a0_p02_s04_w1.00,f60_a0_p02_s04,7743396bc89859fd2906d85ce0d59def77e4c38523bf4e26c4335416ab1ec98a,1.810546875
f60_a1_p02_s00_w0.00,f60_a1_p02_s00,aa715085c7457583689663efac2546f3a00a42bae082a9f3876a273544742f98,1.8203125
f60_a1_p02_s00_w0.25,f60_a1_p02_s00,aa715085c7457583689663efac2546f3a00a42bae082a9f3876a273544742f98,1.8203125
f60_a1_p02_s00_w0.50,f60_a1_p02_s00,8a0a9574609ed05afd4d325984c9b0d1e6250b60002f9e6715795ebe28993420,3.23828125
f60_a1_p02_s00_w0.75,f60_a1_p02_s00,8a0a9574609ed05afd4d325984c9b0d1e6250b60002f9e6715795ebe28993420,3.23828125
f60_a1_p02_s00_w1.00,f60_a1_p02_s00,8a0a9574609ed05afd4d325984c9b0d1e6250b60002f9e6715795ebe28993420,3.23828125
f60_a1_p02_s01_w0.00,f60_a1_p02_s01,b9d5381350c8c9660f0efd2f5f714a27b543404b24f844a66e836469338ec23b,4.296875
f60_a1_p02_s01_w0.25,f60_a1_p02_s01,b9d5381350c8c9660f0efd2f5f714a27b543404b24f844a66e836469338ec23b,4.296875
f60_a1_p02_s01_w0.50,f60_a1_p02_s01,b9d5381350c8c9660f0efd2f5f714a27b543404b24f844a66e836469338ec23b,4.296875
f60_a1_p02_s01_w0.75,f60_a1_p02_s01,b9d5381350c8c9660f0efd2f5f714a27b543404b24f844a66e836469338ec23b,4.296875
f60_a1_p02_s01_w1.00,f60_a1_p02_s01,b9d5381350c8c9660f0efd2f5f714a27b543404b24f844a66e836469338ec23b,4.296875
f60_a1_p02_s02_w0.00,f60_a1_p02_s02,793aa64a4558781e2484c5dda176f6e884f7cc13da82b667ff9284f1bb8ffbdf,2.90625
f60_a1_p02_s02_w0.25,f60_a1_p02_s02,793aa64a4558781e2484c5dda176f6e884f7cc13da82b667ff9284f1bb8ffbdf,2.90625
f60_a1_p02_s02_w0.50,f60_a1_p02_s02,793aa64a4558781e2484c5dda176f6e884f7cc13da82b667ff9284f1bb8ffbdf,2.90625
f60_a1_p02_s02_w0.75,f60_a1_p02_s02,793aa64a4558781e2484c5dda176f6e884f7cc13da82b667ff9284f1bb8ffbdf,2.90625
f60_a1_p02_s02_w1.00,f60_a1_p02_s02,793aa64a4558781e2484c5dda176f6e884f7cc13da82b667ff9284f1bb8ffbdf,2.90625
f60_a1_p02_s03_w0.00,f60_a1_p02_s03,7c3e2d1248631bfaaf591ebceb50673a5719edb245eaeb49ce54828fe1dfe175,0.90576171875
f60_a1_p02_s03_w0.25,f60_a1_p02_s03,7c3e2d1248631bfaaf591ebceb50673a5719edb245eaeb49ce54828fe1dfe175,0.90576171875
f60_a1_p02_s03_w0.50,f60_a1_p02_s03,7c3e2d1248631bfaaf591ebceb50673a5719edb245eaeb49ce54828fe1dfe175,0.90576171875
f60_a1_p02_s03_w0.75,f60_a1_p02_s03,7c3e2d1248631bfaaf591ebceb50673a5719edb245eaeb49ce54828fe1dfe175,0.90576171875
f60_a1_p02_s03_w1.00,f60_a1_p02_s03,7c3e2d1248631bfaaf591ebceb50673a5719edb245eaeb49ce54828fe1dfe175,0.90576171875
f60_a1_p02_s04_w0.00,f60_a1_p02_s04,2fafadb4886a39e1edb16fab5b6440c13546b28e261e62b0525bd8ea43ec3500,2.447265625
f60_a1_p02_s04_w0.25,f60_a1_p02_s04,2fafadb4886a39e1edb16fab5b6440c13546b28e261e62b0525bd8ea43ec3500,2.447265625
f60_a1_p02_s04_w0.50,f60_a1_p02_s04,2fafadb4886a39e1edb16fab5b6440c13546b28e261e62b0525bd8ea43ec3500,2.447265625
f60_a1_p02_s04_w0.75,f60_a1_p02_s04,2fafadb4886a39e1edb16fab5b6440c13546b28e261e62b0525bd8ea43ec3500,2.447265625
f60_a1_p02_s04_w1.00,f60_a1_p02_s04,2fafadb4886a39e1edb16fab5b6440c13546b28e261e62b0525bd8ea43ec3500,2.447265625
f60_a2_p02_s00_w0.00,f60_a2_p02_s00,85e8ea42fe6ccee6a8d76eb92630a97846a4f17efa0c01f248a08c4cd8987520,2.267578125
f60_a2_p02_s00_w0.25,f60_a2_p02_s00,d36ff1dcf3332d77b708411e5d41f3145096a8f76a6d3bc6f4c88efd2ac7f833,3.6484375
f60_a2_p02_s00_w0.50,f60_a2_p02_s00,d36ff1dcf3332d77b708411e5d41f3145096a8f76a6d3bc6f4c88efd2ac7f833,3.6484375
f60_a2_p02_s00_w0.75,f60_a2_p02_s00,d36ff1dcf3332d77b708411e5d41f3145096a8f76a6d3bc6f4c88efd2ac7f833,3.6484375
f60_a2_p02_s00_w1.00,f60_a2_p02_s00,d36ff1dcf3332d77b708411e5d41f3145096a8f76a6d3bc6f4c88efd2ac7f833,3.6484375
f60_a2_p02_s01_w0.00,f60_a2_p02_s01,102bddfe24f4361eb44abe08b99b8e473454717c232326d08173457ab4152dae,-0.055755615234375
f60_a2_p02_s01_w0.25,f60_a2_p02_s01,102bddfe24f4361eb44abe08b99b8e473454717c232326d08173457ab4152dae,-0.055755615234375
f60_a2_p02_s01_w0.50,f60_a2_p02_s01,102bddfe24f4361eb44abe08b99b8e473454717c232326d08173457ab4152dae,-0.055755615234375
f60_a2_p02_s01_w0.75,f60_a2_p02_s01,102bddfe24f4361eb44abe08b99b8e473454717c232326d08173457ab4152dae,-0.055755615234375
f60_a2_p02_s01_w1.00,f60_a2_p02_s01,102bddfe24f4361eb44abe08b99b8e473454717c232326d08173457ab4152dae,-0.055755615234375
f60_a2_p02_s02_w0.00,f60_a2_p02_s02,6c399d2e5d84bbca7245363a59a4f16cd86cec10e185f0be9ba77f953dbad7fd,-3.037109375
f60_a2_p02_s02_w0.25,f60_a2_p02_s02,6c399d2e5d84bbca7245363a59a4f16cd86cec10e185f0be9ba77f953dbad7fd,-3.037109375
f60_a2_p02_s02_w0.50,f60_a2_p02_s02,6c399d2e5d84bbca7245363a59a4f16cd86cec10e185f0be9ba77f953dbad7fd,-3.037109375
f60_a2_p02_s02_w0.75,f60_a2_p02_s02,6c399d2e5d84bbca7245363a59a4f16cd86cec10e185f0be9ba77f953dbad7fd,-3.037109375
f60_a2_p02_s02_w1.00,f60_a2_p02_s02,6c399d2e5d84bbca7245363a59a4f16cd86cec10e185f0be9ba77f953dbad7fd,-3.037109375
f60_a2_p02_s03_w0.00,f60_a2_p02_s03,0d0db4d2348f0735e62d7bea11b833a3a01f0f1a203f76d9e14031871983a7f7,5.30078125
f60_a2_p02_s03_w0.25,f60_a2_p02_s03,0d0db4d2348f0735e62d7bea11b833a3a01f0f1a203f76d9e14031871983a7f7,5.30078125
f60_a2_p02_s03_w0.50,f60_a2_p02_s03,0d0db4d2348f0735e62d7bea11b833a3a01f0f1a203f76d9e14031871983a7f7,5.30078125
f60_a2_p02_s03_w0.75,f60_a2_p02_s03,0d0db4d2348f0735e62d7bea11b833a3a01f0f1a203f76d9e14031871983a7f7,5.30078125
f60_a2_p02_s03_w1.00,f60_a2_p02_s03,0d0db4d2348f0735e62d7bea11b833a3a01f0f1a203f76d9e14031871983a7f7,5.30078125
f60_a2_p02_s04_w0.00,f60_a2_p02_s04,5fe3d8e87f5b291aee7f270e6f0941ebf54ea17f901b842ce930f2b9fe50a81b,3.37890625
f60_a2_p02_s04_w0.25,f60_a2_p02_s04,5fe3d8e87f5b291aee7f270e6f0941ebf54ea17f901b842ce930f2b9fe50a81b,3.37890625
f60_a2_p02_s04_w0.50,f60_a2_p02_s04,5fe3d8e87f5b291aee7f270e6f0941ebf54ea17f901b842ce930f2b9fe50a81b,3.37890625
f60_a2_p02_s04_w0.75,f60_a2_p02_s04,5fe3d8e87f5b291aee7f270e6f0941ebf54ea17f901b842ce930f2b9fe50a81b,3.37890625
f60_a2_p02_s04_w1.00,f60_a2_p02_s04,5fe3d8e87f5b291aee7f270e6f0941ebf54ea17f901b842ce930f2b9fe50a81b,3.37890625
f60_a3_p02_s00_w0.00,f60_a3_p02_s00,85e8ea42fe6ccee6a8d76eb92630a97846a4f17efa0c01f248a08c4cd8987520,2.267578125
f60_a3_p02_s00_w0.25,f60_a3_p02_s00,d36ff1dcf3332d77b708411e5d41f3145096a8f76a6d3bc6f4c88efd2ac7f833,3.6484375
f60_a3_p02_s00_w0.50,f60_a3_p02_s00,d36ff1dcf3332d77b708411e5d41f3145096a8f76a6d3bc6f4c88efd2ac7f833,3.6484375
f60_a3_p02_s00_w0.75,f60_a3_p02_s00,d36ff1dcf3332d77b708411e5d41f3145096a8f76a6d3bc6f4c88efd2ac7f833,3.6484375
f60_a3_p02_s00_w1.00,f60_a3_p02_s00,d36ff1dcf3332d77b708411e5d41f3145096a8f76a6d3bc6f4c88efd2ac7f833,3.6484375
f60_a3_p02_s01_w0.00,f60_a3_p02_s01,102bddfe24f4361eb44abe08b99b8e473454717c232326d08173457ab4152dae,-0.055755615234375
f60_a3_p02_s01_w0.25,f60_a3_p02_s01,102bddfe24f4361eb44abe08b99b8e473454717c232326d08173457ab4152dae,-0.055755615234375
f60_a3_p02_s01_w0.50,f60_a3_p02_s01,102bddfe24f4361eb44abe08b99b8e473454717c232326d08173457ab4152dae,-0.055755615234375
f60_a3_p02_s01_w0.75,f60_a3_p02_s01,102bddfe24f4361eb44abe08b99b8e473454717c232326d08173457ab4152dae,-0.055755615234375
f60_a3_p02_s01_w1.00,f60_a3_p02_s01,102bddfe24f4361eb44abe08b99b8e473454717c232326d08173457ab4152dae,-0.055755615234375
f60_a3_p02_s02_w0.00,f60_a3_p02_s02,1eb716ba2a522e3203333edea96db5d01860e6123e4197b1715f5ccc76ea3048,-0.0234222412109375
f60_a3_p02_s02_w0.25,f60_a3_p02_s02,1eb716ba2a522e3203333edea96db5d01860e6123e4197b1715f5ccc76ea3048,-0.0234222412109375
f60_a3_p02_s02_w0.50,f60_a3_p02_s02,1eb716ba2a522e3203333edea96db5d01860e6123e4197b1715f5ccc76ea3048,-0.0234222412109375
f60_a3_p02_s02_w0.75,f60_a3_p02_s02,1eb716ba2a522e3203333edea96db5d01860e6123e4197b1715f5ccc76ea3048,-0.0234222412109375
f60_a3_p02_s02_w1.00,f60_a3_p02_s02,1eb716ba2a522e3203333edea96db5d01860e6123e4197b1715f5ccc76ea3048,-0.0234222412109375
f60_a3_p02_s03_w0.00,f60_a3_p02_s03,2b6a5270c24250817bd53e8c498344c4780d1545210592d75f9b11f1b002d27a,3.849609375
f60_a3_p02_s03_w0.25,f60_a3_p02_s03,2b6a5270c24250817bd53e8c498344c4780d1545210592d75f9b11f1b002d27a,3.849609375
f60_a3_p02_s03_w0.50,f60_a3_p02_s03,2b6a5270c24250817bd53e8c498344c4780d1545210592d75f9b11f1b002d27a,3.849609375
f60_a3_p02_s03_w0.75,f60_a3_p02_s03,2b6a5270c24250817bd53e8c498344c4780d1545210592d75f9b11f1b002d27a,3.849609375
f60_a3_p02_s03_w1.00,f60_a3_p02_s03,2b6a5270c24250817bd53e8c498344c4780d1545210592d75f9b11f1b002d27a,3.849609375
f60_a3_p02_s04_w0.00,f60_a3_p02_s04,36598bf19aa7f25431d015cbdc495aa624a21e7c87d3edf6ba8a65a1a3658a35,3.677734375
f60_a3_p02_s04_w0.25,f60_a3_p02_s04,36598bf19aa7f25431d015cbdc495aa624a21e7c87d3edf6ba8a65a1a3658a35,3.677734375
f60_a3_p02_s04_w0.50,f60_a3_p02_s04,36598bf19aa7f25431d015cbdc495aa624a21e7c87d3edf6ba8a65a1a3658a35,3.677734375
f60_a3_p02_s04_w0.75,f60_a3_p02_s04,36598bf19aa7f25431d015cbdc495aa624a21e7c87d3edf6ba8a65a1a3658a35,3.677734375
f60_a3_p02_s04_w1.00,f60_a3_p02_s04,36598bf19aa7f25431d015cbdc495aa624a21e7c87d3edf6ba8a65a1a3658a35,3.677734375
f60_a4_p02_s00_w0.00,f60_a4_p02_s00,9ff4f2c9dc5201b3101e6324d0012be53accef35caa098b66e9e48c7e3399316,5.03125
f60_a4_p02_s00_w0.25,f60_a4_p02_s00,cd8ab78db88afa076cc9772326e2481dca8a7329e32abc64644c7997909048d4,-0.400634765625
f60_a4_p02_s00_w0.50,f60_a4_p02_s00,cd8ab78db88afa076cc9772326e2481dca8a7329e32abc64644c7997909048d4,-0.400634765625
f60_a4_p02_s00_w0.75,f60_a4_p02_s00,cd8ab78db88afa076cc9772326e2481dca8a7329e32abc64644c7997909048d4,-0.400634765625
f60_a4_p02_s00_w1.00,f60_a4_p02_s00,cd8ab78db88afa076cc9772326e2481dca8a7329e32abc64644c7997909048d4,-0.400634765625
f60_a4_p02_s01_w0.00,f60_a4_p02_s01,ae3450c441825e19b3e97772f1d283636dd54bf83933ad1a532b107d5a1bf0ab,-0.52099609375
f60_a4_p02_s01_w0.25,f60_a4_p02_s01,ae3450c441825e19b3e97772f1d283636dd54bf83933ad1a532b107d5a1bf0ab,-0.52099609375
f60_a4_p02_s01_w0.50,f60_a4_p02_s01,ae3450c441825e19b3e97772f1d283636dd54bf83933ad1a532b107d5a1bf0ab,-0.52099609375
f60_a4_p02_s01_w0.75,f60_a4_p02_s01,ae3450c441825e19b3e97772f1d283636dd54bf83933ad1a532b107d5a1bf0ab,-0.52099609375
f60_a4_p02_s01_w1.00,f60_a4_p02_s01,ae3450c441825e19b3e97772f1d283636dd54bf83933ad1a532b107d5a1bf0ab,-0.52099609375
f60_a4_p02_s02_w0.00,f60_a4_p02_s02,cadb3b17e1c815816c10d7a8bdd1d44e5a730b251888aeeeb231e87c5a5a1036,-0.77001953125
f60_a4_p02_s02_w0.25,f60_a4_p02_s02,cadb3b17e1c815816c10d7a8bdd1d44e5a730b251888aeeeb231e87c5a5a1036,-0.77001953125
f60_a4_p02_s02_w0.50,f60_a4_p02_s02,cadb3b17e1c815816c10d7a8bdd1d44e5a730b251888aeeeb231e87c5a5a1036,-0.77001953125
f60_a4_p02_s02_w0.75,f60_a4_p02_s02,cadb3b17e1c815816c10d7a8bdd1d44e5a730b251888aeeeb231e87c5a5a1036,-0.77001953125
f60_a4_p02_s02_w1.00,f60_a4_p02_s02,cadb3b17e1c815816c10d7a8bdd1d44e5a730b251888aeeeb231e87c5a5a1036,-0.77001953125
f60_a4_p02_s03_w0.00,f60_a4_p02_s03,beb6ef3d85a26cc6269ecbca9e3d8c0027c614a69c31bd1600fc76b50200311f,-3.01171875
f60_a4_p02_s03_w0.25,f60_a4_p02_s03,beb6ef3d85a26cc6269ecbca9e3d8c0027c614a69c31bd1600fc76b50200311f,-3.01171875
f60_a4_p02_s03_w0.50,f60_a4_p02_s03,beb6ef3d85a26cc6269ecbca9e3d8c0027c614a69c31bd1600fc76b50200311f,-3.01171875
f60_a4_p02_s03_w0.75,f60_a4_p02_s03,beb6ef3d85a26cc6269ecbca9e3d8c0027c614a69c31bd1600fc76b50200311f,-3.01171875
f60_a4_p02_s03_w1.00,f60_a4_p02_s03,beb6ef3d85a26cc6269ecbca9e3d8c0027c614a69c31bd1600fc76b50200311f,-3.01171875
f60_a4_p02_s04_w0.00,f60_a4_p02_s04,50ed88188db4e9c7a0589fb5ad7377099ca6792c86b9f3db1931437bee39836b,1.7724609375
f60_a4_p02_s04_w0.25,f60_a4_p02_s04,50ed88188db4e9c7a0589fb5ad7377099ca6792c86b9f3db1931437bee39836b,1.7724609375
f60_a4_p02_s04_w0.50,f60_a4_p02_s04,50ed88188db4e9c7a0589fb5ad7377099ca6792c86b9f3db1931437bee39836b,1.7724609375
f60_a4_p02_s04_w0.75,f60_a4_p02_s04,50ed88188db4e9c7a0589fb5ad7377099ca6792c86b9f3db1931437bee39836b,1.7724609375
f60_a4_p02_s04_w1.00,f60_a4_p02_s04,50ed88188db4e9c7a0589fb5ad7377099ca6792c86b9f3db1931437bee39836b,1.7724609375
f60_a0_p03_s00_w0.00,f60_a0_p03_s00,2a68461feea066f8b902c64687bde0bc52bf6858138c3d66747fb3af1d454827,0.6513671875
f60_a0_p03_s00_w0.25,f60_a0_p03_s00,0c735819bac5aa2666fad1c31064a87ae4c4e4e1e81355b38e620fdbdc998724,-0.970703125
f60_a0_p03_s00_w0.50,f60_a0_p03_s00,0c735819bac5aa2666fad1c31064a87ae4c4e4e1e81355b38e620fdbdc998724,-0.970703125
f60_a0_p03_s00_w0.75,f60_a0_p03_s00,0c735819bac5aa2666fad1c31064a87ae4c4e4e1e81355b38e620fdbdc998724,-0.970703125
f60_a0_p03_s00_w1.00,f60_a0_p03_s00,0c735819bac5aa2666fad1c31064a87ae4c4e4e1e81355b38e620fdbdc998724,-0.970703125
f60_a0_p03_s01_w0.00,f60_a0_p03_s01,7f45ba26b20f9000c396028b606d693b6e3a5b7a382eb385195bdbcb85443f61,-3.708984375
f60_a0_p03_s01_w0.25,f60_a0_p03_s01,7f45ba26b20f9000c396028b606d693b6e3a5b7a382eb385195bdbcb85443f61,-3.708984375
f60_a0_p03_s01_w0.50,f60_a0_p03_s01,7f45ba26b20f9000c396028b606d693b6e3a5b7a382eb385195bdbcb85443f61,-3.708984375
f60_a0_p03_s01_w0.75,f60_a0_p03_s01,7f45ba26b20f9000c396028b606d693b6e3a5b7a382eb385195bdbcb85443f61,-3.708984375
f60_a0_p03_s01_w1.00,f60_a0_p03_s01,7f45ba26b20f9000c396028b606d693b6e3a5b7a382eb385195bdbcb85443f61,-3.708984375
f60_a0_p03_s02_w0.00,f60_a0_p03_s02,32afcd494ace9caf5976e25556e9cc9a6751ed8672d10366d6c856f74de28277,4.8203125
f60_a0_p03_s02_w0.25,f60_a0_p03_s02,32afcd494ace9caf5976e25556e9cc9a6751ed8672d10366d6c856f74de28277,4.8203125
f60_a0_p03_s02_w0.50,f60_a0_p03_s02,32afcd494ace9caf5976e25556e9cc9a6751ed8672d10366d6c856f74de28277,4.8203125
f60_a0_p03_s02_w0.75,f60_a0_p03_s02,32afcd494ace9caf5976e25556e9cc9a6751ed8672d10366d6c856f74de28277,4.8203125
f60_a0_p03_s02_w1.00,f60_a0_p03_s02,32afcd494ace9caf5976e25556e9cc9a6751ed8672d10366d6c856f74de28277,4.8203125
f60_a0_p03_s03_w0.00,f60_a0_p03_s03,b86bbd52c73ccba02eaecc1cccfedc906638bb0caa5eed0ff9ab7decfaccb1df,7.078125
f60_a0_p03_s03_w0.25,f60_a0_p03_s03,b86bbd52c73ccba02eaecc1cccfedc906638bb0caa5eed0ff9ab7decfaccb1df,7.078125
f60_a0_p03_s03_w0.50,f60_a0_p03_s03,b86bbd52c73ccba02eaecc1cccfedc906638bb0caa5eed0ff9ab7decfaccb1df,7.078125
f60_a0_p03_s03_w0.75,f60_a0_p03_s03,b86bbd52c73ccba02eaecc1cccfedc906638bb0caa5eed0ff9ab7decfaccb1df,7.078125
f60_a0_p03_s03_w1.00,f60_a0_p03_s03,b86bbd52c73ccba02eaecc1cccfedc906638bb0caa5eed0ff9ab7decfaccb1df,7.078125
f60_a0_p03_s04_w0.00,f60_a0_p03_s04,3566cc3d4b993444cef7fc08186ec046d25314731be7cf2bccb4173051c01183,8.890625
f60_a0_p03_s04_w0.25,f60_a0_p03_s04,3566cc3d4b993444cef7fc08186ec046d25314731be7cf2bccb4173051c01183,8.890625
f60_a0_p03_s04_w0.50,f60_a0_p03_s04,3566cc3d4b993444cef7fc08186ec046d25314731be7cf2bccb4173051c01183,8.890625
f60_a0_p03_s04_w0.75,f60_a0_p03_s04,3566cc3d4b993444cef7fc08186ec046d25314731be7cf2bccb4173051c01183,8.890625
f60_a0_p03_s04_w1.00,f60_a0_p03_s04,3566cc3d4b993444cef7fc08186ec046d25314731be7cf2bccb4173051c01183,8.890625
f60_a1_p03_s00_w0.00,f60_a1_p03_s00,2a68461feea066f8b902c64687bde0bc52bf6858138c3d66747fb3af1d454827,0.6513671875
f60_a1_p03_s00_w0.25,f60_a1_p03_s00,6915633aea204241864b17eac5bbaf6f09e8d5f560e38bee998e8e7c32387321,2.177734375
f60_a1_p03_s00_w0.50,f60_a1_p03_s00,6915633aea204241864b17eac5bbaf6f09e8d5f560e38bee998e8e7c32387321,2.177734375
f60_a1_p03_s00_w0.75,f60_a1_p03_s00,6915633aea204241864b17eac5bbaf6f09e8d5f560e38bee998e8e7c32387321,2.177734375
f60_a1_p03_s00_w1.00,f60_a1_p03_s00,6915633aea204241864b17eac5bbaf6f09e8d5f560e38bee998e8e7c32387321,2.177734375
f60_a1_p03_s01_w0.00,f60_a1_p03_s01,be5a8de558d064c72c2d6da9720264e74bc5845646de02208d5821bacb1d986c,4.59765625
f60_a1_p03_s01_w0.25,f60_a1_p03_s01,be5a8de558d064c72c2d6da9720264e74bc5845646de02208d5821bacb1d986c,4.59765625
f60_a1_p03_s01_w0.50,f60_a1_p03_s01,be5a8de558d064c72c2d6da9720264e74bc5845646de02208d5821bacb1d986c,4.59765625
f60_a1_p03_s01_w0.75,f60_a1_p03_s01,be5a8de558d064c72c2d6da9720264e74bc5845646de02208d5821bacb1d986c,4.59765625
f60_a1_p03_s01_w1.00,f60_a1_p03_s01,be5a8de558d064c72c2d6da9720264e74bc5845646de02208d5821bacb1d986c,4.59765625
f60_a1_p03_s02_w0.00,f60_a1_p03_s02,32afcd494ace9caf5976e25556e9cc9a6751ed8672d10366d6c856f74de28277,4.8203125
f60_a1_p03_s02_w0.25,f60_a1_p03_s02,32afcd494ace9caf5976e25556e9cc9a6751ed8672d10366d6c856f74de28277,4.8203125
f60_a1_p03_s02_w0.50,f60_a1_p03_s02,32afcd494ace9caf5976e25556e9cc9a6751ed8672d10366d6c856f74de28277,4.8203125
f60_a1_p03_s02_w0.75,f60_a1_p03_s02,32afcd494ace9caf5976e25556e9cc9a6751ed8672d10366d6c856f74de28277,4.8203125
f60_a1_p03_s02_w1.00,f60_a1_p03_s02,32afcd494ace9caf5976e25556e9cc9a6751ed8672d10366d6c856f74de28277,4.8203125
f60_a1_p03_s03_w0.00,f60_a1_p03_s03,b86bbd52c73ccba02eaecc1cccfedc906638bb0caa5eed0ff9ab7decfaccb1df,7.078125
f60_a1_p03_s03_w0.25,f60_a1_p03_s03,b86bbd52c73ccba02eaecc1cccfedc906638bb0caa5eed0ff9ab7decfaccb1df,7.078125
f60_a1_p03_s03_w0.50,f60_a1_p03_s03,b86bbd52c73ccba02eaecc1cccfedc906638bb0caa5eed0ff9ab7decfaccb1df,7.078125
f60_a1_p03_s03_w0.75,f60_a1_p03_s03,b86bbd52c73ccba02eaecc1cccfedc906638bb0caa5eed0ff9ab7decfaccb1df,7.078125
f60_a1_p03_s03_w1.00,f60_a1_p03_s03,b86bbd52c73ccba02eaecc1cccfedc906638bb0caa5eed0ff9ab7decfaccb1df,7.078125
f60_a1_p03_s04_w0.00,f60_a1_p03_s04,3566cc3d4b993444cef7fc08186ec046d25314731be7cf2bccb4173051c01183,8.890625
f60_a1_p03_s04_w0.25,f60_a1_p03_s04,3566cc3d4b993444cef7fc08186ec046d25314731be7cf2bccb4173051c01183,8.890625
f60_a1_p03_s04_w0.50,f60_a1_p03_s04,3566cc3d4b993444cef7fc08186ec046d25314731be7cf2bccb4173051c01183,8.890625
f60_a1_p03_s04_w0.75,f60_a1_p03_s04,3566cc3d4b993444cef7fc08186ec046d25314731be7cf2bccb4173051c01183,8.890625
f60_a1_p03_s04_w1.00,f60_a1_p03_s04,3566cc3d4b993444cef7fc08186ec046d25314731be7cf2bccb4173051c01183,8.890625
f60_a2_p03_s00_w0.00,f60_a2_p03_s00,2a68461feea066f8b902c64687bde0bc52bf6858138c3d66747fb3af1d454827,0.6513671875
f60_a2_p03_s00_w0.25,f60_a2_p03_s00,6915633aea204241864b17eac5bbaf6f09e8d5f560e38bee998e8e7c32387321,2.177734375
f60_a2_p03_s00_w0.50,f60_a2_p03_s00,6915633aea204241864b17eac5bbaf6f09e8d5f560e38bee998e8e7c32387321,2.177734375
f60_a2_p03_s00_w0.75,f60_a2_p03_s00,6915633aea204241864b17eac5bbaf6f09e8d5f560e38bee998e8e7c32387321,2.177734375
f60_a2_p03_s00_w1.00,f60_a2_p03_s00,6915633aea204241864b17eac5bbaf6f09e8d5f560e38bee998e8e7c32387321,2.177734375
f60_a2_p03_s01_w0.00,f60_a2_p03_s01,be5a8de558d064c72c2d6da9720264e74bc5845646de02208d5821bacb1d986c,4.59765625
f60_a2_p03_s01_w0.25,f60_a2_p03_s01,be5a8de558d064c72c2d6da9720264e74bc5845646de02208d5821bacb1d986c,4.59765625
f60_a2_p03_s01_w0.50,f60_a2_p03_s01,be5a8de558d064c72c2d6da9720264e74bc5845646de02208d5821bacb1d986c,4.59765625
f60_a2_p03_s01_w0.75,f60_a2_p03_s01,be5a8de558d064c72c2d6da9720264e74bc5845646de02208d5821bacb1d986c,4.59765625
f60_a2_p03_s01_w1.00,f60_a2_p03_s01,be5a8de558d064c72c2d6da9720264e74bc5845646de02208d5821bacb1d986c,4.59765625
f60_a2_p03_s02_w0.00,f60_a2_p03_s02,4c9b649bc781d9d6e1720e920ea3e7ca7f1bfc7524ddc1b72610f08519cf358b,6.0546875
f60_a2_p03_s02_w0.25,f60_a2_p03_s02,4c9b649bc781d9d6e1720e920ea3e7ca7f1bfc7524ddc1b72610f08519cf358b,6.0546875
f60_a2_p03_s02_w0.50,f60_a2_p03_s02,4c9b649bc781d9d6e1720e920ea3e7ca7f1bfc7524ddc1b72610f08519cf358b,6.0546875
f60_a2_p03_s02_w0.75,f60_a2_p03_s02,4c9b649bc781d9d6e1720e920ea3e7ca7f1bfc7524ddc1b72610f08519cf358b,6.0546875
f60_a2_p03_s02_w1.00,f60_a2_p03_s02,4c9b649bc781d9d6e1720e920ea3e7ca7f1bfc7524ddc1b72610f08519cf358b,6.0546875
f60_a2_p03_s03_w0.00,f60_a2_p03_s03,d6e5570b118f945f7760f86bc17dbe64c061ce69f30ca25fc487160bbedbd4ef,1.462890625
f60_a2_p03_s03_w0.25,f60_a2_p03_s03,d6e5570b118f945f7760f86bc17dbe64c061ce69f30ca25fc487160bbedbd4ef,1.462890625
f60_a2_p03_s03_w0.50,f60_a2_p03_s03,d6e5570b118f945f7760f86bc17dbe64c061ce69f30ca25fc487160bbedbd4ef,1.462890625
f60_a2_p03_s03_w0.75,f60_a2_p03_s03,d6e5570b118f945f7760f86bc17dbe64c061ce69f30ca25fc487160bbedbd4ef,1.462890625
f60_a2_p03_s03_w1.00,f60_a2_p03_s03,d6e5570b118f945f7760f86bc17dbe64c061ce69f30ca25fc487160bbedbd4ef,1.462890625
f60_a2_p03_s04_w0.00,f60_a2_p03_s04,31ae962671693a2191245709a7bf5ee7752dcd696c5791cf6ad7421a82abb3fe,3.958984375
f60_a2_p03_s04_w0.25,f60_a2_p03_s04,31ae962671693a2191245709a7bf5ee7752dcd696c5791cf6ad7421a82abb3fe,3.958984375
f60_a2_p03_s04_w0.50,f60_a2_p03_s04,31ae962671693a2191245709a7bf5ee7752dcd696c5791cf6ad7421a82abb3fe,3.958984375
f60_a2_p03_s04_w0.75,f60_a2_p03_s04,31ae962671693a2191245709a7bf5ee7752dcd696c5791cf6ad7421a82abb3fe,3.958984375
f60_a2_p03_s04_w1.00,f60_a2_p03_s04,fc004b394a2211bbe4c018583d7da12a8c58c0776b87411a23a6be75de6cd9fa,8.34375
f60_a3_p03_s00_w0.00,f60_a3_p03_s00,4e069c0077be00228251e300d44282e2162bd17a4d1b26f8cdadb9e5db4cf02f,0.78125
f60_a3_p03_s00_w0.25,f60_a3_p03_s00,0e0dc29c5f50d3801775c4ae7fe62d0b4c41f0028bc8fe3cf1058ccc97599b80,2.623046875
f60_a3_p03_s00_w0.50,f60_a3_p03_s00,0e0dc29c5f50d3801775c4ae7fe62d0b4c41f0028bc8fe3cf1058ccc97599b80,2.623046875
f60_a3_p03_s00_w0.75,f60_a3_p03_s00,0e0dc29c5f50d3801775c4ae7fe62d0b4c41f0028bc8fe3cf1058ccc97599b80,2.623046875
f60_a3_p03_s00_w1.00,f60_a3_p03_s00,0e0dc29c5f50d3801775c4ae7fe62d0b4c41f0028bc8fe3cf1058ccc97599b80,2.623046875
f60_a3_p03_s01_w0.00,f60_a3_p03_s01,be5a8de558d064c72c2d6da9720264e74bc5845646de02208d5821bacb1d986c,4.59765625
f60_a3_p03_s01_w0.25,f60_a3_p03_s01,be5a8de558d064c72c2d6da9720264e74bc5845646de02208d5821bacb1d986c,4.59765625
f60_a3_p03_s01_w0.50,f60_a3_p03_s01,be5a8de558d064c72c2d6da9720264e74bc5845646de02208d5821bacb1d986c,4.59765625
f60_a3_p03_s01_w0.75,f60_a3_p03_s01,be5a8de558d064c72c2d6da9720264e74bc5845646de02208d5821bacb1d986c,4.59765625
f60_a3_p03_s01_w1.00,f60_a3_p03_s01,3267917c18a9019b2e754bb28eab291cd10e3cf5dc66a3a407f608eec69c940c,1.208984375
f60_a3_p03_s02_w0.00,f60_a3_p03_s02,38cdd1c3b61c5bcf84307231368bf303b5c01d0a0a772cda733e98c8ce914e3a,1.4970703125
f60_a3_p03_s02_w0.25,f60_a3_p03_s02,38cdd1c3b61c5bcf84307231368bf303b5c01d0a0a772cda733e98c8ce914e3a,1.4970703125
f60_a3_p03_s02_w0.50,f60_a3_p03_s02,38cdd1c3b61c5bcf84307231368bf303b5c01d0a0a772cda733e98c8ce914e3a,1.4970703125
f60_a3_p03_s02_w0.75,f60_a3_p03_s02,38cdd1c3b61c5bcf84307231368bf303b5c01d0a0a772cda733e98c8ce914e3a,1.4970703125
f60_a3_p03_s02_w1.00,f60_a3_p03_s02,38cdd1c3b61c5bcf84307231368bf303b5c01d0a0a772cda733e98c8ce914e3a,1.4970703125
f60_a3_p03_s03_w0.00,f60_a3_p03_s03,a504807bdcf109e8cd47a968853c894f1296fb2ea4409115b743d1dac12694ad,-8.9296875
f60_a3_p03_s03_w0.25,f60_a3_p03_s03,a504807bdcf109e8cd47a968853c894f1296fb2ea4409115b743d1dac12694ad,-8.9296875
f60_a3_p03_s03_w0.50,f60_a3_p03_s03,a504807bdcf109e8cd47a968853c894f1296fb2ea4409115b743d1dac12694ad,-8.9296875
f60_a3_p03_s03_w0.75,f60_a3_p03_s03,a504807bdcf109e8cd47a968853c894f1296fb2ea4409115b743d1dac12694ad,-8.9296875
f60_a3_p03_s03_w1.00,f60_a3_p03_s03,a504807bdcf109e8cd47a968853c894f1296fb2ea4409115b743d1dac12694ad,-8.9296875
f60_a3_p03_s04_w0.00,f60_a3_p03_s04,dfd32d50159f7645fe3b760b48e22c5eebc5117d3e65ca347da6d391ffbf2e60,1.9814453125
f60_a3_p03_s04_w0.25,f60_a3_p03_s04,dfd32d50159f7645fe3b760b48e22c5eebc5117d3e65ca347da6d391ffbf2e60,1.9814453125
f60_a3_p03_s04_w0.50,f60_a3_p03_s04,dfd32d50159f7645fe3b760b48e22c5eebc5117d3e65ca347da6d391ffbf2e60,1.9814453125
f60_a3_p03_s04_w0.75,f60_a3_p03_s04,dfd32d50159f7645fe3b760b48e22c5eebc5117d3e65ca347da6d391ffbf2e60,1.9814453125
f60_a3_p03_s04_w1.00,f60_a3_p03_s04,dfd32d50159f7645fe3b760b48e22c5eebc5117d3e65ca347da6d391ffbf2e60,1.9814453125
f60_a4_p03_s00_w0.00,f60_a4_p03_s00,4e069c0077be00228251e300d44282e2162bd17a4d1b26f8cdadb9e5db4cf02f,0.78125
f60_a4_p03_s00_w0.25,f60_a4_p03_s00,8f3e68dc17710ebda768edbc55135a4ac2e897b33c3f6a30495c1fbeb78d950a,3.212890625
f60_a4_p03_s00_w0.50,f60_a4_p03_s00,8f3e68dc17710ebda768edbc55135a4ac2e897b33c3f6a30495c1fbeb78d950a,3.212890625
f60_a4_p03_s00_w0.75,f60_a4_p03_s00,8f3e68dc17710ebda768edbc55135a4ac2e897b33c3f6a30495c1fbeb78d950a,3.212890625
f60_a4_p03_s00_w1.00,f60_a4_p03_s00,8f3e68dc17710ebda768edbc55135a4ac2e897b33c3f6a30495c1fbeb78d950a,3.212890625
f60_a4_p03_s01_w0.00,f60_a4_p03_s01,be5a8de558d064c72c2d6da9720264e74bc5845646de02208d5821bacb1d986c,4.59765625
f60_a4_p03_s01_w0.25,f60_a4_p03_s01,be5a8de558d064c72c2d6da9720264e74bc5845646de02208d5821bacb1d986c,4.59765625
f60_a4_p03_s01_w0.50,f60_a4_p03_s01,be5a8de558d064c72c2d6da9720264e74bc5845646de02208d5821bacb1d986c,4.59765625
f60_a4_p03_s01_w0.75,f60_a4_p03_s01,be5a8de558d064c72c2d6da9720264e74bc5845646de02208d5821bacb1d986c,4.59765625
f60_a4_p03_s01_w1.00,f60_a4_p03_s01,b8605bf413a563606ec126551a4ab784e6bef5c0ad2aba005b1cd5be3c5c52bb,3.43359375
f60_a4_p03_s02_w0.00,f60_a4_p03_s02,19fb90aa91f94a4399a92dd5973ba61c8e837e5e1d63c76e2db03b680f025f5a,4.578125
f60_a4_p03_s02_w0.25,f60_a4_p03_s02,19fb90aa91f94a4399a92dd5973ba61c8e837e5e1d63c76e2db03b680f025f5a,4.578125
f60_a4_p03_s02_w0.50,f60_a4_p03_s02,19fb90aa91f94a4399a92dd5973ba61c8e837e5e1d63c76e2db03b680f025f5a,4.578125
f60_a4_p03_s02_w0.75,f60_a4_p03_s02,19fb90aa91f94a4399a92dd5973ba61c8e837e5e1d63c76e2db03b680f025f5a,4.578125
f60_a4_p03_s02_w1.00,f60_a4_p03_s02,19fb90aa91f94a4399a92dd5973ba61c8e837e5e1d63c76e2db03b680f025f5a,4.578125
f60_a4_p03_s03_w0.00,f60_a4_p03_s03,1dfe00d972f66b28a5cf81ae817a79ce29f155e9f8824b5d06218b0aacfad218,4.26953125
f60_a4_p03_s03_w0.25,f60_a4_p03_s03,1dfe00d972f66b28a5cf81ae817a79ce29f155e9f8824b5d06218b0aacfad218,4.26953125
f60_a4_p03_s03_w0.50,f60_a4_p03_s03,1dfe00d972f66b28a5cf81ae817a79ce29f155e9f8824b5d06218b0aacfad218,4.26953125
f60_a4_p03_s03_w0.75,f60_a4_p03_s03,1dfe00d972f66b28a5cf81ae817a79ce29f155e9f8824b5d06218b0aacfad218,4.26953125
f60_a4_p03_s03_w1.00,f60_a4_p03_s03,2f79a1aa427d31ed78e38c07f89178d55a43a0c6db40bcbf1c2b9e8de93fd66b,2.728515625
f60_a4_p03_s04_w0.00,f60_a4_p03_s04,83e2a58359889de3519810c33edcb321c7bc9cc1108fa8b882f7ab6cb8ee4ded,0.8330078125
f60_a4_p03_s04_w0.25,f60_a4_p03_s04,83e2a58359889de3519810c33edcb321c7bc9cc1108fa8b882f7ab6cb8ee4ded,0.8330078125
f60_a4_p03_s04_w0.50,f60_a4_p03_s04,83e2a58359889de3519810c33edcb321c7bc9cc1108fa8b882f7ab6cb8ee4ded,0.8330078125
f60_a4_p03_s04_w0.75,f60_a4_p03_s04,83e2a58359889de3519810c33edcb321c7bc9cc1108fa8b882f7ab6cb8ee4ded,0.8330078125
f60_a4_p03_s04_w1.00,f60_a4_p03_s04,83e2a58359889de3519810c33edcb321c7bc9cc1108fa8b882f7ab6cb8ee4ded,0.8330078125
f60_a0_p04_s00_w0.00,f60_a0_p04_s00,c353f533c2791dc98d95b855de28a00f5155a9abd02f5f32156d4fc2e7f2e1d6,-0.8388671875
f60_a0_p04_s00_w0.25,f60_a0_p04_s00,e615be940b3035e5943ab4f106120391da89bb8aaea8b6c9d26ea5547f4af03e,2.94921875
f60_a0_p04_s00_w0.50,f60_a0_p04_s00,e615be940b3035e5943ab4f106120391da89bb8aaea8b6c9d26ea5547f4af03e,2.94921875
f60_a0_p04_s00_w0.75,f60_a0_p04_s00,e615be940b3035e5943ab4f106120391da89bb8aaea8b6c9d26ea5547f4af03e,2.94921875
f60_a0_p04_s00_w1.00,f60_a0_p04_s00,e615be940b3035e5943ab4f106120391da89bb8aaea8b6c9d26ea5547f4af03e,2.94921875
f60_a0_p04_s01_w0.00,f60_a0_p04_s01,5762461d52ac231e50e67747ceb4c5bc3006b298613111a62f5d45d3712aae99,3.162109375
f60_a0_p04_s01_w0.25,f60_a0_p04_s01,5762461d52ac231e50e67747ceb4c5bc3006b298613111a62f5d45d3712aae99,3.162109375
f60_a0_p04_s01_w0.50,f60_a0_p04_s01,5762461d52ac231e50e67747ceb4c5bc3006b298613111a62f5d45d3712aae99,3.162109375
f60_a0_p04_s01_w0.75,f60_a0_p04_s01,5762461d52ac231e50e67747ceb4c5bc3006b298613111a62f5d45d3712aae99,3.162109375
f60_a0_p04_s01_w1.00,f60_a0_p04_s01,5762461d52ac231e50e67747ceb4c5bc3006b298613111a62f5d45d3712aae99,3.162109375
f60_a0_p04_s02_w0.00,f60_a0_p04_s02,e3231d717ec814b9c8d57ed2a2f783afac151f5d0df195ce5fb56827fec15f25,7.1953125
f60_a0_p04_s02_w0.25,f60_a0_p04_s02,e3231d717ec814b9c8d57ed2a2f783afac151f5d0df195ce5fb56827fec15f25,7.1953125
f60_a0_p04_s02_w0.50,f60_a0_p04_s02,e3231d717ec814b9c8d57ed2a2f783afac151f5d0df195ce5fb56827fec15f25,7.1953125
f60_a0_p04_s02_w0.75,f60_a0_p04_s02,e3231d717ec814b9c8d57ed2a2f783afac151f5d0df195ce5fb56827fec15f25,7.1953125
f60_a0_p04_s02_w1.00,f60_a0_p04_s02,e3231d717ec814b9c8d57ed2a2f783afac151f5d0df195ce5fb56827fec15f25,7.1953125
f60_a0_p04_s03_w0.00,f60_a0_p04_s03,b5e9a707e3451380872bf5ea810459b1db4c7980214158a03d2579ea935295e1,1.7314453125
f60_a0_p04_s03_w0.25,f60_a0_p04_s03,b5e9a707e3451380872bf5ea810459b1db4c7980214158a03d2579ea935295e1,1.7314453125
f60_a0_p04_s03_w0.50,f60_a0_p04_s03,b5e9a707e3451380872bf5ea810459b1db4c7980214158a03d2579ea935295e1,1.7314453125
f60_a0_p04_s03_w0.75,f60_a0_p04_s03,b5e9a707e3451380872bf5ea810459b1db4c7980214158a03d2579ea935295e1,1.7314453125
f60_a0_p04_s03_w1.00,f60_a0_p04_s03,b5e9a707e3451380872bf5ea810459b1db4c7980214158a03d2579ea935295e1,1.7314453125
f60_a0_p04_s04_w0.00,f60_a0_p04_s04,179a451858f4b5fce1d086f1d047812fd3b95bb0cadf5545c10b9c72b2142d95,7.5703125
f60_a0_p04_s04_w0.25,f60_a0_p04_s04,179a451858f4b5fce1d086f1d047812fd3b95bb0cadf5545c10b9c72b2142d95,7.5703125
f60_a0_p04_s04_w0.50,f60_a0_p04_s04,179a451858f4b5fce1d086f1d047812fd3b95bb0cadf5545c10b9c72b2142d95,7.5703125
f60_a0_p04_s04_w0.75,f60_a0_p04_s04,179a451858f4b5fce1d086f1d047812fd3b95bb0cadf5545c10b9c72b2142d95,7.5703125
f60_a0_p04_s04_w1.00,f60_a0_p04_s04,179a451858f4b5fce1d086f1d047812fd3b95bb0cadf5545c10b9c72b2142d95,7.5703125
f60_a1_p04_s00_w0.00,f60_a1_p04_s00,6917519574ae960e6b2a5be684bae8b2cb0f24b941fba68c823bfa94d116c818,1.228515625
f60_a1_p04_s00_w0.25,f60_a1_p04_s00,2b1751e1d8487f26b710ce7eac1a2f45199e3d15913afef58abb87dadeda1ee7,4.30078125
f60_a1_p04_s00_w0.50,f60_a1_p04_s00,2b1751e1d8487f26b710ce7eac1a2f45199e3d15913afef58abb87dadeda1ee7,4.30078125
f60_a1_p04_s00_w0.75,f60_a1_p04_s00,2b1751e1d8487f26b710ce7eac1a2f45199e3d15913afef58abb87dadeda1ee7,4.30078125
f60_a1_p04_s00_w1.00,f60_a1_p04_s00,2b1751e1d8487f26b710ce7eac1a2f45199e3d15913afef58abb87dadeda1ee7,4.30078125
f60_a1_p04_s01_w0.00,f60_a1_p04_s01,7d2aa284c682a954ba95976bcfe8e67680db782f992c236293f934872dd5a2d4,4.09375
f60_a1_p04_s01_w0.25,f60_a1_p04_s01,7d2aa284c682a954ba95976bcfe8e67680db782f992c236293f934872dd5a2d4,4.09375
f60_a1_p04_s01_w0.50,f60_a1_p04_s01,7d2aa284c682a954ba95976bcfe8e67680db782f992c236293f934872dd5a2d4,4.09375
f60_a1_p04_s01_w0.75,f60_a1_p04_s01,7d2aa284c682a954ba95976bcfe8e67680db782f992c236293f934872dd5a2d4,4.09375
f60_a1_p04_s01_w1.00,f60_a1_p04_s01,7d2aa284c682a954ba95976bcfe8e67680db782f992c236293f934872dd5a2d4,4.09375
f60_a1_p04_s02_w0.00,f60_a1_p04_s02,914363765964f4ef1cbdf06e24b893fea76a277713229a54a191e739cd2d4228,1.287109375
f60_a1_p04_s02_w0.25,f60_a1_p04_s02,914363765964f4ef1cbdf06e24b893fea76a277713229a54a191e739cd2d4228,1.287109375
f60_a1_p04_s02_w0.50,f60_a1_p04_s02,914363765964f4ef1cbdf06e24b893fea76a277713229a54a191e739cd2d4228,1.287109375
f60_a1_p04_s02_w0.75,f60_a1_p04_s02,914363765964f4ef1cbdf06e24b893fea76a277713229a54a191e739cd2d4228,1.287109375
f60_a1_p04_s02_w1.00,f60_a1_p04_s02,914363765964f4ef1cbdf06e24b893fea76a277713229a54a191e739cd2d4228,1.287109375
f60_a1_p04_s03_w0.00,f60_a1_p04_s03,ce56ddfd8ea1947bd9dec4f9c339325686bd8765ceb9aff03023b3a280522389,4.0
f60_a1_p04_s03_w0.25,f60_a1_p04_s03,86c45b35e5963007b056aeaf48c41f580c14a5e8e74c46b7b7d564beecf272fe,3.564453125
f60_a1_p04_s03_w0.50,f60_a1_p04_s03,86c45b35e5963007b056aeaf48c41f580c14a5e8e74c46b7b7d564beecf272fe,3.564453125
f60_a1_p04_s03_w0.75,f60_a1_p04_s03,86c45b35e5963007b056aeaf48c41f580c14a5e8e74c46b7b7d564beecf272fe,3.564453125
f60_a1_p04_s03_w1.00,f60_a1_p04_s03,86c45b35e5963007b056aeaf48c41f580c14a5e8e74c46b7b7d564beecf272fe,3.564453125
f60_a1_p04_s04_w0.00,f60_a1_p04_s04,2f0503057bb20605ab53d7e21dd68a633c4621a85ca8df1d4dbc6e67e7714a53,5.078125
f60_a1_p04_s04_w0.25,f60_a1_p04_s04,2f0503057bb20605ab53d7e21dd68a633c4621a85ca8df1d4dbc6e67e7714a53,5.078125
f60_a1_p04_s04_w0.50,f60_a1_p04_s04,2f0503057bb20605ab53d7e21dd68a633c4621a85ca8df1d4dbc6e67e7714a53,5.078125
f60_a1_p04_s04_w0.75,f60_a1_p04_s04,2f0503057bb20605ab53d7e21dd68a633c4621a85ca8df1d4dbc6e67e7714a53,5.078125
f60_a1_p04_s04_w1.00,f60_a1_p04_s04,2f0503057bb20605ab53d7e21dd68a633c4621a85ca8df1d4dbc6e67e7714a53,5.078125
f60_a2_p04_s00_w0.00,f60_a2_p04_s00,6917519574ae960e6b2a5be684bae8b2cb0f24b941fba68c823bfa94d116c818,1.228515625
f60_a2_p04_s00_w0.25,f60_a2_p04_s00,2b1751e1d8487f26b710ce7eac1a2f45199e3d15913afef58abb87dadeda1ee7,4.30078125
f60_a2_p04_s00_w0.50,f60_a2_p04_s00,2b1751e1d8487f26b710ce7eac1a2f45199e3d15913afef58abb87dadeda1ee7,4.30078125
f60_a2_p04_s00_w0.75,f60_a2_p04_s00,2b1751e1d8487f26b710ce7eac1a2f45199e3d15913afef58abb87dadeda1ee7,4.30078125
f60_a2_p04_s00_w1.00,f60_a2_p04_s00,2b1751e1d8487f26b710ce7eac1a2f45199e3d15913afef58abb87dadeda1ee7,4.30078125
f60_a2_p04_s01_w0.00,f60_a2_p04_s01,7d2aa284c682a954ba95976bcfe8e67680db782f992c236293f934872dd5a2d4,4.09375
f60_a2_p04_s01_w0.25,f60_a2_p04_s01,7d2aa284c682a954ba95976bcfe8e67680db782f992c236293f934872dd5a2d4,4.09375
f60_a2_p04_s01_w0.50,f60_a2_p04_s01,7d2aa284c682a954ba95976bcfe8e67680db782f992c236293f934872dd5a2d4,4.09375
f60_a2_p04_s01_w0.75,f60_a2_p04_s01,7d2aa284c682a954ba95976bcfe8e67680db782f992c236293f934872dd5a2d4,4.09375
f60_a2_p04_s01_w1.00,f60_a2_p04_s01,7d2aa284c682a954ba95976bcfe8e67680db782f992c236293f934872dd5a2d4,4.09375
f60_a2_p04_s02_w0.00,f60_a2_p04_s02,914363765964f4ef1cbdf06e24b893fea76a277713229a54a191e739cd2d4228,1.287109375
f60_a2_p04_s02_w0.25,f60_a2_p04_s02,914363765964f4ef1cbdf06e24b893fea76a277713229a54a191e739cd2d4228,1.287109375
f60_a2_p04_s02_w0.50,f60_a2_p04_s02,914363765964f4ef1cbdf06e24b893fea76a277713229a54a191e739cd2d4228,1.287109375
f60_a2_p04_s02_w0.75,f60_a2_p04_s02,914363765964f4ef1cbdf06e24b893fea76a277713229a54a191e739cd2d4228,1.287109375
f60_a2_p04_s02_w1.00,f60_a2_p04_s02,914363765964f4ef1cbdf06e24b893fea76a277713229a54a191e739cd2d4228,1.287109375
f60_a2_p04_s03_w0.00,f60_a2_p04_s03,ce56ddfd8ea1947bd9dec4f9c339325686bd8765ceb9aff03023b3a280522389,4.0
f60_a2_p04_s03_w0.25,f60_a2_p04_s03,86c45b35e5963007b056aeaf48c41f580c14a5e8e74c46b7b7d564beecf272fe,3.564453125
f60_a2_p04_s03_w0.50,f60_a2_p04_s03,86c45b35e5963007b056aeaf48c41f580c14a5e8e74c46b7b7d564beecf272fe,3.564453125
f60_a2_p04_s03_w0.75,f60_a2_p04_s03,86c45b35e5963007b056aeaf48c41f580c14a5e8e74c46b7b7d564beecf272fe,3.564453125
f60_a2_p04_s03_w1.00,f60_a2_p04_s03,86c45b35e5963007b056aeaf48c41f580c14a5e8e74c46b7b7d564beecf272fe,3.564453125
f60_a2_p04_s04_w0.00,f60_a2_p04_s04,2f0503057bb20605ab53d7e21dd68a633c4621a85ca8df1d4dbc6e67e7714a53,5.078125
f60_a2_p04_s04_w0.25,f60_a2_p04_s04,2f0503057bb20605ab53d7e21dd68a633c4621a85ca8df1d4dbc6e67e7714a53,5.078125
f60_a2_p04_s04_w0.50,f60_a2_p04_s04,2f0503057bb20605ab53d7e21dd68a633c4621a85ca8df1d4dbc6e67e7714a53,5.078125
f60_a2_p04_s04_w0.75,f60_a2_p04_s04,2f0503057bb20605ab53d7e21dd68a633c4621a85ca8df1d4dbc6e67e7714a53,5.078125
f60_a2_p04_s04_w1.00,f60_a2_p04_s04,2f0503057bb20605ab53d7e21dd68a633c4621a85ca8df1d4dbc6e67e7714a53,5.078125
f60_a3_p04_s00_w0.00,f60_a3_p04_s00,1240f52bfeec41ca911d02d46cab31422156aff91e8de59770786a63b66728a1,4.03515625
f60_a3_p04_s00_w0.25,f60_a3_p04_s00,f302c9fe602b239306138ab9025a7281fa29a87cf4578eb074319f4fdcc6d718,1.5810546875
f60_a3_p04_s00_w0.50,f60_a3_p04_s00,f302c9fe602b239306138ab9025a7281fa29a87cf4578eb074319f4fdcc6d718,1.5810546875
f60_a3_p04_s00_w0.75,f60_a3_p04_s00,f302c9fe602b239306138ab9025a7281fa29a87cf4578eb074319f4fdcc6d718,1.5810546875
f60_a3_p04_s00_w1.00,f60_a3_p04_s00,f302c9fe602b239306138ab9025a7281fa29a87cf4578eb074319f4fdcc6d718,1.5810546875
f60_a3_p04_s01_w0.00,f60_a3_p04_s01,1afdf6a60d3265cabaee07b9159de5b8c496a9e2f46b48b42486ee769571b043,5.23046875
f60_a3_p04_s01_w0.25,f60_a3_p04_s01,1afdf6a60d3265cabaee07b9159de5b8c496a9e2f46b48b42486ee769571b043,5.23046875
f60_a3_p04_s01_w0.50,f60_a3_p04_s01,1afdf6a60d3265cabaee07b9159de5b8c496a9e2f46b48b42486ee769571b043,5.23046875
f60_a3_p04_s01_w0.75,f60_a3_p04_s01,1afdf6a60d3265cabaee07b9159de5b8c496a9e2f46b48b42486ee769571b043,5.23046875
f60_a3_p04_s01_w1.00,f60_a3_p04_s01,1afdf6a60d3265cabaee07b9159de5b8c496a9e2f46b48b42486ee769571b043,5.23046875
f60_a3_p04_s02_w0.00,f60_a3_p04_s02,73c3e823c44a47832c1ce1f5c87eaab024a108ca94ff33f78a25a6b223d42b93,5.93359375
f60_a3_p04_s02_w0.25,f60_a3_p04_s02,73c3e823c44a47832c1ce1f5c87eaab024a108ca94ff33f78a25a6b223d42b93,5.93359375
f60_a3_p04_s02_w0.50,f60_a3_p04_s02,73c3e823c44a47832c1ce1f5c87eaab024a108ca94ff33f78a25a6b223d42b93,5.93359375
f60_a3_p04_s02_w0.75,f60_a3_p04_s02,73c3e823c44a47832c1ce1f5c87eaab024a108ca94ff33f78a25a6b223d42b93,5.93359375
f60_a3_p04_s02_w1.00,f60_a3_p04_s02,73c3e823c44a47832c1ce1f5c87eaab024a108ca94ff33f78a25a6b223d42b93,5.93359375
f60_a3_p04_s03_w0.00,f60_a3_p04_s03,3b8b045ee688489fe060de2ea5a6a9cbe9340b500fba743ebcebb7df168c8701,5.30078125
f60_a3_p04_s03_w0.25,f60_a3_p04_s03,3b8b045ee688489fe060de2ea5a6a9cbe9340b500fba743ebcebb7df168c8701,5.30078125
f60_a3_p04_s03_w0.50,f60_a3_p04_s03,3b8b045ee688489fe060de2ea5a6a9cbe9340b500fba743ebcebb7df168c8701,5.30078125
f60_a3_p04_s03_w0.75,f60_a3_p04_s03,3b8b045ee688489fe060de2ea5a6a9cbe9340b500fba743ebcebb7df168c8701,5.30078125
f60_a3_p04_s03_w1.00,f60_a3_p04_s03,3b8b045ee688489fe060de2ea5a6a9cbe9340b500fba743ebcebb7df168c8701,5.30078125
f60_a3_p04_s04_w0.00,f60_a3_p04_s04,2e3efc6300f3db6086b1e617d6ae2bb48eb12f046f04f60c94b36471650d80d6,6.7578125
f60_a3_p04_s04_w0.25,f60_a3_p04_s04,2e3efc6300f3db6086b1e617d6ae2bb48eb12f046f04f60c94b36471650d80d6,6.7578125
f60_a3_p04_s04_w0.50,f60_a3_p04_s04,2e3efc6300f3db6086b1e617d6ae2bb48eb12f046f04f60c94b36471650d80d6,6.7578125
f60_a3_p04_s04_w0.75,f60_a3_p04_s04,2e3efc6300f3db6086b1e617d6ae2bb48eb12f046f04f60c94b36471650d80d6,6.7578125
f60_a3_p04_s04_w1.00,f60_a3_p04_s04,2e3efc6300f3db6086b1e617d6ae2bb48eb12f046f04f60c94b36471650d80d6,6.7578125
f60_a4_p04_s00_w0.00,f60_a4_p04_s00,f91d9be4de23aa3c1d5de3febe1a77e65639876b342affd89e593482849a094b,1.85546875
f60_a4_p04_s00_w0.25,f60_a4_p04_s00,f302c9fe602b239306138ab9025a7281fa29a87cf4578eb074319f4fdcc6d718,1.5810546875
f60_a4_p04_s00_w0.50,f60_a4_p04_s00,f302c9fe602b239306138ab9025a7281fa29a87cf4578eb074319f4fdcc6d718,1.5810546875
f60_a4_p04_s00_w0.75,f60_a4_p04_s00,f302c9fe602b239306138ab9025a7281fa29a87cf4578eb074319f4fdcc6d718,1.5810546875
f60_a4_p04_s00_w1.00,f60_a4_p04_s00,f302c9fe602b239306138ab9025a7281fa29a87cf4578eb074319f4fdcc6d718,1.5810546875
f60_a4_p04_s01_w0.00,f60_a4_p04_s01,1afdf6a60d3265cabaee07b9159de5b8c496a9e2f46b48b42486ee769571b043,5.23046875
f60_a4_p04_s01_w0.25,f60_a4_p04_s01,1afdf6a60d3265cabaee07b9159de5b8c496a9e2f46b48b42486ee769571b043,5.23046875
f60_a4_p04_s01_w0.50,f60_a4_p04_s01,1afdf6a60d3265cabaee07b9159de5b8c496a9e2f46b48b42486ee769571b043,5.23046875
f60_a4_p04_s01_w0.75,f60_a4_p04_s01,1afdf6a60d3265cabaee07b9159de5b8c496a9e2f46b48b42486ee769571b043,5.23046875
f60_a4_p04_s01_w1.00,f60_a4_p04_s01,1afdf6a60d3265cabaee07b9159de5b8c496a9e2f46b48b42486ee769571b043,5.23046875
f60_a4_p04_s02_w0.00,f60_a4_p04_s02,ed14ff3abca2d6adf6b446382cdb77d9ffffb13a735e843cab00edcb9c5b0021,3.484375
f60_a4_p04_s02_w0.25,f60_a4_p04_s02,ed14ff3abca2d6adf6b446382cdb77d9ffffb13a735e843cab00edcb9c5b0021,3.484375
f60_a4_p04_s02_w0.50,f60_a4_p04_s02,ed14ff3abca2d6adf6b446382cdb77d9ffffb13a735e843cab00edcb9c5b0021,3.484375
f60_a4_p04_s02_w0.75,f60_a4_p04_s02,ed14ff3abca2d6adf6b446382cdb77d9ffffb13a735e843cab00edcb9c5b0021,3.484375
f60_a4_p04_s02_w1.00,f60_a4_p04_s02,ed14ff3abca2d6adf6b446382cdb77d9ffffb13a735e843cab00edcb9c5b0021,3.484375
f60_a4_p04_s03_w0.00,f60_a4_p04_s03,b99519c49f9c97c117c8116b864f9883b044ce95246b0a20b77fa96ff4077139,4.7109375
f60_a4_p04_s03_w0.25,f60_a4_p04_s03,b99519c49f9c97c117c8116b864f9883b044ce95246b0a20b77fa96ff4077139,4.7109375
f60_a4_p04_s03_w0.50,f60_a4_p04_s03,b99519c49f9c97c117c8116b864f9883b044ce95246b0a20b77fa96ff4077139,4.7109375
f60_a4_p04_s03_w0.75,f60_a4_p04_s03,b99519c49f9c97c117c8116b864f9883b044ce95246b0a20b77fa96ff4077139,4.7109375
f60_a4_p04_s03_w1.00,f60_a4_p04_s03,b99519c49f9c97c117c8116b864f9883b044ce95246b0a20b77fa96ff4077139,4.7109375
f60_a4_p04_s04_w0.00,f60_a4_p04_s04,8a36bf3d67d1e7f5b0fbd7cb13625b9d9cc0130d87ae082872ac7fe1a471a17c,7.5078125
f60_a4_p04_s04_w0.25,f60_a4_p04_s04,8a36bf3d67d1e7f5b0fbd7cb13625b9d9cc0130d87ae082872ac7fe1a471a17c,7.5078125
f60_a4_p04_s04_w0.50,f60_a4_p04_s04,8a36bf3d67d1e7f5b0fbd7cb13625b9d9cc0130d87ae082872ac7fe1a471a17c,7.5078125
f60_a4_p04_s04_w0.75,f60_a4_p04_s04,8a36bf3d67d1e7f5b0fbd7cb13625b9d9cc0130d87ae082872ac7fe1a471a17c,7.5078125
f60_a4_p04_s04_w1.00,f60_a4_p04_s04,8a36bf3d67d1e7f5b0fbd7cb13625b9d9cc0130d87ae082872ac7fe1a471a17c,7.5078125
f60_a0_p05_s00_w0.00,f60_a0_p05_s00,1783c048b07e047397c3b2a6949a7683700bddaad24a0a8559a85949dc5ad0e8,3.134765625
f60_a0_p05_s00_w0.25,f60_a0_p05_s00,b03a73ce5e47b63b3c41c8bc25ac560c8b35fb9aebab3102a497a87e775be2a3,1.8046875
f60_a0_p05_s00_w0.50,f60_a0_p05_s00,b03a73ce5e47b63b3c41c8bc25ac560c8b35fb9aebab3102a497a87e775be2a3,1.8046875
f60_a0_p05_s00_w0.75,f60_a0_p05_s00,b03a73ce5e47b63b3c41c8bc25ac560c8b35fb9aebab3102a497a87e775be2a3,1.8046875
f60_a0_p05_s00_w1.00,f60_a0_p05_s00,b03a73ce5e47b63b3c41c8bc25ac560c8b35fb9aebab3102a497a87e775be2a3,1.8046875
f60_a0_p05_s01_w0.00,f60_a0_p05_s01,7dfbd4013f4ec6c384a43b3796072de524c876f8a7a73480449b674705991483,4.26171875
f60_a0_p05_s01_w0.25,f60_a0_p05_s01,7dfbd4013f4ec6c384a43b3796072de524c876f8a7a73480449b674705991483,4.26171875
f60_a0_p05_s01_w0.50,f60_a0_p05_s01,7dfbd4013f4ec6c384a43b3796072de524c876f8a7a73480449b674705991483,4.26171875
f60_a0_p05_s01_w0.75,f60_a0_p05_s01,7dfbd4013f4ec6c384a43b3796072de524c876f8a7a73480449b674705991483,4.26171875
f60_a0_p05_s01_w1.00,f60_a0_p05_s01,7dfbd4013f4ec6c384a43b3796072de524c876f8a7a73480449b674705991483,4.26171875
f60_a0_p05_s02_w0.00,f60_a0_p05_s02,b1bc3ce7d729656cfc560a79b6c6d997ab45a289123cd93d9b8f0608ee08ee67,5.24609375
f60_a0_p05_s02_w0.25,f60_a0_p05_s02,b1bc3ce7d729656cfc560a79b6c6d997ab45a289123cd93d9b8f0608ee08ee67,5.24609375
f60_a0_p05_s02_w0.50,f60_a0_p05_s02,b1bc3ce7d729656cfc560a79b6c6d997ab45a289123cd93d9b8f0608ee08ee67,5.24609375
f60_a0_p05_s02_w0.75,f60_a0_p05_s02,b1bc3ce7d729656cfc560a79b6c6d997ab45a289123cd93d9b8f0608ee08ee67,5.24609375
f60_a0_p05_s02_w1.00,f60_a0_p05_s02,b1bc3ce7d729656cfc560a79b6c6d997ab45a289123cd93d9b8f0608ee08ee67,5.24609375
f60_a0_p05_s03_w0.00,f60_a0_p05_s03,1a82276db036ea27508c5def719b9962ecdc3ae10110c42707ca43f8b4c518be,2.216796875
f60_a0_p05_s03_w0.25,f60_a0_p05_s03,1a82276db036ea27508c5def719b9962ecdc3ae10110c42707ca43f8b4c518be,2.216796875
f60_a0_p05_s03_w0.50,f60_a0_p05_s03,1a82276db036ea27508c5def719b9962ecdc3ae10110c42707ca43f8b4c518be,2.216796875
f60_a0_p05_s03_w0.75,f60_a0_p05_s03,1a82276db036ea27508c5def719b9962ecdc3ae10110c42707ca43f8b4c518be,2.216796875
f60_a0_p05_s03_w1.00,f60_a0_p05_s03,1a82276db036ea27508c5def719b9962ecdc3ae10110c42707ca43f8b4c518be,2.216796875
f60_a0_p05_s04_w0.00,f60_a0_p05_s04,7172259764a18b4fc53d2e2024cb3fbe418075c6c4aab05b83bca513554029b4,6.40625
f60_a0_p05_s04_w0.25,f60_a0_p05_s04,7172259764a18b4fc53d2e2024cb3fbe418075c6c4aab05b83bca513554029b4,6.40625
f60_a0_p05_s04_w0.50,f60_a0_p05_s04,e95ff171492690509d3d5ebe9fdd980ee083a25a865f15e98688f3121b8a03cc,5.48828125
f60_a0_p05_s04_w0.75,f60_a0_p05_s04,e95ff171492690509d3d5ebe9fdd980ee083a25a865f15e98688f3121b8a03cc,5.48828125
f60_a0_p05_s04_w1.00,f60_a0_p05_s04,e95ff171492690509d3d5ebe9fdd980ee083a25a865f15e98688f3121b8a03cc,5.48828125
f60_a1_p05_s00_w0.00,f60_a1_p05_s00,3b618ca85cfd20ee89538a1e07da385c2b9bb9137b0a6a2265c0f9fca38d0164,2.767578125
f60_a1_p05_s00_w0.25,f60_a1_p05_s00,99a45ef776621a9f94cf03dc09c0e7e321598814128d5f4552b2b2c0e7a788ce,0.1981201171875
f60_a1_p05_s00_w0.50,f60_a1_p05_s00,99a45ef776621a9f94cf03dc09c0e7e321598814128d5f4552b2b2c0e7a788ce,0.1981201171875
f60_a1_p05_s00_w0.75,f60_a1_p05_s00,99a45ef776621a9f94cf03dc09c0e7e321598814128d5f4552b2b2c0e7a788ce,0.1981201171875
f60_a1_p05_s00_w1.00,f60_a1_p05_s00,99a45ef776621a9f94cf03dc09c0e7e321598814128d5f4552b2b2c0e7a788ce,0.1981201171875
f60_a1_p05_s01_w0.00,f60_a1_p05_s01,a16e445064df5c6e1dc505d00d630b46a0bf1752362c7239f9b2e5212e956979,-5.31640625
f60_a1_p05_s01_w0.25,f60_a1_p05_s01,a16e445064df5c6e1dc505d00d630b46a0bf1752362c7239f9b2e5212e956979,-5.31640625
f60_a1_p05_s01_w0.50,f60_a1_p05_s01,a16e445064df5c6e1dc505d00d630b46a0bf1752362c7239f9b2e5212e956979,-5.31640625
f60_a1_p05_s01_w0.75,f60_a1_p05_s01,a16e445064df5c6e1dc505d00d630b46a0bf1752362c7239f9b2e5212e956979,-5.31640625
f60_a1_p05_s01_w1.00,f60_a1_p05_s01,a16e445064df5c6e1dc505d00d630b46a0bf1752362c7239f9b2e5212e956979,-5.31640625
f60_a1_p05_s02_w0.00,f60_a1_p05_s02,c33ba909d1466b88a77c20b76982754ccf3a67d70a16bf92b5f00a46c35d3432,1.28125
f60_a1_p05_s02_w0.25,f60_a1_p05_s02,c33ba909d1466b88a77c20b76982754ccf3a67d70a16bf92b5f00a46c35d3432,1.28125
f60_a1_p05_s02_w0.50,f60_a1_p05_s02,c33ba909d1466b88a77c20b76982754ccf3a67d70a16bf92b5f00a46c35d3432,1.28125
f60_a1_p05_s02_w0.75,f60_a1_p05_s02,c33ba909d1466b88a77c20b76982754ccf3a67d70a16bf92b5f00a46c35d3432,1.28125
f60_a1_p05_s02_w1.00,f60_a1_p05_s02,c33ba909d1466b88a77c20b76982754ccf3a67d70a16bf92b5f00a46c35d3432,1.28125
f60_a1_p05_s03_w0.00,f60_a1_p05_s03,5212eb97c083daa08c2f35f118471324bf2ff52043606410df07262b1a7eb339,1.6123046875
f60_a1_p05_s03_w0.25,f60_a1_p05_s03,5212eb97c083daa08c2f35f118471324bf2ff52043606410df07262b1a7eb339,1.6123046875
f60_a1_p05_s03_w0.50,f60_a1_p05_s03,5212eb97c083daa08c2f35f118471324bf2ff52043606410df07262b1a7eb339,1.6123046875
f60_a1_p05_s03_w0.75,f60_a1_p05_s03,5212eb97c083daa08c2f35f118471324bf2ff52043606410df07262b1a7eb339,1.6123046875
f60_a1_p05_s03_w1.00,f60_a1_p05_s03,5212eb97c083daa08c2f35f118471324bf2ff52043606410df07262b1a7eb339,1.6123046875
f60_a1_p05_s04_w0.00,f60_a1_p05_s04,de6e9178ed9d5d3b28e0c90cad83ea1496db2ecf41b573f4db9ab64a0da619d6,0.724609375
f60_a1_p05_s04_w0.25,f60_a1_p05_s04,de6e9178ed9d5d3b28e0c90cad83ea1496db2ecf41b573f4db9ab64a0da619d6,0.724609375
f60_a1_p05_s04_w0.50,f60_a1_p05_s04,de6e9178ed9d5d3b28e0c90cad83ea1496db2ecf41b573f4db9ab64a0da619d6,0.724609375
f60_a1_p05_s04_w0.75,f60_a1_p05_s04,de6e9178ed9d5d3b28e0c90cad83ea1496db2ecf41b573f4db9ab64a0da619d6,0.724609375
f60_a1_p05_s04_w1.00,f60_a1_p05_s04,de6e9178ed9d5d3b28e0c90cad83ea1496db2ecf41b573f4db9ab64a0da619d6,0.724609375
f60_a2_p05_s00_w0.00,f60_a2_p05_s00,3b618ca85cfd20ee89538a1e07da385c2b9bb9137b0a6a2265c0f9fca38d0164,2.767578125
f60_a2_p05_s00_w0.25,f60_a2_p05_s00,19268b207a9c35e90bf1b83facd05f1403563687e2cb29690f9cae7794a7e940,-1.8583984375
f60_a2_p05_s00_w0.50,f60_a2_p05_s00,19268b207a9c35e90bf1b83facd05f1403563687e2cb29690f9cae7794a7e940,-1.8583984375
f60_a2_p05_s00_w0.75,f60_a2_p05_s00,19268b207a9c35e90bf1b83facd05f1403563687e2cb29690f9cae7794a7e940,-1.8583984375
f60_a2_p05_s00_w1.00,f60_a2_p05_s00,19268b207a9c35e90bf1b83facd05f1403563687e2cb29690f9cae7794a7e940,-1.8583984375
f60_a2_p05_s01_w0.00,f60_a2_p05_s01,387830eb0743be26cf3aa0b0484259ca348d82415ac6e85a607b6e5e6a344734,2.802734375
f60_a2_p05_s01_w0.25,f60_a2_p05_s01,387830eb0743be26cf3aa0b0484259ca348d82415ac6e85a607b6e5e6a344734,2.802734375
f60_a2_p05_s01_w0.50,f60_a2_p05_s01,387830eb0743be26cf3aa0b0484259ca348d82415ac6e85a607b6e5e6a344734,2.802734375
f60_a2_p05_s01_w0.75,f60_a2_p05_s01,387830eb0743be26cf3aa0b0484259ca348d82415ac6e85a607b6e5e6a344734,2.802734375
f60_a2_p05_s01_w1.00,f60_a2_p05_s01,387830eb0743be26cf3aa0b0484259ca348d82415ac6e85a607b6e5e6a344734,2.802734375
f60_a2_p05_s02_w0.00,f60_a2_p05_s02,80bdefba9f78b353eaf7e5c399ade777f7c7552d9ce7ee0db41dbec03bfc8311,-0.14404296875
f60_a2_p05_s02_w0.25,f60_a2_p05_s02,80bdefba9f78b353eaf7e5c399ade777f7c7552d9ce7ee0db41dbec03bfc8311,-0.14404296875
f60_a2_p05_s02_w0.50,f60_a2_p05_s02,80bdefba9f78b353eaf7e5c399ade777f7c7552d9ce7ee0db41dbec03bfc8311,-0.14404296875
f60_a2_p05_s02_w0.75,f60_a2_p05_s02,80bdefba9f78b353eaf7e5c399ade777f7c7552d9ce7ee0db41dbec03bfc8311,-0.14404296875
f60_a2_p05_s02_w1.00,f60_a2_p05_s02,80bdefba9f78b353eaf7e5c399ade777f7c7552d9ce7ee0db41dbec03bfc8311,-0.14404296875
f60_a2_p05_s03_w0.00,f60_a2_p05_s03,1e99c3fb53414bcea10ed52198b98447d10687fc53d0070489f9909572b85575,1.3876953125
f60_a2_p05_s03_w0.25,f60_a2_p05_s03,1e99c3fb53414bcea10ed52198b98447d10687fc53d0070489f9909572b85575,1.3876953125
f60_a2_p05_s03_w0.50,f60_a2_p05_s03,5265b2aa4ba446f23aab4130c3d8d5cef9ed6aee63a31c36969abb5a5c070c7a,4.46484375
f60_a2_p05_s03_w0.75,f60_a2_p05_s03,5265b2aa4ba446f23aab4130c3d8d5cef9ed6aee63a31c36969abb5a5c070c7a,4.46484375
f60_a2_p05_s03_w1.00,f60_a2_p05_s03,5265b2aa4ba446f23aab4130c3d8d5cef9ed6aee63a31c36969abb5a5c070c7a,4.46484375
f60_a2_p05_s04_w0.00,f60_a2_p05_s04,bdb7c4e1d04e1b9aac89bbe558a19c7b4a8a22bddde438eb8d5e3fecec752d16,2.76953125
f60_a2_p05_s04_w0.25,f60_a2_p05_s04,bdb7c4e1d04e1b9aac89bbe558a19c7b4a8a22bddde438eb8d5e3fecec752d16,2.76953125
f60_a2_p05_s04_w0.50,f60_a2_p05_s04,bdb7c4e1d04e1b9aac89bbe558a19c7b4a8a22bddde438eb8d5e3fecec752d16,2.76953125
f60_a2_p05_s04_w0.75,f60_a2_p05_s04,bdb7c4e1d04e1b9aac89bbe558a19c7b4a8a22bddde438eb8d5e3fecec752d16,2.76953125
f60_a2_p05_s04_w1.00,f60_a2_p05_s04,bdb7c4e1d04e1b9aac89bbe558a19c7b4a8a22bddde438eb8d5e3fecec752d16,2.76953125
f60_a3_p05_s00_w0.00,f60_a3_p05_s00,6644669862a1f46bcb3d46bbbe3f8f1633f31e4755b3a684e39e48070e6f5e92,0.1688232421875
f60_a3_p05_s00_w0.25,f60_a3_p05_s00,486f5f463173dc3c2233d6a318401295b4fc4bf29707eae5ba17d0c53c90a8fd,2.107421875
f60_a3_p05_s00_w0.50,f60_a3_p05_s00,486f5f463173dc3c2233d6a318401295b4fc4bf29707eae5ba17d0c53c90a8fd,2.107421875
f60_a3_p05_s00_w0.75,f60_a3_p05_s00,486f5f463173dc3c2233d6a318401295b4fc4bf29707eae5ba17d0c53c90a8fd,2.107421875
f60_a3_p05_s00_w1.00,f60_a3_p05_s00,486f5f463173dc3c2233d6a318401295b4fc4bf29707eae5ba17d0c53c90a8fd,2.107421875
f60_a3_p05_s01_w0.00,f60_a3_p05_s01,057e540afd6eac968b0a9b4d8da3bace56d0317b80e7a3422c0ad98ad6888aa8,2.0390625
f60_a3_p05_s01_w0.25,f60_a3_p05_s01,057e540afd6eac968b0a9b4d8da3bace56d0317b80e7a3422c0ad98ad6888aa8,2.0390625
f60_a3_p05_s01_w0.50,f60_a3_p05_s01,057e540afd6eac968b0a9b4d8da3bace56d0317b80e7a3422c0ad98ad6888aa8,2.0390625
f60_a3_p05_s01_w0.75,f60_a3_p05_s01,057e540afd6eac968b0a9b4d8da3bace56d0317b80e7a3422c0ad98ad6888aa8,2.0390625
f60_a3_p05_s01_w1.00,f60_a3_p05_s01,057e540afd6eac968b0a9b4d8da3bace56d0317b80e7a3422c0ad98ad6888aa8,2.0390625
f60_a3_p05_s02_w0.00,f60_a3_p05_s02,aec9d734dce31a1d3b935d615275cb2c030ff36a4eb3bc58f31659c945f074e1,5.7578125
f60_a3_p05_s02_w0.25,f60_a3_p05_s02,aec9d734dce31a1d3b935d615275cb2c030ff36a4eb3bc58f31659c945f074e1,5.7578125
f60_a3_p05_s02_w0.50,f60_a3_p05_s02,aec9d734dce31a1d3b935d615275cb2c030ff36a4eb3bc58f31659c945f074e1,5.7578125
f60_a3_p05_s02_w0.75,f60_a3_p05_s02,aec9d734dce31a1d3b935d615275cb2c030ff36a4eb3bc58f31659c945f074e1,5.7578125
f60_a3_p05_s02_w1.00,f60_a3_p05_s02,aec9d734dce31a1d3b935d615275cb2c030ff36a4eb3bc58f31659c945f074e1,5.7578125
f60_a3_p05_s03_w0.00,f60_a3_p05_s03,8fffd5119dae0f95b5c45ccf8783fb8188e476d8d97a482cb8709d230f6bcf79,-3.36328125
f60_a3_p05_s03_w0.25,f60_a3_p05_s03,8fffd5119dae0f95b5c45ccf8783fb8188e476d8d97a482cb8709d230f6bcf79,-3.36328125
f60_a3_p05_s03_w0.50,f60_a3_p05_s03,c05c3a370e2dca495bd55d1e22ffa7c76a904c87bd85f8cc17e5a7347efdad2a,6.1875
f60_a3_p05_s03_w0.75,f60_a3_p05_s03,c05c3a370e2dca495bd55d1e22ffa7c76a904c87bd85f8cc17e5a7347efdad2a,6.1875
f60_a3_p05_s03_w1.00,f60_a3_p05_s03,c05c3a370e2dca495bd55d1e22ffa7c76a904c87bd85f8cc17e5a7347efdad2a,6.1875
f60_a3_p05_s04_w0.00,f60_a3_p05_s04,50f9fcf33632a65af203b8ab6c5359be37e4bcddcbe423dfcf9137b97e1322bd,-0.146728515625
f60_a3_p05_s04_w0.25,f60_a3_p05_s04,50f9fcf33632a65af203b8ab6c5359be37e4bcddcbe423dfcf9137b97e1322bd,-0.146728515625
f60_a3_p05_s04_w0.50,f60_a3_p05_s04,50f9fcf33632a65af203b8ab6c5359be37e4bcddcbe423dfcf9137b97e1322bd,-0.146728515625
f60_a3_p05_s04_w0.75,f60_a3_p05_s04,50f9fcf33632a65af203b8ab6c5359be37e4bcddcbe423dfcf9137b97e1322bd,-0.146728515625
f60_a3_p05_s04_w1.00,f60_a3_p05_s04,50f9fcf33632a65af203b8ab6c5359be37e4bcddcbe423dfcf9137b97e1322bd,-0.146728515625
f60_a4_p05_s00_w0.00,f60_a4_p05_s00,363048fc35946e39d1d31f5a1bbf2cff4c8f9cd93e71af2bef4ce50cfcc0542c,0.34521484375
f60_a4_p05_s00_w0.25,f60_a4_p05_s00,baac181da8352549e6e6a7f16d5e215c00c69aff00e08d53ec81c0706830da30,3.521484375
f60_a4_p05_s00_w0.50,f60_a4_p05_s00,baac181da8352549e6e6a7f16d5e215c00c69aff00e08d53ec81c0706830da30,3.521484375
f60_a4_p05_s00_w0.75,f60_a4_p05_s00,baac181da8352549e6e6a7f16d5e215c00c69aff00e08d53ec81c0706830da30,3.521484375
f60_a4_p05_s00_w1.00,f60_a4_p05_s00,baac181da8352549e6e6a7f16d5e215c00c69aff00e08d53ec81c0706830da30,3.521484375
f60_a4_p05_s01_w0.00,f60_a4_p05_s01,0f5c6a8d4fb5ea6bd2d053ec6da28bf2cc2ef91945817d985c5e3278635aedeb,3.37109375
f60_a4_p05_s01_w0.25,f60_a4_p05_s01,0f5c6a8d4fb5ea6bd2d053ec6da28bf2cc2ef91945817d985c5e3278635aedeb,3.37109375
f60_a4_p05_s01_w0.50,f60_a4_p05_s01,0f5c6a8d4fb5ea6bd2d053ec6da28bf2cc2ef91945817d985c5e3278635aedeb,3.37109375
f60_a4_p05_s01_w0.75,f60_a4_p05_s01,0f5c6a8d4fb5ea6bd2d053ec6da28bf2cc2ef91945817d985c5e3278635aedeb,3.37109375
f60_a4_p05_s01_w1.00,f60_a4_p05_s01,0f5c6a8d4fb5ea6bd2d053ec6da28bf2cc2ef91945817d985c5e3278635aedeb,3.37109375
f60_a4_p05_s02_w0.00,f60_a4_p05_s02,49c2fe60775fa824a9d9135269e43d53790c6c5a6b1d66e91c2832a75d0810bc,3.23046875
f60_a4_p05_s02_w0.25,f60_a4_p05_s02,49c2fe60775fa824a9d9135269e43d53790c6c5a6b1d66e91c2832a75d0810bc,3.23046875
f60_a4_p05_s02_w0.50,f60_a4_p05_s02,49c2fe60775fa824a9d9135269e43d53790c6c5a6b1d66e91c2832a75d0810bc,3.23046875
f60_a4_p05_s02_w0.75,f60_a4_p05_s02,49c2fe60775fa824a9d9135269e43d53790c6c5a6b1d66e91c2832a75d0810bc,3.23046875
f60_a4_p05_s02_w1.00,f60_a4_p05_s02,49c2fe60775fa824a9d9135269e43d53790c6c5a6b1d66e91c2832a75d0810bc,3.23046875
f60_a4_p05_s03_w0.00,f60_a4_p05_s03,43461837e26f67bba2a79d43a8281ea56819c963eb3b1d40b4e4c8ba07233224,3.658203125
f60_a4_p05_s03_w0.25,f60_a4_p05_s03,43461837e26f67bba2a79d43a8281ea56819c963eb3b1d40b4e4c8ba07233224,3.658203125
f60_a4_p05_s03_w0.50,f60_a4_p05_s03,43461837e26f67bba2a79d43a8281ea56819c963eb3b1d40b4e4c8ba07233224,3.658203125
f60_a4_p05_s03_w0.75,f60_a4_p05_s03,43461837e26f67bba2a79d43a8281ea56819c963eb3b1d40b4e4c8ba07233224,3.658203125
f60_a4_p05_s03_w1.00,f60_a4_p05_s03,43461837e26f67bba2a79d43a8281ea56819c963eb3b1d40b4e4c8ba07233224,3.658203125
f60_a4_p05_s04_w0.00,f60_a4_p05_s04,6e34c2e6224abd73690a7e6a21dc040e8e5ea0610d925ab9ef2d9ee9fe27f26b,6.0546875
f60_a4_p05_s04_w0.25,f60_a4_p05_s04,6e34c2e6224abd73690a7e6a21dc040e8e5ea0610d925ab9ef2d9ee9fe27f26b,6.0546875
f60_a4_p05_s04_w0.50,f60_a4_p05_s04,6e34c2e6224abd73690a7e6a21dc040e8e5ea0610d925ab9ef2d9ee9fe27f26b,6.0546875
f60_a4_p05_s04_w0.75,f60_a4_p05_s04,6e34c2e6224abd73690a7e6a21dc040e8e5ea0610d925ab9ef2d9ee9fe27f26b,6.0546875
f60_a4_p05_s04_w1.00,f60_a4_p05_s04,6e34c2e6224abd73690a7e6a21dc040e8e5ea0610d925ab9ef2d9ee9fe27f26b,6.0546875
f60_a0_p06_s00_w0.00,f60_a0_p06_s00,2ef04f6901eeafdc08873d52e82c64d2ca8505279c2dae19215944a467bb2d32,4.92578125
f60_a0_p06_s00_w0.25,f60_a0_p06_s00,2ef04f6901eeafdc08873d52e82c64d2ca8505279c2dae19215944a467bb2d32,4.92578125
f60_a0_p06_s00_w0.50,f60_a0_p06_s00,2ef04f6901eeafdc08873d52e82c64d2ca8505279c2dae19215944a467bb2d32,4.92578125
f60_a0_p06_s00_w0.75,f60_a0_p06_s00,2ef04f6901eeafdc08873d52e82c64d2ca8505279c2dae19215944a467bb2d32,4.92578125
f60_a0_p06_s00_w1.00,f60_a0_p06_s00,2ef04f6901eeafdc08873d52e82c64d2ca8505279c2dae19215944a467bb2d32,4.92578125
f60_a0_p06_s01_w0.00,f60_a0_p06_s01,45e367b0216fe30d88e71b6235265f1786f78b95f34b2ef3d4aab7644d12c011,-3.91796875
f60_a0_p06_s01_w0.25,f60_a0_p06_s01,45e367b0216fe30d88e71b6235265f1786f78b95f34b2ef3d4aab7644d12c011,-3.91796875
f60_a0_p06_s01_w0.50,f60_a0_p06_s01,45e367b0216fe30d88e71b6235265f1786f78b95f34b2ef3d4aab7644d12c011,-3.91796875
f60_a0_p06_s01_w0.75,f60_a0_p06_s01,45e367b0216fe30d88e71b6235265f1786f78b95f34b2ef3d4aab7644d12c011,-3.91796875
f60_a0_p06_s01_w1.00,f60_a0_p06_s01,45e367b0216fe30d88e71b6235265f1786f78b95f34b2ef3d4aab7644d12c011,-3.91796875
f60_a0_p06_s02_w0.00,f60_a0_p06_s02,00394fce14030f2714ee1b0d95dfd7cf5aac00ae908d1072d5d1214998923c48,2.625
f60_a0_p06_s02_w0.25,f60_a0_p06_s02,00394fce14030f2714ee1b0d95dfd7cf5aac00ae908d1072d5d1214998923c48,2.625
f60_a0_p06_s02_w0.50,f60_a0_p06_s02,00394fce14030f2714ee1b0d95dfd7cf5aac00ae908d1072d5d1214998923c48,2.625
f60_a0_p06_s02_w0.75,f60_a0_p06_s02,00394fce14030f2714ee1b0d95dfd7cf5aac00ae908d1072d5d1214998923c48,2.625
f60_a0_p06_s02_w1.00,f60_a0_p06_s02,00394fce14030f2714ee1b0d95dfd7cf5aac00ae908d1072d5d1214998923c48,2.625
f60_a0_p06_s03_w0.00,f60_a0_p06_s03,51cd67556b660710b7ac2e3070e3c1150d838a7bab1b43ad055a99d96d535d3e,3.84765625
f60_a0_p06_s03_w0.25,f60_a0_p06_s03,51cd67556b660710b7ac2e3070e3c1150d838a7bab1b43ad055a99d96d535d3e,3.84765625
f60_a0_p06_s03_w0.50,f60_a0_p06_s03,51cd67556b660710b7ac2e3070e3c1150d838a7bab1b43ad055a99d96d535d3e,3.84765625
f60_a0_p06_s03_w0.75,f60_a0_p06_s03,51cd67556b660710b7ac2e3070e3c1150d838a7bab1b43ad055a99d96d535d3e,3.84765625
f60_a0_p06_s03_w1.00,f60_a0_p06_s03,51cd67556b660710b7ac2e3070e3c1150d838a7bab1b43ad055a99d96d535d3e,3.84765625
f60_a0_p06_s04_w0.00,f60_a0_p06_s04,318254c6adc421ed32c5e9144fd8896078e3bb4b9c640f4b00509bdb8faf7fe1,5.1484375
f60_a0_p06_s04_w0.25,f60_a0_p06_s04,318254c6adc421ed32c5e9144fd8896078e3bb4b9c640f4b00509bdb8faf7fe1,5.1484375
f60_a0_p06_s04_w0.50,f60_a0_p06_s04,318254c6adc421ed32c5e9144fd8896078e3bb4b9c640f4b00509bdb8faf7fe1,5.1484375
f60_a0_p06_s04_w0.75,f60_a0_p06_s04,318254c6adc421ed32c5e9144fd8896078e3bb4b9c640f4b00509bdb8faf7fe1,5.1484375
f60_a0_p06_s04_w1.00,f60_a0_p06_s04,318254c6adc421ed32c5e9144fd8896078e3bb4b9c640f4b00509bdb8faf7fe1,5.1484375
f60_a1_p06_s00_w0.00,f60_a1_p06_s00,2ef04f6901eeafdc08873d52e82c64d2ca8505279c2dae19215944a467bb2d32,4.92578125
f60_a1_p06_s00_w0.25,f60_a1_p06_s00,2ef04f6901eeafdc08873d52e82c64d2ca8505279c2dae19215944a467bb2d32,4.92578125
f60_a1_p06_s00_w0.50,f60_a1_p06_s00,2ef04f6901eeafdc08873d52e82c64d2ca8505279c2dae19215944a467bb2d32,4.92578125
f60_a1_p06_s00_w0.75,f60_a1_p06_s00,2ef04f6901eeafdc08873d52e82c64d2ca8505279c2dae19215944a467bb2d32,4.92578125
f60_a1_p06_s00_w1.00,f60_a1_p06_s00,2ef04f6901eeafdc08873d52e82c64d2ca8505279c2dae19215944a467bb2d32,4.92578125
f60_a1_p06_s01_w0.00,f60_a1_p06_s01,45e367b0216fe30d88e71b6235265f1786f78b95f34b2ef3d4aab7644d12c011,-3.91796875
f60_a1_p06_s01_w0.25,f60_a1_p06_s01,45e367b0216fe30d88e71b6235265f1786f78b95f34b2ef3d4aab7644d12c011,-3.91796875
f60_a1_p06_s01_w0.50,f60_a1_p06_s01,45e367b0216fe30d88e71b6235265f1786f78b95f34b2ef3d4aab7644d12c011,-3.91796875
f60_a1_p06_s01_w0.75,f60_a1_p06_s01,45e367b0216fe30d88e71b6235265f1786f78b95f34b2ef3d4aab7644d12c011,-3.91796875
f60_a1_p06_s01_w1.00,f60_a1_p06_s01,45e367b0216fe30d88e71b6235265f1786f78b95f34b2ef3d4aab7644d12c011,-3.91796875
f60_a1_p06_s02_w0.00,f60_a1_p06_s02,00394fce14030f2714ee1b0d95dfd7cf5aac00ae908d1072d5d1214998923c48,2.625
f60_a1_p06_s02_w0.25,f60_a1_p06_s02,00394fce14030f2714ee1b0d95dfd7cf5aac00ae908d1072d5d1214998923c48,2.625
f60_a1_p06_s02_w0.50,f60_a1_p06_s02,00394fce14030f2714ee1b0d95dfd7cf5aac00ae908d1072d5d1214998923c48,2.625
f60_a1_p06_s02_w0.75,f60_a1_p06_s02,00394fce14030f2714ee1b0d95dfd7cf5aac00ae908d1072d5d1214998923c48,2.625
f60_a1_p06_s02_w1.00,f60_a1_p06_s02,00394fce14030f2714ee1b0d95dfd7cf5aac00ae908d1072d5d1214998923c48,2.625
f60_a1_p06_s03_w0.00,f60_a1_p06_s03,51cd67556b660710b7ac2e3070e3c1150d838a7bab1b43ad055a99d96d535d3e,3.84765625
f60_a1_p06_s03_w0.25,f60_a1_p06_s03,51cd67556b660710b7ac2e3070e3c1150d838a7bab1b43ad055a99d96d535d3e,3.84765625
f60_a1_p06_s03_w0.50,f60_a1_p06_s03,51cd67556b660710b7ac2e3070e3c1150d838a7bab1b43ad055a99d96d535d3e,3.84765625
f60_a1_p06_s03_w0.75,f60_a1_p06_s03,51cd67556b660710b7ac2e3070e3c1150d838a7bab1b43ad055a99d96d535d3e,3.84765625
f60_a1_p06_s03_w1.00,f60_a1_p06_s03,51cd67556b660710b7ac2e3070e3c1150d838a7bab1b43ad055a99d96d535d3e,3.84765625
f60_a1_p06_s04_w0.00,f60_a1_p06_s04,11750df607caec71f4577509fb00eb669ffbef817fec866616ffade39190e5ea,-0.86962890625
f60_a1_p06_s04_w0.25,f60_a1_p06_s04,11750df607caec71f4577509fb00eb669ffbef817fec866616ffade39190e5ea,-0.86962890625
f60_a1_p06_s04_w0.50,f60_a1_p06_s04,11750df607caec71f4577509fb00eb669ffbef817fec866616ffade39190e5ea,-0.86962890625
f60_a1_p06_s04_w0.75,f60_a1_p06_s04,11750df607caec71f4577509fb00eb669ffbef817fec866616ffade39190e5ea,-0.86962890625
f60_a1_p06_s04_w1.00,f60_a1_p06_s04,11750df607caec71f4577509fb00eb669ffbef817fec866616ffade39190e5ea,-0.86962890625
f60_a2_p06_s00_w0.00,f60_a2_p06_s00,55c62fffd310064c77d3032a908c16824703ea5737e7f8dbf35d32e740933c60,4.23828125
f60_a2_p06_s00_w0.25,f60_a2_p06_s00,55c62fffd310064c77d3032a908c16824703ea5737e7f8dbf35d32e740933c60,4.23828125
f60_a2_p06_s00_w0.50,f60_a2_p06_s00,55c62fffd310064c77d3032a908c16824703ea5737e7f8dbf35d32e740933c60,4.23828125
f60_a2_p06_s00_w0.75,f60_a2_p06_s00,55c62fffd310064c77d3032a908c16824703ea5737e7f8dbf35d32e740933c60,4.23828125
f60_a2_p06_s00_w1.00,f60_a2_p06_s00,55c62fffd310064c77d3032a908c16824703ea5737e7f8dbf35d32e740933c60,4.23828125
f60_a2_p06_s01_w0.00,f60_a2_p06_s01,a13120390736600975397d19ebb873c193143c78b286c3c0f4f3dc92c12f3d15,2.205078125
f60_a2_p06_s01_w0.25,f60_a2_p06_s01,a13120390736600975397d19ebb873c193143c78b286c3c0f4f3dc92c12f3d15,2.205078125
f60_a2_p06_s01_w0.50,f60_a2_p06_s01,a13120390736600975397d19ebb873c193143c78b286c3c0f4f3dc92c12f3d15,2.205078125
f60_a2_p06_s01_w0.75,f60_a2_p06_s01,a13120390736600975397d19ebb873c193143c78b286c3c0f4f3dc92c12f3d15,2.205078125
f60_a2_p06_s01_w1.00,f60_a2_p06_s01,a13120390736600975397d19ebb873c193143c78b286c3c0f4f3dc92c12f3d15,2.205078125
f60_a2_p06_s02_w0.00,f60_a2_p06_s02,28e917f8517a4fef62e8ac618b7a13f5c780aac9fcd26ea55199430beb72bce5,2.46484375
f60_a2_p06_s02_w0.25,f60_a2_p06_s02,28e917f8517a4fef62e8ac618b7a13f5c780aac9fcd26ea55199430beb72bce5,2.46484375
f60_a2_p06_s02_w0.50,f60_a2_p06_s02,28e917f8517a4fef62e8ac618b7a13f5c780aac9fcd26ea55199430beb72bce5,2.46484375
f60_a2_p06_s02_w0.75,f60_a2_p06_s02,28e917f8517a4fef62e8ac618b7a13f5c780aac9fcd26ea55199430beb72bce5,2.46484375
f60_a2_p06_s02_w1.00,f60_a2_p06_s02,28e917f8517a4fef62e8ac618b7a13f5c780aac9fcd26ea55199430beb72bce5,2.46484375
f60_a2_p06_s03_w0.00,f60_a2_p06_s03,75eb70efb881d572776d0c6eee6f1c266240fb9a26d8d94e0390e809c13a462d,4.5
f60_a2_p06_s03_w0.25,f60_a2_p06_s03,75eb70efb881d572776d0c6eee6f1c266240fb9a26d8d94e0390e809c13a462d,4.5
f60_a2_p06_s03_w0.50,f60_a2_p06_s03,75eb70efb881d572776d0c6eee6f1c266240fb9a26d8d94e0390e809c13a462d,4.5
f60_a2_p06_s03_w0.75,f60_a2_p06_s03,75eb70efb881d572776d0c6eee6f1c266240fb9a26d8d94e0390e809c13a462d,4.5
f60_a2_p06_s03_w1.00,f60_a2_p06_s03,75eb70efb881d572776d0c6eee6f1c266240fb9a26d8d94e0390e809c13a462d,4.5
f60_a2_p06_s04_w0.00,f60_a2_p06_s04,8a3d94b19711a09edd03e6ae9bb635abf64ab92562a7bbf43ddc60e75b5dbba5,5.52734375
f60_a2_p06_s04_w0.25,f60_a2_p06_s04,8a3d94b19711a09edd03e6ae9bb635abf64ab92562a7bbf43ddc60e75b5dbba5,5.52734375
f60_a2_p06_s04_w0.50,f60_a2_p06_s04,8a3d94b19711a09edd03e6ae9bb635abf64ab92562a7bbf43ddc60e75b5dbba5,5.52734375
f60_a2_p06_s04_w0.75,f60_a2_p06_s04,8a3d94b19711a09edd03e6ae9bb635abf64ab92562a7bbf43ddc60e75b5dbba5,5.52734375
f60_a2_p06_s04_w1.00,f60_a2_p06_s04,8a3d94b19711a09edd03e6ae9bb635abf64ab92562a7bbf43ddc60e75b5dbba5,5.52734375
f60_a3_p06_s00_w0.00,f60_a3_p06_s00,9931f9c4ee9aee3d5006f384f3c9c8174de01b4c009efc4339a861a1a4009736,-2.50390625
f60_a3_p06_s00_w0.25,f60_a3_p06_s00,9931f9c4ee9aee3d5006f384f3c9c8174de01b4c009efc4339a861a1a4009736,-2.50390625
f60_a3_p06_s00_w0.50,f60_a3_p06_s00,9931f9c4ee9aee3d5006f384f3c9c8174de01b4c009efc4339a861a1a4009736,-2.50390625
f60_a3_p06_s00_w0.75,f60_a3_p06_s00,9931f9c4ee9aee3d5006f384f3c9c8174de01b4c009efc4339a861a1a4009736,-2.50390625
f60_a3_p06_s00_w1.00,f60_a3_p06_s00,9931f9c4ee9aee3d5006f384f3c9c8174de01b4c009efc4339a861a1a4009736,-2.50390625
f60_a3_p06_s01_w0.00,f60_a3_p06_s01,d43733dd7b7e9592cc94b0b2b48b45e111790bfd98fca6c8c09f4e8d61be6176,-0.01555633544921875
f60_a3_p06_s01_w0.25,f60_a3_p06_s01,d43733dd7b7e9592cc94b0b2b48b45e111790bfd98fca6c8c09f4e8d61be6176,-0.01555633544921875
f60_a3_p06_s01_w0.50,f60_a3_p06_s01,d43733dd7b7e9592cc94b0b2b48b45e111790bfd98fca6c8c09f4e8d61be6176,-0.01555633544921875
f60_a3_p06_s01_w0.75,f60_a3_p06_s01,d43733dd7b7e9592cc94b0b2b48b45e111790bfd98fca6c8c09f4e8d61be6176,-0.01555633544921875
f60_a3_p06_s01_w1.00,f60_a3_p06_s01,e11c267e382b4b03a4863aa1531f1736df5501b8c0c665229408e55c0efa0b30,3.455078125
f60_a3_p06_s02_w0.00,f60_a3_p06_s02,1fa62ee24005967d05ee7b270ed232454cd33eb2cf5159e63d3e6622e47f58c8,3.568359375
f60_a3_p06_s02_w0.25,f60_a3_p06_s02,1fa62ee24005967d05ee7b270ed232454cd33eb2cf5159e63d3e6622e47f58c8,3.568359375
f60_a3_p06_s02_w0.50,f60_a3_p06_s02,7321e5fbb4c494a6b3a02196d37460cbd5ded8d6d2c22ba34d7ea7b178ca9685,3.51171875
f60_a3_p06_s02_w0.75,f60_a3_p06_s02,7321e5fbb4c494a6b3a02196d37460cbd5ded8d6d2c22ba34d7ea7b178ca9685,3.51171875
f60_a3_p06_s02_w1.00,f60_a3_p06_s02,7321e5fbb4c494a6b3a02196d37460cbd5ded8d6d2c22ba34d7ea7b178ca9685,3.51171875
f60_a3_p06_s03_w0.00,f60_a3_p06_s03,64d362b8fc8711500b3d798549eb645a2953d90b0d460ff4638a94d27174a477,4.58203125
f60_a3_p06_s03_w0.25,f60_a3_p06_s03,64d362b8fc8711500b3d798549eb645a2953d90b0d460ff4638a94d27174a477,4.58203125
f60_a3_p06_s03_w0.50,f60_a3_p06_s03,64d362b8fc8711500b3d798549eb645a2953d90b0d460ff4638a94d27174a477,4.58203125
f60_a3_p06_s03_w0.75,f60_a3_p06_s03,64d362b8fc8711500b3d798549eb645a2953d90b0d460ff4638a94d27174a477,4.58203125
f60_a3_p06_s03_w1.00,f60_a3_p06_s03,64d362b8fc8711500b3d798549eb645a2953d90b0d460ff4638a94d27174a477,4.58203125
f60_a3_p06_s04_w0.00,f60_a3_p06_s04,909433ce46c15c5bde5d7901e73389e90139017b032345b80b68b6807e3c5a85,7.71484375
f60_a3_p06_s04_w0.25,f60_a3_p06_s04,909433ce46c15c5bde5d7901e73389e90139017b032345b80b68b6807e3c5a85,7.71484375
f60_a3_p06_s04_w0.50,f60_a3_p06_s04,909433ce46c15c5bde5d7901e73389e90139017b032345b80b68b6807e3c5a85,7.71484375
f60_a3_p06_s04_w0.75,f60_a3_p06_s04,909433ce46c15c5bde5d7901e73389e90139017b032345b80b68b6807e3c5a85,7.71484375
f60_a3_p06_s04_w1.00,f60_a3_p06_s04,909433ce46c15c5bde5d7901e73389e90139017b032345b80b68b6807e3c5a85,7.71484375
f60_a4_p06_s00_w0.00,f60_a4_p06_s00,9931f9c4ee9aee3d5006f384f3c9c8174de01b4c009efc4339a861a1a4009736,-2.50390625
f60_a4_p06_s00_w0.25,f60_a4_p06_s00,9931f9c4ee9aee3d5006f384f3c9c8174de01b4c009efc4339a861a1a4009736,-2.50390625
f60_a4_p06_s00_w0.50,f60_a4_p06_s00,9931f9c4ee9aee3d5006f384f3c9c8174de01b4c009efc4339a861a1a4009736,-2.50390625
f60_a4_p06_s00_w0.75,f60_a4_p06_s00,9931f9c4ee9aee3d5006f384f3c9c8174de01b4c009efc4339a861a1a4009736,-2.50390625
f60_a4_p06_s00_w1.00,f60_a4_p06_s00,9931f9c4ee9aee3d5006f384f3c9c8174de01b4c009efc4339a861a1a4009736,-2.50390625
f60_a4_p06_s01_w0.00,f60_a4_p06_s01,d43733dd7b7e9592cc94b0b2b48b45e111790bfd98fca6c8c09f4e8d61be6176,-0.01555633544921875
f60_a4_p06_s01_w0.25,f60_a4_p06_s01,d43733dd7b7e9592cc94b0b2b48b45e111790bfd98fca6c8c09f4e8d61be6176,-0.01555633544921875
f60_a4_p06_s01_w0.50,f60_a4_p06_s01,d43733dd7b7e9592cc94b0b2b48b45e111790bfd98fca6c8c09f4e8d61be6176,-0.01555633544921875
f60_a4_p06_s01_w0.75,f60_a4_p06_s01,d43733dd7b7e9592cc94b0b2b48b45e111790bfd98fca6c8c09f4e8d61be6176,-0.01555633544921875
f60_a4_p06_s01_w1.00,f60_a4_p06_s01,e11c267e382b4b03a4863aa1531f1736df5501b8c0c665229408e55c0efa0b30,3.455078125
f60_a4_p06_s02_w0.00,f60_a4_p06_s02,1fa62ee24005967d05ee7b270ed232454cd33eb2cf5159e63d3e6622e47f58c8,3.568359375
f60_a4_p06_s02_w0.25,f60_a4_p06_s02,1006b933ffebc1d652065dfb7378c58dd1943369be7d57b6fb8d4702678b4bff,4.28125
f60_a4_p06_s02_w0.50,f60_a4_p06_s02,1006b933ffebc1d652065dfb7378c58dd1943369be7d57b6fb8d4702678b4bff,4.28125
f60_a4_p06_s02_w0.75,f60_a4_p06_s02,1006b933ffebc1d652065dfb7378c58dd1943369be7d57b6fb8d4702678b4bff,4.28125
f60_a4_p06_s02_w1.00,f60_a4_p06_s02,1006b933ffebc1d652065dfb7378c58dd1943369be7d57b6fb8d4702678b4bff,4.28125
f60_a4_p06_s03_w0.00,f60_a4_p06_s03,47735e553b71df392044ce9bec7d78b72a31443715c9cbe4413b70cb84d44044,5.0625
f60_a4_p06_s03_w0.25,f60_a4_p06_s03,47735e553b71df392044ce9bec7d78b72a31443715c9cbe4413b70cb84d44044,5.0625
f60_a4_p06_s03_w0.50,f60_a4_p06_s03,47735e553b71df392044ce9bec7d78b72a31443715c9cbe4413b70cb84d44044,5.0625
f60_a4_p06_s03_w0.75,f60_a4_p06_s03,47735e553b71df392044ce9bec7d78b72a31443715c9cbe4413b70cb84d44044,5.0625
f60_a4_p06_s03_w1.00,f60_a4_p06_s03,47735e553b71df392044ce9bec7d78b72a31443715c9cbe4413b70cb84d44044,5.0625
f60_a4_p06_s04_w0.00,f60_a4_p06_s04,fd48a0110d093ce864a4e10fed62be049ad2a3626618714fd94a30fe29a46e7f,6.73046875
f60_a4_p06_s04_w0.25,f60_a4_p06_s04,fd48a0110d093ce864a4e10fed62be049ad2a3626618714fd94a30fe29a46e7f,6.73046875
f60_a4_p06_s04_w0.50,f60_a4_p06_s04,fd48a0110d093ce864a4e10fed62be049ad2a3626618714fd94a30fe29a46e7f,6.73046875
f60_a4_p06_s04_w0.75,f60_a4_p06_s04,fd48a0110d093ce864a4e10fed62be049ad2a3626618714fd94a30fe29a46e7f,6.73046875
f60_a4_p06_s04_w1.00,f60_a4_p06_s04,fd48a0110d093ce864a4e10fed62be049ad2a3626618714fd94a30fe29a46e7f,6.73046875
f60_a0_p07_s00_w0.00,f60_a0_p07_s00,98363def346611917f970ea2b3635ddc4b84f183ab56fe9a496187b7d2b6158b,0.250244140625
f60_a0_p07_s00_w0.25,f60_a0_p07_s00,98363def346611917f970ea2b3635ddc4b84f183ab56fe9a496187b7d2b6158b,0.250244140625
f60_a0_p07_s00_w0.50,f60_a0_p07_s00,98363def346611917f970ea2b3635ddc4b84f183ab56fe9a496187b7d2b6158b,0.250244140625
f60_a0_p07_s00_w0.75,f60_a0_p07_s00,98363def346611917f970ea2b3635ddc4b84f183ab56fe9a496187b7d2b6158b,0.250244140625
f60_a0_p07_s00_w1.00,f60_a0_p07_s00,98363def346611917f970ea2b3635ddc4b84f183ab56fe9a496187b7d2b6158b,0.250244140625
f60_a0_p07_s01_w0.00,f60_a0_p07_s01,e03cdf6dce9050369e8a053f2f37e45b064cecf58a56c4567850fd2bba4d00a3,4.38671875
f60_a0_p07_s01_w0.25,f60_a0_p07_s01,e03cdf6dce9050369e8a053f2f37e45b064cecf58a56c4567850fd2bba4d00a3,4.38671875
f60_a0_p07_s01_w0.50,f60_a0_p07_s01,e03cdf6dce9050369e8a053f2f37e45b064cecf58a56c4567850fd2bba4d00a3,4.38671875
f60_a0_p07_s01_w0.75,f60_a0_p07_s01,e03cdf6dce9050369e8a053f2f37e45b064cecf58a56c4567850fd2bba4d00a3,4.38671875
f60_a0_p07_s01_w1.00,f60_a0_p07_s01,e03cdf6dce9050369e8a053f2f37e45b064cecf58a56c4567850fd2bba4d00a3,4.38671875
f60_a0_p07_s02_w0.00,f60_a0_p07_s02,c5bbf4fe4000316794f67d92692f15d24c7406f677197c392a5f0912f7938288,4.97265625
f60_a0_p07_s02_w0.25,f60_a0_p07_s02,c5bbf4fe4000316794f67d92692f15d24c7406f677197c392a5f0912f7938288,4.97265625
f60_a0_p07_s02_w0.50,f60_a0_p07_s02,c5bbf4fe4000316794f67d92692f15d24c7406f677197c392a5f0912f7938288,4.97265625
f60_a0_p07_s02_w0.75,f60_a0_p07_s02,c5bbf4fe4000316794f67d92692f15d24c7406f677197c392a5f0912f7938288,4.97265625
f60_a0_p07_s02_w1.00,f60_a0_p07_s02,c5bbf4fe4000316794f67d92692f15d24c7406f677197c392a5f0912f7938288,4.97265625
f60_a0_p07_s03_w0.00,f60_a0_p07_s03,17a19ab4f4b0a036f4751bc44aff919cfbd448a780c989a1d73eff453d90aa6a,6.76953125
f60_a0_p07_s03_w0.25,f60_a0_p07_s03,17a19ab4f4b0a036f4751bc44aff919cfbd448a780c989a1d73eff453d90aa6a,6.76953125
f60_a0_p07_s03_w0.50,f60_a0_p07_s03,17a19ab4f4b0a036f4751bc44aff919cfbd448a780c989a1d73eff453d90aa6a,6.76953125
f60_a0_p07_s03_w0.75,f60_a0_p07_s03,17a19ab4f4b0a036f4751bc44aff919cfbd448a780c989a1d73eff453d90aa6a,6.76953125
f60_a0_p07_s03_w1.00,f60_a0_p07_s03,17a19ab4f4b0a036f4751bc44aff919cfbd448a780c989a1d73eff453d90aa6a,6.76953125
f60_a0_p07_s04_w0.00,f60_a0_p07_s04,b43a58daa47e1ca9034daa76cd2ccb823899c8dd85596f04582f5041404a3096,-2.453125
f60_a0_p07_s04_w0.25,f60_a0_p07_s04,b43a58daa47e1ca9034daa76cd2ccb823899c8dd85596f04582f5041404a3096,-2.453125
f60_a0_p07_s04_w0.50,f60_a0_p07_s04,b43a58daa47e1ca9034daa76cd2ccb823899c8dd85596f04582f5041404a3096,-2.453125
f60_a0_p07_s04_w0.75,f60_a0_p07_s04,b43a58daa47e1ca9034daa76cd2ccb823899c8dd85596f04582f5041404a3096,-2.453125
f60_a0_p07_s04_w1.00,f60_a0_p07_s04,b43a58daa47e1ca9034daa76cd2ccb823899c8dd85596f04582f5041404a3096,-2.453125
f60_a1_p07_s00_w0.00,f60_a1_p07_s00,6aaa070cc25a28bc8ed55a693169375eebaab90e455d453e06f2bcd7ea61153b,0.290771484375
f60_a1_p07_s00_w0.25,f60_a1_p07_s00,6aaa070cc25a28bc8ed55a693169375eebaab90e455d453e06f2bcd7ea61153b,0.290771484375
f60_a1_p07_s00_w0.50,f60_a1_p07_s00,6aaa070cc25a28bc8ed55a693169375eebaab90e455d453e06f2bcd7ea61153b,0.290771484375
f60_a1_p07_s00_w0.75,f60_a1_p07_s00,6aaa070cc25a28bc8ed55a693169375eebaab90e455d453e06f2bcd7ea61153b,0.290771484375
f60_a1_p07_s00_w1.00,f60_a1_p07_s00,6aaa070cc25a28bc8ed55a693169375eebaab90e455d453e06f2bcd7ea61153b,0.290771484375
f60_a1_p07_s01_w0.00,f60_a1_p07_s01,c4a28c433526864a0d8693f57eba367112efb561a2b033fa4bc8c9ff4398b2b4,4.203125
f60_a1_p07_s01_w0.25,f60_a1_p07_s01,c4a28c433526864a0d8693f57eba367112efb561a2b033fa4bc8c9ff4398b2b4,4.203125
f60_a1_p07_s01_w0.50,f60_a1_p07_s01,c4a28c433526864a0d8693f57eba367112efb561a2b033fa4bc8c9ff4398b2b4,4.203125
f60_a1_p07_s01_w0.75,f60_a1_p07_s01,c4a28c433526864a0d8693f57eba367112efb561a2b033fa4bc8c9ff4398b2b4,4.203125
f60_a1_p07_s01_w1.00,f60_a1_p07_s01,c4a28c433526864a0d8693f57eba367112efb561a2b033fa4bc8c9ff4398b2b4,4.203125
f60_a1_p07_s02_w0.00,f60_a1_p07_s02,39e22744ee1085a64b796b59ebea070896b43ec1d4c9f96d03b07971417b23e0,5.76953125
f60_a1_p07_s02_w0.25,f60_a1_p07_s02,39e22744ee1085a64b796b59ebea070896b43ec1d4c9f96d03b07971417b23e0,5.76953125
f60_a1_p07_s02_w0.50,f60_a1_p07_s02,39e22744ee1085a64b796b59ebea070896b43ec1d4c9f96d03b07971417b23e0,5.76953125
f60_a1_p07_s02_w0.75,f60_a1_p07_s02,39e22744ee1085a64b796b59ebea070896b43ec1d4c9f96d03b07971417b23e0,5.76953125
f60_a1_p07_s02_w1.00,f60_a1_p07_s02,39e22744ee1085a64b796b59ebea070896b43ec1d4c9f96d03b07971417b23e0,5.76953125
f60_a1_p07_s03_w0.00,f60_a1_p07_s03,f0bd45a0aa49d32abb3f1adb6759fa578d8c107bc97a81b50e4925927b7bc83f,4.48046875
f60_a1_p07_s03_w0.25,f60_a1_p07_s03,f0bd45a0aa49d32abb3f1adb6759fa578d8c107bc97a81b50e4925927b7bc83f,4.48046875
f60_a1_p07_s03_w0.50,f60_a1_p07_s03,f0bd45a0aa49d32abb3f1adb6759fa578d8c107bc97a81b50e4925927b7bc83f,4.48046875
f60_a1_p07_s03_w0.75,f60_a1_p07_s03,f0bd45a0aa49d32abb3f1adb6759fa578d8c107bc97a81b50e4925927b7bc83f,4.48046875
f60_a1_p07_s03_w1.00,f60_a1_p07_s03,f0bd45a0aa49d32abb3f1adb6759fa578d8c107bc97a81b50e4925927b7bc83f,4.48046875
f60_a1_p07_s04_w0.00,f60_a1_p07_s04,8c09ff3a5117685587735a165349a7b4141cd19ec5f5ce19a3bd12b3448361b1,3.7578125
f60_a1_p07_s04_w0.25,f60_a1_p07_s04,8c09ff3a5117685587735a165349a7b4141cd19ec5f5ce19a3bd12b3448361b1,3.7578125
f60_a1_p07_s04_w0.50,f60_a1_p07_s04,8c09ff3a5117685587735a165349a7b4141cd19ec5f5ce19a3bd12b3448361b1,3.7578125
f60_a1_p07_s04_w0.75,f60_a1_p07_s04,8c09ff3a5117685587735a165349a7b4141cd19ec5f5ce19a3bd12b3448361b1,3.7578125
f60_a1_p07_s04_w1.00,f60_a1_p07_s04,8c09ff3a5117685587735a165349a7b4141cd19ec5f5ce19a3bd12b3448361b1,3.7578125
f60_a2_p07_s00_w0.00,f60_a2_p07_s00,61f7e7e835dd2dad3e718c5767106efdc641aae19bd5f9b6a7732101d7b68b1d,-3.73828125
f60_a2_p07_s00_w0.25,f60_a2_p07_s00,61f7e7e835dd2dad3e718c5767106efdc641aae19bd5f9b6a7732101d7b68b1d,-3.73828125
f60_a2_p07_s00_w0.50,f60_a2_p07_s00,61f7e7e835dd2dad3e718c5767106efdc641aae19bd5f9b6a7732101d7b68b1d,-3.73828125
f60_a2_p07_s00_w0.75,f60_a2_p07_s00,61f7e7e835dd2dad3e718c5767106efdc641aae19bd5f9b6a7732101d7b68b1d,-3.73828125
f60_a2_p07_s00_w1.00,f60_a2_p07_s00,61f7e7e835dd2dad3e718c5767106efdc641aae19bd5f9b6a7732101d7b68b1d,-3.73828125
f60_a2_p07_s01_w0.00,f60_a2_p07_s01,aa80e8a012d5a792a0013a103662e583c694dd28f33945d7b6f3cd2bcd294d62,1.251953125
f60_a2_p07_s01_w0.25,f60_a2_p07_s01,aa80e8a012d5a792a0013a103662e583c694dd28f33945d7b6f3cd2bcd294d62,1.251953125
f60_a2_p07_s01_w0.50,f60_a2_p07_s01,aa80e8a012d5a792a0013a103662e583c694dd28f33945d7b6f3cd2bcd294d62,1.251953125
f60_a2_p07_s01_w0.75,f60_a2_p07_s01,aa80e8a012d5a792a0013a103662e583c694dd28f33945d7b6f3cd2bcd294d62,1.251953125
f60_a2_p07_s01_w1.00,f60_a2_p07_s01,aa80e8a012d5a792a0013a103662e583c694dd28f33945d7b6f3cd2bcd294d62,1.251953125
f60_a2_p07_s02_w0.00,f60_a2_p07_s02,5d69b630c19c774d395909f7de356a1f9dcbbcc1dfa72aed4d48d5ec36a85a90,1.421875
f60_a2_p07_s02_w0.25,f60_a2_p07_s02,5d69b630c19c774d395909f7de356a1f9dcbbcc1dfa72aed4d48d5ec36a85a90,1.421875
f60_a2_p07_s02_w0.50,f60_a2_p07_s02,5d69b630c19c774d395909f7de356a1f9dcbbcc1dfa72aed4d48d5ec36a85a90,1.421875
f60_a2_p07_s02_w0.75,f60_a2_p07_s02,5d69b630c19c774d395909f7de356a1f9dcbbcc1dfa72aed4d48d5ec36a85a90,1.421875
f60_a2_p07_s02_w1.00,f60_a2_p07_s02,5d69b630c19c774d395909f7de356a1f9dcbbcc1dfa72aed4d48d5ec36a85a90,1.421875
f60_a2_p07_s03_w0.00,f60_a2_p07_s03,b444f7ab40e99eec74a507aaaa8f07b8a8658be75c3724fd5d3abe047f1a7c9e,5.4609375
f60_a2_p07_s03_w0.25,f60_a2_p07_s03,eae4f414a7a988093f885b283e8aac9a85676775c7a11c7611f442521037d1fb,5.1328125
f60_a2_p07_s03_w0.50,f60_a2_p07_s03,eae4f414a7a988093f885b283e8aac9a85676775c7a11c7611f442521037d1fb,5.1328125
f60_a2_p07_s03_w0.75,f60_a2_p07_s03,eae4f414a7a988093f885b283e8aac9a85676775c7a11c7611f442521037d1fb,5.1328125
f60_a2_p07_s03_w1.00,f60_a2_p07_s03,eae4f414a7a988093f885b283e8aac9a85676775c7a11c7611f442521037d1fb,5.1328125
f60_a2_p07_s04_w0.00,f60_a2_p07_s04,24275c505eca8579dbc450f68d61affd4a20c6061a6b3a24211a44c6cfb167e1,4.0546875
f60_a2_p07_s04_w0.25,f60_a2_p07_s04,24275c505eca8579dbc450f68d61affd4a20c6061a6b3a24211a44c6cfb167e1,4.0546875
f60_a2_p07_s04_w0.50,f60_a2_p07_s04,24275c505eca8579dbc450f68d61affd4a20c6061a6b3a24211a44c6cfb167e1,4.0546875
f60_a2_p07_s04_w0.75,f60_a2_p07_s04,24275c505eca8579dbc450f68d61affd4a20c6061a6b3a24211a44c6cfb167e1,4.0546875
f60_a2_p07_s04_w1.00,f60_a2_p07_s04,24275c505eca8579dbc450f68d61affd4a20c6061a6b3a24211a44c6cfb167e1,4.0546875
f60_a3_p07_s00_w0.00,f60_a3_p07_s00,61f7e7e835dd2dad3e718c5767106efdc641aae19bd5f9b6a7732101d7b68b1d,-3.73828125
f60_a3_p07_s00_w0.25,f60_a3_p07_s00,61f7e7e835dd2dad3e718c5767106efdc641aae19bd5f9b6a7732101d7b68b1d,-3.73828125
f60_a3_p07_s00_w0.50,f60_a3_p07_s00,61f7e7e835dd2dad3e718c5767106efdc641aae19bd5f9b6a7732101d7b68b1d,-3.73828125
f60_a3_p07_s00_w0.75,f60_a3_p07_s00,61f7e7e835dd2dad3e718c5767106efdc641aae19bd5f9b6a7732101d7b68b1d,-3.73828125
f60_a3_p07_s00_w1.00,f60_a3_p07_s00,61f7e7e835dd2dad3e718c5767106efdc641aae19bd5f9b6a7732101d7b68b1d,-3.73828125
f60_a3_p07_s01_w0.00,f60_a3_p07_s01,ac36a23dd41ebd94375b720a05ce2534b9e6656ea4887084b7b93e4b03d6b5d9,1.04296875
f60_a3_p07_s01_w0.25,f60_a3_p07_s01,ac36a23dd41ebd94375b720a05ce2534b9e6656ea4887084b7b93e4b03d6b5d9,1.04296875
f60_a3_p07_s01_w0.50,f60_a3_p07_s01,ac36a23dd41ebd94375b720a05ce2534b9e6656ea4887084b7b93e4b03d6b5d9,1.04296875
f60_a3_p07_s01_w0.75,f60_a3_p07_s01,ac36a23dd41ebd94375b720a05ce2534b9e6656ea4887084b7b93e4b03d6b5d9,1.04296875
f60_a3_p07_s01_w1.00,f60_a3_p07_s01,ac36a23dd41ebd94375b720a05ce2534b9e6656ea4887084b7b93e4b03d6b5d9,1.04296875
f60_a3_p07_s02_w0.00,f60_a3_p07_s02,fecded4d549c71010c57a49c7248e1609d6448287662277fd8df21b2d378fc99,4.6328125
f60_a3_p07_s02_w0.25,f60_a3_p07_s02,fecded4d549c71010c57a49c7248e1609d6448287662277fd8df21b2d378fc99,4.6328125
f60_a3_p07_s02_w0.50,f60_a3_p07_s02,fecded4d549c71010c57a49c7248e1609d6448287662277fd8df21b2d378fc99,4.6328125
f60_a3_p07_s02_w0.75,f60_a3_p07_s02,fecded4d549c71010c57a49c7248e1609d6448287662277fd8df21b2d378fc99,4.6328125
f60_a3_p07_s02_w1.00,f60_a3_p07_s02,fecded4d549c71010c57a49c7248e1609d6448287662277fd8df21b2d378fc99,4.6328125
f60_a3_p07_s03_w0.00,f60_a3_p07_s03,a3abb003b3e47a23e155748a16cc8d1c27e697d1563c73c2467ceb8c5bfe5471,3.919921875
f60_a3_p07_s03_w0.25,f60_a3_p07_s03,a3abb003b3e47a23e155748a16cc8d1c27e697d1563c73c2467ceb8c5bfe5471,3.919921875
f60_a3_p07_s03_w0.50,f60_a3_p07_s03,a3abb003b3e47a23e155748a16cc8d1c27e697d1563c73c2467ceb8c5bfe5471,3.919921875
f60_a3_p07_s03_w0.75,f60_a3_p07_s03,a3abb003b3e47a23e155748a16cc8d1c27e697d1563c73c2467ceb8c5bfe5471,3.919921875
f60_a3_p07_s03_w1.00,f60_a3_p07_s03,a3abb003b3e47a23e155748a16cc8d1c27e697d1563c73c2467ceb8c5bfe5471,3.919921875
f60_a3_p07_s04_w0.00,f60_a3_p07_s04,fb0b35bacb00a9a9a94e3634679a288a6410103c73219504e1973a908aa0007e,5.13671875
f60_a3_p07_s04_w0.25,f60_a3_p07_s04,fb0b35bacb00a9a9a94e3634679a288a6410103c73219504e1973a908aa0007e,5.13671875
f60_a3_p07_s04_w0.50,f60_a3_p07_s04,fb0b35bacb00a9a9a94e3634679a288a6410103c73219504e1973a908aa0007e,5.13671875
f60_a3_p07_s04_w0.75,f60_a3_p07_s04,fb0b35bacb00a9a9a94e3634679a288a6410103c73219504e1973a908aa0007e,5.13671875
f60_a3_p07_s04_w1.00,f60_a3_p07_s04,fb0b35bacb00a9a9a94e3634679a288a6410103c73219504e1973a908aa0007e,5.13671875
f60_a4_p07_s00_w0.00,f60_a4_p07_s00,56265788dd84c292c32bcf09da60c20235801d8b8f89194f60853b0486ca4c21,-3.72265625
f60_a4_p07_s00_w0.25,f60_a4_p07_s00,56265788dd84c292c32bcf09da60c20235801d8b8f89194f60853b0486ca4c21,-3.72265625
f60_a4_p07_s00_w0.50,f60_a4_p07_s00,56265788dd84c292c32bcf09da60c20235801d8b8f89194f60853b0486ca4c21,-3.72265625
f60_a4_p07_s00_w0.75,f60_a4_p07_s00,56265788dd84c292c32bcf09da60c20235801d8b8f89194f60853b0486ca4c21,-3.72265625
f60_a4_p07_s00_w1.00,f60_a4_p07_s00,56265788dd84c292c32bcf09da60c20235801d8b8f89194f60853b0486ca4c21,-3.72265625
f60_a4_p07_s01_w0.00,f60_a4_p07_s01,5de93d395dbebb895862131fdf2e794831406e9f5046d0b6acc0fea6d4d417e6,0.72705078125
f60_a4_p07_s01_w0.25,f60_a4_p07_s01,5de93d395dbebb895862131fdf2e794831406e9f5046d0b6acc0fea6d4d417e6,0.72705078125
f60_a4_p07_s01_w0.50,f60_a4_p07_s01,5de93d395dbebb895862131fdf2e794831406e9f5046d0b6acc0fea6d4d417e6,0.72705078125
f60_a4_p07_s01_w0.75,f60_a4_p07_s01,5de93d395dbebb895862131fdf2e794831406e9f5046d0b6acc0fea6d4d417e6,0.72705078125
f60_a4_p07_s01_w1.00,f60_a4_p07_s01,5de93d395dbebb895862131fdf2e794831406e9f5046d0b6acc0fea6d4d417e6,0.72705078125
f60_a4_p07_s02_w0.00,f60_a4_p07_s02,fce2216dade23a4696e1cac03ab1ef89a42b483d0e234fba85bca8fa94a943b5,1.669921875
f60_a4_p07_s02_w0.25,f60_a4_p07_s02,fce2216dade23a4696e1cac03ab1ef89a42b483d0e234fba85bca8fa94a943b5,1.669921875
f60_a4_p07_s02_w0.50,f60_a4_p07_s02,fce2216dade23a4696e1cac03ab1ef89a42b483d0e234fba85bca8fa94a943b5,1.669921875
f60_a4_p07_s02_w0.75,f60_a4_p07_s02,fce2216dade23a4696e1cac03ab1ef89a42b483d0e234fba85bca8fa94a943b5,1.669921875
f60_a4_p07_s02_w1.00,f60_a4_p07_s02,fce2216dade23a4696e1cac03ab1ef89a42b483d0e234fba85bca8fa94a943b5,1.669921875
f60_a4_p07_s03_w0.00,f60_a4_p07_s03,ed592cfb4425862fb66572ee2eb6eac0db9e6eda7e550bcdd6c87d83b2c36019,4.6640625
f60_a4_p07_s03_w0.25,f60_a4_p07_s03,63cd8b466254705376c5a9b9ae170ccff0046e6eae6d7d3dfd4675038e8ed361,3.486328125
f60_a4_p07_s03_w0.50,f60_a4_p07_s03,63cd8b466254705376c5a9b9ae170ccff0046e6eae6d7d3dfd4675038e8ed361,3.486328125
f60_a4_p07_s03_w0.75,f60_a4_p07_s03,63cd8b466254705376c5a9b9ae170ccff0046e6eae6d7d3dfd4675038e8ed361,3.486328125
f60_a4_p07_s03_w1.00,f60_a4_p07_s03,63cd8b466254705376c5a9b9ae170ccff0046e6eae6d7d3dfd4675038e8ed361,3.486328125
f60_a4_p07_s04_w0.00,f60_a4_p07_s04,1afa6007918d828bba12f48faaf74eefaad3f26fec80c32b7ec27b940f9c95e7,3.759765625
f60_a4_p07_s04_w0.25,f60_a4_p07_s04,1afa6007918d828bba12f48faaf74eefaad3f26fec80c32b7ec27b940f9c95e7,3.759765625
f60_a4_p07_s04_w0.50,f60_a4_p07_s04,1afa6007918d828bba12f48faaf74eefaad3f26fec80c32b7ec27b940f9c95e7,3.759765625
f60_a4_p07_s04_w0.75,f60_a4_p07_s04,1afa6007918d828bba12f48faaf74eefaad3f26fec80c32b7ec27b940f9c95e7,3.759765625
f60_a4_p07_s04_w1.00,f60_a4_p07_s04,1afa6007918d828bba12f48faaf74eefaad3f26fec80c32b7ec27b940f9c95e7,3.759765625
f60_a0_p08_s00_w0.00,f60_a0_p08_s00,01a0a94624379d02b7f5c04d7c8159ad5123a85deb2996bff633fb869df221c2,-1.5224609375
f60_a0_p08_s00_w0.25,f60_a0_p08_s00,01a0a94624379d02b7f5c04d7c8159ad5123a85deb2996bff633fb869df221c2,-1.5224609375
f60_a0_p08_s00_w0.50,f60_a0_p08_s00,01a0a94624379d02b7f5c04d7c8159ad5123a85deb2996bff633fb869df221c2,-1.5224609375
f60_a0_p08_s00_w0.75,f60_a0_p08_s00,01a0a94624379d02b7f5c04d7c8159ad5123a85deb2996bff633fb869df221c2,-1.5224609375
f60_a0_p08_s00_w1.00,f60_a0_p08_s00,01a0a94624379d02b7f5c04d7c8159ad5123a85deb2996bff633fb869df221c2,-1.5224609375
f60_a0_p08_s01_w0.00,f60_a0_p08_s01,3b4afe5486d510d8f205d8e72f0f91789628d00bc8bc357ed0b7577de4035184,5.69921875
f60_a0_p08_s01_w0.25,f60_a0_p08_s01,3b4afe5486d510d8f205d8e72f0f91789628d00bc8bc357ed0b7577de4035184,5.69921875
f60_a0_p08_s01_w0.50,f60_a0_p08_s01,3b4afe5486d510d8f205d8e72f0f91789628d00bc8bc357ed0b7577de4035184,5.69921875
f60_a0_p08_s01_w0.75,f60_a0_p08_s01,35adefa80431bbd4301abaee02ff9f90e5d6e1d0e7b81603028c8b007c65d9fb,3.26171875
f60_a0_p08_s01_w1.00,f60_a0_p08_s01,35adefa80431bbd4301abaee02ff9f90e5d6e1d0e7b81603028c8b007c65d9fb,3.26171875
f60_a0_p08_s02_w0.00,f60_a0_p08_s02,cf8c0318129abd3cdd6e76771ab7da5478d49c8db28f47862e6584ce29419fc0,5.84765625
f60_a0_p08_s02_w0.25,f60_a0_p08_s02,cf8c0318129abd3cdd6e76771ab7da5478d49c8db28f47862e6584ce29419fc0,5.84765625
f60_a0_p08_s02_w0.50,f60_a0_p08_s02,cf8c0318129abd3cdd6e76771ab7da5478d49c8db28f47862e6584ce29419fc0,5.84765625
f60_a0_p08_s02_w0.75,f60_a0_p08_s02,cf8c0318129abd3cdd6e76771ab7da5478d49c8db28f47862e6584ce29419fc0,5.84765625
f60_a0_p08_s02_w1.00,f60_a0_p08_s02,cf8c0318129abd3cdd6e76771ab7da5478d49c8db28f47862e6584ce29419fc0,5.84765625
f60_a0_p08_s03_w0.00,f60_a0_p08_s03,bd47053dc60555493bff2b9106d98ee924fb19d967acb8cda2769cdfde71c730,8.53125
f60_a0_p08_s03_w0.25,f60_a0_p08_s03,bd47053dc60555493bff2b9106d98ee924fb19d967acb8cda2769cdfde71c730,8.53125
f60_a0_p08_s03_w0.50,f60_a0_p08_s03,bd47053dc60555493bff2b9106d98ee924fb19d967acb8cda2769cdfde71c730,8.53125
f60_a0_p08_s03_w0.75,f60_a0_p08_s03,bd47053dc60555493bff2b9106d98ee924fb19d967acb8cda2769cdfde71c730,8.53125
f60_a0_p08_s03_w1.00,f60_a0_p08_s03,bd47053dc60555493bff2b9106d98ee924fb19d967acb8cda2769cdfde71c730,8.53125
f60_a0_p08_s04_w0.00,f60_a0_p08_s04,2cdceee80f6d88189aad1399f4ba10c72fb17334a17d4ffe02956303dcdae283,7.3125
f60_a0_p08_s04_w0.25,f60_a0_p08_s04,2cdceee80f6d88189aad1399f4ba10c72fb17334a17d4ffe02956303dcdae283,7.3125
f60_a0_p08_s04_w0.50,f60_a0_p08_s04,2cdceee80f6d88189aad1399f4ba10c72fb17334a17d4ffe02956303dcdae283,7.3125
f60_a0_p08_s04_w0.75,f60_a0_p08_s04,2cdceee80f6d88189aad1399f4ba10c72fb17334a17d4ffe02956303dcdae283,7.3125
f60_a0_p08_s04_w1.00,f60_a0_p08_s04,2cdceee80f6d88189aad1399f4ba10c72fb17334a17d4ffe02956303dcdae283,7.3125
f60_a1_p08_s00_w0.00,f60_a1_p08_s00,2ab2fe4c6e7095d4a85d725dd8e36bb6efb223b13539908b6343fbf44b6c50f5,-3.6484375
f60_a1_p08_s00_w0.25,f60_a1_p08_s00,2ab2fe4c6e7095d4a85d725dd8e36bb6efb223b13539908b6343fbf44b6c50f5,-3.6484375
f60_a1_p08_s00_w0.50,f60_a1_p08_s00,2ab2fe4c6e7095d4a85d725dd8e36bb6efb223b13539908b6343fbf44b6c50f5,-3.6484375
f60_a1_p08_s00_w0.75,f60_a1_p08_s00,2ab2fe4c6e7095d4a85d725dd8e36bb6efb223b13539908b6343fbf44b6c50f5,-3.6484375
f60_a1_p08_s00_w1.00,f60_a1_p08_s00,2ab2fe4c6e7095d4a85d725dd8e36bb6efb223b13539908b6343fbf44b6c50f5,-3.6484375
f60_a1_p08_s01_w0.00,f60_a1_p08_s01,3b4afe5486d510d8f205d8e72f0f91789628d00bc8bc357ed0b7577de4035184,5.69921875
f60_a1_p08_s01_w0.25,f60_a1_p08_s01,3b4afe5486d510d8f205d8e72f0f91789628d00bc8bc357ed0b7577de4035184,5.69921875
f60_a1_p08_s01_w0.50,f60_a1_p08_s01,3b4afe5486d510d8f205d8e72f0f91789628d00bc8bc357ed0b7577de4035184,5.69921875
f60_a1_p08_s01_w0.75,f60_a1_p08_s01,3b4afe5486d510d8f205d8e72f0f91789628d00bc8bc357ed0b7577de4035184,5.69921875
f60_a1_p08_s01_w1.00,f60_a1_p08_s01,4836274325c71379607f6ca3d95856081b9055597a56488e839eb0e4c6a2385f,5.7109375
f60_a1_p08_s02_w0.00,f60_a1_p08_s02,6bcce0015b29074ab45c884523105fc1ed664a0d75df466e76e97ae22b69af66,2.916015625
f60_a1_p08_s02_w0.25,f60_a1_p08_s02,6bcce0015b29074ab45c884523105fc1ed664a0d75df466e76e97ae22b69af66,2.916015625
f60_a1_p08_s02_w0.50,f60_a1_p08_s02,6bcce0015b29074ab45c884523105fc1ed664a0d75df466e76e97ae22b69af66,2.916015625
f60_a1_p08_s02_w0.75,f60_a1_p08_s02,6bcce0015b29074ab45c884523105fc1ed664a0d75df466e76e97ae22b69af66,2.916015625
f60_a1_p08_s02_w1.00,f60_a1_p08_s02,6bcce0015b29074ab45c884523105fc1ed664a0d75df466e76e97ae22b69af66,2.916015625
f60_a1_p08_s03_w0.00,f60_a1_p08_s03,9f5e80def33b3716093bdb07879839279c25f98f696811b063e414a081fadd5f,5.57421875
f60_a1_p08_s03_w0.25,f60_a1_p08_s03,9f5e80def33b3716093bdb07879839279c25f98f696811b063e414a081fadd5f,5.57421875
f60_a1_p08_s03_w0.50,f60_a1_p08_s03,9f5e80def33b3716093bdb07879839279c25f98f696811b063e414a081fadd5f,5.57421875
f60_a1_p08_s03_w0.75,f60_a1_p08_s03,9f5e80def33b3716093bdb07879839279c25f98f696811b063e414a081fadd5f,5.57421875
f60_a1_p08_s03_w1.00,f60_a1_p08_s03,9f5e80def33b3716093bdb07879839279c25f98f696811b063e414a081fadd5f,5.57421875
f60_a1_p08_s04_w0.00,f60_a1_p08_s04,3529bea83fd9f262559a637c20a714bd67e5a55397cbe385cfd544a354039487,2.34765625
f60_a1_p08_s04_w0.25,f60_a1_p08_s04,5901e57cde1ac13a7b229bd3f5d682bd9c48f782a0f3f2c568c1f02905b12e8a,1.779296875
f60_a1_p08_s04_w0.50,f60_a1_p08_s04,5901e57cde1ac13a7b229bd3f5d682bd9c48f782a0f3f2c568c1f02905b12e8a,1.779296875
f60_a1_p08_s04_w0.75,f60_a1_p08_s04,5901e57cde1ac13a7b229bd3f5d682bd9c48f782a0f3f2c568c1f02905b12e8a,1.779296875
f60_a1_p08_s04_w1.00,f60_a1_p08_s04,5901e57cde1ac13a7b229bd3f5d682bd9c48f782a0f3f2c568c1f02905b12e8a,1.779296875
f60_a2_p08_s00_w0.00,f60_a2_p08_s00,118fab8b3f8d7b0b2c543ee7508e9c56e790fcbea9e7cc4b12622be91cca7a97,-1.369140625
f60_a2_p08_s00_w0.25,f60_a2_p08_s00,118fab8b3f8d7b0b2c543ee7508e9c56e790fcbea9e7cc4b12622be91cca7a97,-1.369140625
f60_a2_p08_s00_w0.50,f60_a2_p08_s00,118fab8b3f8d7b0b2c543ee7508e9c56e790fcbea9e7cc4b12622be91cca7a97,-1.369140625
f60_a2_p08_s00_w0.75,f60_a2_p08_s00,118fab8b3f8d7b0b2c543ee7508e9c56e790fcbea9e7cc4b12622be91cca7a97,-1.369140625
f60_a2_p08_s00_w1.00,f60_a2_p08_s00,118fab8b3f8d7b0b2c543ee7508e9c56e790fcbea9e7cc4b12622be91cca7a97,-1.369140625
f60_a2_p08_s01_w0.00,f60_a2_p08_s01,8ca14d75333f1d07e19ac4a1b18061ca1683ded8bee4cfbc6c616ca26590501f,-10.7734375
f60_a2_p08_s01_w0.25,f60_a2_p08_s01,8ca14d75333f1d07e19ac4a1b18061ca1683ded8bee4cfbc6c616ca26590501f,-10.7734375
f60_a2_p08_s01_w0.50,f60_a2_p08_s01,8ca14d75333f1d07e19ac4a1b18061ca1683ded8bee4cfbc6c616ca26590501f,-10.7734375
f60_a2_p08_s01_w0.75,f60_a2_p08_s01,8ca14d75333f1d07e19ac4a1b18061ca1683ded8bee4cfbc6c616ca26590501f,-10.7734375
f60_a2_p08_s01_w1.00,f60_a2_p08_s01,8ca14d75333f1d07e19ac4a1b18061ca1683ded8bee4cfbc6c616ca26590501f,-10.7734375
f60_a2_p08_s02_w0.00,f60_a2_p08_s02,e7238ea359a41bc812878e0a31fcc9433344d6abe99df1b5c91e43d9a1b8ef99,3.056640625
f60_a2_p08_s02_w0.25,f60_a2_p08_s02,e7238ea359a41bc812878e0a31fcc9433344d6abe99df1b5c91e43d9a1b8ef99,3.056640625
f60_a2_p08_s02_w0.50,f60_a2_p08_s02,644c02393dd9ef8a6774217497c1bdc73e40060fd7a1248cb89b70e815597535,0.1971435546875
f60_a2_p08_s02_w0.75,f60_a2_p08_s02,644c02393dd9ef8a6774217497c1bdc73e40060fd7a1248cb89b70e815597535,0.1971435546875
f60_a2_p08_s02_w1.00,f60_a2_p08_s02,644c02393dd9ef8a6774217497c1bdc73e40060fd7a1248cb89b70e815597535,0.1971435546875
f60_a2_p08_s03_w0.00,f60_a2_p08_s03,923205934d0ee1d149e19b79892d7bc330312430b6f747a789fd97e1e241dec8,4.01171875
f60_a2_p08_s03_w0.25,f60_a2_p08_s03,923205934d0ee1d149e19b79892d7bc330312430b6f747a789fd97e1e241dec8,4.01171875
f60_a2_p08_s03_w0.50,f60_a2_p08_s03,923205934d0ee1d149e19b79892d7bc330312430b6f747a789fd97e1e241dec8,4.01171875
f60_a2_p08_s03_w0.75,f60_a2_p08_s03,923205934d0ee1d149e19b79892d7bc330312430b6f747a789fd97e1e241dec8,4.01171875
f60_a2_p08_s03_w1.00,f60_a2_p08_s03,923205934d0ee1d149e19b79892d7bc330312430b6f747a789fd97e1e241dec8,4.01171875
f60_a2_p08_s04_w0.00,f60_a2_p08_s04,897daa3c26993f1591a3caae78392d02a806f35e480a8524a9a743a163fc07e7,1.125
f60_a2_p08_s04_w0.25,f60_a2_p08_s04,897daa3c26993f1591a3caae78392d02a806f35e480a8524a9a743a163fc07e7,1.125
f60_a2_p08_s04_w0.50,f60_a2_p08_s04,897daa3c26993f1591a3caae78392d02a806f35e480a8524a9a743a163fc07e7,1.125
f60_a2_p08_s04_w0.75,f60_a2_p08_s04,897daa3c26993f1591a3caae78392d02a806f35e480a8524a9a743a163fc07e7,1.125
f60_a2_p08_s04_w1.00,f60_a2_p08_s04,897daa3c26993f1591a3caae78392d02a806f35e480a8524a9a743a163fc07e7,1.125
f60_a3_p08_s00_w0.00,f60_a3_p08_s00,ae1f50aa05be4da95a6a82f1f6c4137e6b56a4c38f35e7ad30ac897e603d0895,1.076171875
f60_a3_p08_s00_w0.25,f60_a3_p08_s00,ae1f50aa05be4da95a6a82f1f6c4137e6b56a4c38f35e7ad30ac897e603d0895,1.076171875
f60_a3_p08_s00_w0.50,f60_a3_p08_s00,ae1f50aa05be4da95a6a82f1f6c4137e6b56a4c38f35e7ad30ac897e603d0895,1.076171875
f60_a3_p08_s00_w0.75,f60_a3_p08_s00,ae1f50aa05be4da95a6a82f1f6c4137e6b56a4c38f35e7ad30ac897e603d0895,1.076171875
f60_a3_p08_s00_w1.00,f60_a3_p08_s00,ae1f50aa05be4da95a6a82f1f6c4137e6b56a4c38f35e7ad30ac897e603d0895,1.076171875
f60_a3_p08_s01_w0.00,f60_a3_p08_s01,3cde567c79b386ddaf13479170320cb5b644dc38de5fa2afb0f8ba0aa2eae64a,-3.57421875
f60_a3_p08_s01_w0.25,f60_a3_p08_s01,3cde567c79b386ddaf13479170320cb5b644dc38de5fa2afb0f8ba0aa2eae64a,-3.57421875
f60_a3_p08_s01_w0.50,f60_a3_p08_s01,3cde567c79b386ddaf13479170320cb5b644dc38de5fa2afb0f8ba0aa2eae64a,-3.57421875
f60_a3_p08_s01_w0.75,f60_a3_p08_s01,3cde567c79b386ddaf13479170320cb5b644dc38de5fa2afb0f8ba0aa2eae64a,-3.57421875
f60_a3_p08_s01_w1.00,f60_a3_p08_s01,3cde567c79b386ddaf13479170320cb5b644dc38de5fa2afb0f8ba0aa2eae64a,-3.57421875
f60_a3_p08_s02_w0.00,f60_a3_p08_s02,b0884147c10619b879f9319b03904a5a95e75bed6cdb4dca82bfbdf607ade1dd,6.48046875
f60_a3_p08_s02_w0.25,f60_a3_p08_s02,b0884147c10619b879f9319b03904a5a95e75bed6cdb4dca82bfbdf607ade1dd,6.48046875
f60_a3_p08_s02_w0.50,f60_a3_p08_s02,b0884147c10619b879f9319b03904a5a95e75bed6cdb4dca82bfbdf607ade1dd,6.48046875
f60_a3_p08_s02_w0.75,f60_a3_p08_s02,5bbd8d21c565c2079bfc44901475574e38c8068d439d431681cf554b764291fc,3.658203125
f60_a3_p08_s02_w1.00,f60_a3_p08_s02,5bbd8d21c565c2079bfc44901475574e38c8068d439d431681cf554b764291fc,3.658203125
f60_a3_p08_s03_w0.00,f60_a3_p08_s03,1e48483e26c86072c74c367d46f9af687e10bf7328497074059acb2944048b81,5.65625
f60_a3_p08_s03_w0.25,f60_a3_p08_s03,1e48483e26c86072c74c367d46f9af687e10bf7328497074059acb2944048b81,5.65625
f60_a3_p08_s03_w0.50,f60_a3_p08_s03,1e48483e26c86072c74c367d46f9af687e10bf7328497074059acb2944048b81,5.65625
f60_a3_p08_s03_w0.75,f60_a3_p08_s03,1e48483e26c86072c74c367d46f9af687e10bf7328497074059acb2944048b81,5.65625
f60_a3_p08_s03_w1.00,f60_a3_p08_s03,1e48483e26c86072c74c367d46f9af687e10bf7328497074059acb2944048b81,5.65625
f60_a3_p08_s04_w0.00,f60_a3_p08_s04,e569afffb743e597d32735c78bed6d0a97650c1cf4c49bcb7ebdc568ba805de0,6.58203125
f60_a3_p08_s04_w0.25,f60_a3_p08_s04,e569afffb743e597d32735c78bed6d0a97650c1cf4c49bcb7ebdc568ba805de0,6.58203125
f60_a3_p08_s04_w0.50,f60_a3_p08_s04,e569afffb743e597d32735c78bed6d0a97650c1cf4c49bcb7ebdc568ba805de0,6.58203125
f60_a3_p08_s04_w0.75,f60_a3_p08_s04,e569afffb743e597d32735c78bed6d0a97650c1cf4c49bcb7ebdc568ba805de0,6.58203125
f60_a3_p08_s04_w1.00,f60_a3_p08_s04,e569afffb743e597d32735c78bed6d0a97650c1cf4c49bcb7ebdc568ba805de0,6.58203125
f60_a4_p08_s00_w0.00,f60_a4_p08_s00,ae1f50aa05be4da95a6a82f1f6c4137e6b56a4c38f35e7ad30ac897e603d0895,1.076171875
f60_a4_p08_s00_w0.25,f60_a4_p08_s00,ae1f50aa05be4da95a6a82f1f6c4137e6b56a4c38f35e7ad30ac897e603d0895,1.076171875
f60_a4_p08_s00_w0.50,f60_a4_p08_s00,ae1f50aa05be4da95a6a82f1f6c4137e6b56a4c38f35e7ad30ac897e603d0895,1.076171875
f60_a4_p08_s00_w0.75,f60_a4_p08_s00,ae1f50aa05be4da95a6a82f1f6c4137e6b56a4c38f35e7ad30ac897e603d0895,1.076171875
f60_a4_p08_s00_w1.00,f60_a4_p08_s00,ae1f50aa05be4da95a6a82f1f6c4137e6b56a4c38f35e7ad30ac897e603d0895,1.076171875
f60_a4_p08_s01_w0.00,f60_a4_p08_s01,3cde567c79b386ddaf13479170320cb5b644dc38de5fa2afb0f8ba0aa2eae64a,-3.57421875
f60_a4_p08_s01_w0.25,f60_a4_p08_s01,3cde567c79b386ddaf13479170320cb5b644dc38de5fa2afb0f8ba0aa2eae64a,-3.57421875
f60_a4_p08_s01_w0.50,f60_a4_p08_s01,3cde567c79b386ddaf13479170320cb5b644dc38de5fa2afb0f8ba0aa2eae64a,-3.57421875
f60_a4_p08_s01_w0.75,f60_a4_p08_s01,3cde567c79b386ddaf13479170320cb5b644dc38de5fa2afb0f8ba0aa2eae64a,-3.57421875
f60_a4_p08_s01_w1.00,f60_a4_p08_s01,3cde567c79b386ddaf13479170320cb5b644dc38de5fa2afb0f8ba0aa2eae64a,-3.57421875
f60_a4_p08_s02_w0.00,f60_a4_p08_s02,b0884147c10619b879f9319b03904a5a95e75bed6cdb4dca82bfbdf607ade1dd,6.48046875
f60_a4_p08_s02_w0.25,f60_a4_p08_s02,b0884147c10619b879f9319b03904a5a95e75bed6cdb4dca82bfbdf607ade1dd,6.48046875
f60_a4_p08_s02_w0.50,f60_a4_p08_s02,b0884147c10619b879f9319b03904a5a95e75bed6cdb4dca82bfbdf607ade1dd,6.48046875
f60_a4_p08_s02_w0.75,f60_a4_p08_s02,f183e5a3afc84a4da8e1ac5178c2b64326a967032813e50acc2e0d574a14a027,2.498046875
f60_a4_p08_s02_w1.00,f60_a4_p08_s02,f183e5a3afc84a4da8e1ac5178c2b64326a967032813e50acc2e0d574a14a027,2.498046875
f60_a4_p08_s03_w0.00,f60_a4_p08_s03,e04f5ac59328ad4fb399d1d5926b62f01e66953dfbd41944f842f9b0dd26427b,0.94189453125
f60_a4_p08_s03_w0.25,f60_a4_p08_s03,e04f5ac59328ad4fb399d1d5926b62f01e66953dfbd41944f842f9b0dd26427b,0.94189453125
f60_a4_p08_s03_w0.50,f60_a4_p08_s03,e04f5ac59328ad4fb399d1d5926b62f01e66953dfbd41944f842f9b0dd26427b,0.94189453125
f60_a4_p08_s03_w0.75,f60_a4_p08_s03,e04f5ac59328ad4fb399d1d5926b62f01e66953dfbd41944f842f9b0dd26427b,0.94189453125
f60_a4_p08_s03_w1.00,f60_a4_p08_s03,e04f5ac59328ad4fb399d1d5926b62f01e66953dfbd41944f842f9b0dd26427b,0.94189453125
f60_a4_p08_s04_w0.00,f60_a4_p08_s04,f5d3c9cc73d49c35573f60dcf2b48fd1b4c921ba3befce43a7233caabeaead6b,5.65625
f60_a4_p08_s04_w0.25,f60_a4_p08_s04,f5d3c9cc73d49c35573f60dcf2b48fd1b4c921ba3befce43a7233caabeaead6b,5.65625
f60_a4_p08_s04_w0.50,f60_a4_p08_s04,f5d3c9cc73d49c35573f60dcf2b48fd1b4c921ba3befce43a7233caabeaead6b,5.65625
f60_a4_p08_s04_w0.75,f60_a4_p08_s04,f5d3c9cc73d49c35573f60dcf2b48fd1b4c921ba3befce43a7233caabeaead6b,5.65625
f60_a4_p08_s04_w1.00,f60_a4_p08_s04,f5d3c9cc73d49c35573f60dcf2b48fd1b4c921ba3befce43a7233caabeaead6b,5.65625
f60_a0_p09_s00_w0.00,f60_a0_p09_s00,3b1bbde82a32ce5d6f1d3fec78e874297190806f907a9d741a82f438f86e42f2,1.248046875
f60_a0_p09_s00_w0.25,f60_a0_p09_s00,3b1bbde82a32ce5d6f1d3fec78e874297190806f907a9d741a82f438f86e42f2,1.248046875
f60_a0_p09_s00_w0.50,f60_a0_p09_s00,bc15df6b78b40a914af45bab2ee5c47b436fecf95f2518421bfc3906eb918f50,-6.95703125
f60_a0_p09_s00_w0.75,f60_a0_p09_s00,bc15df6b78b40a914af45bab2ee5c47b436fecf95f2518421bfc3906eb918f50,-6.95703125
f60_a0_p09_s00_w1.00,f60_a0_p09_s00,bc15df6b78b40a914af45bab2ee5c47b436fecf95f2518421bfc3906eb918f50,-6.95703125
f60_a0_p09_s01_w0.00,f60_a0_p09_s01,ba4581f657207d76aae96cf5d1ed5094f39dc1a6a4ee3996f2e945796892eba4,1.533203125
f60_a0_p09_s01_w0.25,f60_a0_p09_s01,ba4581f657207d76aae96cf5d1ed5094f39dc1a6a4ee3996f2e945796892eba4,1.533203125
f60_a0_p09_s01_w0.50,f60_a0_p09_s01,ba4581f657207d76aae96cf5d1ed5094f39dc1a6a4ee3996f2e945796892eba4,1.533203125
f60_a0_p09_s01_w0.75,f60_a0_p09_s01,ba4581f657207d76aae96cf5d1ed5094f39dc1a6a4ee3996f2e945796892eba4,1.533203125
f60_a0_p09_s01_w1.00,f60_a0_p09_s01,ba4581f657207d76aae96cf5d1ed5094f39dc1a6a4ee3996f2e945796892eba4,1.533203125
f60_a0_p09_s02_w0.00,f60_a0_p09_s02,98a6a62731d55f22a8e1a65cda055a7bbe41e7d347325d772a880590694ac267,3.384765625
f60_a0_p09_s02_w0.25,f60_a0_p09_s02,98a6a62731d55f22a8e1a65cda055a7bbe41e7d347325d772a880590694ac267,3.384765625
f60_a0_p09_s02_w0.50,f60_a0_p09_s02,98a6a62731d55f22a8e1a65cda055a7bbe41e7d347325d772a880590694ac267,3.384765625
f60_a0_p09_s02_w0.75,f60_a0_p09_s02,98a6a62731d55f22a8e1a65cda055a7bbe41e7d347325d772a880590694ac267,3.384765625
f60_a0_p09_s02_w1.00,f60_a0_p09_s02,98a6a62731d55f22a8e1a65cda055a7bbe41e7d347325d772a880590694ac267,3.384765625
f60_a0_p09_s03_w0.00,f60_a0_p09_s03,6af2ccc6c0ac88a006c16ad526744c6ac13c0836264f483bc939554b1de2bb1c,3.857421875
f60_a0_p09_s03_w0.25,f60_a0_p09_s03,6af2ccc6c0ac88a006c16ad526744c6ac13c0836264f483bc939554b1de2bb1c,3.857421875
f60_a0_p09_s03_w0.50,f60_a0_p09_s03,6af2ccc6c0ac88a006c16ad526744c6ac13c0836264f483bc939554b1de2bb1c,3.857421875
f60_a0_p09_s03_w0.75,f60_a0_p09_s03,6af2ccc6c0ac88a006c16ad526744c6ac13c0836264f483bc939554b1de2bb1c,3.857421875
f60_a0_p09_s03_w1.00,f60_a0_p09_s03,6af2ccc6c0ac88a006c16ad526744c6ac13c0836264f483bc939554b1de2bb1c,3.857421875
f60_a0_p09_s04_w0.00,f60_a0_p09_s04,1488ecd531b87714ff0261a70a35a36e61a241c9bb8644d32b74317d0f811c90,5.7265625
f60_a0_p09_s04_w0.25,f60_a0_p09_s04,1488ecd531b87714ff0261a70a35a36e61a241c9bb8644d32b74317d0f811c90,5.7265625
f60_a0_p09_s04_w0.50,f60_a0_p09_s04,1488ecd531b87714ff0261a70a35a36e61a241c9bb8644d32b74317d0f811c90,5.7265625
f60_a0_p09_s04_w0.75,f60_a0_p09_s04,1488ecd531b87714ff0261a70a35a36e61a241c9bb8644d32b74317d0f811c90,5.7265625
f60_a0_p09_s04_w1.00,f60_a0_p09_s04,1488ecd531b87714ff0261a70a35a36e61a241c9bb8644d32b74317d0f811c90,5.7265625
f60_a1_p09_s00_w0.00,f60_a1_p09_s00,bb0b8eadcd09e73fbe95dfbbbdfc0a79f2e126206ef9e70d983775579973596b,1.61328125
f60_a1_p09_s00_w0.25,f60_a1_p09_s00,bc15df6b78b40a914af45bab2ee5c47b436fecf95f2518421bfc3906eb918f50,-6.95703125
f60_a1_p09_s00_w0.50,f60_a1_p09_s00,bc15df6b78b40a914af45bab2ee5c47b436fecf95f2518421bfc3906eb918f50,-6.95703125
f60_a1_p09_s00_w0.75,f60_a1_p09_s00,bc15df6b78b40a914af45bab2ee5c47b436fecf95f2518421bfc3906eb918f50,-6.95703125
f60_a1_p09_s00_w1.00,f60_a1_p09_s00,bc15df6b78b40a914af45bab2ee5c47b436fecf95f2518421bfc3906eb918f50,-6.95703125
f60_a1_p09_s01_w0.00,f60_a1_p09_s01,ba4581f657207d76aae96cf5d1ed5094f39dc1a6a4ee3996f2e945796892eba4,1.533203125
f60_a1_p09_s01_w0.25,f60_a1_p09_s01,ba4581f657207d76aae96cf5d1ed5094f39dc1a6a4ee3996f2e945796892eba4,1.533203125
f60_a1_p09_s01_w0.50,f60_a1_p09_s01,ba4581f657207d76aae96cf5d1ed5094f39dc1a6a4ee3996f2e945796892eba4,1.533203125
f60_a1_p09_s01_w0.75,f60_a1_p09_s01,ba4581f657207d76aae96cf5d1ed5094f39dc1a6a4ee3996f2e945796892eba4,1.533203125
f60_a1_p09_s01_w1.00,f60_a1_p09_s01,ba4581f657207d76aae96cf5d1ed5094f39dc1a6a4ee3996f2e945796892eba4,1.533203125
f60_a1_p09_s02_w0.00,f60_a1_p09_s02,98a6a62731d55f22a8e1a65cda055a7bbe41e7d347325d772a880590694ac267,3.384765625
f60_a1_p09_s02_w0.25,f60_a1_p09_s02,98a6a62731d55f22a8e1a65cda055a7bbe41e7d347325d772a880590694ac267,3.384765625
f60_a1_p09_s02_w0.50,f60_a1_p09_s02,98a6a62731d55f22a8e1a65cda055a7bbe41e7d347325d772a880590694ac267,3.384765625
f60_a1_p09_s02_w0.75,f60_a1_p09_s02,98a6a62731d55f22a8e1a65cda055a7bbe41e7d347325d772a880590694ac267,3.384765625
f60_a1_p09_s02_w1.00,f60_a1_p09_s02,98a6a62731d55f22a8e1a65cda055a7bbe41e7d347325d772a880590694ac267,3.384765625
f60_a1_p09_s03_w0.00,f60_a1_p09_s03,6af2ccc6c0ac88a006c16ad526744c6ac13c0836264f483bc939554b1de2bb1c,3.857421875
f60_a1_p09_s03_w0.25,f60_a1_p09_s03,6af2ccc6c0ac88a006c16ad526744c6ac13c0836264f483bc939554b1de2bb1c,3.857421875
f60_a1_p09_s03_w0.50,f60_a1_p09_s03,6af2ccc6c0ac88a006c16ad526744c6ac13c0836264f483bc939554b1de2bb1c,3.857421875
f60_a1_p09_s03_w0.75,f60_a1_p09_s03,6af2ccc6c0ac88a006c16ad526744c6ac13c0836264f483bc939554b1de2bb1c,3.857421875
f60_a1_p09_s03_w1.00,f60_a1_p09_s03,6af2ccc6c0ac88a006c16ad526744c6ac13c0836264f483bc939554b1de2bb1c,3.857421875
f60_a1_p09_s04_w0.00,f60_a1_p09_s04,1488ecd531b87714ff0261a70a35a36e61a241c9bb8644d32b74317d0f811c90,5.7265625
f60_a1_p09_s04_w0.25,f60_a1_p09_s04,1488ecd531b87714ff0261a70a35a36e61a241c9bb8644d32b74317d0f811c90,5.7265625
f60_a1_p09_s04_w0.50,f60_a1_p09_s04,1488ecd531b87714ff0261a70a35a36e61a241c9bb8644d32b74317d0f811c90,5.7265625
f60_a1_p09_s04_w0.75,f60_a1_p09_s04,1488ecd531b87714ff0261a70a35a36e61a241c9bb8644d32b74317d0f811c90,5.7265625
f60_a1_p09_s04_w1.00,f60_a1_p09_s04,1488ecd531b87714ff0261a70a35a36e61a241c9bb8644d32b74317d0f811c90,5.7265625
f60_a2_p09_s00_w0.00,f60_a2_p09_s00,1e938e4962a238a2864a0ee66217d561c23ce4528453fc4f047025bcd76e73da,-5.01953125
f60_a2_p09_s00_w0.25,f60_a2_p09_s00,bc15df6b78b40a914af45bab2ee5c47b436fecf95f2518421bfc3906eb918f50,-6.95703125
f60_a2_p09_s00_w0.50,f60_a2_p09_s00,bc15df6b78b40a914af45bab2ee5c47b436fecf95f2518421bfc3906eb918f50,-6.95703125
f60_a2_p09_s00_w0.75,f60_a2_p09_s00,bc15df6b78b40a914af45bab2ee5c47b436fecf95f2518421bfc3906eb918f50,-6.95703125
f60_a2_p09_s00_w1.00,f60_a2_p09_s00,bc15df6b78b40a914af45bab2ee5c47b436fecf95f2518421bfc3906eb918f50,-6.95703125
f60_a2_p09_s01_w0.00,f60_a2_p09_s01,ba4581f657207d76aae96cf5d1ed5094f39dc1a6a4ee3996f2e945796892eba4,1.533203125
f60_a2_p09_s01_w0.25,f60_a2_p09_s01,ba4581f657207d76aae96cf5d1ed5094f39dc1a6a4ee3996f2e945796892eba4,1.533203125
f60_a2_p09_s01_w0.50,f60_a2_p09_s01,ba4581f657207d76aae96cf5d1ed5094f39dc1a6a4ee3996f2e945796892eba4,1.533203125
f60_a2_p09_s01_w0.75,f60_a2_p09_s01,ba4581f657207d76aae96cf5d1ed5094f39dc1a6a4ee3996f2e945796892eba4,1.533203125
f60_a2_p09_s01_w1.00,f60_a2_p09_s01,ba4581f657207d76aae96cf5d1ed5094f39dc1a6a4ee3996f2e945796892eba4,1.533203125
f60_a2_p09_s02_w0.00,f60_a2_p09_s02,4494bd2c1e13f822c36e7cf63be2662bb010f206e9d69901d49b9eacf5cb0172,1.2265625
f60_a2_p09_s02_w0.25,f60_a2_p09_s02,4494bd2c1e13f822c36e7cf63be2662bb010f206e9d69901d49b9eacf5cb0172,1.2265625
f60_a2_p09_s02_w0.50,f60_a2_p09_s02,4494bd2c1e13f822c36e7cf63be2662bb010f206e9d69901d49b9eacf5cb0172,1.2265625
f60_a2_p09_s02_w0.75,f60_a2_p09_s02,4494bd2c1e13f822c36e7cf63be2662bb010f206e9d69901d49b9eacf5cb0172,1.2265625
f60_a2_p09_s02_w1.00,f60_a2_p09_s02,4494bd2c1e13f822c36e7cf63be2662bb010f206e9d69901d49b9eacf5cb0172,1.2265625
f60_a2_p09_s03_w0.00,f60_a2_p09_s03,0135739a8417f6fe66d75da6ac6dfa8f3c5e8887317695afff06ebb912e3cb92,5.29296875
f60_a2_p09_s03_w0.25,f60_a2_p09_s03,0135739a8417f6fe66d75da6ac6dfa8f3c5e8887317695afff06ebb912e3cb92,5.29296875
f60_a2_p09_s03_w0.50,f60_a2_p09_s03,0135739a8417f6fe66d75da6ac6dfa8f3c5e8887317695afff06ebb912e3cb92,5.29296875
f60_a2_p09_s03_w0.75,f60_a2_p09_s03,0135739a8417f6fe66d75da6ac6dfa8f3c5e8887317695afff06ebb912e3cb92,5.29296875
f60_a2_p09_s03_w1.00,f60_a2_p09_s03,0135739a8417f6fe66d75da6ac6dfa8f3c5e8887317695afff06ebb912e3cb92,5.29296875
f60_a2_p09_s04_w0.00,f60_a2_p09_s04,a179b40b7fdb4b5ff73e3a8d6b78330d15f852c8dfe7886b720e84bd2fdb4a53,6.8359375
f60_a2_p09_s04_w0.25,f60_a2_p09_s04,a179b40b7fdb4b5ff73e3a8d6b78330d15f852c8dfe7886b720e84bd2fdb4a53,6.8359375
f60_a2_p09_s04_w0.50,f60_a2_p09_s04,a179b40b7fdb4b5ff73e3a8d6b78330d15f852c8dfe7886b720e84bd2fdb4a53,6.8359375
f60_a2_p09_s04_w0.75,f60_a2_p09_s04,a179b40b7fdb4b5ff73e3a8d6b78330d15f852c8dfe7886b720e84bd2fdb4a53,6.8359375
f60_a2_p09_s04_w1.00,f60_a2_p09_s04,a179b40b7fdb4b5ff73e3a8d6b78330d15f852c8dfe7886b720e84bd2fdb4a53,6.8359375
f60_a3_p09_s00_w0.00,f60_a3_p09_s00,1e938e4962a238a2864a0ee66217d561c23ce4528453fc4f047025bcd76e73da,-5.01953125
f60_a3_p09_s00_w0.25,f60_a3_p09_s00,bc15df6b78b40a914af45bab2ee5c47b436fecf95f2518421bfc3906eb918f50,-6.95703125
f60_a3_p09_s00_w0.50,f60_a3_p09_s00,bc15df6b78b40a914af45bab2ee5c47b436fecf95f2518421bfc3906eb918f50,-6.95703125
f60_a3_p09_s00_w0.75,f60_a3_p09_s00,bc15df6b78b40a914af45bab2ee5c47b436fecf95f2518421bfc3906eb918f50,-6.95703125
f60_a3_p09_s00_w1.00,f60_a3_p09_s00,bc15df6b78b40a914af45bab2ee5c47b436fecf95f2518421bfc3906eb918f50,-6.95703125
f60_a3_p09_s01_w0.00,f60_a3_p09_s01,ba4581f657207d76aae96cf5d1ed5094f39dc1a6a4ee3996f2e945796892eba4,1.533203125
f60_a3_p09_s01_w0.25,f60_a3_p09_s01,ba4581f657207d76aae96cf5d1ed5094f39dc1a6a4ee3996f2e945796892eba4,1.533203125
f60_a3_p09_s01_w0.50,f60_a3_p09_s01,ba4581f657207d76aae96cf5d1ed5094f39dc1a6a4ee3996f2e945796892eba4,1.533203125
f60_a3_p09_s01_w0.75,f60_a3_p09_s01,ba4581f657207d76aae96cf5d1ed5094f39dc1a6a4ee3996f2e945796892eba4,1.533203125
f60_a3_p09_s01_w1.00,f60_a3_p09_s01,ba4581f657207d76aae96cf5d1ed5094f39dc1a6a4ee3996f2e945796892eba4,1.533203125
f60_a3_p09_s02_w0.00,f60_a3_p09_s02,4494bd2c1e13f822c36e7cf63be2662bb010f206e9d69901d49b9eacf5cb0172,1.2265625
f60_a3_p09_s02_w0.25,f60_a3_p09_s02,4494bd2c1e13f822c36e7cf63be2662bb010f206e9d69901d49b9eacf5cb0172,1.2265625
f60_a3_p09_s02_w0.50,f60_a3_p09_s02,4494bd2c1e13f822c36e7cf63be2662bb010f206e9d69901d49b9eacf5cb0172,1.2265625
f60_a3_p09_s02_w0.75,f60_a3_p09_s02,4494bd2c1e13f822c36e7cf63be2662bb010f206e9d69901d49b9eacf5cb0172,1.2265625
f60_a3_p09_s02_w1.00,f60_a3_p09_s02,4494bd2c1e13f822c36e7cf63be2662bb010f206e9d69901d49b9eacf5cb0172,1.2265625
f60_a3_p09_s03_w0.00,f60_a3_p09_s03,0135739a8417f6fe66d75da6ac6dfa8f3c5e8887317695afff06ebb912e3cb92,5.29296875
f60_a3_p09_s03_w0.25,f60_a3_p09_s03,0135739a8417f6fe66d75da6ac6dfa8f3c5e8887317695afff06ebb912e3cb92,5.29296875
f60_a3_p09_s03_w0.50,f60_a3_p09_s03,0135739a8417f6fe66d75da6ac6dfa8f3c5e8887317695afff06ebb912e3cb92,5.29296875
f60_a3_p09_s03_w0.75,f60_a3_p09_s03,0135739a8417f6fe66d75da6ac6dfa8f3c5e8887317695afff06ebb912e3cb92,5.29296875
f60_a3_p09_s03_w1.00,f60_a3_p09_s03,0135739a8417f6fe66d75da6ac6dfa8f3c5e8887317695afff06ebb912e3cb92,5.29296875
f60_a3_p09_s04_w0.00,f60_a3_p09_s04,a179b40b7fdb4b5ff73e3a8d6b78330d15f852c8dfe7886b720e84bd2fdb4a53,6.8359375
f60_a3_p09_s04_w0.25,f60_a3_p09_s04,a179b40b7fdb4b5ff73e3a8d6b78330d15f852c8dfe7886b720e84bd2fdb4a53,6.8359375
f60_a3_p09_s04_w0.50,f60_a3_p09_s04,a179b40b7fdb4b5ff73e3a8d6b78330d15f852c8dfe7886b720e84bd2fdb4a53,6.8359375
f60_a3_p09_s04_w0.75,f60_a3_p09_s04,a179b40b7fdb4b5ff73e3a8d6b78330d15f852c8dfe7886b720e84bd2fdb4a53,6.8359375
f60_a3_p09_s04_w1.00,f60_a3_p09_s04,a179b40b7fdb4b5ff73e3a8d6b78330d15f852c8dfe7886b720e84bd2fdb4a53,6.8359375
f60_a4_p09_s00_w0.00,f60_a4_p09_s00,3babc8bf0874625ecc48cac6252dca0fe47f92891ef07e43b5f5c5bb6fc3907b,2.458984375
f60_a4_p09_s00_w0.25,f60_a4_p09_s00,048b0b98597141fe55361b282c7c2d0113da7f69d13c834fe10f54254ecf33ad,1.666015625
f60_a4_p09_s00_w0.50,f60_a4_p09_s00,048b0b98597141fe55361b282c7c2d0113da7f69d13c834fe10f54254ecf33ad,1.666015625
f60_a4_p09_s00_w0.75,f60_a4_p09_s00,048b0b98597141fe55361b282c7c2d0113da7f69d13c834fe10f54254ecf33ad,1.666015625
f60_a4_p09_s00_w1.00,f60_a4_p09_s00,048b0b98597141fe55361b282c7c2d0113da7f69d13c834fe10f54254ecf33ad,1.666015625
f60_a4_p09_s01_w0.00,f60_a4_p09_s01,40150c6cbeb46d363cd11dd2f4f9644b1c48282c39665a4d4822a4bbb3752b03,2.041015625
f60_a4_p09_s01_w0.25,f60_a4_p09_s01,40150c6cbeb46d363cd11dd2f4f9644b1c48282c39665a4d4822a4bbb3752b03,2.041015625
f60_a4_p09_s01_w0.50,f60_a4_p09_s01,40150c6cbeb46d363cd11dd2f4f9644b1c48282c39665a4d4822a4bbb3752b03,2.041015625
f60_a4_p09_s01_w0.75,f60_a4_p09_s01,40150c6cbeb46d363cd11dd2f4f9644b1c48282c39665a4d4822a4bbb3752b03,2.041015625
f60_a4_p09_s01_w1.00,f60_a4_p09_s01,40150c6cbeb46d363cd11dd2f4f9644b1c48282c39665a4d4822a4bbb3752b03,2.041015625
f60_a4_p09_s02_w0.00,f60_a4_p09_s02,a936b6e29a312069b6111d01d0998b72df8581882af9acc4378edeffa9ed7487,2.35546875
f60_a4_p09_s02_w0.25,f60_a4_p09_s02,a936b6e29a312069b6111d01d0998b72df8581882af9acc4378edeffa9ed7487,2.35546875
f60_a4_p09_s02_w0.50,f60_a4_p09_s02,a936b6e29a312069b6111d01d0998b72df8581882af9acc4378edeffa9ed7487,2.35546875
f60_a4_p09_s02_w0.75,f60_a4_p09_s02,a936b6e29a312069b6111d01d0998b72df8581882af9acc4378edeffa9ed7487,2.35546875
f60_a4_p09_s02_w1.00,f60_a4_p09_s02,a936b6e29a312069b6111d01d0998b72df8581882af9acc4378edeffa9ed7487,2.35546875
f60_a4_p09_s03_w0.00,f60_a4_p09_s03,2b4d0751c417b7f993f4f87408aa76c949aafb25d248c18db8c01c33fd4fafe1,3.3046875
f60_a4_p09_s03_w0.25,f60_a4_p09_s03,2b4d0751c417b7f993f4f87408aa76c949aafb25d248c18db8c01c33fd4fafe1,3.3046875
f60_a4_p09_s03_w0.50,f60_a4_p09_s03,2b4d0751c417b7f993f4f87408aa76c949aafb25d248c18db8c01c33fd4fafe1,3.3046875
f60_a4_p09_s03_w0.75,f60_a4_p09_s03,2b4d0751c417b7f993f4f87408aa76c949aafb25d248c18db8c01c33fd4fafe1,3.3046875
f60_a4_p09_s03_w1.00,f60_a4_p09_s03,2b4d0751c417b7f993f4f87408aa76c949aafb25d248c18db8c01c33fd4fafe1,3.3046875
f60_a4_p09_s04_w0.00,f60_a4_p09_s04,7140c2ebeb5d7d4ab7fd7939938c2b38ce8558e9cf46f1fb001d3ae365fc9702,3.830078125
f60_a4_p09_s04_w0.25,f60_a4_p09_s04,7140c2ebeb5d7d4ab7fd7939938c2b38ce8558e9cf46f1fb001d3ae365fc9702,3.830078125
f60_a4_p09_s04_w0.50,f60_a4_p09_s04,7140c2ebeb5d7d4ab7fd7939938c2b38ce8558e9cf46f1fb001d3ae365fc9702,3.830078125
f60_a4_p09_s04_w0.75,f60_a4_p09_s04,7140c2ebeb5d7d4ab7fd7939938c2b38ce8558e9cf46f1fb001d3ae365fc9702,3.830078125
f60_a4_p09_s04_w1.00,f60_a4_p09_s04,7140c2ebeb5d7d4ab7fd7939938c2b38ce8558e9cf46f1fb001d3ae365fc9702,3.830078125
